ReferenceWeight,CandidateWeight,DeltaWeight,AbsDeltaWeight,ChangeType,Year,ISIN
0.2136682179796884,0.09911472811006106,-0.11455348986962735,0.11455348986962735,Underweighted,2014,HK0002007356
0.26495370366036924,0.29218029662120754,0.02722659296083829,0.02722659296083829,Overweighted,2014,HK0006000050
0.030839149536290626,0.0043380457483965995,-0.026501103787894026,0.026501103787894026,Underweighted,2014,JP3429800000
0.019409972430547994,4.043397354527685e-10,-0.01940997202620826,0.01940997202620826,Underweighted,2014,HK0019000162
0.005424895252945089,0.02404348515572552,0.01861858990278043,0.01861858990278043,Overweighted,2014,JP3463000004
0.0937521486271527,0.10971052155616308,0.01595837292901038,0.01595837292901038,Overweighted,2014,JP3982100004
0.019191470327413997,0.004947449201767222,-0.014244021125646775,0.014244021125646775,Underweighted,2014,JP3180400008
0.027811820785836647,0.041740700381453756,0.01392887959561711,0.01392887959561711,Overweighted,2014,SG1F60858221
0.030331092304920867,0.04407299329263821,0.013741900987717343,0.013741900987717343,Overweighted,2014,JP3977400005
0.005736301582001951,0.019252455449086287,0.013516153867084336,0.013516153867084336,Overweighted,2014,JP3357200009
0.0327380917351203,0.04337436771828338,0.01063627598316308,0.01063627598316308,Overweighted,2014,JP3260800002
0.01307543818697822,0.023266610828934203,0.010191172641955983,0.010191172641955983,Overweighted,2014,JP3633400001
0.021598090913907186,0.03163973666618216,0.010041645752274973,0.010041645752274973,Overweighted,2014,JP3197600004
0.00937737091593227,1.7632852060700526e-11,-0.009377370898299419,0.009377370898299419,Underweighted,2014,JP3522200009
0.0,0.009258861680868466,0.009258861680868466,0.009258861680868466,Added,2014,HK0066009694
0.00126090351337538,0.010392967525424821,0.009132064012049442,0.009132064012049442,Overweighted,2014,HK0011000095
0.02456376288773833,0.032446670311422475,0.007882907423684145,0.007882907423684145,Overweighted,2014,HK0003000038
0.03748202317400742,0.030245246240260072,-0.007236776933747351,0.007236776933747351,Underweighted,2014,JP3371200001
0.020085424187595992,0.027232929457582156,0.007147505269986164,0.007147505269986164,Overweighted,2014,JP3414750004
0.029133576903805688,0.03484234216154858,0.005708765257742891,0.005708765257742891,Overweighted,2014,JP3951600000
0.007227105722510082,0.002010754680854885,-0.005216351041655198,0.005216351041655198,Underweighted,2014,JP3119600009
0.03269625307816713,0.037828197177746783,0.005131944099579656,0.005131944099579656,Overweighted,2014,JP3659000008
0.0023514516648553575,0.007257806578693591,0.004906354913838233,0.004906354913838233,Overweighted,2014,JP3738600000
0.0033030223907290477,0.008155472870373813,0.004852450479644766,0.004852450479644766,Overweighted,2014,JP3942400007
0.0,0.0031644125766134524,0.0031644125766134524,0.0031644125766134524,Added,2014,JP3116000005
0.0,0.0030090831110535197,0.0030090831110535197,0.0030090831110535197,Added,2014,HK0823032773
0.033046910671916334,0.03518416260643655,0.002137251934520218,0.002137251934520218,Overweighted,2014,JP3814000000
0.0,0.0017507067859702358,0.0017507067859702358,0.0017507067859702358,Added,2014,JP3229400001
0.020626344515455683,0.01952911794396392,-0.0010972265714917634,0.0010972265714917634,Underweighted,2014,JP3573000001
0.00015944989866569344,4.2438648661210794e-08,-0.00015940746001703223,0.00015940746001703223,Underweighted,2014,AU000000TLS2
0.00015600715207248633,2.588818031021776e-11,-0.00015600712618430603,0.00015600712618430603,Underweighted,2014,JP3850200001
0.0,4.876562002558233e-07,4.876562002558233e-07,4.876562002558233e-07,Added,2014,HK0200030994
0.0,4.3631890877209826e-07,4.3631890877209826e-07,4.3631890877209826e-07,Added,2014,AU000000CQR9
0.0,3.059621689968918e-07,3.059621689968918e-07,3.059621689968918e-07,Added,2014,AU000000MQG1
0.0,2.762629018195585e-07,2.762629018195585e-07,2.762629018195585e-07,Added,2014,SGXE21576413
0.0,2.1819403255660895e-07,2.1819403255660895e-07,2.1819403255660895e-07,Added,2014,AU000000PPT9
0.0,2.1729772400131861e-07,2.1729772400131861e-07,2.1729772400131861e-07,Added,2014,JP3582600007
0.0,2.134204328960346e-07,2.134204328960346e-07,2.134204328960346e-07,Added,2014,AU000000MGR9
0.0,1.7337952132474173e-07,1.7337952132474173e-07,1.7337952132474173e-07,Added,2014,BMG524401079
0.0,1.71144334242273e-07,1.71144334242273e-07,1.71144334242273e-07,Added,2014,AU000000SUN6
0.0,1.6697158498816467e-07,1.6697158498816467e-07,1.6697158498816467e-07,Added,2014,AU000000NAB4
0.0,1.6375804973835637e-07,1.6375804973835637e-07,1.6375804973835637e-07,Added,2014,JP3528600004
0.0,1.6372553068122634e-07,1.6372553068122634e-07,1.6372553068122634e-07,Added,2014,AU000000ANZ3
0.0,1.6353193492635548e-07,1.6353193492635548e-07,1.6353193492635548e-07,Added,2014,JP3762600009
0.0,1.6320335434707434e-07,1.6320335434707434e-07,1.6320335434707434e-07,Added,2014,AU000000BEN6
0.0,1.6285801905337597e-07,1.6285801905337597e-07,1.6285801905337597e-07,Added,2014,AU000000GPT8
0.0,1.5382235039672698e-07,1.5382235039672698e-07,1.5382235039672698e-07,Added,2014,HK0388045442
0.0,1.5033401806955322e-07,1.5033401806955322e-07,1.5033401806955322e-07,Added,2014,AU000000QBE9
0.0,1.4738151814902755e-07,1.4738151814902755e-07,1.4738151814902755e-07,Added,2014,AU000000AMP6
0.0,1.455183474166982e-07,1.455183474166982e-07,1.455183474166982e-07,Added,2014,JP3122400009
0.0,1.4429517065358565e-07,1.4429517065358565e-07,1.4429517065358565e-07,Added,2014,AU000000WBC1
0.0,1.4242483071699367e-07,1.4242483071699367e-07,1.4242483071699367e-07,Added,2014,SG1R89002252
0.0,1.3601220010093996e-07,1.3601220010093996e-07,1.3601220010093996e-07,Added,2014,AU000000COH5
0.0,1.3562639962638194e-07,1.3562639962638194e-07,1.3562639962638194e-07,Added,2014,AU000000ASX7
0.0,1.3419697917386648e-07,1.3419697917386648e-07,1.3419697917386648e-07,Added,2014,AU000000TAH8
0.0,1.3320326754727926e-07,1.3320326754727926e-07,1.3320326754727926e-07,Added,2014,JP3502200003
0.0,1.1720013039238613e-07,1.1720013039238613e-07,1.1720013039238613e-07,Added,2014,JP3890350006
0.0,1.1706672785728806e-07,1.1706672785728806e-07,1.1706672785728806e-07,Added,2014,AU000000CBA7
0.0,1.1637522230649045e-07,1.1637522230649045e-07,1.1637522230649045e-07,Added,2014,AU000000DXS1
0.0,1.1437023080292963e-07,1.1437023080292963e-07,1.1437023080292963e-07,Added,2014,AU000000MND5
0.0,1.0741111051398427e-07,1.0741111051398427e-07,1.0741111051398427e-07,Added,2014,AU000000SGP0
0.0,1.0635644245263882e-07,1.0635644245263882e-07,1.0635644245263882e-07,Added,2014,JP3571400005
0.0,1.0425467825639206e-07,1.0425467825639206e-07,1.0425467825639206e-07,Added,2014,AU000000IAG3
0.0,1.0287976665835344e-07,1.0287976665835344e-07,1.0287976665835344e-07,Added,2014,SG1J26887955
0.0,1.0012996867638604e-07,1.0012996867638604e-07,1.0012996867638604e-07,Added,2014,AU000000TCL6
0.0,9.585149363727506e-08,9.585149363727506e-08,9.585149363727506e-08,Added,2014,AU000000WOR2
0.0,8.902890359941897e-08,8.902890359941897e-08,8.902890359941897e-08,Added,2014,JP3877600001
0.0,8.811219165347256e-08,8.811219165347256e-08,8.811219165347256e-08,Added,2014,NZTELE0001S4
0.0,8.684255043251542e-08,8.684255043251542e-08,8.684255043251542e-08,Added,2014,JP3118000003
0.0,8.19689460056923e-08,8.19689460056923e-08,8.19689460056923e-08,Added,2014,JP3209000003
0.0,8.013802258664275e-08,8.013802258664275e-08,8.013802258664275e-08,Added,2014,AU000000SHL7
0.0,7.898855300450295e-08,7.898855300450295e-08,7.898855300450295e-08,Added,2014,NZAIAE0002S6
0.0,7.866317981383497e-08,7.866317981383497e-08,7.866317981383497e-08,Added,2014,JP3539220008
0.0,7.018074498294178e-08,7.018074498294178e-08,7.018074498294178e-08,Added,2014,JP3165700000
0.0,7.014920836538626e-08,7.014920836538626e-08,7.014920836538626e-08,Added,2014,BMG2442N1048
0.0,6.98430354373031e-08,6.98430354373031e-08,6.98430354373031e-08,Added,2014,JP3551520004
0.0,6.774551847877376e-08,6.774551847877376e-08,6.774551847877376e-08,Added,2014,SGXE34184239
0.0,6.68976667579591e-08,6.68976667579591e-08,6.68976667579591e-08,Added,2014,JP3304200003
0.0,6.616819722782277e-08,6.616819722782277e-08,6.616819722782277e-08,Added,2014,JP3890310000
0.0,6.592625004690735e-08,6.592625004690735e-08,6.592625004690735e-08,Added,2014,AU000000BWP3
0.0,6.515813324686047e-08,6.515813324686047e-08,6.515813324686047e-08,Added,2014,JP3405400007
0.0,6.151776085152972e-08,6.151776085152972e-08,6.151776085152972e-08,Added,2014,JP3778630008
0.0,5.65208145167789e-08,5.65208145167789e-08,5.65208145167789e-08,Added,2014,HK0010000088
0.0,5.5953473659298954e-08,5.5953473659298954e-08,5.5953473659298954e-08,Added,2014,JP3902900004
0.0,5.486889667471536e-08,5.486889667471536e-08,5.486889667471536e-08,Added,2014,JP3657400002
0.0,5.424561473182955e-08,5.424561473182955e-08,5.424561473182955e-08,Added,2014,JP3910660004
0.0,5.3877741945690714e-08,5.3877741945690714e-08,5.3877741945690714e-08,Added,2014,JP3787000003
0.0,5.330280804975061e-08,5.330280804975061e-08,5.330280804975061e-08,Added,2014,AU000000IGO4
0.0,5.273272323282381e-08,5.273272323282381e-08,5.273272323282381e-08,Added,2014,SG9999000020
0.0,5.21351333570168e-08,5.21351333570168e-08,5.21351333570168e-08,Added,2014,JP3385820000
0.0,4.811933579200739e-08,4.811933579200739e-08,4.811933579200739e-08,Added,2014,JP3200450009
0.0,4.7072132936236834e-08,4.7072132936236834e-08,4.7072132936236834e-08,Added,2014,AU000000GWA4
0.0,4.6521157461354816e-08,4.6521157461354816e-08,4.6521157461354816e-08,Added,2014,IE00BKVD2N49
0.0,4.623893449069218e-08,4.623893449069218e-08,4.623893449069218e-08,Added,2014,JP3166000004
0.0,4.5632593971576564e-08,4.5632593971576564e-08,4.5632593971576564e-08,Added,2014,JP3126400005
0.0,4.339456282894151e-08,4.339456282894151e-08,4.339456282894151e-08,Added,2014,JP3870400003
0.0,4.181167219547933e-08,4.181167219547933e-08,4.181167219547933e-08,Added,2014,AU000000SIG5
0.0,4.010522170297201e-08,4.010522170297201e-08,4.010522170297201e-08,Added,2014,AU000000CSL8
0.0,3.8852826532084e-08,3.8852826532084e-08,3.8852826532084e-08,Added,2014,JP3955000009
0.0,3.812230027847125e-08,3.812230027847125e-08,3.812230027847125e-08,Added,2014,JP3201200007
0.0,3.805914559385673e-08,3.805914559385673e-08,3.805914559385673e-08,Added,2014,AU000000MTS0
0.0,3.79285258575702e-08,3.79285258575702e-08,3.79285258575702e-08,Added,2014,JP3270000007
0.0,3.7760926859243185e-08,3.7760926859243185e-08,3.7760926859243185e-08,Added,2014,AU000000IVC8
0.0,3.753718356055777e-08,3.753718356055777e-08,3.753718356055777e-08,Added,2014,JP3733000008
0.0,3.7536513994855504e-08,3.7536513994855504e-08,3.7536513994855504e-08,Added,2014,AU000000LLC3
0.0,3.73185512395552e-08,3.73185512395552e-08,3.73185512395552e-08,Added,2014,JP3830000000
0.0,3.570322656100335e-08,3.570322656100335e-08,3.570322656100335e-08,Added,2014,JP3667600005
0.0,3.532926042474923e-08,3.532926042474923e-08,3.532926042474923e-08,Added,2014,JP3900000005
0.0,3.5114907647165154e-08,3.5114907647165154e-08,3.5114907647165154e-08,Added,2014,JP3134800006
0.0,3.3619884166572684e-08,3.3619884166572684e-08,3.3619884166572684e-08,Added,2014,JP3194000000
0.0,3.013560750685734e-08,3.013560750685734e-08,3.013560750685734e-08,Added,2014,JP3456000003
0.0,2.8376203214205428e-08,2.8376203214205428e-08,2.8376203214205428e-08,Added,2014,AU000000SGM7
0.0,2.6442371985538562e-08,2.6442371985538562e-08,2.6442371985538562e-08,Added,2014,JP3242800005
0.0,2.62698876169257e-08,2.62698876169257e-08,2.62698876169257e-08,Added,2014,JP3811000003
0.0,2.574516682159751e-08,2.574516682159751e-08,2.574516682159751e-08,Added,2014,SG1U68934629
0.0,2.5710290889240625e-08,2.5710290889240625e-08,2.5710290889240625e-08,Added,2014,JP3819400007
0.0,2.5550020886603015e-08,2.5550020886603015e-08,2.5550020886603015e-08,Added,2014,JP3734800000
0.0,2.493353570815184e-08,2.493353570815184e-08,2.493353570815184e-08,Added,2014,AU000000OZL8
0.0,2.4453922098626763e-08,2.4453922098626763e-08,2.4453922098626763e-08,Added,2014,JP3435000009
0.0,2.440090018460038e-08,2.440090018460038e-08,2.440090018460038e-08,Added,2014,JP3505000004
0.0,2.362759294065786e-08,2.362759294065786e-08,2.362759294065786e-08,Added,2014,JP3294460005
0.0,2.3610925577438478e-08,2.3610925577438478e-08,2.3610925577438478e-08,Added,2014,AU000000NCM7
0.0,2.3501538789369336e-08,2.3501538789369336e-08,2.3501538789369336e-08,Added,2014,JP3868400007
0.0,2.299818112103611e-08,2.299818112103611e-08,2.299818112103611e-08,Added,2014,AU000000SBM8
0.0,2.2669183120888474e-08,2.2669183120888474e-08,2.2669183120888474e-08,Added,2014,JP3197800000
0.0,2.1943768890259742e-08,2.1943768890259742e-08,2.1943768890259742e-08,Added,2014,JP3672400003
0.0,2.1784653605344823e-08,2.1784653605344823e-08,2.1784653605344823e-08,Added,2014,JP3452000007
0.0,2.0981265108409328e-08,2.0981265108409328e-08,2.0981265108409328e-08,Added,2014,JP3496400007
0.0,2.0761336255866254e-08,2.0761336255866254e-08,2.0761336255866254e-08,Added,2014,JP3902400005
0.0,2.0117227741019518e-08,2.0117227741019518e-08,2.0117227741019518e-08,Added,2014,JP3224200000
0.0,2.002808855550787e-08,2.002808855550787e-08,2.002808855550787e-08,Added,2014,AU000000DOW2
0.0,1.921606600928477e-08,1.921606600928477e-08,1.921606600928477e-08,Added,2014,JP3266400005
0.0,1.910375231816055e-08,1.910375231816055e-08,1.910375231816055e-08,Added,2014,JP3792600003
0.0,1.8896912841936074e-08,1.8896912841936074e-08,1.8896912841936074e-08,Added,2014,JP3592200004
0.0,1.8832355310178085e-08,1.8832355310178085e-08,1.8832355310178085e-08,Added,2014,AU000000WOW2
0.0,1.798272832543311e-08,1.798272832543311e-08,1.798272832543311e-08,Added,2014,JP3726800000
0.0,1.7669054731670595e-08,1.7669054731670595e-08,1.7669054731670595e-08,Added,2014,JP3818000006
0.0,1.7642006932339735e-08,1.7642006932339735e-08,1.7642006932339735e-08,Added,2014,JP3256000005
0.0,1.7368782412724915e-08,1.7368782412724915e-08,1.7368782412724915e-08,Added,2014,JP3375800004
0.0,1.7359981464785542e-08,1.7359981464785542e-08,1.7359981464785542e-08,Added,2014,JP3914400001
0.0,1.690993169279101e-08,1.690993169279101e-08,1.690993169279101e-08,Added,2014,JP3720800006
0.0,1.685142403984326e-08,1.685142403984326e-08,1.685142403984326e-08,Added,2014,BMG8063F1068
0.0,1.629013270561462e-08,1.629013270561462e-08,1.629013270561462e-08,Added,2014,JP3443600006
0.0,1.6088846953149615e-08,1.6088846953149615e-08,1.6088846953149615e-08,Added,2014,AU000000WES1
0.0,1.5905416486533137e-08,1.5905416486533137e-08,1.5905416486533137e-08,Added,2014,JP3027680002
0.0,1.5862942670885715e-08,1.5862942670885715e-08,1.5862942670885715e-08,Added,2014,JP3420600003
0.0,1.5815796118162676e-08,1.5815796118162676e-08,1.5815796118162676e-08,Added,2014,JP3388200002
0.0,1.5173881901499263e-08,1.5173881901499263e-08,1.5173881901499263e-08,Added,2014,JP3148800000
0.0,1.4905732588690905e-08,1.4905732588690905e-08,1.4905732588690905e-08,Added,2014,AU000000ERA9
0.0,1.4903681936564075e-08,1.4903681936564075e-08,1.4903681936564075e-08,Added,2014,JP3210200006
0.0,1.4883980242823456e-08,1.4883980242823456e-08,1.4883980242823456e-08,Added,2014,JP3891600003
0.0,1.4615311004619222e-08,1.4615311004619222e-08,1.4615311004619222e-08,Added,2014,JP3519400000
0.0,1.4014319456607215e-08,1.4014319456607215e-08,1.4014319456607215e-08,Added,2014,JP3820000002
0.0,1.3729771093272574e-08,1.3729771093272574e-08,1.3729771093272574e-08,Added,2014,JP3475350009
0.0,1.3705440405557888e-08,1.3705440405557888e-08,1.3705440405557888e-08,Added,2014,JP3164800009
0.0,1.3688239848186469e-08,1.3688239848186469e-08,1.3688239848186469e-08,Added,2014,JP3788600009
0.0,1.3617483617826737e-08,1.3617483617826737e-08,1.3617483617826737e-08,Added,2014,JP3893600001
0.0,1.3288169198576549e-08,1.3288169198576549e-08,1.3288169198576549e-08,Added,2014,JP3495000006
0.0,1.2937667580524479e-08,1.2937667580524479e-08,1.2937667580524479e-08,Added,2014,JP3827200001
0.0,1.2730535752190986e-08,1.2730535752190986e-08,1.2730535752190986e-08,Added,2014,JP3320800000
0.0,1.216458601920008e-08,1.216458601920008e-08,1.216458601920008e-08,Added,2014,JP3165600002
0.0,1.1994075521136652e-08,1.1994075521136652e-08,1.1994075521136652e-08,Added,2014,AU000000APA1
0.0,1.1984591476225837e-08,1.1984591476225837e-08,1.1984591476225837e-08,Added,2014,JP3535800001
0.0,1.1947843086892567e-08,1.1947843086892567e-08,1.1947843086892567e-08,Added,2014,AU000000MAH3
0.0,1.189451836097916e-08,1.189451836097916e-08,1.189451836097916e-08,Added,2014,JP3419400001
0.0,1.1863169917732656e-08,1.1863169917732656e-08,1.1863169917732656e-08,Added,2014,JP3684000007
0.0,1.1735616999757086e-08,1.1735616999757086e-08,1.1735616999757086e-08,Added,2014,JP3359600008
0.0,1.1421428534303744e-08,1.1421428534303744e-08,1.1421428534303744e-08,Added,2014,JP3942800008
0.0,1.1401412897757727e-08,1.1401412897757727e-08,1.1401412897757727e-08,Added,2014,JP3973400009
0.0,1.1305634722974126e-08,1.1305634722974126e-08,1.1305634722974126e-08,Added,2014,JP3190000004
0.0,1.1150646479780276e-08,1.1150646479780276e-08,1.1150646479780276e-08,Added,2014,JP3407400005
0.0,1.1032544838944382e-08,1.1032544838944382e-08,1.1032544838944382e-08,Added,2014,JP3300600008
0.0,1.0910902738267256e-08,1.0910902738267256e-08,1.0910902738267256e-08,Added,2014,JP3613400005
0.0,1.0899970958448725e-08,1.0899970958448725e-08,1.0899970958448725e-08,Added,2014,JP3421100003
0.0,9.60748098563392e-09,9.60748098563392e-09,9.60748098563392e-09,Added,2014,NZFBUE0001S0
0.0,9.554086756657172e-09,9.554086756657172e-09,9.554086756657172e-09,Added,2014,JP3402600005
0.0,9.24214785062837e-09,9.24214785062837e-09,9.24214785062837e-09,Added,2014,JP3898400001
0.0,8.97148989001855e-09,8.97148989001855e-09,8.97148989001855e-09,Added,2014,JP3258000003
0.0,8.55354131252469e-09,8.55354131252469e-09,8.55354131252469e-09,Added,2014,JP3711600001
0.0,8.55351631586629e-09,8.55351631586629e-09,8.55351631586629e-09,Added,2014,JP3481800005
0.0,8.218293058073085e-09,8.218293058073085e-09,8.218293058073085e-09,Added,2014,AU000000BHP4
0.0,8.091151721429743e-09,8.091151721429743e-09,8.091151721429743e-09,Added,2014,JP3769000005
0.0,8.07428832479835e-09,8.07428832479835e-09,8.07428832479835e-09,Added,2014,JP3566800003
0.0,8.030897669097344e-09,8.030897669097344e-09,8.030897669097344e-09,Added,2014,JP3358800005
0.0,7.764983156732811e-09,7.764983156732811e-09,7.764983156732811e-09,Added,2014,JP3635400009
0.0,7.437078976255485e-09,7.437078976255485e-09,7.437078976255485e-09,Added,2014,JP3866800000
0.0,7.139651197565103e-09,7.139651197565103e-09,7.139651197565103e-09,Added,2014,JP3385980002
0.0,6.8258129299599666e-09,6.8258129299599666e-09,6.8258129299599666e-09,Added,2014,JP3351600006
0.0,6.794850267404072e-09,6.794850267404072e-09,6.794850267404072e-09,Added,2014,JP3634200004
0.0,6.791160783990607e-09,6.791160783990607e-09,6.791160783990607e-09,Added,2014,AU000000ORI1
0.0,6.765033278682942e-09,6.765033278682942e-09,6.765033278682942e-09,Added,2014,JP3551500006
0.0,6.654451941974867e-09,6.654451941974867e-09,6.654451941974867e-09,Added,2014,AU000000CWY3
0.0,6.5879962447555166e-09,6.5879962447555166e-09,6.5879962447555166e-09,Added,2014,JP3629000005
0.0,6.5746489334324275e-09,6.5746489334324275e-09,6.5746489334324275e-09,Added,2014,JP3786200000
0.0,6.5413777819602704e-09,6.5413777819602704e-09,6.5413777819602704e-09,Added,2014,JP3596200000
0.0,6.397624158058612e-09,6.397624158058612e-09,6.397624158058612e-09,Added,2014,JP3634600005
0.0,6.288096227446726e-09,6.288096227446726e-09,6.288096227446726e-09,Added,2014,AU000000CSR5
0.0,6.021239951427259e-09,6.021239951427259e-09,6.021239951427259e-09,Added,2014,JP3982800009
0.0,5.788042511340189e-09,5.788042511340189e-09,5.788042511340189e-09,Added,2014,AU000000CIM7
0.0,5.772526454982278e-09,5.772526454982278e-09,5.772526454982278e-09,Added,2014,AU0000038911
0.0,5.502887277319438e-09,5.502887277319438e-09,5.502887277319438e-09,Added,2014,JP3814800003
0.0,5.371756889620426e-09,5.371756889620426e-09,5.371756889620426e-09,Added,2014,AU000000STO6
0.0,5.358482573742696e-09,5.358482573742696e-09,5.358482573742696e-09,Added,2014,JP3491000000
0.0,5.318417321105082e-09,5.318417321105082e-09,5.318417321105082e-09,Added,2014,AU0000224040
0.0,5.22977005378925e-09,5.22977005378925e-09,5.22977005378925e-09,Added,2014,JP3493800001
0.0,5.049856442438897e-09,5.049856442438897e-09,5.049856442438897e-09,Added,2014,JP3678000005
0.0,4.778866618983002e-09,4.778866618983002e-09,4.778866618983002e-09,Added,2014,JP3665200006
0.0,4.778459219781907e-09,4.778459219781907e-09,4.778459219781907e-09,Added,2014,JP3493400000
0.0,4.111999948302796e-09,4.111999948302796e-09,4.111999948302796e-09,Added,2014,JP3854600008
0.0,4.111006344168984e-09,4.111006344168984e-09,4.111006344168984e-09,Added,2014,JP3293200006
0.0,4.06217404329842e-09,4.06217404329842e-09,4.06217404329842e-09,Added,2014,JP3940000007
0.0,4.0225994611736736e-09,4.0225994611736736e-09,4.0225994611736736e-09,Added,2014,AU0000088338
0.0,3.3517887897898546e-09,3.3517887897898546e-09,3.3517887897898546e-09,Added,2014,JP3626800001
0.0,3.2324236606598495e-09,3.2324236606598495e-09,3.2324236606598495e-09,Added,2014,JP3638600001
0.0,3.075372808184701e-09,3.075372808184701e-09,3.075372808184701e-09,Added,2014,AU000000BLD2
0.0,2.923146605750314e-09,2.923146605750314e-09,2.923146605750314e-09,Added,2014,JP3743000006
0.0,2.4345325563861406e-09,2.4345325563861406e-09,2.4345325563861406e-09,Added,2014,JP3888400003
0.0,2.3907738909135765e-09,2.3907738909135765e-09,2.3907738909135765e-09,Added,2014,JP3688370000
0.0,2.323517237309493e-09,2.323517237309493e-09,2.323517237309493e-09,Added,2014,JP3544000007
0.0,2.264252305794977e-09,2.264252305794977e-09,2.264252305794977e-09,Added,2014,JP3783600004
0.0,2.127850949548016e-09,2.127850949548016e-09,2.127850949548016e-09,Added,2014,JP3269600007
0.0,2.0340463593430924e-09,2.0340463593430924e-09,2.0340463593430924e-09,Added,2014,BMG684371393
0.0,2.0173869906486335e-09,2.0173869906486335e-09,2.0173869906486335e-09,Added,2014,JP3621000003
0.0,2.013233936375961e-09,2.013233936375961e-09,2.013233936375961e-09,Added,2014,JP3870000001
0.0,1.680825078586652e-09,1.680825078586652e-09,1.680825078586652e-09,Added,2014,JP3215800008
0.0,1.667128485386166e-09,1.667128485386166e-09,1.667128485386166e-09,Added,2014,SG1R50925390
0.0,1.3270415227039121e-09,1.3270415227039121e-09,1.3270415227039121e-09,Added,2014,JP3111200006
0.0,1.3151023792165849e-09,1.3151023792165849e-09,1.3151023792165849e-09,Added,2014,JP3112000009
0.0,1.180492385932447e-09,1.180492385932447e-09,1.180492385932447e-09,Added,2014,NZCENE0001S6
0.0,1.1278104118639016e-09,1.1278104118639016e-09,1.1278104118639016e-09,Added,2014,AU000000ORG5
0.0,1.0446808174154244e-09,1.0446808174154244e-09,1.0446808174154244e-09,Added,2014,BMG677491539
0.0,9.688553787838617e-10,9.688553787838617e-10,9.688553787838617e-10,Added,2014,JP3830800003
0.0,8.994491184971586e-10,8.994491184971586e-10,8.994491184971586e-10,Added,2014,JP3619800000
0.0,7.56750940523211e-10,7.56750940523211e-10,7.56750940523211e-10,Added,2014,JP3205800000
0.0,6.236332300824278e-10,6.236332300824278e-10,6.236332300824278e-10,Added,2014,JP3401400001
0.0,5.459958327521049e-10,5.459958327521049e-10,5.459958327521049e-10,Added,2014,JP3368000000
0.0,5.161781187170829e-10,5.161781187170829e-10,5.161781187170829e-10,Added,2014,JP3888300005
0.0,4.570614608539259e-10,4.570614608539259e-10,4.570614608539259e-10,Added,2014,SG1V61937297
0.0,4.0842935494320157e-10,4.0842935494320157e-10,4.0842935494320157e-10,Added,2014,JP3174410005
0.0,3.1066920682387204e-10,3.1066920682387204e-10,3.1066920682387204e-10,Added,2014,JP3903000002
0.0,2.9116080669671646e-10,2.9116080669671646e-10,2.9116080669671646e-10,Added,2014,AU000000QAN2
0.0,2.8296653520404e-10,2.8296653520404e-10,2.8296653520404e-10,Added,2014,HK0293001514
0.0,2.342483758972357e-10,2.342483758972357e-10,2.342483758972357e-10,Added,2014,JP3686800008
0.0,2.163081095768396e-10,2.163081095768396e-10,2.163081095768396e-10,Added,2014,AU000000BSL0
0.0,1.7846382550816582e-10,1.7846382550816582e-10,1.7846382550816582e-10,Added,2014,JP3449020001
0.0,1.5392471643145777e-10,1.5392471643145777e-10,1.5392471643145777e-10,Added,2014,JP3289800009
0.0,1.4903668730354273e-10,1.4903668730354273e-10,1.4903668730354273e-10,Added,2014,JP3595200001
0.0,1.2981316231299937e-10,1.2981316231299937e-10,1.2981316231299937e-10,Added,2014,JP3158800007
0.0,1.1341113354390161e-10,1.1341113354390161e-10,1.1341113354390161e-10,Added,2014,JP3362700001
0.0,7.91671211242165e-11,7.91671211242165e-11,7.91671211242165e-11,Added,2014,JP3753000003
0.0,6.794690055397311e-11,6.794690055397311e-11,6.794690055397311e-11,Added,2014,JP3223800008
0.0,3.2227009801194734e-11,3.2227009801194734e-11,3.2227009801194734e-11,Added,2014,JP3350800003
0.0,2.6254867738824092e-11,2.6254867738824092e-11,2.6254867738824092e-11,Added,2014,JP3526600006
0.0,2.6045054617460663e-11,2.6045054617460663e-11,2.6045054617460663e-11,Added,2014,JP3228600007
0.0,2.2129142465133818e-11,2.2129142465133818e-11,2.2129142465133818e-11,Added,2014,JP3845400005
0.0,1.924787821341012e-11,1.924787821341012e-11,1.924787821341012e-11,Added,2014,JP3605400005
0.0,1.6810822619350053e-11,1.6810822619350053e-11,1.6810822619350053e-11,Added,2014,JP3551200003
0.0,0.0,0.0,0.0,Unchanged,2014,JP3246400000
0.2202112317044432,0.08020767955648407,-0.14000355214795912,0.14000355214795912,Underweighted,2015,HK0002007356
0.06835413706379152,0.03311117140391226,-0.03524296565987926,0.03524296565987926,Underweighted,2015,JP3429800000
0.1982729060165307,0.22046894420444557,0.02219603818791488,0.02219603818791488,Overweighted,2015,HK0006000050
0.0,0.020908037159361074,0.020908037159361074,0.020908037159361074,Added,2015,HK0823032773
0.03187179117257501,0.011869082581015497,-0.020002708591559518,0.020002708591559518,Underweighted,2015,JP3180400008
0.02698690962138553,0.04642530248262865,0.019438392861243117,0.019438392861243117,Overweighted,2015,JP3463000004
0.11650095238806707,0.1348704491888222,0.018369496800755142,0.018369496800755142,Overweighted,2015,JP3982100004
0.019656072876027688,0.037641643355325535,0.017985570479297847,0.017985570479297847,Overweighted,2015,JP3357200009
0.022964369926693328,0.03858062504628312,0.015616255119589788,0.015616255119589788,Overweighted,2015,SG1F60858221
0.007346033131139406,0.02082939257153791,0.013483359440398503,0.013483359440398503,Overweighted,2015,JP3977400005
0.01228094522882292,2.749267430679008e-10,-0.012280944953896178,0.012280944953896178,Underweighted,2015,HK0019000162
0.04433009660954022,0.05610620010781974,0.011776103498279518,0.011776103498279518,Overweighted,2015,JP3260800002
0.005730799289295317,0.017390607774273807,0.01165980848497849,0.01165980848497849,Overweighted,2015,JP3951600000
0.021105190849297507,0.03131426215648113,0.010209071307183622,0.010209071307183622,Overweighted,2015,JP3659000008
0.026528655977261808,0.03581783618742721,0.009289180210165403,0.009289180210165403,Overweighted,2015,JP3633400001
0.024784963831693287,0.03367167369770804,0.008886709866014756,0.008886709866014756,Overweighted,2015,HK0003000038
0.012210359087990648,0.020630852194029613,0.008420493106038965,0.008420493106038965,Overweighted,2015,HK0066009694
0.02577998727109302,0.03408548903706887,0.008305501765975852,0.008305501765975852,Overweighted,2015,JP3116000005
0.006304050340129222,0.013078638638383419,0.006774588298254197,0.006774588298254197,Overweighted,2015,JP3197600004
0.04523718729053253,0.039098191380269987,-0.00613899591026254,0.00613899591026254,Underweighted,2015,JP3371200001
0.00620501627899336,0.012047725716368606,0.005842709437375245,0.005842709437375245,Overweighted,2015,JP3414750004
0.0001803422551606191,0.0039941215051270355,0.0038137792499664163,0.0038137792499664163,Overweighted,2015,JP3854600008
0.0,0.002258573345323009,0.002258573345323009,0.002258573345323009,Added,2015,JP3870000001
0.0,0.0018855316832304448,0.0018855316832304448,0.0018855316832304448,Added,2015,JP3738600000
0.005482839930166317,0.003839698044087809,-0.0016431418860785082,0.0016431418860785082,Underweighted,2015,JP3229400001
0.0027631988688667252,0.0011326722541098637,-0.0016305266147568615,0.0016305266147568615,Underweighted,2015,JP3119600009
0.02591345153086078,0.02730158494887202,0.00138813341801124,0.00138813341801124,Overweighted,2015,JP3814000000
0.017458277677619375,0.016089972581420513,-0.0013683050961988616,0.0013683050961988616,Underweighted,2015,JP3573000001
0.005540233782022667,0.005334823200326112,-0.00020541058169655513,0.00020541058169655513,Underweighted,2015,JP3942400007
0.0,3.860381574390046e-07,3.860381574390046e-07,3.860381574390046e-07,Added,2015,AU000000CQR9
0.0,2.772055600056123e-07,2.772055600056123e-07,2.772055600056123e-07,Added,2015,HK0200030994
0.0,2.6456804437474664e-07,2.6456804437474664e-07,2.6456804437474664e-07,Added,2015,AU000000MQG1
0.0,2.436727063995051e-07,2.436727063995051e-07,2.436727063995051e-07,Added,2015,SGXE21576413
0.0,2.3896355832849696e-07,2.3896355832849696e-07,2.3896355832849696e-07,Added,2015,JP3582600007
0.0,1.9160644978327116e-07,1.9160644978327116e-07,1.9160644978327116e-07,Added,2015,AU000000PPT9
0.0,1.702329744302065e-07,1.702329744302065e-07,1.702329744302065e-07,Added,2015,BMG524401079
0.0,1.5758751004995654e-07,1.5758751004995654e-07,1.5758751004995654e-07,Added,2015,JP3762600009
0.0,1.5637289744846653e-07,1.5637289744846653e-07,1.5637289744846653e-07,Added,2015,HK0388045442
0.0,1.5292134431726344e-07,1.5292134431726344e-07,1.5292134431726344e-07,Added,2015,AU000000SUN6
0.0,1.5089462764571466e-07,1.5089462764571466e-07,1.5089462764571466e-07,Added,2015,AU000000NAB4
0.0,1.472890049029631e-07,1.472890049029631e-07,1.472890049029631e-07,Added,2015,AU000000MGR9
0.0,1.450605710345099e-07,1.450605710345099e-07,1.450605710345099e-07,Added,2015,JP3528600004
0.0,1.4491623697487212e-07,1.4491623697487212e-07,1.4491623697487212e-07,Added,2015,AU000000BEN6
0.0,1.4313699997402679e-07,1.4313699997402679e-07,1.4313699997402679e-07,Added,2015,AU000000ANZ3
0.0,1.3756342143857046e-07,1.3756342143857046e-07,1.3756342143857046e-07,Added,2015,AU000000QBE9
0.0,1.3634627090220618e-07,1.3634627090220618e-07,1.3634627090220618e-07,Added,2015,SG1R89002252
0.0,1.3514329528622304e-07,1.3514329528622304e-07,1.3514329528622304e-07,Added,2015,AU000000GPT8
0.0,1.3283779887488865e-07,1.3283779887488865e-07,1.3283779887488865e-07,Added,2015,AU000000AMP6
0.0,1.2967440213609864e-07,1.2967440213609864e-07,1.2967440213609864e-07,Added,2015,AU000000WBC1
0.0,1.2695214164618706e-07,1.2695214164618706e-07,1.2695214164618706e-07,Added,2015,AU000000COH5
0.0,1.227657159905018e-07,1.227657159905018e-07,1.227657159905018e-07,Added,2015,JP3502200003
0.0,1.2080207511850606e-07,1.2080207511850606e-07,1.2080207511850606e-07,Added,2015,HK0004000045
0.0,1.20019072484748e-07,1.20019072484748e-07,1.20019072484748e-07,Added,2015,AU000000ASX7
0.0,1.1936665484839466e-07,1.1936665484839466e-07,1.1936665484839466e-07,Added,2015,AU000000TAH8
0.0,1.0384441079755925e-07,1.0384441079755925e-07,1.0384441079755925e-07,Added,2015,AU000000CBA7
0.0,1.0241179056775373e-07,1.0241179056775373e-07,1.0241179056775373e-07,Added,2015,SG1J26887955
0.0,9.637439818529006e-08,9.637439818529006e-08,9.637439818529006e-08,Added,2015,AU000000IAG3
0.0,9.248152860742529e-08,9.248152860742529e-08,9.248152860742529e-08,Added,2015,JP3890350006
0.0,8.863922365343183e-08,8.863922365343183e-08,8.863922365343183e-08,Added,2015,JP3571400005
0.0,8.680995061175521e-08,8.680995061175521e-08,8.680995061175521e-08,Added,2015,NZTELE0001S4
0.0,8.56453699026336e-08,8.56453699026336e-08,8.56453699026336e-08,Added,2015,AU000000SGP0
0.0,8.535585242663896e-08,8.535585242663896e-08,8.535585242663896e-08,Added,2015,AU000000DXS1
0.0,8.530450541023146e-08,8.530450541023146e-08,8.530450541023146e-08,Added,2015,JP3118000003
0.0,8.449662795662996e-08,8.449662795662996e-08,8.449662795662996e-08,Added,2015,JP3122400009
0.0,8.17868096446249e-08,8.17868096446249e-08,8.17868096446249e-08,Added,2015,AU000000TCL6
0.0,8.016854067660302e-08,8.016854067660302e-08,8.016854067660302e-08,Added,2015,HK0016000132
0.0,7.994918090946617e-08,7.994918090946617e-08,7.994918090946617e-08,Added,2015,AU000000SHL7
0.0,7.62144907280616e-08,7.62144907280616e-08,7.62144907280616e-08,Added,2015,JP3539220008
0.0,7.619793782118846e-08,7.619793782118846e-08,7.619793782118846e-08,Added,2015,AU000000MND5
0.0,7.39914479905395e-08,7.39914479905395e-08,7.39914479905395e-08,Added,2015,JP3877600001
0.0,7.26380474356354e-08,7.26380474356354e-08,7.26380474356354e-08,Added,2015,JP3166000004
0.0,6.838384807523289e-08,6.838384807523289e-08,6.838384807523289e-08,Added,2015,NZAIAE0002S6
0.0,6.730470980402401e-08,6.730470980402401e-08,6.730470980402401e-08,Added,2015,HK0010000088
0.0,6.630798739650768e-08,6.630798739650768e-08,6.630798739650768e-08,Added,2015,JP3165700000
0.0,6.369797698289908e-08,6.369797698289908e-08,6.369797698289908e-08,Added,2015,SGXE34184239
0.0,6.279787544788197e-08,6.279787544788197e-08,6.279787544788197e-08,Added,2015,JP3385820000
0.0,6.206715597436175e-08,6.206715597436175e-08,6.206715597436175e-08,Added,2015,JP3126400005
0.0,6.204668212156062e-08,6.204668212156062e-08,6.204668212156062e-08,Added,2015,AU000000BWP3
0.0,6.175105660875758e-08,6.175105660875758e-08,6.175105660875758e-08,Added,2015,JP3890310000
0.0,6.167106608438875e-08,6.167106608438875e-08,6.167106608438875e-08,Added,2015,JP3405400007
0.0,5.977838505873574e-08,5.977838505873574e-08,5.977838505873574e-08,Added,2015,AU000000WOR2
0.0,5.954708409194769e-08,5.954708409194769e-08,5.954708409194769e-08,Added,2015,JP3955000009
0.0,5.9356574557703205e-08,5.9356574557703205e-08,5.9356574557703205e-08,Added,2015,JP3419050004
0.0,5.780254839845627e-08,5.780254839845627e-08,5.780254839845627e-08,Added,2015,JP3551520004
0.0,5.6448427608939084e-08,5.6448427608939084e-08,5.6448427608939084e-08,Added,2015,HK0011000095
0.0,5.558107615045712e-08,5.558107615045712e-08,5.558107615045712e-08,Added,2015,JP3200450009
0.0,5.417242004908753e-08,5.417242004908753e-08,5.417242004908753e-08,Added,2015,JP3304200003
0.0,5.385952987648598e-08,5.385952987648598e-08,5.385952987648598e-08,Added,2015,JP3201200007
0.0,5.233591818100812e-08,5.233591818100812e-08,5.233591818100812e-08,Added,2015,JP3209000003
0.0,5.112503504409002e-08,5.112503504409002e-08,5.112503504409002e-08,Added,2015,JP3778630008
0.0,5.1049643097168264e-08,5.1049643097168264e-08,5.1049643097168264e-08,Added,2015,AU000000TLS2
0.0,4.9144033423143806e-08,4.9144033423143806e-08,4.9144033423143806e-08,Added,2015,JP3910660004
0.0,4.542408353188085e-08,4.542408353188085e-08,4.542408353188085e-08,Added,2015,JP3762800005
0.0,4.528291520246218e-08,4.528291520246218e-08,4.528291520246218e-08,Added,2015,BMG2442N1048
0.0,4.479792421056635e-08,4.479792421056635e-08,4.479792421056635e-08,Added,2015,IE00BKVD2N49
0.0,4.4543530884336325e-08,4.4543530884336325e-08,4.4543530884336325e-08,Added,2015,JP3733000008
0.0,4.361661380881968e-08,4.361661380881968e-08,4.361661380881968e-08,Added,2015,SG9999000020
0.0,4.354282596787839e-08,4.354282596787839e-08,4.354282596787839e-08,Added,2015,JP3134800006
0.0,4.335828239849804e-08,4.335828239849804e-08,4.335828239849804e-08,Added,2015,AU000000GWA4
0.0,4.123591032304723e-08,4.123591032304723e-08,4.123591032304723e-08,Added,2015,JP3194000000
0.0,4.115478656389692e-08,4.115478656389692e-08,4.115478656389692e-08,Added,2015,JP3787000003
0.0,4.0895907663708426e-08,4.0895907663708426e-08,4.0895907663708426e-08,Added,2015,AU000000CIM7
0.0,4.057581396885615e-08,4.057581396885615e-08,4.057581396885615e-08,Added,2015,JP3830000000
0.0,3.975142483037358e-08,3.975142483037358e-08,3.975142483037358e-08,Added,2015,JP3667600005
0.0,3.875152366698655e-08,3.875152366698655e-08,3.875152366698655e-08,Added,2015,JP3657400002
0.0,3.73461674338812e-08,3.73461674338812e-08,3.73461674338812e-08,Added,2015,AU000000LLC3
0.0,3.6502987409199716e-08,3.6502987409199716e-08,3.6502987409199716e-08,Added,2015,JP3902900004
0.0,3.580965516788637e-08,3.580965516788637e-08,3.580965516788637e-08,Added,2015,JP3270000007
0.0,3.580919954212987e-08,3.580919954212987e-08,3.580919954212987e-08,Added,2015,AU000000IGO4
0.0,3.524266226661123e-08,3.524266226661123e-08,3.524266226661123e-08,Added,2015,JP3900000005
0.0,3.4372461778316595e-08,3.4372461778316595e-08,3.4372461778316595e-08,Added,2015,JP3870400003
0.0,3.4019650503947014e-08,3.4019650503947014e-08,3.4019650503947014e-08,Added,2015,AU000000IVC8
0.0,3.243786530856018e-08,3.243786530856018e-08,3.243786530856018e-08,Added,2015,AU000000CSL8
0.0,3.054715103086411e-08,3.054715103086411e-08,3.054715103086411e-08,Added,2015,JP3811000003
0.0,2.9341182572677814e-08,2.9341182572677814e-08,2.9341182572677814e-08,Added,2015,JP3868400007
0.0,2.9055816922228145e-08,2.9055816922228145e-08,2.9055816922228145e-08,Added,2015,JP3456000003
0.0,2.8406793170626133e-08,2.8406793170626133e-08,2.8406793170626133e-08,Added,2015,JP3496400007
0.0,2.808643147415476e-08,2.808643147415476e-08,2.808643147415476e-08,Added,2015,AU000000MTS0
0.0,2.727334175059635e-08,2.727334175059635e-08,2.727334175059635e-08,Added,2015,JP3734800000
0.0,2.54464531653497e-08,2.54464531653497e-08,2.54464531653497e-08,Added,2015,JP3452000007
0.0,2.5282457779003146e-08,2.5282457779003146e-08,2.5282457779003146e-08,Added,2015,AU000000SIG5
0.0,2.525164973832363e-08,2.525164973832363e-08,2.525164973832363e-08,Added,2015,JP3435000009
0.0,2.4969067745990147e-08,2.4969067745990147e-08,2.4969067745990147e-08,Added,2015,AU000000SGM7
0.0,2.371121418704716e-08,2.371121418704716e-08,2.371121418704716e-08,Added,2015,AU000000BPT9
0.0,2.3576100552365016e-08,2.3576100552365016e-08,2.3576100552365016e-08,Added,2015,JP3818000006
0.0,2.2891888012104334e-08,2.2891888012104334e-08,2.2891888012104334e-08,Added,2015,JP3902400005
0.0,2.2835813679976583e-08,2.2835813679976583e-08,2.2835813679976583e-08,Added,2015,JP3894900004
0.0,2.2562678638870066e-08,2.2562678638870066e-08,2.2562678638870066e-08,Added,2015,JP3197800000
0.0,2.239138674275393e-08,2.239138674275393e-08,2.239138674275393e-08,Added,2015,SG1U68934629
0.0,2.137539395971691e-08,2.137539395971691e-08,2.137539395971691e-08,Added,2015,JP3256000005
0.0,2.040463466515243e-08,2.040463466515243e-08,2.040463466515243e-08,Added,2015,JP3792600003
0.0,1.986846020090212e-08,1.986846020090212e-08,1.986846020090212e-08,Added,2015,JP3505000004
0.0,1.9356035566621015e-08,1.9356035566621015e-08,1.9356035566621015e-08,Added,2015,JP3720800006
0.0,1.9259450082990417e-08,1.9259450082990417e-08,1.9259450082990417e-08,Added,2015,JP3224200000
0.0,1.8719365804082425e-08,1.8719365804082425e-08,1.8719365804082425e-08,Added,2015,JP3672400003
0.0,1.851024700040905e-08,1.851024700040905e-08,1.851024700040905e-08,Added,2015,JP3266400005
0.0,1.8364047730135274e-08,1.8364047730135274e-08,1.8364047730135274e-08,Added,2015,JP3546800008
0.0,1.830483601129612e-08,1.830483601129612e-08,1.830483601129612e-08,Added,2015,JP3242800005
0.0,1.7972712401178288e-08,1.7972712401178288e-08,1.7972712401178288e-08,Added,2015,JP3519400000
0.0,1.7727806293575825e-08,1.7727806293575825e-08,1.7727806293575825e-08,Added,2015,BMG668971101
0.0,1.7717426497300904e-08,1.7717426497300904e-08,1.7717426497300904e-08,Added,2015,JP3375800004
0.0,1.7262235011286474e-08,1.7262235011286474e-08,1.7262235011286474e-08,Added,2015,JP3294460005
0.0,1.7174119495065668e-08,1.7174119495065668e-08,1.7174119495065668e-08,Added,2015,JP3148800000
0.0,1.7170345130616956e-08,1.7170345130616956e-08,1.7170345130616956e-08,Added,2015,JP3820000002
0.0,1.6769074475919265e-08,1.6769074475919265e-08,1.6769074475919265e-08,Added,2015,AU000000WOW2
0.0,1.6698449638800567e-08,1.6698449638800567e-08,1.6698449638800567e-08,Added,2015,JP3726800000
0.0,1.656774674532813e-08,1.656774674532813e-08,1.656774674532813e-08,Added,2015,JP3592200004
0.0,1.575939635538724e-08,1.575939635538724e-08,1.575939635538724e-08,Added,2015,AU000000DOW2
0.0,1.5689144591160773e-08,1.5689144591160773e-08,1.5689144591160773e-08,Added,2015,JP3388200002
0.0,1.567125645946477e-08,1.567125645946477e-08,1.567125645946477e-08,Added,2015,JP3827200001
0.0,1.5049783291686724e-08,1.5049783291686724e-08,1.5049783291686724e-08,Added,2015,JP3914400001
0.0,1.492362801155486e-08,1.492362801155486e-08,1.492362801155486e-08,Added,2015,JP3443600006
0.0,1.4663242745178593e-08,1.4663242745178593e-08,1.4663242745178593e-08,Added,2015,JP3420600003
0.0,1.4416075048107389e-08,1.4416075048107389e-08,1.4416075048107389e-08,Added,2015,JP3891600003
0.0,1.3932898107905332e-08,1.3932898107905332e-08,1.3932898107905332e-08,Added,2015,JP3788600009
0.0,1.3630159747047509e-08,1.3630159747047509e-08,1.3630159747047509e-08,Added,2015,JP3210200006
0.0,1.3616535134222936e-08,1.3616535134222936e-08,1.3616535134222936e-08,Added,2015,AU000000WES1
0.0,1.3317573772816498e-08,1.3317573772816498e-08,1.3317573772816498e-08,Added,2015,JP3475350009
0.0,1.3117579032609748e-08,1.3117579032609748e-08,1.3117579032609748e-08,Added,2015,JP3566800003
0.0,1.2315897856327247e-08,1.2315897856327247e-08,1.2315897856327247e-08,Added,2015,JP3165600002
0.0,1.2291748546770472e-08,1.2291748546770472e-08,1.2291748546770472e-08,Added,2015,JP3407400005
0.0,1.2037372877083974e-08,1.2037372877083974e-08,1.2037372877083974e-08,Added,2015,JP3164800009
0.0,1.200229587384952e-08,1.200229587384952e-08,1.200229587384952e-08,Added,2015,JP3419400001
0.0,1.1843370626207713e-08,1.1843370626207713e-08,1.1843370626207713e-08,Added,2015,JP3893600001
0.0,1.1742671315789691e-08,1.1742671315789691e-08,1.1742671315789691e-08,Added,2015,JP3942800008
0.0,1.17256056693943e-08,1.17256056693943e-08,1.17256056693943e-08,Added,2015,JP3973400009
0.0,1.1577835561924893e-08,1.1577835561924893e-08,1.1577835561924893e-08,Added,2015,JP3320800000
0.0,1.1282268382011569e-08,1.1282268382011569e-08,1.1282268382011569e-08,Added,2015,BMG8063F1068
0.0,1.1186538312747778e-08,1.1186538312747778e-08,1.1186538312747778e-08,Added,2015,AU000000APA1
0.0,1.079487863548398e-08,1.079487863548398e-08,1.079487863548398e-08,Added,2015,JP3421100003
0.0,1.0639436162258287e-08,1.0639436162258287e-08,1.0639436162258287e-08,Added,2015,AU000000ERA9
0.0,1.0583155538584632e-08,1.0583155538584632e-08,1.0583155538584632e-08,Added,2015,JP3300600008
0.0,1.0527766645819566e-08,1.0527766645819566e-08,1.0527766645819566e-08,Added,2015,JP3027680002
0.0,1.0431495818228773e-08,1.0431495818228773e-08,1.0431495818228773e-08,Added,2015,AU0000038911
0.0,1.039011713742477e-08,1.039011713742477e-08,1.039011713742477e-08,Added,2015,JP3535800001
0.0,1.0369469844461156e-08,1.0369469844461156e-08,1.0369469844461156e-08,Added,2015,JP3481800005
0.0,1.033917231000788e-08,1.033917231000788e-08,1.033917231000788e-08,Added,2015,JP3495000006
0.0,1.0273814129606935e-08,1.0273814129606935e-08,1.0273814129606935e-08,Added,2015,JP3359600008
0.0,1.0080240471356129e-08,1.0080240471356129e-08,1.0080240471356129e-08,Added,2015,JP3711600001
0.0,9.990894028962003e-09,9.990894028962003e-09,9.990894028962003e-09,Added,2015,JP3190000004
0.0,9.903679207782235e-09,9.903679207782235e-09,9.903679207782235e-09,Added,2015,JP3397200001
0.0,9.774570022822828e-09,9.774570022822828e-09,9.774570022822828e-09,Added,2015,JP3898400001
0.0,9.394193507424811e-09,9.394193507424811e-09,9.394193507424811e-09,Added,2015,JP3982800009
0.0,9.11718639496898e-09,9.11718639496898e-09,9.11718639496898e-09,Added,2015,JP3351600006
0.0,8.677103398735529e-09,8.677103398735529e-09,8.677103398735529e-09,Added,2015,JP3258000003
0.0,8.643677756187632e-09,8.643677756187632e-09,8.643677756187632e-09,Added,2015,JP3358800005
0.0,8.426520022856842e-09,8.426520022856842e-09,8.426520022856842e-09,Added,2015,JP3684000007
0.0,8.378905675828788e-09,8.378905675828788e-09,8.378905675828788e-09,Added,2015,AU000000CSR5
0.0,8.371805086096792e-09,8.371805086096792e-09,8.371805086096792e-09,Added,2015,JP3866800000
0.0,8.100907598652574e-09,8.100907598652574e-09,8.100907598652574e-09,Added,2015,AU000000OZL8
0.0,7.980758722079922e-09,7.980758722079922e-09,7.980758722079922e-09,Added,2015,JP3786200000
0.0,7.845795474289755e-09,7.845795474289755e-09,7.845795474289755e-09,Added,2015,AU000000NCM7
0.0,7.788568327081505e-09,7.788568327081505e-09,7.788568327081505e-09,Added,2015,HK0242001243
0.0,7.532085961311163e-09,7.532085961311163e-09,7.532085961311163e-09,Added,2015,NZFBUE0001S0
0.0,7.3919001699821364e-09,7.3919001699821364e-09,7.3919001699821364e-09,Added,2015,AU000000CWY3
0.0,7.282370656861749e-09,7.282370656861749e-09,7.282370656861749e-09,Added,2015,JP3493400000
0.0,6.78642434054442e-09,6.78642434054442e-09,6.78642434054442e-09,Added,2015,JP3629000005
0.0,6.255809987938263e-09,6.255809987938263e-09,6.255809987938263e-09,Added,2015,AU000000BHP4
0.0,6.200880254559674e-09,6.200880254559674e-09,6.200880254559674e-09,Added,2015,JP3493800001
0.0,6.190554384378395e-09,6.190554384378395e-09,6.190554384378395e-09,Added,2015,JP3596200000
0.0,6.053507568038834e-09,6.053507568038834e-09,6.053507568038834e-09,Added,2015,JP3491000000
0.0,5.81122968956428e-09,5.81122968956428e-09,5.81122968956428e-09,Added,2015,JP3402600005
0.0,5.788285444348937e-09,5.788285444348937e-09,5.788285444348937e-09,Added,2015,JP3635400009
0.0,5.674995071653228e-09,5.674995071653228e-09,5.674995071653228e-09,Added,2015,AU000000ORI1
0.0,5.388717290131744e-09,5.388717290131744e-09,5.388717290131744e-09,Added,2015,JP3613400005
0.0,5.204294548015009e-09,5.204294548015009e-09,5.204294548015009e-09,Added,2015,JP3678000005
0.0,5.194433955406968e-09,5.194433955406968e-09,5.194433955406968e-09,Added,2015,JP3940000007
0.0,5.0903218578547595e-09,5.0903218578547595e-09,5.0903218578547595e-09,Added,2015,JP3385980002
0.0,5.017009249769005e-09,5.017009249769005e-09,5.017009249769005e-09,Added,2015,JP3634200004
0.0,4.855596055607559e-09,4.855596055607559e-09,4.855596055607559e-09,Added,2015,JP3634600005
0.0,4.714306774242835e-09,4.714306774242835e-09,4.714306774242835e-09,Added,2015,JP3665200006
0.0,4.431265894535412e-09,4.431265894535412e-09,4.431265894535412e-09,Added,2015,JP3814800003
0.0,4.417820854891218e-09,4.417820854891218e-09,4.417820854891218e-09,Added,2015,JP3551500006
0.0,4.265664279178761e-09,4.265664279178761e-09,4.265664279178761e-09,Added,2015,AU000000STO6
0.0,4.124669345480747e-09,4.124669345480747e-09,4.124669345480747e-09,Added,2015,AU0000224040
0.0,3.8847484362784176e-09,3.8847484362784176e-09,3.8847484362784176e-09,Added,2015,JP3638600001
0.0,3.8240331603734295e-09,3.8240331603734295e-09,3.8240331603734295e-09,Added,2015,AU000000MAH3
0.0,3.811411648067255e-09,3.811411648067255e-09,3.811411648067255e-09,Added,2015,JP3626800001
0.0,3.619991892715479e-09,3.619991892715479e-09,3.619991892715479e-09,Added,2015,AU0000088338
0.0,3.1158628900684536e-09,3.1158628900684536e-09,3.1158628900684536e-09,Added,2015,JP3293200006
0.0,3.105298835471113e-09,3.105298835471113e-09,3.105298835471113e-09,Added,2015,JP3743000006
0.0,3.027427832722271e-09,3.027427832722271e-09,3.027427832722271e-09,Added,2015,JP3688370000
0.0,2.9238514509977387e-09,2.9238514509977387e-09,2.9238514509977387e-09,Added,2015,JP3205800000
0.0,2.8262456509889566e-09,2.8262456509889566e-09,2.8262456509889566e-09,Added,2015,JP3888400003
0.0,2.4555902834513303e-09,2.4555902834513303e-09,2.4555902834513303e-09,Added,2015,AU000000BLD2
0.0,2.4326465935298404e-09,2.4326465935298404e-09,2.4326465935298404e-09,Added,2015,AU000000SBM8
0.0,2.337392501112403e-09,2.337392501112403e-09,2.337392501112403e-09,Added,2015,JP3401400001
0.0,2.017709500287554e-09,2.017709500287554e-09,2.017709500287554e-09,Added,2015,JP3544000007
0.0,1.8417649840211226e-09,1.8417649840211226e-09,1.8417649840211226e-09,Added,2015,JP3621000003
0.0,1.8235894902983886e-09,1.8235894902983886e-09,1.8235894902983886e-09,Added,2015,NZCENE0001S6
0.0,1.7755313374894962e-09,1.7755313374894962e-09,1.7755313374894962e-09,Added,2015,JP3215800008
0.0,1.5180692850905053e-09,1.5180692850905053e-09,1.5180692850905053e-09,Added,2015,JP3111200006
0.0,1.498772458581797e-09,1.498772458581797e-09,1.498772458581797e-09,Added,2015,JP3783600004
0.0,1.4542680388993383e-09,1.4542680388993383e-09,1.4542680388993383e-09,Added,2015,BMG684371393
0.0,1.4523541442337206e-09,1.4523541442337206e-09,1.4523541442337206e-09,Added,2015,SG1R50925390
0.0,9.52318832825823e-10,9.52318832825823e-10,9.52318832825823e-10,Added,2015,JP3112000009
0.0,9.149320658221344e-10,9.149320658221344e-10,9.149320658221344e-10,Added,2015,JP3269600007
0.0,9.041057695263773e-10,9.041057695263773e-10,9.041057695263773e-10,Added,2015,JP3830800003
0.0,9.024692916538314e-10,9.024692916538314e-10,9.024692916538314e-10,Added,2015,JP3619800000
0.0,8.741136111390225e-10,8.741136111390225e-10,8.741136111390225e-10,Added,2015,AU000000ORG5
0.0,4.744511654577509e-10,4.744511654577509e-10,4.744511654577509e-10,Added,2015,BMG677491539
0.0,4.55565408622124e-10,4.55565408622124e-10,4.55565408622124e-10,Added,2015,JP3174410005
0.0,4.423548775290214e-10,4.423548775290214e-10,4.423548775290214e-10,Added,2015,JP3888300005
0.0,4.0495908042205387e-10,4.0495908042205387e-10,4.0495908042205387e-10,Added,2015,JP3368000000
0.0,3.33894133422101e-10,3.33894133422101e-10,3.33894133422101e-10,Added,2015,SG1V61937297
0.0,2.9481816359728233e-10,2.9481816359728233e-10,2.9481816359728233e-10,Added,2015,AU000000BSL0
0.0,2.6627180965614247e-10,2.6627180965614247e-10,2.6627180965614247e-10,Added,2015,JP3595200001
0.0,2.577308724763185e-10,2.577308724763185e-10,2.577308724763185e-10,Added,2015,JP3686800008
0.0,2.561208255014396e-10,2.561208255014396e-10,2.561208255014396e-10,Added,2015,JP3903000002
0.0,2.342782381227926e-10,2.342782381227926e-10,2.342782381227926e-10,Added,2015,HK0293001514
0.0,1.6175057549247585e-10,1.6175057549247585e-10,1.6175057549247585e-10,Added,2015,JP3289800009
0.0,1.5983378878562566e-10,1.5983378878562566e-10,1.5983378878562566e-10,Added,2015,JP3449020001
0.0,1.281360462551675e-10,1.281360462551675e-10,1.281360462551675e-10,Added,2015,JP3362700001
0.0,9.69189747301156e-11,9.69189747301156e-11,9.69189747301156e-11,Added,2015,JP3753000003
0.0,9.67979229900045e-11,9.67979229900045e-11,9.67979229900045e-11,Added,2015,JP3158800007
0.0,9.316733122159528e-11,9.316733122159528e-11,9.316733122159528e-11,Added,2015,AU000000QAN2
0.0,7.217283417773311e-11,7.217283417773311e-11,7.217283417773311e-11,Added,2015,JP3223800008
0.0,1.8155609665877098e-11,1.8155609665877098e-11,1.8155609665877098e-11,Added,2015,JP3850200001
0.0,1.5551906289327896e-11,1.5551906289327896e-11,1.5551906289327896e-11,Added,2015,JP3228600007
0.0,1.495964484476453e-11,1.495964484476453e-11,1.495964484476453e-11,Added,2015,JP3526600006
0.0,1.4381042490985769e-11,1.4381042490985769e-11,1.4381042490985769e-11,Added,2015,JP3605400005
0.0,1.3734488214658017e-11,1.3734488214658017e-11,1.3734488214658017e-11,Added,2015,JP3551200003
0.0,1.3388973164028494e-11,1.3388973164028494e-11,1.3388973164028494e-11,Added,2015,JP3845400005
0.0,1.0582543617146482e-11,1.0582543617146482e-11,1.0582543617146482e-11,Added,2015,JP3522200009
0.0,8.675631452962718e-12,8.675631452962718e-12,8.675631452962718e-12,Added,2015,JP3350800003
0.0,0.0,0.0,0.0,Unchanged,2015,JP3246400000
0.0,0.0,0.0,0.0,Unchanged,2015,JP3769000005
0.2386849914754723,0.09828712474389807,-0.14039786673157423,0.14039786673157423,Underweighted,2016,HK0002007356
0.054680573101326374,0.018007507936801052,-0.03667306516452532,0.03667306516452532,Underweighted,2016,JP3429800000
0.015292898379258941,0.04455064642976608,0.02925774805050714,0.02925774805050714,Overweighted,2016,HK0823032773
0.14443619865263782,0.17166092051230603,0.027224721859668205,0.027224721859668205,Overweighted,2016,HK0006000050
0.03138400200273134,0.006173050215441917,-0.02521095178728942,0.02521095178728942,Underweighted,2016,JP3180400008
0.12690582961307137,0.14651937086954808,0.019613541256476713,0.019613541256476713,Overweighted,2016,JP3982100004
0.02368585843996637,0.041524602844027446,0.017838744404061076,0.017838744404061076,Overweighted,2016,JP3357200009
0.04648256657709828,0.06079206623110479,0.014309499654006505,0.014309499654006505,Overweighted,2016,JP3260800002
0.039106572945285654,0.05284407158604964,0.013737498640763984,0.013737498640763984,Overweighted,2016,JP3633400001
0.023669600853284206,0.010774262240251563,-0.012895338613032643,0.012895338613032643,Underweighted,2016,JP3111200006
0.02096944215350904,0.03328973794667723,0.01232029579316819,0.01232029579316819,Overweighted,2016,JP3977400005
0.0,0.011445698091001806,0.011445698091001806,0.011445698091001806,Added,2016,SG1F60858221
0.03833936034078166,0.049364589418670675,0.011025229077889012,0.011025229077889012,Overweighted,2016,JP3116000005
0.0,0.010021949859538493,0.010021949859538493,0.010021949859538493,Added,2016,JP3165700000
0.0,0.009487100489857639,0.009487100489857639,0.009487100489857639,Added,2016,JP3463000004
0.0,0.008769443501268268,0.008769443501268268,0.008769443501268268,Added,2016,JP3659000008
0.043260075996178676,0.03649197854450714,-0.006768097451671534,0.006768097451671534,Underweighted,2016,JP3371200001
0.030423123840060087,0.036857386591674805,0.006434262751614718,0.006434262751614718,Overweighted,2016,JP3573000001
0.018681855518500302,0.0241105024545287,0.005428646936028396,0.005428646936028396,Overweighted,2016,HK0003000038
0.00418828694015793,0.0,-0.00418828694015793,0.00418828694015793,Removed,2016,JP3734800000
0.014772287872765978,0.01893652226818131,0.0041642343954153335,0.0041642343954153335,Overweighted,2016,HK0066009694
0.009785538528418708,0.01382104656779164,0.004035508039372932,0.004035508039372932,Overweighted,2016,JP3414750004
0.0012794048526676973,0.004563859771465938,0.0032844549187982406,0.0032844549187982406,Overweighted,2016,BMG988031446
0.0,0.003072606500910522,0.003072606500910522,0.003072606500910522,Added,2016,JP3358800005
0.02488935708884958,0.02783701361608127,0.0029476565272316888,0.0029476565272316888,Overweighted,2016,JP3902900004
0.0001384127720321905,0.0030274995296576167,0.0028890867576254263,0.0028890867576254263,Overweighted,2016,JP3942400007
0.019762734197098435,0.02236781674147884,0.0026050825443804035,0.0026050825443804035,Overweighted,2016,JP3621000003
0.0032182353244962682,0.005603904759068435,0.0023856694345721664,0.0023856694345721664,Overweighted,2016,JP3243600008
0.011891754213290189,0.014255027552480506,0.0023632733391903173,0.0023632733391903173,Overweighted,2016,JP3738600000
0.006338934753235508,0.007692341980905605,0.0013534072276700972,0.0013534072276700972,Overweighted,2016,JP3814000000
0.007732103567825025,0.007843243934325157,0.00011114036650013148,0.00011114036650013148,Overweighted,2016,JP3156400008
0.0,4.976753856128537e-07,4.976753856128537e-07,4.976753856128537e-07,Added,2016,HK0200030994
0.0,4.5743739014031133e-07,4.5743739014031133e-07,4.5743739014031133e-07,Added,2016,SGXE21576413
0.0,3.401695285191731e-07,3.401695285191731e-07,3.401695285191731e-07,Added,2016,AU000000CGF5
0.0,3.113846425456049e-07,3.113846425456049e-07,3.113846425456049e-07,Added,2016,AU000000AMP6
0.0,2.533556140077118e-07,2.533556140077118e-07,2.533556140077118e-07,Added,2016,HK2388011192
0.0,2.489439469634285e-07,2.489439469634285e-07,2.489439469634285e-07,Added,2016,AU000000TAH8
0.0,2.3997131982788287e-07,2.3997131982788287e-07,2.3997131982788287e-07,Added,2016,AU000000ANZ3
0.0,2.362872547930805e-07,2.362872547930805e-07,2.362872547930805e-07,Added,2016,AU000000WBC1
0.0,2.3188172878920596e-07,2.3188172878920596e-07,2.3188172878920596e-07,Added,2016,AU000000CBA7
0.0,2.2976166314519626e-07,2.2976166314519626e-07,2.2976166314519626e-07,Added,2016,AU000000BWP3
0.0,2.1295189461058722e-07,2.1295189461058722e-07,2.1295189461058722e-07,Added,2016,AU000000NAB4
0.0,2.0655132557750955e-07,2.0655132557750955e-07,2.0655132557750955e-07,Added,2016,SG1J26887955
0.0,1.9043294096209995e-07,1.9043294096209995e-07,1.9043294096209995e-07,Added,2016,AU000000ASX7
0.0,1.791433982461911e-07,1.791433982461911e-07,1.791433982461911e-07,Added,2016,AU000000MGR9
0.0,1.7013971844117965e-07,1.7013971844117965e-07,1.7013971844117965e-07,Added,2016,AU000000COH5
0.0,1.549537882358168e-07,1.549537882358168e-07,1.549537882358168e-07,Added,2016,AU000000SHL7
0.0,1.4441326196785662e-07,1.4441326196785662e-07,1.4441326196785662e-07,Added,2016,HK0011000095
0.0,1.4031124530454874e-07,1.4031124530454874e-07,1.4031124530454874e-07,Added,2016,AU000000PPT9
0.0,1.3723380016294866e-07,1.3723380016294866e-07,1.3723380016294866e-07,Added,2016,NZAIAE0002S6
0.0,1.3085622422230261e-07,1.3085622422230261e-07,1.3085622422230261e-07,Added,2016,AU000000TLS2
0.0,1.2581519476663187e-07,1.2581519476663187e-07,1.2581519476663187e-07,Added,2016,HK0388045442
0.0,1.1788434853835157e-07,1.1788434853835157e-07,1.1788434853835157e-07,Added,2016,AU000000QBE9
0.0,1.1603632233560389e-07,1.1603632233560389e-07,1.1603632233560389e-07,Added,2016,HK0004000045
0.0,1.1518130853266621e-07,1.1518130853266621e-07,1.1518130853266621e-07,Added,2016,AU000000IAG3
0.0,9.285469503956378e-08,9.285469503956378e-08,9.285469503956378e-08,Added,2016,AU000000CIM7
0.0,9.224909656521144e-08,9.224909656521144e-08,9.224909656521144e-08,Added,2016,AU000000GPT8
0.0,9.014123376662511e-08,9.014123376662511e-08,9.014123376662511e-08,Added,2016,AU000000DXS1
0.0,7.422678369326513e-08,7.422678369326513e-08,7.422678369326513e-08,Added,2016,AU000000CSL8
0.0,6.820284132423264e-08,6.820284132423264e-08,6.820284132423264e-08,Added,2016,AU000000TCL6
0.0,6.81913431918267e-08,6.81913431918267e-08,6.81913431918267e-08,Added,2016,JP3304200003
0.0,6.559644922482593e-08,6.559644922482593e-08,6.559644922482593e-08,Added,2016,AU000000IVC8
0.0,6.040740081985338e-08,6.040740081985338e-08,6.040740081985338e-08,Added,2016,SG1T75931496
0.0,5.950126693199599e-08,5.950126693199599e-08,5.950126693199599e-08,Added,2016,JP3787000003
0.0,5.928528170961603e-08,5.928528170961603e-08,5.928528170961603e-08,Added,2016,AU000000MTS0
0.0,5.592253297672435e-08,5.592253297672435e-08,5.592253297672435e-08,Added,2016,AU000000MND5
0.0,5.437753983680515e-08,5.437753983680515e-08,5.437753983680515e-08,Added,2016,IE00BKVD2N49
0.0,5.206198880214008e-08,5.206198880214008e-08,5.206198880214008e-08,Added,2016,AU000000LLC3
0.0,4.9317601319423695e-08,4.9317601319423695e-08,4.9317601319423695e-08,Added,2016,AU000000SUN6
0.0,4.4457313066299905e-08,4.4457313066299905e-08,4.4457313066299905e-08,Added,2016,NZSKCE0001S2
0.0,3.6859346201220826e-08,3.6859346201220826e-08,3.6859346201220826e-08,Added,2016,AU000000BPT9
0.0,3.575042361451605e-08,3.575042361451605e-08,3.575042361451605e-08,Added,2016,AU000000SGP0
0.0,3.5558586322437956e-08,3.5558586322437956e-08,3.5558586322437956e-08,Added,2016,AU000000SIG5
0.0,3.5470305930447085e-08,3.5470305930447085e-08,3.5470305930447085e-08,Added,2016,AU000000GWA4
0.0,3.3575046169781537e-08,3.3575046169781537e-08,3.3575046169781537e-08,Added,2016,AU000000WOW2
0.0,3.3233637630978664e-08,3.3233637630978664e-08,3.3233637630978664e-08,Added,2016,AU000000WES1
0.0,3.27149464823462e-08,3.27149464823462e-08,3.27149464823462e-08,Added,2016,AU000000IGO4
0.0,3.2570739851301914e-08,3.2570739851301914e-08,3.2570739851301914e-08,Added,2016,JP3837800006
0.0,3.235937360567178e-08,3.235937360567178e-08,3.235937360567178e-08,Added,2016,JP3830000000
0.0,2.9042081098027817e-08,2.9042081098027817e-08,2.9042081098027817e-08,Added,2016,SG1R89002252
0.0,2.8704086170397325e-08,2.8704086170397325e-08,2.8704086170397325e-08,Added,2016,AU000000WOR2
0.0,2.7120937974869375e-08,2.7120937974869375e-08,2.7120937974869375e-08,Added,2016,BMG8063F1068
0.0,2.6959658819535854e-08,2.6959658819535854e-08,2.6959658819535854e-08,Added,2016,HK0016000132
0.0,2.5975393535086537e-08,2.5975393535086537e-08,2.5975393535086537e-08,Added,2016,SG1U68934629
0.0,2.5872700213262077e-08,2.5872700213262077e-08,2.5872700213262077e-08,Added,2016,HK0010000088
0.0,2.5732734861657395e-08,2.5732734861657395e-08,2.5732734861657395e-08,Added,2016,JP3942800008
0.0,2.5644858033143463e-08,2.5644858033143463e-08,2.5644858033143463e-08,Added,2016,HK0000608585
0.0,2.390606537277575e-08,2.390606537277575e-08,2.390606537277575e-08,Added,2016,HK0012000102
0.0,2.3159886035895917e-08,2.3159886035895917e-08,2.3159886035895917e-08,Added,2016,BMG668971101
0.0,2.1127670295250198e-08,2.1127670295250198e-08,2.1127670295250198e-08,Added,2016,JP3711600001
0.0,2.0008821091050678e-08,2.0008821091050678e-08,2.0008821091050678e-08,Added,2016,JP3870000001
0.0,1.7983954933238156e-08,1.7983954933238156e-08,1.7983954933238156e-08,Added,2016,AU000000APA1
0.0,1.71201940389362e-08,1.71201940389362e-08,1.71201940389362e-08,Added,2016,AU000000SGM7
0.0,1.679264840381065e-08,1.679264840381065e-08,1.679264840381065e-08,Added,2016,JP3481800005
0.0,1.6241180528540192e-08,1.6241180528540192e-08,1.6241180528540192e-08,Added,2016,JP3242800005
0.0,1.572452729299315e-08,1.572452729299315e-08,1.572452729299315e-08,Added,2016,AU000000NCM7
0.0,1.4946228007830046e-08,1.4946228007830046e-08,1.4946228007830046e-08,Added,2016,JP3197800000
0.0,1.4744034382859958e-08,1.4744034382859958e-08,1.4744034382859958e-08,Added,2016,AU000000OZL8
0.0,1.457695087440003e-08,1.457695087440003e-08,1.457695087440003e-08,Added,2016,AU000000DOW2
0.0,1.3450160891034804e-08,1.3450160891034804e-08,1.3450160891034804e-08,Added,2016,JP3405400007
0.0,1.1911341287141664e-08,1.1911341287141664e-08,1.1911341287141664e-08,Added,2016,JP3294460005
0.0,1.1069494763203488e-08,1.1069494763203488e-08,1.1069494763203488e-08,Added,2016,JP3635400009
0.0,1.0625295146999705e-08,1.0625295146999705e-08,1.0625295146999705e-08,Added,2016,AU000000ERA9
0.0,1.0242035848614834e-08,1.0242035848614834e-08,1.0242035848614834e-08,Added,2016,JP3854600008
0.0,8.826953673332824e-09,8.826953673332824e-09,8.826953673332824e-09,Added,2016,JP3672400003
0.0,7.979334277359844e-09,7.979334277359844e-09,7.979334277359844e-09,Added,2016,AU000000BHP4
0.0,7.4054274312818025e-09,7.4054274312818025e-09,7.4054274312818025e-09,Added,2016,JP3955000009
0.0,6.834794226595943e-09,6.834794226595943e-09,6.834794226595943e-09,Added,2016,NZTELE0001S4
0.0,6.6879409536042495e-09,6.6879409536042495e-09,6.6879409536042495e-09,Added,2016,AU0000088338
0.0,6.585222363592337e-09,6.585222363592337e-09,6.585222363592337e-09,Added,2016,JP3940000007
0.0,6.221170859618414e-09,6.221170859618414e-09,6.221170859618414e-09,Added,2016,JP3359600008
0.0,6.02454448657605e-09,6.02454448657605e-09,6.02454448657605e-09,Added,2016,JP3546800008
0.0,5.909911670540082e-09,5.909911670540082e-09,5.909911670540082e-09,Added,2016,JP3535800001
0.0,5.394011267163588e-09,5.394011267163588e-09,5.394011267163588e-09,Added,2016,JP3397200001
0.0,5.203858500388202e-09,5.203858500388202e-09,5.203858500388202e-09,Added,2016,AU000000ORI1
0.0,4.761294560248131e-09,4.761294560248131e-09,4.761294560248131e-09,Added,2016,AU0000224040
0.0,4.299409612829694e-09,4.299409612829694e-09,4.299409612829694e-09,Added,2016,JP3402600005
0.0,4.184561982394878e-09,4.184561982394878e-09,4.184561982394878e-09,Added,2016,JP3667600005
0.0,3.8148596919986965e-09,3.8148596919986965e-09,3.8148596919986965e-09,Added,2016,JP3300600008
0.0,3.795087809771945e-09,3.795087809771945e-09,3.795087809771945e-09,Added,2016,JP3830800003
0.0,3.658559908009209e-09,3.658559908009209e-09,3.658559908009209e-09,Added,2016,HK0242001243
0.0,3.5490751171361937e-09,3.5490751171361937e-09,3.5490751171361937e-09,Added,2016,JP3818000006
0.0,3.461678190046031e-09,3.461678190046031e-09,3.461678190046031e-09,Added,2016,JP3119600009
0.0,3.239380863745567e-09,3.239380863745567e-09,3.239380863745567e-09,Added,2016,JP3385980002
0.0,2.7903461157919706e-09,2.7903461157919706e-09,2.7903461157919706e-09,Added,2016,AU000000SBM8
0.0,2.7639687082892323e-09,2.7639687082892323e-09,2.7639687082892323e-09,Added,2016,JP3893600001
0.0,2.345771892171178e-09,2.345771892171178e-09,2.345771892171178e-09,Added,2016,AU000000STO6
0.0,2.228710944729188e-09,2.228710944729188e-09,2.228710944729188e-09,Added,2016,AU000000BLD2
0.0,1.7093464917755037e-09,1.7093464917755037e-09,1.7093464917755037e-09,Added,2016,AU000000MAH3
0.0,1.6056845485705918e-09,1.6056845485705918e-09,1.6056845485705918e-09,Added,2016,JP3902400005
0.0,1.5687052493354518e-09,1.5687052493354518e-09,1.5687052493354518e-09,Added,2016,JP3638600001
0.0,1.3614054129309978e-09,1.3614054129309978e-09,1.3614054129309978e-09,Added,2016,NZFBUE0001S0
0.0,1.2149623981206831e-09,1.2149623981206831e-09,1.2149623981206831e-09,Added,2016,JP3634600005
0.0,1.094582869856658e-09,1.094582869856658e-09,1.094582869856658e-09,Added,2016,AU000000ORG5
0.0,9.085166701553296e-10,9.085166701553296e-10,9.085166701553296e-10,Added,2016,JP3619800000
0.0,8.813285907817044e-10,8.813285907817044e-10,8.813285907817044e-10,Added,2016,AU0000038911
0.0,7.623463492677815e-10,7.623463492677815e-10,7.623463492677815e-10,Added,2016,HK0019000162
0.0,7.619217126376858e-10,7.619217126376858e-10,7.619217126376858e-10,Added,2016,SG1V61937297
0.0,6.420503081875338e-10,6.420503081875338e-10,6.420503081875338e-10,Added,2016,AU000000CWY3
0.0,6.289364741888873e-10,6.289364741888873e-10,6.289364741888873e-10,Added,2016,BMG677491539
0.0,4.5073566403283624e-10,4.5073566403283624e-10,4.5073566403283624e-10,Added,2016,HK0293001514
0.0,4.4147360513821475e-10,4.4147360513821475e-10,4.4147360513821475e-10,Added,2016,NZAIRE0001S2
0.0,4.168537035962992e-10,4.168537035962992e-10,4.168537035962992e-10,Added,2016,SG1R50925390
0.0,2.8014931991981537e-10,2.8014931991981537e-10,2.8014931991981537e-10,Added,2016,AU000000QAN2
0.0,2.794637240851494e-10,2.794637240851494e-10,2.794637240851494e-10,Added,2016,JP3888300005
0.0,2.2355553497576463e-10,2.2355553497576463e-10,2.2355553497576463e-10,Added,2016,AU000000BSL0
0.0,1.373691791121032e-10,1.373691791121032e-10,1.373691791121032e-10,Added,2016,BMG684371393
0.0,1.3732085341054813e-10,1.3732085341054813e-10,1.3732085341054813e-10,Added,2016,JP3449020001
0.0,1.268030555151996e-10,1.268030555151996e-10,1.268030555151996e-10,Added,2016,JP3753000003
0.0,4.730498425792707e-11,4.730498425792707e-11,4.730498425792707e-11,Added,2016,JP3289800009
0.0,4.6118044118010103e-11,4.6118044118010103e-11,4.6118044118010103e-11,Added,2016,JP3526600006
0.0,3.976716488979478e-11,3.976716488979478e-11,3.976716488979478e-11,Added,2016,NZCENE0001S6
0.0,3.6695953526617024e-11,3.6695953526617024e-11,3.6695953526617024e-11,Added,2016,JP3549600009
0.0,3.3564474463024936e-11,3.3564474463024936e-11,3.3564474463024936e-11,Added,2016,JP3551200003
0.0,2.8718385202929858e-11,2.8718385202929858e-11,2.8718385202929858e-11,Added,2016,JP3223800008
0.0,2.2737918238136807e-11,2.2737918238136807e-11,2.2737918238136807e-11,Added,2016,JP3845400005
0.0,1.9635297604891512e-11,1.9635297604891512e-11,1.9635297604891512e-11,Added,2016,JP3522200009
0.0,1.6369746575129493e-11,1.6369746575129493e-11,1.6369746575129493e-11,Added,2016,JP3228600007
0.0,1.5870532286439634e-11,1.5870532286439634e-11,1.5870532286439634e-11,Added,2016,JP3850200001
0.0,1.36466523146845e-11,1.36466523146845e-11,1.36466523146845e-11,Added,2016,JP3585800000
0.0,8.957608989873833e-12,8.957608989873833e-12,8.957608989873833e-12,Added,2016,JP3686800008
0.0,0.0,0.0,0.0,Unchanged,2016,AU000000BEN6
0.0,0.0,0.0,0.0,Unchanged,2016,AU000000CQR9
0.0,0.0,0.0,0.0,Unchanged,2016,AU000000CSR5
0.0,0.0,0.0,0.0,Unchanged,2016,AU000000MQG1
0.0,0.0,0.0,0.0,Unchanged,2016,BMG2442N1048
0.0,0.0,0.0,0.0,Unchanged,2016,BMG524401079
0.0,0.0,0.0,0.0,Unchanged,2016,JP3027670003
0.0,0.0,0.0,0.0,Unchanged,2016,JP3027680002
0.0,0.0,0.0,0.0,Unchanged,2016,JP3112000009
0.0,0.0,0.0,0.0,Unchanged,2016,JP3118000003
0.0,0.0,0.0,0.0,Unchanged,2016,JP3122400009
0.0,0.0,0.0,0.0,Unchanged,2016,JP3126400005
0.0,0.0,0.0,0.0,Unchanged,2016,JP3134800006
0.0,0.0,0.0,0.0,Unchanged,2016,JP3148800000
0.0,0.0,0.0,0.0,Unchanged,2016,JP3158800007
0.0,0.0,0.0,0.0,Unchanged,2016,JP3160400002
0.0,0.0,0.0,0.0,Unchanged,2016,JP3164800009
0.0,0.0,0.0,0.0,Unchanged,2016,JP3165600002
0.0,0.0,0.0,0.0,Unchanged,2016,JP3166000004
0.0,0.0,0.0,0.0,Unchanged,2016,JP3174410005
0.0,0.0,0.0,0.0,Unchanged,2016,JP3190000004
0.0,0.0,0.0,0.0,Unchanged,2016,JP3194000000
0.0,0.0,0.0,0.0,Unchanged,2016,JP3197600004
0.0,0.0,0.0,0.0,Unchanged,2016,JP3200450009
0.0,0.0,0.0,0.0,Unchanged,2016,JP3201200007
0.0,0.0,0.0,0.0,Unchanged,2016,JP3205800000
0.0,0.0,0.0,0.0,Unchanged,2016,JP3209000003
0.0,0.0,0.0,0.0,Unchanged,2016,JP3210200006
0.0,0.0,0.0,0.0,Unchanged,2016,JP3215800008
0.0,0.0,0.0,0.0,Unchanged,2016,JP3224200000
0.0,0.0,0.0,0.0,Unchanged,2016,JP3229400001
0.0,0.0,0.0,0.0,Unchanged,2016,JP3246400000
0.0,0.0,0.0,0.0,Unchanged,2016,JP3256000005
0.0,0.0,0.0,0.0,Unchanged,2016,JP3258000003
0.0,0.0,0.0,0.0,Unchanged,2016,JP3266400005
0.0,0.0,0.0,0.0,Unchanged,2016,JP3269600007
0.0,0.0,0.0,0.0,Unchanged,2016,JP3270000007
0.0,0.0,0.0,0.0,Unchanged,2016,JP3293200006
0.0,0.0,0.0,0.0,Unchanged,2016,JP3320800000
0.0,0.0,0.0,0.0,Unchanged,2016,JP3347200002
0.0,0.0,0.0,0.0,Unchanged,2016,JP3350800003
0.0,0.0,0.0,0.0,Unchanged,2016,JP3351600006
0.0,0.0,0.0,0.0,Unchanged,2016,JP3358200008
0.0,0.0,0.0,0.0,Unchanged,2016,JP3362700001
0.0,0.0,0.0,0.0,Unchanged,2016,JP3368000000
0.0,0.0,0.0,0.0,Unchanged,2016,JP3375800004
0.0,0.0,0.0,0.0,Unchanged,2016,JP3385820000
0.0,0.0,0.0,0.0,Unchanged,2016,JP3388200002
0.0,0.0,0.0,0.0,Unchanged,2016,JP3401400001
0.0,0.0,0.0,0.0,Unchanged,2016,JP3407400005
0.0,0.0,0.0,0.0,Unchanged,2016,JP3419050004
0.0,0.0,0.0,0.0,Unchanged,2016,JP3419400001
0.0,0.0,0.0,0.0,Unchanged,2016,JP3420600003
0.0,0.0,0.0,0.0,Unchanged,2016,JP3421100003
0.0,0.0,0.0,0.0,Unchanged,2016,JP3435000009
0.0,0.0,0.0,0.0,Unchanged,2016,JP3443600006
0.0,0.0,0.0,0.0,Unchanged,2016,JP3452000007
0.0,0.0,0.0,0.0,Unchanged,2016,JP3456000003
0.0,0.0,0.0,0.0,Unchanged,2016,JP3475350009
0.0,0.0,0.0,0.0,Unchanged,2016,JP3486800000
0.0,0.0,0.0,0.0,Unchanged,2016,JP3491000000
0.0,0.0,0.0,0.0,Unchanged,2016,JP3493400000
0.0,0.0,0.0,0.0,Unchanged,2016,JP3493800001
0.0,0.0,0.0,0.0,Unchanged,2016,JP3495000006
0.0,0.0,0.0,0.0,Unchanged,2016,JP3496400007
0.0,0.0,0.0,0.0,Unchanged,2016,JP3502200003
0.0,0.0,0.0,0.0,Unchanged,2016,JP3505000004
0.0,0.0,0.0,0.0,Unchanged,2016,JP3519400000
0.0,0.0,0.0,0.0,Unchanged,2016,JP3528600004
0.0,0.0,0.0,0.0,Unchanged,2016,JP3538800008
0.0,0.0,0.0,0.0,Unchanged,2016,JP3539220008
0.0,0.0,0.0,0.0,Unchanged,2016,JP3544000007
0.0,0.0,0.0,0.0,Unchanged,2016,JP3551500006
0.0,0.0,0.0,0.0,Unchanged,2016,JP3551520004
0.0,0.0,0.0,0.0,Unchanged,2016,JP3566800003
0.0,0.0,0.0,0.0,Unchanged,2016,JP3571400005
0.0,0.0,0.0,0.0,Unchanged,2016,JP3582600007
0.0,0.0,0.0,0.0,Unchanged,2016,JP3592200004
0.0,0.0,0.0,0.0,Unchanged,2016,JP3595200001
0.0,0.0,0.0,0.0,Unchanged,2016,JP3596200000
0.0,0.0,0.0,0.0,Unchanged,2016,JP3605400005
0.0,0.0,0.0,0.0,Unchanged,2016,JP3613400005
0.0,0.0,0.0,0.0,Unchanged,2016,JP3626800001
0.0,0.0,0.0,0.0,Unchanged,2016,JP3629000005
0.0,0.0,0.0,0.0,Unchanged,2016,JP3634200004
0.0,0.0,0.0,0.0,Unchanged,2016,JP3657400002
0.0,0.0,0.0,0.0,Unchanged,2016,JP3663900003
0.0,0.0,0.0,0.0,Unchanged,2016,JP3665200006
0.0,0.0,0.0,0.0,Unchanged,2016,JP3678000005
0.0,0.0,0.0,0.0,Unchanged,2016,JP3684000007
0.0,0.0,0.0,0.0,Unchanged,2016,JP3688370000
0.0,0.0,0.0,0.0,Unchanged,2016,JP3720800006
0.0,0.0,0.0,0.0,Unchanged,2016,JP3726800000
0.0,0.0,0.0,0.0,Unchanged,2016,JP3733000008
0.0,0.0,0.0,0.0,Unchanged,2016,JP3743000006
0.0,0.0,0.0,0.0,Unchanged,2016,JP3762600009
0.0,0.0,0.0,0.0,Unchanged,2016,JP3762800005
0.0,0.0,0.0,0.0,Unchanged,2016,JP3769000005
0.0,0.0,0.0,0.0,Unchanged,2016,JP3778630008
0.0,0.0,0.0,0.0,Unchanged,2016,JP3783600004
0.0,0.0,0.0,0.0,Unchanged,2016,JP3786200000
0.0,0.0,0.0,0.0,Unchanged,2016,JP3788600009
0.0,0.0,0.0,0.0,Unchanged,2016,JP3792600003
0.0,0.0,0.0,0.0,Unchanged,2016,JP3811000003
0.0,0.0,0.0,0.0,Unchanged,2016,JP3814800003
0.0,0.0,0.0,0.0,Unchanged,2016,JP3820000002
0.0,0.0,0.0,0.0,Unchanged,2016,JP3827200001
0.0,0.0,0.0,0.0,Unchanged,2016,JP3866800000
0.0,0.0,0.0,0.0,Unchanged,2016,JP3868400007
0.0,0.0,0.0,0.0,Unchanged,2016,JP3870400003
0.0,0.0,0.0,0.0,Unchanged,2016,JP3877600001
0.0,0.0,0.0,0.0,Unchanged,2016,JP3888400003
0.0,0.0,0.0,0.0,Unchanged,2016,JP3890310000
0.0,0.0,0.0,0.0,Unchanged,2016,JP3890350006
0.0,0.0,0.0,0.0,Unchanged,2016,JP3891600003
0.0,0.0,0.0,0.0,Unchanged,2016,JP3894900004
0.0,0.0,0.0,0.0,Unchanged,2016,JP3898400001
0.0,0.0,0.0,0.0,Unchanged,2016,JP3900000005
0.0,0.0,0.0,0.0,Unchanged,2016,JP3903000002
0.0,0.0,0.0,0.0,Unchanged,2016,JP3910660004
0.0,0.0,0.0,0.0,Unchanged,2016,JP3914400001
0.0,0.0,0.0,0.0,Unchanged,2016,JP3951600000
0.0,0.0,0.0,0.0,Unchanged,2016,JP3967200001
0.0,0.0,0.0,0.0,Unchanged,2016,JP3973400009
0.0,0.0,0.0,0.0,Unchanged,2016,JP3982800009
0.0,0.0,0.0,0.0,Unchanged,2016,SG9999000020
0.0,0.0,0.0,0.0,Unchanged,2016,SGXE34184239
0.2405599954282795,0.10563660448655358,-0.1349233909417259,0.1349233909417259,Underweighted,2017,HK0002007356
9.587374625642401e-05,0.033849128607676124,0.0337532548614197,0.0337532548614197,Overweighted,2017,HK0823032773
0.03412855012876055,0.003072766996465404,-0.031055783132295147,0.031055783132295147,Underweighted,2017,JP3429800000
0.1980279498377512,0.22862380950616407,0.030595859668412856,0.030595859668412856,Overweighted,2017,JP3735400008
0.10485297834072846,0.12454328061567022,0.019690302274941757,0.019690302274941757,Overweighted,2017,HK0006000050
0.044225209607566845,0.0285818448345363,-0.015643364773030546,0.015643364773030546,Underweighted,2017,JP3180400008
0.016496784000402935,0.002437969592653609,-0.014058814407749327,0.014058814407749327,Underweighted,2017,JP3111200006
0.012181212489398784,0.025514617287155456,0.013333404797756672,0.013333404797756672,Overweighted,2017,JP3260800002
0.006022176652659666,0.018521207134446556,0.01249903048178689,0.01249903048178689,Overweighted,2017,JP3242800005
0.024286502404332735,0.034909485068624777,0.010622982664292041,0.010622982664292041,Overweighted,2017,JP3357200009
0.0586082827117738,0.0689915013897501,0.010383218677976307,0.010383218677976307,Overweighted,2017,JP3982100004
0.013507374655589852,0.023658845139232457,0.010151470483642604,0.010151470483642604,Overweighted,2017,HK0003000038
0.0,0.009707665173504193,0.009707665173504193,0.009707665173504193,Added,2017,JP3977400005
0.010324281881005338,0.019794580103940872,0.009470298222935535,0.009470298222935535,Overweighted,2017,JP3165700000
0.0317624363984428,0.040776383054059055,0.009013946655616258,0.009013946655616258,Overweighted,2017,JP3633400001
0.005032081788802707,0.013962480223722443,0.008930398434919735,0.008930398434919735,Overweighted,2017,JP3835620000
0.02077040414209101,0.01240820096077369,-0.00836220318131732,0.00836220318131732,Underweighted,2017,JP3371200001
0.0,0.007227802485159165,0.007227802485159165,0.007227802485159165,Added,2017,JP3027680002
0.009312498026591533,0.014338203684184501,0.005025705657592968,0.005025705657592968,Overweighted,2017,JP3116000005
0.00022020335011810712,0.0038184933416091707,0.0035982899914910635,0.0035982899914910635,Overweighted,2017,JP3407400005
0.018092873713130127,0.021341019777880617,0.00324814606475049,0.00324814606475049,Overweighted,2017,JP3621000003
0.010918048886983705,0.014084520794578361,0.0031664719075946562,0.0031664719075946562,Overweighted,2017,JP3902900004
0.005314589004838055,0.008145870064957586,0.0028312810601195306,0.0028312810601195306,Overweighted,2017,JP3414750004
0.0025112784589074065,0.004580616463786374,0.0020693380048789674,0.0020693380048789674,Overweighted,2017,BMG988031446
0.019026917535867473,0.020416856432207114,0.0013899388963396417,0.0013899388963396417,Overweighted,2017,JP3819400007
0.023424627415916874,0.022114411472164603,-0.0013102159437522708,0.0013102159437522708,Underweighted,2017,JP3573000001
0.07667207727464903,0.07744385593137584,0.0007717786567268126,0.0007717786567268126,Overweighted,2017,JP3711200000
0.000725588465471683,4.1388914608195936e-09,-0.0007255843265802222,0.0007255843265802222,Underweighted,2017,JP3786200000
0.002341237045605619,0.0016548801536151046,-0.0006863568919905144,0.0006863568919905144,Underweighted,2017,JP3243600008
0.010256181511638252,0.009830571699038521,-0.00042560981259973096,0.00042560981259973096,Underweighted,2017,JP3738600000
0.0003017850964394094,3.032680367677459e-09,-0.0003017820637590417,0.0003017820637590417,Underweighted,2017,JP3352400000
0.0,3.492648878053294e-07,3.492648878053294e-07,3.492648878053294e-07,Added,2017,AU000000CGF5
0.0,3.3785127228059976e-07,3.3785127228059976e-07,3.3785127228059976e-07,Added,2017,AU000000CQR9
0.0,3.056467686762429e-07,3.056467686762429e-07,3.056467686762429e-07,Added,2017,HK0000745908
0.0,2.6266471396490917e-07,2.6266471396490917e-07,2.6266471396490917e-07,Added,2017,HK0165000859
0.0,2.62250436240878e-07,2.62250436240878e-07,2.62250436240878e-07,Added,2017,AU000000MQG1
0.0,2.5150405930691874e-07,2.5150405930691874e-07,2.5150405930691874e-07,Added,2017,HK0000608585
0.0,2.409368889793997e-07,2.409368889793997e-07,2.409368889793997e-07,Added,2017,HK0388045442
0.0,2.2971456986817734e-07,2.2971456986817734e-07,2.2971456986817734e-07,Added,2017,HK0083000502
0.0,2.2516365526883355e-07,2.2516365526883355e-07,2.2516365526883355e-07,Added,2017,AU000000MAH3
0.0,2.2099586925268147e-07,2.2099586925268147e-07,2.2099586925268147e-07,Added,2017,AU000000PPT9
0.0,2.0093083312934706e-07,2.0093083312934706e-07,2.0093083312934706e-07,Added,2017,AU000000MGR9
0.0,1.9546045135084523e-07,1.9546045135084523e-07,1.9546045135084523e-07,Added,2017,SGXE21576413
0.0,1.8477624829797223e-07,1.8477624829797223e-07,1.8477624829797223e-07,Added,2017,SG1R89002252
0.0,1.8032646370762136e-07,1.8032646370762136e-07,1.8032646370762136e-07,Added,2017,KYG0535Q1331
0.0,1.7852535040036716e-07,1.7852535040036716e-07,1.7852535040036716e-07,Added,2017,AU000000SUN6
0.0,1.7788395321894187e-07,1.7788395321894187e-07,1.7788395321894187e-07,Added,2017,AU000000NAB4
0.0,1.7692825739011583e-07,1.7692825739011583e-07,1.7692825739011583e-07,Added,2017,AU000000AMP6
0.0,1.7594987526171146e-07,1.7594987526171146e-07,1.7594987526171146e-07,Added,2017,AU000000WBC1
0.0,1.736854065945744e-07,1.736854065945744e-07,1.736854065945744e-07,Added,2017,HK0688002218
0.0,1.717939420133906e-07,1.717939420133906e-07,1.717939420133906e-07,Added,2017,AU000000ANZ3
0.0,1.7168129784132136e-07,1.7168129784132136e-07,1.7168129784132136e-07,Added,2017,BMG524401079
0.0,1.6876345903867318e-07,1.6876345903867318e-07,1.6876345903867318e-07,Added,2017,SG1J26887955
0.0,1.667710393192692e-07,1.667710393192692e-07,1.667710393192692e-07,Added,2017,JP3582600007
0.0,1.651643223361679e-07,1.651643223361679e-07,1.651643223361679e-07,Added,2017,AU000000ASX7
0.0,1.581578568933104e-07,1.581578568933104e-07,1.581578568933104e-07,Added,2017,HK0012000102
0.0,1.550957214240507e-07,1.550957214240507e-07,1.550957214240507e-07,Added,2017,AU000000QBE9
0.0,1.4775410896076852e-07,1.4775410896076852e-07,1.4775410896076852e-07,Added,2017,AU000000COH5
0.0,1.4730537713753986e-07,1.4730537713753986e-07,1.4730537713753986e-07,Added,2017,AU000000TAH8
0.0,1.4397624220638092e-07,1.4397624220638092e-07,1.4397624220638092e-07,Added,2017,HK0023000190
0.0,1.4108843749607207e-07,1.4108843749607207e-07,1.4108843749607207e-07,Added,2017,AU000000CBA7
0.0,1.4017223535010706e-07,1.4017223535010706e-07,1.4017223535010706e-07,Added,2017,JP3762600009
0.0,1.394130491341219e-07,1.394130491341219e-07,1.394130491341219e-07,Added,2017,HK2388011192
0.0,1.3419592140156614e-07,1.3419592140156614e-07,1.3419592140156614e-07,Added,2017,HK0010000088
0.0,1.3114208709933846e-07,1.3114208709933846e-07,1.3114208709933846e-07,Added,2017,AU000000BEN6
0.0,1.2959320064714257e-07,1.2959320064714257e-07,1.2959320064714257e-07,Added,2017,HK0004000045
0.0,1.2452616404212266e-07,1.2452616404212266e-07,1.2452616404212266e-07,Added,2017,AU000000IAG3
0.0,1.2386478910789408e-07,1.2386478910789408e-07,1.2386478910789408e-07,Added,2017,AU000000GPT8
0.0,1.2356127226510512e-07,1.2356127226510512e-07,1.2356127226510512e-07,Added,2017,AU000000TCL6
0.0,1.1036317195191763e-07,1.1036317195191763e-07,1.1036317195191763e-07,Added,2017,AU000000BWP3
0.0,1.0785072352745969e-07,1.0785072352745969e-07,1.0785072352745969e-07,Added,2017,HK0016000132
0.0,1.0212531419152493e-07,1.0212531419152493e-07,1.0212531419152493e-07,Added,2017,HK0200030994
0.0,9.633002883050642e-08,9.633002883050642e-08,9.633002883050642e-08,Added,2017,HK0011000095
0.0,9.530454300617663e-08,9.530454300617663e-08,9.530454300617663e-08,Added,2017,NZTELE0001S4
0.0,9.381878049213539e-08,9.381878049213539e-08,9.381878049213539e-08,Added,2017,JP3502200003
0.0,9.379189876750267e-08,9.379189876750267e-08,9.379189876750267e-08,Added,2017,NZAIAE0002S6
0.0,9.377688445084518e-08,9.377688445084518e-08,9.377688445084518e-08,Added,2017,JP3877600001
0.0,9.252759361384758e-08,9.252759361384758e-08,9.252759361384758e-08,Added,2017,JP3528600004
0.0,9.026078837298461e-08,9.026078837298461e-08,9.026078837298461e-08,Added,2017,AU000000DXS1
0.0,8.801922548111167e-08,8.801922548111167e-08,8.801922548111167e-08,Added,2017,AU000000SHL7
0.0,8.734660858664365e-08,8.734660858664365e-08,8.734660858664365e-08,Added,2017,NZSKCE0001S2
0.0,8.243027996085682e-08,8.243027996085682e-08,8.243027996085682e-08,Added,2017,AU000000TLS2
0.0,8.043531030241812e-08,8.043531030241812e-08,8.043531030241812e-08,Added,2017,JP3890350006
0.0,7.638485202063451e-08,7.638485202063451e-08,7.638485202063451e-08,Added,2017,JP3201200007
0.0,7.578019134679935e-08,7.578019134679935e-08,7.578019134679935e-08,Added,2017,AU000000RHC8
0.0,7.37838482075182e-08,7.37838482075182e-08,7.37838482075182e-08,Added,2017,AU000000SGP0
0.0,7.355565968602386e-08,7.355565968602386e-08,7.355565968602386e-08,Added,2017,JP3118000003
0.0,7.165519587318244e-08,7.165519587318244e-08,7.165519587318244e-08,Added,2017,SG1T75931496
0.0,7.125073912912403e-08,7.125073912912403e-08,7.125073912912403e-08,Added,2017,SG9999000020
0.0,6.065347025024305e-08,6.065347025024305e-08,6.065347025024305e-08,Added,2017,JP3571400005
0.0,6.062468897400349e-08,6.062468897400349e-08,6.062468897400349e-08,Added,2017,AU000000CSL8
0.0,5.773661888016485e-08,5.773661888016485e-08,5.773661888016485e-08,Added,2017,JP3126400005
0.0,5.726772663950247e-08,5.726772663950247e-08,5.726772663950247e-08,Added,2017,AU000000MND5
0.0,5.71382406934549e-08,5.71382406934549e-08,5.71382406934549e-08,Added,2017,JP3890310000
0.0,5.6903016238774844e-08,5.6903016238774844e-08,5.6903016238774844e-08,Added,2017,JP3304200003
0.0,5.57522197379506e-08,5.57522197379506e-08,5.57522197379506e-08,Added,2017,JP3200450009
0.0,5.501115022317604e-08,5.501115022317604e-08,5.501115022317604e-08,Added,2017,JP3166000004
0.0,5.487242574853336e-08,5.487242574853336e-08,5.487242574853336e-08,Added,2017,JP3539220008
0.0,5.472833785029668e-08,5.472833785029668e-08,5.472833785029668e-08,Added,2017,JP3955000009
0.0,5.1674206725731876e-08,5.1674206725731876e-08,5.1674206725731876e-08,Added,2017,AU000000IVC8
0.0,4.991683382611234e-08,4.991683382611234e-08,4.991683382611234e-08,Added,2017,AU000000LLC3
0.0,4.9312681803728534e-08,4.9312681803728534e-08,4.9312681803728534e-08,Added,2017,JP3405400007
0.0,4.8608805814450994e-08,4.8608805814450994e-08,4.8608805814450994e-08,Added,2017,SGXE34184239
0.0,4.8117889270062495e-08,4.8117889270062495e-08,4.8117889270062495e-08,Added,2017,HK0066009694
0.0,4.624727802650178e-08,4.624727802650178e-08,4.624727802650178e-08,Added,2017,JP3734800000
0.0,4.595047325010102e-08,4.595047325010102e-08,4.595047325010102e-08,Added,2017,JP3910660004
0.0,4.566730004037539e-08,4.566730004037539e-08,4.566730004037539e-08,Added,2017,JP3347200002
0.0,4.5376287077740146e-08,4.5376287077740146e-08,4.5376287077740146e-08,Added,2017,JP3358200008
0.0,4.5193439678650676e-08,4.5193439678650676e-08,4.5193439678650676e-08,Added,2017,AU000000IGO4
0.0,4.444251845122599e-08,4.444251845122599e-08,4.444251845122599e-08,Added,2017,JP3122400009
0.0,4.3368073860091365e-08,4.3368073860091365e-08,4.3368073860091365e-08,Added,2017,AU000000WOR2
0.0,4.2536744140570984e-08,4.2536744140570984e-08,4.2536744140570984e-08,Added,2017,JP3778630008
0.0,4.0697112047999835e-08,4.0697112047999835e-08,4.0697112047999835e-08,Added,2017,IE00BKVD2N49
0.0,4.063658833334628e-08,4.063658833334628e-08,4.063658833334628e-08,Added,2017,JP3040890000
0.0,3.974152047740157e-08,3.974152047740157e-08,3.974152047740157e-08,Added,2017,JP3657400002
0.0,3.9272824927222013e-08,3.9272824927222013e-08,3.9272824927222013e-08,Added,2017,JP3143600009
0.0,3.913067598124013e-08,3.913067598124013e-08,3.913067598124013e-08,Added,2017,JP3787000003
0.0,3.908649352717127e-08,3.908649352717127e-08,3.908649352717127e-08,Added,2017,JP3733000008
0.0,3.891062811901436e-08,3.891062811901436e-08,3.891062811901436e-08,Added,2017,JP3385820000
0.0,3.862735590631061e-08,3.862735590631061e-08,3.862735590631061e-08,Added,2017,JP3435000009
0.0,3.854144419044705e-08,3.854144419044705e-08,3.854144419044705e-08,Added,2017,JP3027670003
0.0,3.7891245817955306e-08,3.7891245817955306e-08,3.7891245817955306e-08,Added,2017,JP3663900003
0.0,3.758013458917112e-08,3.758013458917112e-08,3.758013458917112e-08,Added,2017,AU000000SIG5
0.0,3.5574330832449387e-08,3.5574330832449387e-08,3.5574330832449387e-08,Added,2017,JP3811000003
0.0,3.527806700838953e-08,3.527806700838953e-08,3.527806700838953e-08,Added,2017,JP3551520004
0.0,3.5134532373143325e-08,3.5134532373143325e-08,3.5134532373143325e-08,Added,2017,JP3197600004
0.0,3.498624983578609e-08,3.498624983578609e-08,3.498624983578609e-08,Added,2017,KYG2108Y1052
0.0,3.444582837126246e-08,3.444582837126246e-08,3.444582837126246e-08,Added,2017,AU000000GWA4
0.0,3.4212129741778814e-08,3.4212129741778814e-08,3.4212129741778814e-08,Added,2017,JP3270000007
0.0,3.336598925780875e-08,3.336598925780875e-08,3.336598925780875e-08,Added,2017,JP3837800006
0.0,3.328802602663393e-08,3.328802602663393e-08,3.328802602663393e-08,Added,2017,JP3160400002
0.0,3.3052649619980136e-08,3.3052649619980136e-08,3.3052649619980136e-08,Added,2017,JP3194000000
0.0,3.294499615382533e-08,3.294499615382533e-08,3.294499615382533e-08,Added,2017,JP3942600002
0.0,3.260746491637412e-08,3.260746491637412e-08,3.260746491637412e-08,Added,2017,SG1F60858221
0.0,3.215261347717734e-08,3.215261347717734e-08,3.215261347717734e-08,Added,2017,JP3209000003
0.0,3.1755340797949973e-08,3.1755340797949973e-08,3.1755340797949973e-08,Added,2017,JP3486800000
0.0,3.096048417885762e-08,3.096048417885762e-08,3.096048417885762e-08,Added,2017,AU000000MTS0
0.0,3.0442768621487696e-08,3.0442768621487696e-08,3.0442768621487696e-08,Added,2017,JP3868400007
0.0,2.877972692711946e-08,2.877972692711946e-08,2.877972692711946e-08,Added,2017,JP3419050004
0.0,2.8206545433842288e-08,2.8206545433842288e-08,2.8206545433842288e-08,Added,2017,JP3156400008
0.0,2.629026969230668e-08,2.629026969230668e-08,2.629026969230668e-08,Added,2017,JP3667600005
0.0,2.6173260408351526e-08,2.6173260408351526e-08,2.6173260408351526e-08,Added,2017,JP3256000005
0.0,2.6127094328417077e-08,2.6127094328417077e-08,2.6127094328417077e-08,Added,2017,JP3893600001
0.0,2.5346903946872513e-08,2.5346903946872513e-08,2.5346903946872513e-08,Added,2017,JP3762800005
0.0,2.5000378788621847e-08,2.5000378788621847e-08,2.5000378788621847e-08,Added,2017,JP3894900004
0.0,2.4936461957787723e-08,2.4936461957787723e-08,2.4936461957787723e-08,Added,2017,JP3672400003
0.0,2.4867201575066955e-08,2.4867201575066955e-08,2.4867201575066955e-08,Added,2017,JP3967200001
0.0,2.4813017399740812e-08,2.4813017399740812e-08,2.4813017399740812e-08,Added,2017,JP3546800008
0.0,2.452942444266776e-08,2.452942444266776e-08,2.452942444266776e-08,Added,2017,JP3322930003
0.0,2.3474718191679353e-08,2.3474718191679353e-08,2.3474718191679353e-08,Added,2017,JP3519400000
0.0,2.3342383292787713e-08,2.3342383292787713e-08,2.3342383292787713e-08,Added,2017,JP3870400003
0.0,2.329020349069951e-08,2.329020349069951e-08,2.329020349069951e-08,Added,2017,AU000000SGM7
0.0,2.2924629995551704e-08,2.2924629995551704e-08,2.2924629995551704e-08,Added,2017,JP3351600006
0.0,2.1566627440940974e-08,2.1566627440940974e-08,2.1566627440940974e-08,Added,2017,JP3726800000
0.0,2.121729882269877e-08,2.121729882269877e-08,2.121729882269877e-08,Added,2017,JP3134800006
0.0,2.0610988538498752e-08,2.0610988538498752e-08,2.0610988538498752e-08,Added,2017,JP3900000005
0.0,2.0560420954517784e-08,2.0560420954517784e-08,2.0560420954517784e-08,Added,2017,BMG668971101
0.0,2.0194171728693706e-08,2.0194171728693706e-08,2.0194171728693706e-08,Added,2017,BMG8063F1068
0.0,1.986261198775858e-08,1.986261198775858e-08,1.986261198775858e-08,Added,2017,JP3538800008
0.0,1.952944524455937e-08,1.952944524455937e-08,1.952944524455937e-08,Added,2017,JP3818000006
0.0,1.9353796196388646e-08,1.9353796196388646e-08,1.9353796196388646e-08,Added,2017,AU000000WES1
0.0,1.9104618827123023e-08,1.9104618827123023e-08,1.9104618827123023e-08,Added,2017,JP3902400005
0.0,1.865138605640711e-08,1.865138605640711e-08,1.865138605640711e-08,Added,2017,AU000000BPT9
0.0,1.8402364001078506e-08,1.8402364001078506e-08,1.8402364001078506e-08,Added,2017,JP3505000004
0.0,1.82129742556543e-08,1.82129742556543e-08,1.82129742556543e-08,Added,2017,JP3266400005
0.0,1.7728340602713775e-08,1.7728340602713775e-08,1.7728340602713775e-08,Added,2017,JP3197800000
0.0,1.7601580737184367e-08,1.7601580737184367e-08,1.7601580737184367e-08,Added,2017,JP3443600006
0.0,1.723096068173862e-08,1.723096068173862e-08,1.723096068173862e-08,Added,2017,JP3456000003
0.0,1.708805806876045e-08,1.708805806876045e-08,1.708805806876045e-08,Added,2017,JP3720800006
0.0,1.708118472954851e-08,1.708118472954851e-08,1.708118472954851e-08,Added,2017,JP3914400001
0.0,1.5662410534615237e-08,1.5662410534615237e-08,1.5662410534615237e-08,Added,2017,AU000000OZL8
0.0,1.5461229613656202e-08,1.5461229613656202e-08,1.5461229613656202e-08,Added,2017,JP3742600004
0.0,1.521146261860413e-08,1.521146261860413e-08,1.521146261860413e-08,Added,2017,JP3375800004
0.0,1.4873667021121388e-08,1.4873667021121388e-08,1.4873667021121388e-08,Added,2017,JP3635400009
0.0,1.4862916337733728e-08,1.4862916337733728e-08,1.4862916337733728e-08,Added,2017,JP3792600003
0.0,1.4525196194700097e-08,1.4525196194700097e-08,1.4525196194700097e-08,Added,2017,JP3475350009
0.0,1.4270810978836144e-08,1.4270810978836144e-08,1.4270810978836144e-08,Added,2017,JP3982800009
0.0,1.4165682089909684e-08,1.4165682089909684e-08,1.4165682089909684e-08,Added,2017,JP3566800003
0.0,1.4000662495110616e-08,1.4000662495110616e-08,1.4000662495110616e-08,Added,2017,JP3148800000
0.0,1.3908515537225517e-08,1.3908515537225517e-08,1.3908515537225517e-08,Added,2017,JP3951600000
0.0,1.3817815450596409e-08,1.3817815450596409e-08,1.3817815450596409e-08,Added,2017,JP3866800000
0.0,1.36748854523727e-08,1.36748854523727e-08,1.36748854523727e-08,Added,2017,AU0000088338
0.0,1.3635564082563677e-08,1.3635564082563677e-08,1.3635564082563677e-08,Added,2017,JP3942800008
0.0,1.3117433037728424e-08,1.3117433037728424e-08,1.3117433037728424e-08,Added,2017,JP3164800009
0.0,1.302371907748393e-08,1.302371907748393e-08,1.302371907748393e-08,Added,2017,KYG217651051
0.0,1.2908301607458659e-08,1.2908301607458659e-08,1.2908301607458659e-08,Added,2017,BMG2442N1048
0.0,1.290751511708103e-08,1.290751511708103e-08,1.290751511708103e-08,Added,2017,JP3452000007
0.0,1.2717794686098126e-08,1.2717794686098126e-08,1.2717794686098126e-08,Added,2017,JP3891600003
0.0,1.2521660447010036e-08,1.2521660447010036e-08,1.2521660447010036e-08,Added,2017,JP3210200006
0.0,1.2283608779260094e-08,1.2283608779260094e-08,1.2283608779260094e-08,Added,2017,AU000000WOW2
0.0,1.2210560172045567e-08,1.2210560172045567e-08,1.2210560172045567e-08,Added,2017,JP3827200001
0.0,1.2106851414491836e-08,1.2106851414491836e-08,1.2106851414491836e-08,Added,2017,JP3802300008
0.0,1.2003846633530347e-08,1.2003846633530347e-08,1.2003846633530347e-08,Added,2017,JP3898400001
0.0,1.1903210469668804e-08,1.1903210469668804e-08,1.1903210469668804e-08,Added,2017,JP3496400007
0.0,1.1646577893149419e-08,1.1646577893149419e-08,1.1646577893149419e-08,Added,2017,JP3820000002
0.0,1.163093930908419e-08,1.163093930908419e-08,1.163093930908419e-08,Added,2017,JP3165600002
0.0,1.145524685132449e-08,1.145524685132449e-08,1.145524685132449e-08,Added,2017,JP3224200000
0.0,1.1362253746756648e-08,1.1362253746756648e-08,1.1362253746756648e-08,Added,2017,JP3294460005
0.0,1.1139882629138304e-08,1.1139882629138304e-08,1.1139882629138304e-08,Added,2017,JP3388200002
0.0,1.1123026656713268e-08,1.1123026656713268e-08,1.1123026656713268e-08,Added,2017,JP3788600009
0.0,1.0893308563986102e-08,1.0893308563986102e-08,1.0893308563986102e-08,Added,2017,JP3870000001
0.0,1.077182871021889e-08,1.077182871021889e-08,1.077182871021889e-08,Added,2017,JP3560800009
0.0,1.072589090153509e-08,1.072589090153509e-08,1.072589090153509e-08,Added,2017,JP3684000007
0.0,1.071770027170253e-08,1.071770027170253e-08,1.071770027170253e-08,Added,2017,HK0291001490
0.0,1.0290201551325367e-08,1.0290201551325367e-08,1.0290201551325367e-08,Added,2017,JP3419400001
0.0,1.017628489478954e-08,1.017628489478954e-08,1.017628489478954e-08,Added,2017,JP3320800000
0.0,1.0124737336418045e-08,1.0124737336418045e-08,1.0124737336418045e-08,Added,2017,JP3481800005
0.0,1.0089252192896986e-08,1.0089252192896986e-08,1.0089252192896986e-08,Added,2017,JP3711600001
0.0,1.0072460934892573e-08,1.0072460934892573e-08,1.0072460934892573e-08,Added,2017,SG1U68934629
0.0,9.965664802268596e-09,9.965664802268596e-09,9.965664802268596e-09,Added,2017,AU000000DOW2
0.0,9.843841802050364e-09,9.843841802050364e-09,9.843841802050364e-09,Added,2017,JP3973400009
0.0,9.519785338246106e-09,9.519785338246106e-09,9.519785338246106e-09,Added,2017,JP3830000000
0.0,9.360515126872745e-09,9.360515126872745e-09,9.360515126872745e-09,Added,2017,JP3670800006
0.0,9.29705697652917e-09,9.29705697652917e-09,9.29705697652917e-09,Added,2017,AU000000NCM7
0.0,9.075441824870274e-09,9.075441824870274e-09,9.075441824870274e-09,Added,2017,AU000000APA1
0.0,8.894320412461699e-09,8.894320412461699e-09,8.894320412461699e-09,Added,2017,JP3634200004
0.0,8.81748495594697e-09,8.81748495594697e-09,8.81748495594697e-09,Added,2017,JP3592200004
0.0,8.73308345789272e-09,8.73308345789272e-09,8.73308345789272e-09,Added,2017,AU000000CIM7
0.0,8.731370743115073e-09,8.731370743115073e-09,8.731370743115073e-09,Added,2017,JP3397200001
0.0,8.607414983788609e-09,8.607414983788609e-09,8.607414983788609e-09,Added,2017,JP3463000004
0.0,8.378677698808428e-09,8.378677698808428e-09,8.378677698808428e-09,Added,2017,JP3634600005
0.0,8.323769407183324e-09,8.323769407183324e-09,8.323769407183324e-09,Added,2017,JP3300600008
0.0,8.319207279118712e-09,8.319207279118712e-09,8.319207279118712e-09,Added,2017,AU0000038911
0.0,8.078145086012764e-09,8.078145086012764e-09,8.078145086012764e-09,Added,2017,JP3420600003
0.0,7.596177968497246e-09,7.596177968497246e-09,7.596177968497246e-09,Added,2017,JP3190000004
0.0,6.879650481495551e-09,6.879650481495551e-09,6.879650481495551e-09,Added,2017,JP3421100003
0.0,6.6900268671210994e-09,6.6900268671210994e-09,6.6900268671210994e-09,Added,2017,JP3854600008
0.0,6.672242155575653e-09,6.672242155575653e-09,6.672242155575653e-09,Added,2017,AU000000SBM8
0.0,6.636447303257299e-09,6.636447303257299e-09,6.636447303257299e-09,Added,2017,JP3814800003
0.0,6.608120138529436e-09,6.608120138529436e-09,6.608120138529436e-09,Added,2017,JP3942400007
0.0,6.387603929586583e-09,6.387603929586583e-09,6.387603929586583e-09,Added,2017,JP3493400000
0.0,5.9778726107596905e-09,5.9778726107596905e-09,5.9778726107596905e-09,Added,2017,JP3535800001
0.0,5.928762695973936e-09,5.928762695973936e-09,5.928762695973936e-09,Added,2017,AU000000BHP4
0.0,5.879458009702884e-09,5.879458009702884e-09,5.879458009702884e-09,Added,2017,JP3814000000
0.0,5.8610411591334126e-09,5.8610411591334126e-09,5.8610411591334126e-09,Added,2017,JP3493800001
0.0,5.7063821536505194e-09,5.7063821536505194e-09,5.7063821536505194e-09,Added,2017,JP3205800000
0.0,5.690130945553007e-09,5.690130945553007e-09,5.690130945553007e-09,Added,2017,JP3495000006
0.0,5.6664587348638404e-09,5.6664587348638404e-09,5.6664587348638404e-09,Added,2017,JP3551500006
0.0,5.353704520316863e-09,5.353704520316863e-09,5.353704520316863e-09,Added,2017,JP3358800005
0.0,5.338514977487432e-09,5.338514977487432e-09,5.338514977487432e-09,Added,2017,JP3665200006
0.0,5.315423630645031e-09,5.315423630645031e-09,5.315423630645031e-09,Added,2017,JP3613400005
0.0,5.2889298257569495e-09,5.2889298257569495e-09,5.2889298257569495e-09,Added,2017,JP3678000005
0.0,5.063095501719415e-09,5.063095501719415e-09,5.063095501719415e-09,Added,2017,JP3258000003
0.0,5.03480878296552e-09,5.03480878296552e-09,5.03480878296552e-09,Added,2017,JP3629000005
0.0,4.775241105652822e-09,4.775241105652822e-09,4.775241105652822e-09,Added,2017,JP3385980002
0.0,4.721225593365617e-09,4.721225593365617e-09,4.721225593365617e-09,Added,2017,AU000000CSR5
0.0,4.5659904820585175e-09,4.5659904820585175e-09,4.5659904820585175e-09,Added,2017,JP3359600008
0.0,4.482308833399316e-09,4.482308833399316e-09,4.482308833399316e-09,Added,2017,NZFBUE0001S0
0.0,4.380027974199187e-09,4.380027974199187e-09,4.380027974199187e-09,Added,2017,HK0242001243
0.0,4.269808900764878e-09,4.269808900764878e-09,4.269808900764878e-09,Added,2017,JP3229400001
0.0,3.7040825305225844e-09,3.7040825305225844e-09,3.7040825305225844e-09,Added,2017,JP3402600005
0.0,3.674907036778817e-09,3.674907036778817e-09,3.674907036778817e-09,Added,2017,AU000000BLD2
0.0,3.5286973144903146e-09,3.5286973144903146e-09,3.5286973144903146e-09,Added,2017,AU000000CWY3
0.0,3.477475006744587e-09,3.477475006744587e-09,3.477475006744587e-09,Added,2017,JP3401400001
0.0,3.403288577524273e-09,3.403288577524273e-09,3.403288577524273e-09,Added,2017,AU000000ORI1
0.0,3.2271760284824407e-09,3.2271760284824407e-09,3.2271760284824407e-09,Added,2017,JP3491000000
0.0,3.110880996194175e-09,3.110880996194175e-09,3.110880996194175e-09,Added,2017,JP3743000006
0.0,2.913637713576909e-09,2.913637713576909e-09,2.913637713576909e-09,Added,2017,JP3293200006
0.0,2.8906042524273988e-09,2.8906042524273988e-09,2.8906042524273988e-09,Added,2017,JP3544000007
0.0,2.86242810459067e-09,2.86242810459067e-09,2.86242810459067e-09,Added,2017,JP3596200000
0.0,2.7438414637912812e-09,2.7438414637912812e-09,2.7438414637912812e-09,Added,2017,JP3638600001
0.0,2.686758474513471e-09,2.686758474513471e-09,2.686758474513471e-09,Added,2017,JP3626800001
0.0,2.6075456006012805e-09,2.6075456006012805e-09,2.6075456006012805e-09,Added,2017,JP3830800003
0.0,2.5490999642697997e-09,2.5490999642697997e-09,2.5490999642697997e-09,Added,2017,AU0000224040
0.0,2.4270076429343448e-09,2.4270076429343448e-09,2.4270076429343448e-09,Added,2017,JP3215800008
0.0,2.3354390998025128e-09,2.3354390998025128e-09,2.3354390998025128e-09,Added,2017,JP3940000007
0.0,2.299860332074621e-09,2.299860332074621e-09,2.299860332074621e-09,Added,2017,JP3783600004
0.0,2.200398904142014e-09,2.200398904142014e-09,2.200398904142014e-09,Added,2017,JP3659000008
0.0,2.1672676520707195e-09,2.1672676520707195e-09,2.1672676520707195e-09,Added,2017,NZCENE0001S6
0.0,2.0458358446333986e-09,2.0458358446333986e-09,2.0458358446333986e-09,Added,2017,AU000000ERA9
0.0,1.5671746950261668e-09,1.5671746950261668e-09,1.5671746950261668e-09,Added,2017,JP3119600009
0.0,1.312768246106413e-09,1.312768246106413e-09,1.312768246106413e-09,Added,2017,JP3888400003
0.0,1.2006002713390428e-09,1.2006002713390428e-09,1.2006002713390428e-09,Added,2017,JP3688370000
0.0,1.0589392573475352e-09,1.0589392573475352e-09,1.0589392573475352e-09,Added,2017,AU000000STO6
0.0,9.542439993175345e-10,9.542439993175345e-10,9.542439993175345e-10,Added,2017,JP3619800000
0.0,9.273998767130895e-10,9.273998767130895e-10,9.273998767130895e-10,Added,2017,JP3549600009
0.0,7.879862978540454e-10,7.879862978540454e-10,7.879862978540454e-10,Added,2017,NZAIRE0001S2
0.0,7.289896416768376e-10,7.289896416768376e-10,7.289896416768376e-10,Added,2017,JP3112000009
0.0,6.628520337854068e-10,6.628520337854068e-10,6.628520337854068e-10,Added,2017,JP3888300005
0.0,5.50057970868167e-10,5.50057970868167e-10,5.50057970868167e-10,Added,2017,AU000000QAN2
0.0,5.472232122698354e-10,5.472232122698354e-10,5.472232122698354e-10,Added,2017,JP3269600007
0.0,4.377487504447038e-10,4.377487504447038e-10,4.377487504447038e-10,Added,2017,SG1V61937297
0.0,3.4640155777137534e-10,3.4640155777137534e-10,3.4640155777137534e-10,Added,2017,BMG677491539
0.0,3.0237312689633417e-10,3.0237312689633417e-10,3.0237312689633417e-10,Added,2017,HK0019000162
0.0,2.497806708736877e-10,2.497806708736877e-10,2.497806708736877e-10,Added,2017,BMG684371393
0.0,2.3748670493931217e-10,2.3748670493931217e-10,2.3748670493931217e-10,Added,2017,JP3174410005
0.0,2.272857286816296e-10,2.272857286816296e-10,2.272857286816296e-10,Added,2017,JP3368000000
0.0,2.2030567668631514e-10,2.2030567668631514e-10,2.2030567668631514e-10,Added,2017,JP3595200001
0.0,2.1548551136134493e-10,2.1548551136134493e-10,2.1548551136134493e-10,Added,2017,JP3903000002
0.0,2.0909706001959393e-10,2.0909706001959393e-10,2.0909706001959393e-10,Added,2017,HK0293001514
0.0,2.046884291934849e-10,2.046884291934849e-10,2.046884291934849e-10,Added,2017,AU000000ORG5
0.0,1.4976062600231703e-10,1.4976062600231703e-10,1.4976062600231703e-10,Added,2017,AU000000BSL0
0.0,1.0560999645308847e-10,1.0560999645308847e-10,1.0560999645308847e-10,Added,2017,SG1R50925390
0.0,1.0056988601883213e-10,1.0056988601883213e-10,1.0056988601883213e-10,Added,2017,JP3449020001
0.0,8.756537576107181e-11,8.756537576107181e-11,8.756537576107181e-11,Added,2017,JP3289800009
0.0,8.72606711296049e-11,8.72606711296049e-11,8.72606711296049e-11,Added,2017,JP3686800008
0.0,6.786359683495631e-11,6.786359683495631e-11,6.786359683495631e-11,Added,2017,JP3158800007
0.0,6.103976673300368e-11,6.103976673300368e-11,6.103976673300368e-11,Added,2017,JP3381000003
0.0,4.391773735573927e-11,4.391773735573927e-11,4.391773735573927e-11,Added,2017,JP3386030005
0.0,4.3186765223598205e-11,4.3186765223598205e-11,4.3186765223598205e-11,Added,2017,JP3753000003
0.0,3.9080599915385905e-11,3.9080599915385905e-11,3.9080599915385905e-11,Added,2017,JP3362700001
0.0,3.6612287277771236e-11,3.6612287277771236e-11,3.6612287277771236e-11,Added,2017,JP3223800008
0.0,3.1113899398554197e-11,3.1113899398554197e-11,3.1113899398554197e-11,Added,2017,JP3526600006
0.0,2.4336846190810668e-11,2.4336846190810668e-11,2.4336846190810668e-11,Added,2017,JP3605400005
0.0,2.4141927887501412e-11,2.4141927887501412e-11,2.4141927887501412e-11,Added,2017,JP3246400000
0.0,2.3589017724083817e-11,2.3589017724083817e-11,2.3589017724083817e-11,Added,2017,JP3585800000
0.0,2.292056114584951e-11,2.292056114584951e-11,2.292056114584951e-11,Added,2017,JP3228600007
0.0,2.1917362956654014e-11,2.1917362956654014e-11,2.1917362956654014e-11,Added,2017,JP3551200003
0.0,2.109539308722202e-11,2.109539308722202e-11,2.109539308722202e-11,Added,2017,JP3850200001
0.0,2.1061756757923573e-11,2.1061756757923573e-11,2.1061756757923573e-11,Added,2017,JP3845400005
0.0,2.0416584214494978e-11,2.0416584214494978e-11,2.0416584214494978e-11,Added,2017,JP3350800003
0.0,1.5519413553502626e-11,1.5519413553502626e-11,1.5519413553502626e-11,Added,2017,JP3522200009
0.0,0.0,0.0,0.0,Unchanged,2017,JP3765400001
0.0,0.0,0.0,0.0,Unchanged,2017,JP3769000005
0.24254876936596564,0.10446282435032148,-0.13808594501564417,0.13808594501564417,Underweighted,2018,HK0002007356
0.027267427637633578,4.2614616160724273e-11,-0.02726742759501896,0.02726742759501896,Underweighted,2018,JP3429800000
0.0,0.026651715894143904,0.026651715894143904,0.026651715894143904,Added,2018,HK0823032773
0.1317563640027598,0.1556557774889442,0.023899413486184407,0.023899413486184407,Overweighted,2018,JP3735400008
0.045865225703364106,0.024873591686089883,-0.020991634017274222,0.020991634017274222,Underweighted,2018,JP3180400008
0.009220620734295798,0.028787402115704096,0.0195667813814083,0.0195667813814083,Overweighted,2018,SG1P66918738
0.009403182722604937,0.025092911028057815,0.01568972830545288,0.01568972830545288,Overweighted,2018,JP3260800002
0.06796801144195326,0.08235094924687011,0.014382937804916854,0.014382937804916854,Overweighted,2018,JP3982100004
0.0012004440241338776,0.01510097883663047,0.013900534812496593,0.013900534812496593,Overweighted,2018,JP3198900007
0.024731280454719028,0.03844051206846358,0.01370923161374455,0.01370923161374455,Overweighted,2018,JP3404600003
0.002056267055026264,0.01204972359928003,0.009993456544253767,0.009993456544253767,Overweighted,2018,HK0003000038
0.053762133367841726,0.06339787938974457,0.009635746021902848,0.009635746021902848,Overweighted,2018,BMG2178K1009
0.10563646907237621,0.1141655791788495,0.008529110106473281,0.008529110106473281,Overweighted,2018,JP3711200000
0.006176104673042766,0.01464367003309566,0.008467565360052894,0.008467565360052894,Overweighted,2018,JP3357200009
0.03941131763557616,0.04680345222171191,0.007392134586135746,0.007392134586135746,Overweighted,2018,JP3633400001
0.0,0.0073793118974535485,0.0073793118974535485,0.0073793118974535485,Added,2018,JP3977400005
0.04297483116313985,0.035885204083121854,-0.007089627080017993,0.007089627080017993,Underweighted,2018,JP3573000001
0.016864958240194333,0.01014512754589516,-0.006719830694299173,0.006719830694299173,Underweighted,2018,JP3111200006
0.005671511593646174,0.01184584185404208,0.006174330260395906,0.006174330260395906,Overweighted,2018,JP3242800005
0.001580301650045186,0.006762302610689819,0.005182000960644632,0.005182000960644632,Overweighted,2018,JP3165700000
0.010959404959390856,0.0063338868257780045,-0.004625518133612851,0.004625518133612851,Underweighted,2018,JP3420600003
0.05803823342896228,0.061697184855908555,0.0036589514269462775,0.0036589514269462775,Overweighted,2018,HK0006000050
0.009465545759461416,0.013080821756474757,0.003615275997013341,0.003615275997013341,Overweighted,2018,BMG988031446
0.011500989289186048,0.015096275264520606,0.003595285975334558,0.003595285975334558,Overweighted,2018,JP3902900004
0.009483270994413897,0.012308907797697569,0.0028256368032836716,0.0028256368032836716,Overweighted,2018,JP3243600008
0.0025826078032579096,4.0925674379945554e-09,-0.0025826037106904715,0.0025826037106904715,Underweighted,2018,JP3786200000
0.006125621872889438,0.008356815099072311,0.002231193226182873,0.002231193226182873,Overweighted,2018,JP3414750004
0.016934976567862286,0.018856422221407564,0.0019214456535452777,0.0019214456535452777,Overweighted,2018,JP3621000003
0.012016507561038349,0.010810027960290222,-0.0012064796007481265,0.0012064796007481265,Underweighted,2018,JP3738600000
0.028797621225218915,0.02895438285740609,0.00015676163218717593,0.00015676163218717593,Overweighted,2018,JP3819400007
0.0,2.756231527320634e-07,2.756231527320634e-07,2.756231527320634e-07,Added,2018,AU000000CQR9
0.0,2.456152772987456e-07,2.456152772987456e-07,2.456152772987456e-07,Added,2018,AU000000CGF5
0.0,2.333430284415947e-07,2.333430284415947e-07,2.333430284415947e-07,Added,2018,HK0000745908
0.0,2.2443930258385624e-07,2.2443930258385624e-07,2.2443930258385624e-07,Added,2018,BMG4600H1198
0.0,2.186101667833075e-07,2.186101667833075e-07,2.186101667833075e-07,Added,2018,AU000000MAH3
0.0,1.9074821024550014e-07,1.9074821024550014e-07,1.9074821024550014e-07,Added,2018,AU000000MQG1
0.0,1.9051939380518932e-07,1.9051939380518932e-07,1.9051939380518932e-07,Added,2018,HK0083000502
0.0,1.8913789181937455e-07,1.8913789181937455e-07,1.8913789181937455e-07,Added,2018,HK0165000859
0.0,1.7846941302459556e-07,1.7846941302459556e-07,1.7846941302459556e-07,Added,2018,BMG524401079
0.0,1.586409585569087e-07,1.586409585569087e-07,1.586409585569087e-07,Added,2018,AU000000MGR9
0.0,1.5055500698197134e-07,1.5055500698197134e-07,1.5055500698197134e-07,Added,2018,HK0388045442
0.0,1.49975756714812e-07,1.49975756714812e-07,1.49975756714812e-07,Added,2018,AU000000PPT9
0.0,1.4197558240389998e-07,1.4197558240389998e-07,1.4197558240389998e-07,Added,2018,HK0000055878
0.0,1.4197078001417154e-07,1.4197078001417154e-07,1.4197078001417154e-07,Added,2018,KYG0535Q1331
0.0,1.3942533584720399e-07,1.3942533584720399e-07,1.3942533584720399e-07,Added,2018,JP3582600007
0.0,1.393074407939217e-07,1.393074407939217e-07,1.393074407939217e-07,Added,2018,SGXE21576413
0.0,1.3555595383480813e-07,1.3555595383480813e-07,1.3555595383480813e-07,Added,2018,SG1R89002252
0.0,1.3024457566708684e-07,1.3024457566708684e-07,1.3024457566708684e-07,Added,2018,HK0688002218
0.0,1.2654702765542906e-07,1.2654702765542906e-07,1.2654702765542906e-07,Added,2018,AU000000SUN6
0.0,1.2639788892855133e-07,1.2639788892855133e-07,1.2639788892855133e-07,Added,2018,JP3762600009
0.0,1.2295271320073484e-07,1.2295271320073484e-07,1.2295271320073484e-07,Added,2018,AU000000NAB4
0.0,1.2077928700426093e-07,1.2077928700426093e-07,1.2077928700426093e-07,Added,2018,HK0004000045
0.0,1.204221720492135e-07,1.204221720492135e-07,1.204221720492135e-07,Added,2018,AU000000ANZ3
0.0,1.1814297137569539e-07,1.1814297137569539e-07,1.1814297137569539e-07,Added,2018,AU000000AMP6
0.0,1.1542739319821161e-07,1.1542739319821161e-07,1.1542739319821161e-07,Added,2018,HK0012000102
0.0,1.1423962408618926e-07,1.1423962408618926e-07,1.1423962408618926e-07,Added,2018,AU000000WBC1
0.0,1.1348186506867274e-07,1.1348186506867274e-07,1.1348186506867274e-07,Added,2018,BMG2108M2182
0.0,1.1285634173284427e-07,1.1285634173284427e-07,1.1285634173284427e-07,Added,2018,HK0023000190
0.0,1.0592082793453514e-07,1.0592082793453514e-07,1.0592082793453514e-07,Added,2018,AU000000QBE9
0.0,1.0130738878680839e-07,1.0130738878680839e-07,1.0130738878680839e-07,Added,2018,AU000000BEN6
0.0,1.0115653077800236e-07,1.0115653077800236e-07,1.0115653077800236e-07,Added,2018,AU000000GPT8
0.0,9.995821267213208e-08,9.995821267213208e-08,9.995821267213208e-08,Added,2018,AU000000ASX7
0.0,9.882256899203442e-08,9.882256899203442e-08,9.882256899203442e-08,Added,2018,AU000000IAG3
0.0,9.759685696886976e-08,9.759685696886976e-08,9.759685696886976e-08,Added,2018,AU000000COH5
0.0,9.547616112699376e-08,9.547616112699376e-08,9.547616112699376e-08,Added,2018,JP3122400009
0.0,9.534849105144454e-08,9.534849105144454e-08,9.534849105144454e-08,Added,2018,HK0016000132
0.0,9.367046836223156e-08,9.367046836223156e-08,9.367046836223156e-08,Added,2018,HK2388011192
0.0,9.364420535401356e-08,9.364420535401356e-08,9.364420535401356e-08,Added,2018,SG1J26887955
0.0,9.019111529997317e-08,9.019111529997317e-08,9.019111529997317e-08,Added,2018,AU000000CBA7
0.0,9.010300329040496e-08,9.010300329040496e-08,9.010300329040496e-08,Added,2018,JP3528600004
0.0,8.87716909136089e-08,8.87716909136089e-08,8.87716909136089e-08,Added,2018,AU000000TAH8
0.0,8.673997615121754e-08,8.673997615121754e-08,8.673997615121754e-08,Added,2018,JP3571400005
0.0,8.649476390337669e-08,8.649476390337669e-08,8.649476390337669e-08,Added,2018,HK0010000088
0.0,8.63896546063892e-08,8.63896546063892e-08,8.63896546063892e-08,Added,2018,HK0363006039
0.0,8.5928659502978e-08,8.5928659502978e-08,8.5928659502978e-08,Added,2018,JP3502200003
0.0,8.019225206637943e-08,8.019225206637943e-08,8.019225206637943e-08,Added,2018,HK0200030994
0.0,7.665346725270972e-08,7.665346725270972e-08,7.665346725270972e-08,Added,2018,AU000000WOR2
0.0,7.475686472569341e-08,7.475686472569341e-08,7.475686472569341e-08,Added,2018,AU000000TCL6
0.0,7.264708169933985e-08,7.264708169933985e-08,7.264708169933985e-08,Added,2018,JP3890350006
0.0,6.994212035909803e-08,6.994212035909803e-08,6.994212035909803e-08,Added,2018,AU000000DXS1
0.0,6.746407311666661e-08,6.746407311666661e-08,6.746407311666661e-08,Added,2018,JP3126400005
0.0,6.481916628534894e-08,6.481916628534894e-08,6.481916628534894e-08,Added,2018,AU000000BWP3
0.0,6.358478162044627e-08,6.358478162044627e-08,6.358478162044627e-08,Added,2018,HK0011000095
0.0,6.006043983630929e-08,6.006043983630929e-08,6.006043983630929e-08,Added,2018,AU000000SGP0
0.0,5.968898388726208e-08,5.968898388726208e-08,5.968898388726208e-08,Added,2018,AU000000RHC8
0.0,5.719162555415013e-08,5.719162555415013e-08,5.719162555415013e-08,Added,2018,HK0144000764
0.0,5.615007168258309e-08,5.615007168258309e-08,5.615007168258309e-08,Added,2018,NZSKCE0001S2
0.0,5.5919925193773715e-08,5.5919925193773715e-08,5.5919925193773715e-08,Added,2018,JP3118000003
0.0,5.5554737709795156e-08,5.5554737709795156e-08,5.5554737709795156e-08,Added,2018,NZTELE0001S4
0.0,5.425147884567363e-08,5.425147884567363e-08,5.425147884567363e-08,Added,2018,AU000000SHL7
0.0,5.20931948862098e-08,5.20931948862098e-08,5.20931948862098e-08,Added,2018,NZAIAE0002S6
0.0,5.205430368225896e-08,5.205430368225896e-08,5.205430368225896e-08,Added,2018,JP3955000009
0.0,5.0990158297602676e-08,5.0990158297602676e-08,5.0990158297602676e-08,Added,2018,JP3166000004
0.0,5.0962549588471054e-08,5.0962549588471054e-08,5.0962549588471054e-08,Added,2018,AU000000MND5
0.0,5.0633815352008946e-08,5.0633815352008946e-08,5.0633815352008946e-08,Added,2018,HK0308001558
0.0,4.9850664594439556e-08,4.9850664594439556e-08,4.9850664594439556e-08,Added,2018,JP3040890000
0.0,4.852993180452385e-08,4.852993180452385e-08,4.852993180452385e-08,Added,2018,JP3890310000
0.0,4.727242018337419e-08,4.727242018337419e-08,4.727242018337419e-08,Added,2018,SG1T75931496
0.0,4.7097645367093067e-08,4.7097645367093067e-08,4.7097645367093067e-08,Added,2018,JP3405400007
0.0,4.7056142979632885e-08,4.7056142979632885e-08,4.7056142979632885e-08,Added,2018,JP3304200003
0.0,4.647369022072982e-08,4.647369022072982e-08,4.647369022072982e-08,Added,2018,JP3419050004
0.0,4.516901972665132e-08,4.516901972665132e-08,4.516901972665132e-08,Added,2018,AU000000TLS2
0.0,4.485549106014538e-08,4.485549106014538e-08,4.485549106014538e-08,Added,2018,JP3200450009
0.0,4.458539752811798e-08,4.458539752811798e-08,4.458539752811798e-08,Added,2018,SG9999000020
0.0,4.261934692240157e-08,4.261934692240157e-08,4.261934692240157e-08,Added,2018,JP3322930003
0.0,4.08645590984762e-08,4.08645590984762e-08,4.08645590984762e-08,Added,2018,JP3837800006
0.0,3.936296618878639e-08,3.936296618878639e-08,3.936296618878639e-08,Added,2018,JP3910660004
0.0,3.921566748336272e-08,3.921566748336272e-08,3.921566748336272e-08,Added,2018,JP3201200007
0.0,3.9156708218153565e-08,3.9156708218153565e-08,3.9156708218153565e-08,Added,2018,BMG2442N1048
0.0,3.8935746796556954e-08,3.8935746796556954e-08,3.8935746796556954e-08,Added,2018,AU000000LLC3
0.0,3.890196644898372e-08,3.890196644898372e-08,3.890196644898372e-08,Added,2018,JP3209000003
0.0,3.8437378275367595e-08,3.8437378275367595e-08,3.8437378275367595e-08,Added,2018,AU000000IVC8
0.0,3.831933761767111e-08,3.831933761767111e-08,3.831933761767111e-08,Added,2018,IE00BKVD2N49
0.0,3.807326781232522e-08,3.807326781232522e-08,3.807326781232522e-08,Added,2018,JP3435000009
0.0,3.8056936893097035e-08,3.8056936893097035e-08,3.8056936893097035e-08,Added,2018,AU000000IGO4
0.0,3.731693119389642e-08,3.731693119389642e-08,3.731693119389642e-08,Added,2018,AU000000BPT9
0.0,3.6731742346753866e-08,3.6731742346753866e-08,3.6731742346753866e-08,Added,2018,JP3274400005
0.0,3.650733398830124e-08,3.650733398830124e-08,3.650733398830124e-08,Added,2018,JP3347200002
0.0,3.629983167463412e-08,3.629983167463412e-08,3.629983167463412e-08,Added,2018,JP3787000003
0.0,3.5743997769044865e-08,3.5743997769044865e-08,3.5743997769044865e-08,Added,2018,JP3551520004
0.0,3.56995882965193e-08,3.56995882965193e-08,3.56995882965193e-08,Added,2018,JP3385820000
0.0,3.538136687256163e-08,3.538136687256163e-08,3.538136687256163e-08,Added,2018,SGXE34184239
0.0,3.5199735238692266e-08,3.5199735238692266e-08,3.5199735238692266e-08,Added,2018,JP3802300008
0.0,3.452169507038289e-08,3.452169507038289e-08,3.452169507038289e-08,Added,2018,HK0066009694
0.0,3.424953485209365e-08,3.424953485209365e-08,3.424953485209365e-08,Added,2018,HK0000608585
0.0,3.3431843767010275e-08,3.3431843767010275e-08,3.3431843767010275e-08,Added,2018,JP3933800009
0.0,3.318887939101835e-08,3.318887939101835e-08,3.318887939101835e-08,Added,2018,JP3799000009
0.0,3.2127515270304746e-08,3.2127515270304746e-08,3.2127515270304746e-08,Added,2018,AU000000SIG5
0.0,3.138728197883226e-08,3.138728197883226e-08,3.138728197883226e-08,Added,2018,JP3778630008
0.0,3.04722020157912e-08,3.04722020157912e-08,3.04722020157912e-08,Added,2018,AU000000GWA4
0.0,2.9538544367608988e-08,2.9538544367608988e-08,2.9538544367608988e-08,Added,2018,JP3811000003
0.0,2.9397682058527625e-08,2.9397682058527625e-08,2.9397682058527625e-08,Added,2018,JP3733000008
0.0,2.9108832370974274e-08,2.9108832370974274e-08,2.9108832370974274e-08,Added,2018,AU000000CSL8
0.0,2.9043500114686545e-08,2.9043500114686545e-08,2.9043500114686545e-08,Added,2018,JP3539220008
0.0,2.803616562933061e-08,2.803616562933061e-08,2.803616562933061e-08,Added,2018,KYG2108Y1052
0.0,2.789395550859745e-08,2.789395550859745e-08,2.789395550859745e-08,Added,2018,JP3942600002
0.0,2.6667078393742248e-08,2.6667078393742248e-08,2.6667078393742248e-08,Added,2018,SG1F60858221
0.0,2.6552677851348437e-08,2.6552677851348437e-08,2.6552677851348437e-08,Added,2018,AU000000OZL8
0.0,2.5616340530319508e-08,2.5616340530319508e-08,2.5616340530319508e-08,Added,2018,JP3027670003
0.0,2.5438303008277907e-08,2.5438303008277907e-08,2.5438303008277907e-08,Added,2018,AU000000MTS0
0.0,2.5280853239064348e-08,2.5280853239064348e-08,2.5280853239064348e-08,Added,2018,JP3156400008
0.0,2.4928857945123136e-08,2.4928857945123136e-08,2.4928857945123136e-08,Added,2018,JP3519400000
0.0,2.4606344879487513e-08,2.4606344879487513e-08,2.4606344879487513e-08,Added,2018,AU000000SGM7
0.0,2.3838956234648715e-08,2.3838956234648715e-08,2.3838956234648715e-08,Added,2018,SG1U68934629
0.0,2.3749707175109752e-08,2.3749707175109752e-08,2.3749707175109752e-08,Added,2018,JP3870000001
0.0,2.2992053305964492e-08,2.2992053305964492e-08,2.2992053305964492e-08,Added,2018,JP3657400002
0.0,2.293199950727538e-08,2.293199950727538e-08,2.293199950727538e-08,Added,2018,JP3358200008
0.0,2.2584755365325603e-08,2.2584755365325603e-08,2.2584755365325603e-08,Added,2018,JP3134800006
0.0,2.2582266412455635e-08,2.2582266412455635e-08,2.2582266412455635e-08,Added,2018,JP3131430005
0.0,2.229280646633821e-08,2.229280646633821e-08,2.229280646633821e-08,Added,2018,JP3197800000
0.0,2.2169730067836873e-08,2.2169730067836873e-08,2.2169730067836873e-08,Added,2018,HK0008011667
0.0,2.177748571442435e-08,2.177748571442435e-08,2.177748571442435e-08,Added,2018,JP3143600009
0.0,2.1603720267300873e-08,2.1603720267300873e-08,2.1603720267300873e-08,Added,2018,JP3486800000
0.0,2.1136134231472606e-08,2.1136134231472606e-08,2.1136134231472606e-08,Added,2018,JP3870400003
0.0,2.1034342102442773e-08,2.1034342102442773e-08,2.1034342102442773e-08,Added,2018,JP3734800000
0.0,2.095531393289597e-08,2.095531393289597e-08,2.095531393289597e-08,Added,2018,JP3194000000
0.0,2.0920898727125894e-08,2.0920898727125894e-08,2.0920898727125894e-08,Added,2018,JP3635000007
0.0,2.0890275960156046e-08,2.0890275960156046e-08,2.0890275960156046e-08,Added,2018,JP3538800008
0.0,2.0519322551780208e-08,2.0519322551780208e-08,2.0519322551780208e-08,Added,2018,SG1T58930911
0.0,2.0426735034980548e-08,2.0426735034980548e-08,2.0426735034980548e-08,Added,2018,JP3160400002
0.0,1.9925554245057335e-08,1.9925554245057335e-08,1.9925554245057335e-08,Added,2018,JP3667600005
0.0,1.959876503473765e-08,1.959876503473765e-08,1.959876503473765e-08,Added,2018,JP3868400007
0.0,1.9175075194994484e-08,1.9175075194994484e-08,1.9175075194994484e-08,Added,2018,JP3902400005
0.0,1.907257174963621e-08,1.907257174963621e-08,1.907257174963621e-08,Added,2018,JP3967200001
0.0,1.8742415382724783e-08,1.8742415382724783e-08,1.8742415382724783e-08,Added,2018,JP3452000007
0.0,1.8290423748625347e-08,1.8290423748625347e-08,1.8290423748625347e-08,Added,2018,JP3720800006
0.0,1.8178290589182985e-08,1.8178290589182985e-08,1.8178290589182985e-08,Added,2018,JP3894900004
0.0,1.7948643408552574e-08,1.7948643408552574e-08,1.7948643408552574e-08,Added,2018,JP3742600004
0.0,1.7382882595778275e-08,1.7382882595778275e-08,1.7382882595778275e-08,Added,2018,JP3546800008
0.0,1.7382195863949184e-08,1.7382195863949184e-08,1.7382195863949184e-08,Added,2018,JP3818000006
0.0,1.715997530895547e-08,1.715997530895547e-08,1.715997530895547e-08,Added,2018,JP3893600001
0.0,1.6682316502961608e-08,1.6682316502961608e-08,1.6682316502961608e-08,Added,2018,AU000000DOW2
0.0,1.645077499657266e-08,1.645077499657266e-08,1.645077499657266e-08,Added,2018,JP3672400003
0.0,1.5616728030498602e-08,1.5616728030498602e-08,1.5616728030498602e-08,Added,2018,JP3982800009
0.0,1.5352223371148548e-08,1.5352223371148548e-08,1.5352223371148548e-08,Added,2018,JP3914400001
0.0,1.5212424041499483e-08,1.5212424041499483e-08,1.5212424041499483e-08,Added,2018,JP3256000005
0.0,1.5157181223095183e-08,1.5157181223095183e-08,1.5157181223095183e-08,Added,2018,JP3249600002
0.0,1.4732898434006839e-08,1.4732898434006839e-08,1.4732898434006839e-08,Added,2018,JP3684000007
0.0,1.472709325028296e-08,1.472709325028296e-08,1.472709325028296e-08,Added,2018,JP3635400009
0.0,1.4679212882341378e-08,1.4679212882341378e-08,1.4679212882341378e-08,Added,2018,JP3900000005
0.0,1.4637411597801562e-08,1.4637411597801562e-08,1.4637411597801562e-08,Added,2018,JP3375800004
0.0,1.4551809884065639e-08,1.4551809884065639e-08,1.4551809884065639e-08,Added,2018,JP3351600006
0.0,1.4161405717182664e-08,1.4161405717182664e-08,1.4161405717182664e-08,Added,2018,HK0291001490
0.0,1.4048708656722617e-08,1.4048708656722617e-08,1.4048708656722617e-08,Added,2018,BMG668971101
0.0,1.3888249752512423e-08,1.3888249752512423e-08,1.3888249752512423e-08,Added,2018,JP3266400005
0.0,1.3782917256598166e-08,1.3782917256598166e-08,1.3782917256598166e-08,Added,2018,JP3421800008
0.0,1.3723507666015316e-08,1.3723507666015316e-08,1.3723507666015316e-08,Added,2018,JP3197600004
0.0,1.355188636804101e-08,1.355188636804101e-08,1.355188636804101e-08,Added,2018,AU000000NCM7
0.0,1.3416637910010157e-08,1.3416637910010157e-08,1.3416637910010157e-08,Added,2018,JP3294460005
0.0,1.3053884363798145e-08,1.3053884363798145e-08,1.3053884363798145e-08,Added,2018,JP3726800000
0.0,1.2814956835997812e-08,1.2814956835997812e-08,1.2814956835997812e-08,Added,2018,JP3496400007
0.0,1.2764325918266117e-08,1.2764325918266117e-08,1.2764325918266117e-08,Added,2018,JP3820000002
0.0,1.2694953978403587e-08,1.2694953978403587e-08,1.2694953978403587e-08,Added,2018,JP3721400004
0.0,1.2325461758645092e-08,1.2325461758645092e-08,1.2325461758645092e-08,Added,2018,JP3165600002
0.0,1.2314118232200948e-08,1.2314118232200948e-08,1.2314118232200948e-08,Added,2018,BMG8063F1068
0.0,1.2140692724548994e-08,1.2140692724548994e-08,1.2140692724548994e-08,Added,2018,AU000000WES1
0.0,1.2041930523339926e-08,1.2041930523339926e-08,1.2041930523339926e-08,Added,2018,JP3762800005
0.0,1.2031384445692278e-08,1.2031384445692278e-08,1.2031384445692278e-08,Added,2018,JP3148800000
0.0,1.1904974725959303e-08,1.1904974725959303e-08,1.1904974725959303e-08,Added,2018,JP3505000004
0.0,1.1866240163142745e-08,1.1866240163142745e-08,1.1866240163142745e-08,Added,2018,JP3670800006
0.0,1.1712681086533115e-08,1.1712681086533115e-08,1.1712681086533115e-08,Added,2018,AU000000WOW2
0.0,1.1705123388400131e-08,1.1705123388400131e-08,1.1705123388400131e-08,Added,2018,JP3419400001
0.0,1.1687541942457202e-08,1.1687541942457202e-08,1.1687541942457202e-08,Added,2018,JP3210200006
0.0,1.1536895138960126e-08,1.1536895138960126e-08,1.1536895138960126e-08,Added,2018,JP3481800005
0.0,1.1421366719677735e-08,1.1421366719677735e-08,1.1421366719677735e-08,Added,2018,JP3830000000
0.0,1.1414828263678115e-08,1.1414828263678115e-08,1.1414828263678115e-08,Added,2018,JP3792600003
0.0,1.1110666406572053e-08,1.1110666406572053e-08,1.1110666406572053e-08,Added,2018,JP3827200001
0.0,1.1070885050013256e-08,1.1070885050013256e-08,1.1070885050013256e-08,Added,2018,JP3443600006
0.0,1.0712445248393257e-08,1.0712445248393257e-08,1.0712445248393257e-08,Added,2018,JP3942800008
0.0,1.0464827082768184e-08,1.0464827082768184e-08,1.0464827082768184e-08,Added,2018,JP3891600003
0.0,1.0345794402012533e-08,1.0345794402012533e-08,1.0345794402012533e-08,Added,2018,JP3475350009
0.0,1.017521314162026e-08,1.017521314162026e-08,1.017521314162026e-08,Added,2018,AU0000038911
0.0,1.014364490844144e-08,1.014364490844144e-08,1.014364490844144e-08,Added,2018,JP3359600008
0.0,1.0104289519811717e-08,1.0104289519811717e-08,1.0104289519811717e-08,Added,2018,JP3270000007
0.0,9.817853355749595e-09,9.817853355749595e-09,9.817853355749595e-09,Added,2018,AU000000ILU1
0.0,9.712087138818273e-09,9.712087138818273e-09,9.712087138818273e-09,Added,2018,JP3456000003
0.0,9.610280500228503e-09,9.610280500228503e-09,9.610280500228503e-09,Added,2018,AU000000SBM8
0.0,9.12032043049333e-09,9.12032043049333e-09,9.12032043049333e-09,Added,2018,JP3560800009
0.0,8.73144205095592e-09,8.73144205095592e-09,8.73144205095592e-09,Added,2018,JP3224200000
0.0,8.421904200677982e-09,8.421904200677982e-09,8.421904200677982e-09,Added,2018,JP3164800009
0.0,8.394226955014893e-09,8.394226955014893e-09,8.394226955014893e-09,Added,2018,JP3407400005
0.0,8.34805628649133e-09,8.34805628649133e-09,8.34805628649133e-09,Added,2018,JP3866800000
0.0,8.172175130047523e-09,8.172175130047523e-09,8.172175130047523e-09,Added,2018,AU000000BHP4
0.0,8.171241671033439e-09,8.171241671033439e-09,8.171241671033439e-09,Added,2018,JP3300600008
0.0,7.984064609558062e-09,7.984064609558062e-09,7.984064609558062e-09,Added,2018,JP3951600000
0.0,7.877949990044302e-09,7.877949990044302e-09,7.877949990044302e-09,Added,2018,AU0000088338
0.0,7.797816324680461e-09,7.797816324680461e-09,7.797816324680461e-09,Added,2018,JP3634200004
0.0,7.686783644220498e-09,7.686783644220498e-09,7.686783644220498e-09,Added,2018,JP3711600001
0.0,7.629123542304908e-09,7.629123542304908e-09,7.629123542304908e-09,Added,2018,AU000000CIM7
0.0,7.62204596134211e-09,7.62204596134211e-09,7.62204596134211e-09,Added,2018,JP3229400001
0.0,7.141819769086292e-09,7.141819769086292e-09,7.141819769086292e-09,Added,2018,JP3695200000
0.0,7.0814311018736526e-09,7.0814311018736526e-09,7.0814311018736526e-09,Added,2018,JP3397200001
0.0,7.0446894878897895e-09,7.0446894878897895e-09,7.0446894878897895e-09,Added,2018,JP3336000009
0.0,6.906119472563284e-09,6.906119472563284e-09,6.906119472563284e-09,Added,2018,JP3388200002
0.0,6.8521304885619675e-09,6.8521304885619675e-09,6.8521304885619675e-09,Added,2018,JP3592200004
0.0,6.7973951099048466e-09,6.7973951099048466e-09,6.7973951099048466e-09,Added,2018,JP3973400009
0.0,6.774317214936529e-09,6.774317214936529e-09,6.774317214936529e-09,Added,2018,JP3877600001
0.0,6.6045198163716664e-09,6.6045198163716664e-09,6.6045198163716664e-09,Added,2018,JP3665200006
0.0,6.253023359622931e-09,6.253023359622931e-09,6.253023359622931e-09,Added,2018,JP3190000004
0.0,6.211662623373002e-09,6.211662623373002e-09,6.211662623373002e-09,Added,2018,JP3551500006
0.0,6.080101921922851e-09,6.080101921922851e-09,6.080101921922851e-09,Added,2018,AU000000CSR5
0.0,6.055428973369455e-09,6.055428973369455e-09,6.055428973369455e-09,Added,2018,JP3320800000
0.0,5.743124868598646e-09,5.743124868598646e-09,5.743124868598646e-09,Added,2018,JP3493400000
0.0,5.676596874778269e-09,5.676596874778269e-09,5.676596874778269e-09,Added,2018,JP3566800003
0.0,5.6753902703259046e-09,5.6753902703259046e-09,5.6753902703259046e-09,Added,2018,JP3634600005
0.0,5.658256730353481e-09,5.658256730353481e-09,5.658256730353481e-09,Added,2018,JP3371200001
0.0,5.636498420101755e-09,5.636498420101755e-09,5.636498420101755e-09,Added,2018,JP3126340003
0.0,5.5395503295927264e-09,5.5395503295927264e-09,5.5395503295927264e-09,Added,2018,AU000000APA1
0.0,5.5329334642990255e-09,5.5329334642990255e-09,5.5329334642990255e-09,Added,2018,JP3788600009
0.0,5.288166282885032e-09,5.288166282885032e-09,5.288166282885032e-09,Added,2018,JP3596200000
0.0,5.257532455829072e-09,5.257532455829072e-09,5.257532455829072e-09,Added,2018,KYG217651051
0.0,5.1402746193865666e-09,5.1402746193865666e-09,5.1402746193865666e-09,Added,2018,JP3463000004
0.0,5.112332231442854e-09,5.112332231442854e-09,5.112332231442854e-09,Added,2018,AU000000BLD2
0.0,5.082398497610429e-09,5.082398497610429e-09,5.082398497610429e-09,Added,2018,JP3814800003
0.0,4.799386195315289e-09,4.799386195315289e-09,4.799386195315289e-09,Added,2018,JP3385980002
0.0,4.755863859711068e-09,4.755863859711068e-09,4.755863859711068e-09,Added,2018,JP3493800001
0.0,4.667365054354717e-09,4.667365054354717e-09,4.667365054354717e-09,Added,2018,JP3854600008
0.0,4.535987015576892e-09,4.535987015576892e-09,4.535987015576892e-09,Added,2018,JP3258000003
0.0,4.4374433848952165e-09,4.4374433848952165e-09,4.4374433848952165e-09,Added,2018,AU000000ERA9
0.0,4.430165148641259e-09,4.430165148641259e-09,4.430165148641259e-09,Added,2018,AU000000CWY3
0.0,4.426288584501815e-09,4.426288584501815e-09,4.426288584501815e-09,Added,2018,JP3613400005
0.0,4.3619593976624214e-09,4.3619593976624214e-09,4.3619593976624214e-09,Added,2018,JP3629000005
0.0,4.3264534167375215e-09,4.3264534167375215e-09,4.3264534167375215e-09,Added,2018,NZFBUE0001S0
0.0,4.250112429758083e-09,4.250112429758083e-09,4.250112429758083e-09,Added,2018,JP3421100003
0.0,4.238003304159845e-09,4.238003304159845e-09,4.238003304159845e-09,Added,2018,JP3495000006
0.0,4.21697006599121e-09,4.21697006599121e-09,4.21697006599121e-09,Added,2018,JP3898400001
0.0,4.093405074896529e-09,4.093405074896529e-09,4.093405074896529e-09,Added,2018,JP3205800000
0.0,4.089273512154996e-09,4.089273512154996e-09,4.089273512154996e-09,Added,2018,HK0242001243
0.0,3.859384229465144e-09,3.859384229465144e-09,3.859384229465144e-09,Added,2018,JP3678000005
0.0,3.830642152805566e-09,3.830642152805566e-09,3.830642152805566e-09,Added,2018,JP3491000000
0.0,3.679985363577408e-09,3.679985363577408e-09,3.679985363577408e-09,Added,2018,AU000000ORI1
0.0,3.6459766856116995e-09,3.6459766856116995e-09,3.6459766856116995e-09,Added,2018,JP3402600005
0.0,3.267404454396689e-09,3.267404454396689e-09,3.267404454396689e-09,Added,2018,JP3401400001
0.0,3.234687561332088e-09,3.234687561332088e-09,3.234687561332088e-09,Added,2018,JP3358800005
0.0,3.1481662311877394e-09,3.1481662311877394e-09,3.1481662311877394e-09,Added,2018,JP3743000006
0.0,3.030044363255404e-09,3.030044363255404e-09,3.030044363255404e-09,Added,2018,JP3814000000
0.0,2.878856378707533e-09,2.878856378707533e-09,2.878856378707533e-09,Added,2018,JP3544000007
0.0,2.658103596485255e-09,2.658103596485255e-09,2.658103596485255e-09,Added,2018,AU0000224040
0.0,2.584193689045776e-09,2.584193689045776e-09,2.584193689045776e-09,Added,2018,JP3626800001
0.0,2.547471462041328e-09,2.547471462041328e-09,2.547471462041328e-09,Added,2018,JP3769000005
0.0,2.538951013610564e-09,2.538951013610564e-09,2.538951013610564e-09,Added,2018,JP3638600001
0.0,2.318321606760413e-09,2.318321606760413e-09,2.318321606760413e-09,Added,2018,JP3888400003
0.0,2.312824389672548e-09,2.312824389672548e-09,2.312824389672548e-09,Added,2018,JP3535800001
0.0,2.2595371465434593e-09,2.2595371465434593e-09,2.2595371465434593e-09,Added,2018,JP3942400007
0.0,2.2236574443680744e-09,2.2236574443680744e-09,2.2236574443680744e-09,Added,2018,SG1N31909426
0.0,1.987424862955184e-09,1.987424862955184e-09,1.987424862955184e-09,Added,2018,JP3215800008
0.0,1.8852829552277286e-09,1.8852829552277286e-09,1.8852829552277286e-09,Added,2018,JP3663900003
0.0,1.7801397939094697e-09,1.7801397939094697e-09,1.7801397939094697e-09,Added,2018,NZCENE0001S6
0.0,1.4559241368692894e-09,1.4559241368692894e-09,1.4559241368692894e-09,Added,2018,AU000000STO6
0.0,1.0399017087257509e-09,1.0399017087257509e-09,1.0399017087257509e-09,Added,2018,JP3688370000
0.0,1.0108465243789865e-09,1.0108465243789865e-09,1.0108465243789865e-09,Added,2018,JP3940000007
0.0,9.848344747934048e-10,9.848344747934048e-10,9.848344747934048e-10,Added,2018,JP3112000009
0.0,9.837660659926219e-10,9.837660659926219e-10,9.837660659926219e-10,Added,2018,JP3549600009
0.0,9.805344342085459e-10,9.805344342085459e-10,9.805344342085459e-10,Added,2018,JP3269600007
0.0,9.004384381319304e-10,9.004384381319304e-10,9.004384381319304e-10,Added,2018,JP3119600009
0.0,8.466190082196695e-10,8.466190082196695e-10,8.466190082196695e-10,Added,2018,JP3619800000
0.0,7.292174539711049e-10,7.292174539711049e-10,7.292174539711049e-10,Added,2018,AU000000BSL0
0.0,6.415903211746765e-10,6.415903211746765e-10,6.415903211746765e-10,Added,2018,JP3888300005
0.0,6.303204161268857e-10,6.303204161268857e-10,6.303204161268857e-10,Added,2018,BMG677491539
0.0,6.042129855038254e-10,6.042129855038254e-10,6.042129855038254e-10,Added,2018,JP3595200001
0.0,5.748768276891832e-10,5.748768276891832e-10,5.748768276891832e-10,Added,2018,JP3352400000
0.0,5.449811056363408e-10,5.449811056363408e-10,5.449811056363408e-10,Added,2018,AU000000ORG5
0.0,5.442274996787637e-10,5.442274996787637e-10,5.442274996787637e-10,Added,2018,BMG684371393
0.0,4.816697807986067e-10,4.816697807986067e-10,4.816697807986067e-10,Added,2018,NZAIRE0001S2
0.0,4.57268452526005e-10,4.57268452526005e-10,4.57268452526005e-10,Added,2018,JP3293200006
0.0,3.7038316840077525e-10,3.7038316840077525e-10,3.7038316840077525e-10,Added,2018,JP3368000000
0.0,3.608419633804546e-10,3.608419633804546e-10,3.608419633804546e-10,Added,2018,AU000000QAN2
0.0,3.483925393139483e-10,3.483925393139483e-10,3.483925393139483e-10,Added,2018,SG1V61937297
0.0,3.3628878255215026e-10,3.3628878255215026e-10,3.3628878255215026e-10,Added,2018,JP3174410005
0.0,3.1504447786309286e-10,3.1504447786309286e-10,3.1504447786309286e-10,Added,2018,HK0019000162
0.0,2.822661189189326e-10,2.822661189189326e-10,2.822661189189326e-10,Added,2018,JP3903000002
0.0,2.218717166047393e-10,2.218717166047393e-10,2.218717166047393e-10,Added,2018,JP3783600004
0.0,1.8388591593431622e-10,1.8388591593431622e-10,1.8388591593431622e-10,Added,2018,HK0293001514
0.0,1.7888206569412693e-10,1.7888206569412693e-10,1.7888206569412693e-10,Added,2018,JP3449020001
0.0,1.5914302814131106e-10,1.5914302814131106e-10,1.5914302814131106e-10,Added,2018,JP3830800003
0.0,1.313515572238912e-10,1.313515572238912e-10,1.313515572238912e-10,Added,2018,JP3686800008
0.0,1.2438485636921333e-10,1.2438485636921333e-10,1.2438485636921333e-10,Added,2018,JP3158800007
0.0,1.2082231210444553e-10,1.2082231210444553e-10,1.2082231210444553e-10,Added,2018,JP3381000003
0.0,1.1073258155093042e-10,1.1073258155093042e-10,1.1073258155093042e-10,Added,2018,SG1R50925390
0.0,1.0943173704354441e-10,1.0943173704354441e-10,1.0943173704354441e-10,Added,2018,JP3386030005
0.0,1.0776736234062696e-10,1.0776736234062696e-10,1.0776736234062696e-10,Added,2018,JP3362700001
0.0,1.0584867382501454e-10,1.0584867382501454e-10,1.0584867382501454e-10,Added,2018,JP3289800009
0.0,8.303555529212619e-11,8.303555529212619e-11,8.303555529212619e-11,Added,2018,JP3223800008
0.0,6.966647277583963e-11,6.966647277583963e-11,6.966647277583963e-11,Added,2018,JP3228600007
0.0,6.683653515295432e-11,6.683653515295432e-11,6.683653515295432e-11,Added,2018,JP3400900001
0.0,6.113119351885882e-11,6.113119351885882e-11,6.113119351885882e-11,Added,2018,JP3753000003
0.0,5.623447928435506e-11,5.623447928435506e-11,5.623447928435506e-11,Added,2018,JP3246400000
0.0,5.623089154442554e-11,5.623089154442554e-11,5.623089154442554e-11,Added,2018,JP3526600006
0.0,5.4892090935679007e-11,5.4892090935679007e-11,5.4892090935679007e-11,Added,2018,JP3350800003
0.0,4.820728396434388e-11,4.820728396434388e-11,4.820728396434388e-11,Added,2018,JP3605400005
0.0,3.37629892335571e-11,3.37629892335571e-11,3.37629892335571e-11,Added,2018,JP3845400005
0.0,3.183436327686223e-11,3.183436327686223e-11,3.183436327686223e-11,Added,2018,JP3850200001
0.0,2.7097568177600005e-11,2.7097568177600005e-11,2.7097568177600005e-11,Added,2018,JP3522200009
0.0,2.6040896425540777e-11,2.6040896425540777e-11,2.6040896425540777e-11,Added,2018,JP3585800000
0.0,2.5926081361632572e-11,2.5926081361632572e-11,2.5926081361632572e-11,Added,2018,JP3551200003
0.0,0.0,0.0,0.0,Unchanged,2018,JP3027680002
0.0,0.0,0.0,0.0,Unchanged,2018,JP3116000005
0.0,0.0,0.0,0.0,Unchanged,2018,JP3659000008
0.0,0.0,0.0,0.0,Unchanged,2018,JP3675600005
0.0,0.0,0.0,0.0,Unchanged,2018,JP3765400001
0.0,0.0,0.0,0.0,Unchanged,2018,JP3835620000
0.39250378247948076,0.19538744060411606,-0.1971163418753647,0.1971163418753647,Underweighted,2019,HK0002007356
0.01462163625105231,0.05977157128432877,0.04514993503327646,0.04514993503327646,Overweighted,2019,HK0823032773
0.0594876518573196,0.09012954961820262,0.030641897760883018,0.030641897760883018,Overweighted,2019,JP3735400008
0.0,0.025453995686878044,0.025453995686878044,0.025453995686878044,Added,2019,HK0003000038
0.03951072677261596,0.015208996973913407,-0.024301729798702553,0.024301729798702553,Underweighted,2019,JP3180400008
0.03178256499896535,0.05539760280293816,0.02361503780397281,0.02361503780397281,Overweighted,2019,BMG2178K1009
0.03330780699313616,0.05521686156724611,0.02190905457410995,0.02190905457410995,Overweighted,2019,JP3326410002
0.008849334130906036,0.026124683473017937,0.0172753493421119,0.0172753493421119,Overweighted,2019,JP3404600003
0.08219426514366253,0.09923753706140337,0.01704327191774084,0.01704327191774084,Overweighted,2019,JP3982100004
0.06900862675395351,0.08424908276113902,0.015240456007185502,0.015240456007185502,Overweighted,2019,JP3711200000
0.03912666995550108,0.052827813412702235,0.013701143457201158,0.013701143457201158,Overweighted,2019,JP3902900004
0.013626252200883015,0.0,-0.013626252200883015,0.013626252200883015,Removed,2019,JP3429800000
0.0,0.011801113687542854,0.011801113687542854,0.011801113687542854,Added,2019,HK0066009694
0.0071434716051256225,0.018584707152498953,0.011441235547373332,0.011441235547373332,Overweighted,2019,JP3165700000
0.01031224728552571,0.0,-0.01031224728552571,0.01031224728552571,Removed,2019,JP3400900001
0.014359944446620965,0.022916441567214636,0.00855649712059367,0.00855649712059367,Overweighted,2019,BMG988031446
0.0085222722721622,0.0,-0.0085222722721622,0.0085222722721622,Removed,2019,MU0117U00026
0.03011352818781931,0.037504298858552096,0.007390770670732787,0.007390770670732787,Overweighted,2019,HK0006000050
0.005413212191221041,0.0,-0.005413212191221041,0.005413212191221041,Removed,2019,JP3539220008
0.03315746575025806,0.028825385009601114,-0.0043320807406569475,0.0043320807406569475,Underweighted,2019,JP3786200000
0.0,0.004301496966363379,0.004301496966363379,0.004301496966363379,Added,2019,JP3260800002
0.024773087370913025,0.028986588587229353,0.004213501216316327,0.004213501216316327,Overweighted,2019,JP3633400001
0.004044912637873726,0.00651405909319171,0.002469146455317984,0.002469146455317984,Overweighted,2019,JP3814800003
0.01205778358058627,0.01444247975590916,0.0023846961753228885,0.0023846961753228885,Overweighted,2019,JP3657400002
0.00229562321562285,0.0,-0.00229562321562285,0.00229562321562285,Removed,2019,JP3814000000
0.01832936243952472,0.020537486077561524,0.0022081236380368033,0.0022081236380368033,Overweighted,2019,JP3573000001
0.00019890064376642334,0.001771839477944677,0.0015729388341782537,0.0015729388341782537,Overweighted,2019,JP3293200006
0.00323540951120602,0.004591522073662995,0.0013561125624569747,0.0013561125624569747,Overweighted,2019,JP3893600001
0.0,0.0011075407976895752,0.0011075407976895752,0.0011075407976895752,Added,2019,JP3357200009
0.00110540636929283,0.0,-0.00110540636929283,0.00110540636929283,Removed,2019,JP3143600009
0.0296030083143823,0.028574148614486667,-0.0010288596998956345,0.0010288596998956345,Underweighted,2019,JP3421800008
0.0,0.0009389790381149121,0.0009389790381149121,0.0009389790381149121,Added,2019,JP3242800005
0.004520611833673847,0.0035918424449430685,-0.0009287693887307783,0.0009287693887307783,Underweighted,2019,JP3819400007
0.0008697558165813175,8.267056427460756e-16,-0.0008697558165804908,0.0008697558165804908,Underweighted,2019,JP3352400000
0.0,0.0005006569258264718,0.0005006569258264718,0.0005006569258264718,Added,2019,SG1P66918738
0.005924678990367526,0.005504278625542875,-0.000420400364824651,0.000420400364824651,Underweighted,2019,JP3621000003
0.0,9.308746605911695e-15,9.308746605911695e-15,9.308746605911695e-15,Added,2019,JP3118000003
0.0,7.899103155038397e-15,7.899103155038397e-15,7.899103155038397e-15,Added,2019,JP3933800009
0.0,7.38802071690294e-15,7.38802071690294e-15,7.38802071690294e-15,Added,2019,JP3778630008
0.0,7.114505480844574e-15,7.114505480844574e-15,7.114505480844574e-15,Added,2019,JP3040890000
0.0,7.0916600501994285e-15,7.0916600501994285e-15,7.0916600501994285e-15,Added,2019,JP3027680002
0.0,6.9280775885869056e-15,6.9280775885869056e-15,6.9280775885869056e-15,Added,2019,JP3027670003
0.0,5.937608395838336e-15,5.937608395838336e-15,5.937608395838336e-15,Added,2019,JP3734800000
0.0,5.488330747142607e-15,5.488330747142607e-15,5.488330747142607e-15,Added,2019,JP3283650004
0.0,5.4305643673021766e-15,5.4305643673021766e-15,5.4305643673021766e-15,Added,2019,JP3198900007
0.0,5.369539376639854e-15,5.369539376639854e-15,5.369539376639854e-15,Added,2019,AU000000AMP6
0.0,5.369513362342531e-15,5.369513362342531e-15,5.369513362342531e-15,Added,2019,JP3769000005
0.0,5.0383754007781494e-15,5.0383754007781494e-15,5.0383754007781494e-15,Added,2019,JP3173400007
0.0,4.953178677656804e-15,4.953178677656804e-15,4.953178677656804e-15,Added,2019,JP3762800005
0.0,4.509010413234268e-15,4.509010413234268e-15,4.509010413234268e-15,Added,2019,JP3870000001
0.0,4.363217215241012e-15,4.363217215241012e-15,4.363217215241012e-15,Added,2019,JP3322930003
0.0,4.222672469789245e-15,4.222672469789245e-15,4.222672469789245e-15,Added,2019,JP3351600006
0.0,4.134669658493711e-15,4.134669658493711e-15,4.134669658493711e-15,Added,2019,JP3419050004
0.0,4.0263424919310094e-15,4.0263424919310094e-15,4.0263424919310094e-15,Added,2019,AU000000SIG5
0.0,3.911635567236902e-15,3.911635567236902e-15,3.911635567236902e-15,Added,2019,JP3566800003
0.0,3.7360992481445134e-15,3.7360992481445134e-15,3.7360992481445134e-15,Added,2019,JP3967200001
0.0,3.384787736875632e-15,3.384787736875632e-15,3.384787736875632e-15,Added,2019,NZTELE0001S4
0.0,3.246591367798571e-15,3.246591367798571e-15,3.246591367798571e-15,Added,2019,JP3890310000
0.0,3.1728940175338345e-15,3.1728940175338345e-15,3.1728940175338345e-15,Added,2019,NZAIAE0002S6
0.0,3.1169700313364588e-15,3.1169700313364588e-15,3.1169700313364588e-15,Added,2019,JP3351100007
0.0,3.0823444251158197e-15,3.0823444251158197e-15,3.0823444251158197e-15,Added,2019,JP3270000007
0.0,2.877871558632629e-15,2.877871558632629e-15,2.877871558632629e-15,Added,2019,JP3890350006
0.0,2.7664293073090266e-15,2.7664293073090266e-15,2.7664293073090266e-15,Added,2019,HK0688002218
0.0,2.731071742897698e-15,2.731071742897698e-15,2.731071742897698e-15,Added,2019,NZSKCE0001S2
0.0,2.467802889514711e-15,2.467802889514711e-15,2.467802889514711e-15,Added,2019,AU000000ELD6
0.0,2.4215582026454227e-15,2.4215582026454227e-15,2.4215582026454227e-15,Added,2019,JP3496400007
0.0,2.3648629493734944e-15,2.3648629493734944e-15,2.3648629493734944e-15,Added,2019,JP3600200004
0.0,2.3362975256505596e-15,2.3362975256505596e-15,2.3362975256505596e-15,Added,2019,JP3502200003
0.0,2.24771683396039e-15,2.24771683396039e-15,2.24771683396039e-15,Added,2019,AU000000QBE9
0.0,2.2467385357626776e-15,2.2467385357626776e-15,2.2467385357626776e-15,Added,2019,JP3435000009
0.0,2.240898565152494e-15,2.240898565152494e-15,2.240898565152494e-15,Added,2019,JP3336000009
0.0,2.2357882824714463e-15,2.2357882824714463e-15,2.2357882824714463e-15,Added,2019,JP3910660004
0.0,2.224992117153194e-15,2.224992117153194e-15,2.224992117153194e-15,Added,2019,JP3201200007
0.0,2.1683288574106466e-15,2.1683288574106466e-15,2.1683288574106466e-15,Added,2019,SG1F60858221
0.0,2.1482271543637517e-15,2.1482271543637517e-15,2.1482271543637517e-15,Added,2019,AU000000SHL7
0.0,2.087228743813457e-15,2.087228743813457e-15,2.087228743813457e-15,Added,2019,JP3659000008
0.0,2.061138447952431e-15,2.061138447952431e-15,2.061138447952431e-15,Added,2019,JP3977400005
0.0,2.0505001448515408e-15,2.0505001448515408e-15,2.0505001448515408e-15,Added,2019,JP3197600004
0.0,1.9071748934561516e-15,1.9071748934561516e-15,1.9071748934561516e-15,Added,2019,JP3463000004
0.0,1.8092856129789284e-15,1.8092856129789284e-15,1.8092856129789284e-15,Added,2019,JP3456000003
0.0,1.7537941003776063e-15,1.7537941003776063e-15,1.7537941003776063e-15,Added,2019,JP3951600000
0.0,1.7249747996326076e-15,1.7249747996326076e-15,1.7249747996326076e-15,Added,2019,JP3274400005
0.0,1.7223960672890028e-15,1.7223960672890028e-15,1.7223960672890028e-15,Added,2019,JP3243600008
0.0,1.7099497149217118e-15,1.7099497149217118e-15,1.7099497149217118e-15,Added,2019,JP3894900004
0.0,1.6990107972019952e-15,1.6990107972019952e-15,1.6990107972019952e-15,Added,2019,JP3866800000
0.0,1.6652485555640102e-15,1.6652485555640102e-15,1.6652485555640102e-15,Added,2019,JP3414750004
0.0,1.63412344194131e-15,1.63412344194131e-15,1.63412344194131e-15,Added,2019,JP3830000000
0.0,1.5953940644071355e-15,1.5953940644071355e-15,1.5953940644071355e-15,Added,2019,AU000000RHC8
0.0,1.5668750965258625e-15,1.5668750965258625e-15,1.5668750965258625e-15,Added,2019,AU000000TCL6
0.0,1.554099110232651e-15,1.554099110232651e-15,1.554099110232651e-15,Added,2019,JP3955000009
0.0,1.5256440760989765e-15,1.5256440760989765e-15,1.5256440760989765e-15,Added,2019,JP3551500006
0.0,1.4596033384271917e-15,1.4596033384271917e-15,1.4596033384271917e-15,Added,2019,JP3224200000
0.0,1.4532680881903706e-15,1.4532680881903706e-15,1.4532680881903706e-15,Added,2019,JP3126340003
0.0,1.4270351728279043e-15,1.4270351728279043e-15,1.4270351728279043e-15,Added,2019,AU000000SBM8
0.0,1.409366500076942e-15,1.409366500076942e-15,1.409366500076942e-15,Added,2019,SG9999000020
0.0,1.3958834812766149e-15,1.3958834812766149e-15,1.3958834812766149e-15,Added,2019,JP3405400007
0.0,1.3659075442588123e-15,1.3659075442588123e-15,1.3659075442588123e-15,Added,2019,HK2388011192
0.0,1.2881084845426256e-15,1.2881084845426256e-15,1.2881084845426256e-15,Added,2019,AU000000TLS2
0.0,1.1885290102876575e-15,1.1885290102876575e-15,1.1885290102876575e-15,Added,2019,AU000000CSL8
0.0,1.0930683585455658e-15,1.0930683585455658e-15,1.0930683585455658e-15,Added,2019,JP3634600005
0.0,1.0455211458103813e-15,1.0455211458103813e-15,1.0455211458103813e-15,Added,2019,JP3495000006
0.0,1.0308265950910522e-15,1.0308265950910522e-15,1.0308265950910522e-15,Added,2019,JP3766550002
0.0,1.013566421482542e-15,1.013566421482542e-15,1.013566421482542e-15,Added,2019,SG1U68934629
0.0,1.0015505098973307e-15,1.0015505098973307e-15,1.0015505098973307e-15,Added,2019,JP3942800008
0.0,1.000780913636057e-15,1.000780913636057e-15,1.000780913636057e-15,Added,2019,JP3733000008
0.0,9.723108791460648e-16,9.723108791460648e-16,9.723108791460648e-16,Added,2019,JP3942400007
0.0,9.031080540837806e-16,9.031080540837806e-16,9.031080540837806e-16,Added,2019,JP3799000009
0.0,9.00979739458096e-16,9.00979739458096e-16,9.00979739458096e-16,Added,2019,JP3762600009
0.0,8.959116275100831e-16,8.959116275100831e-16,8.959116275100831e-16,Added,2019,AU000000IGO4
0.0,8.66092811100973e-16,8.66092811100973e-16,8.66092811100973e-16,Added,2019,IE00BKVD2N49
0.0,8.230711962097716e-16,8.230711962097716e-16,8.230711962097716e-16,Added,2019,AU000000BWP3
0.0,8.145996238311505e-16,8.145996238311505e-16,8.145996238311505e-16,Added,2019,JP3419400001
0.0,8.050003316091922e-16,8.050003316091922e-16,8.050003316091922e-16,Added,2019,JP3837800006
0.0,7.696732271478247e-16,7.696732271478247e-16,7.696732271478247e-16,Added,2019,JP3116000005
0.0,7.686145401568624e-16,7.686145401568624e-16,7.686145401568624e-16,Added,2019,JP3164800009
0.0,7.500652546808415e-16,7.500652546808415e-16,7.500652546808415e-16,Added,2019,JP3902400005
0.0,7.438570430350232e-16,7.438570430350232e-16,7.438570430350232e-16,Added,2019,JP3675600005
0.0,7.327427531510924e-16,7.327427531510924e-16,7.327427531510924e-16,Added,2019,JP3765400001
0.0,6.998268489809784e-16,6.998268489809784e-16,6.998268489809784e-16,Added,2019,JP3982800009
0.0,6.887975522202077e-16,6.887975522202077e-16,6.887975522202077e-16,Added,2019,JP3868400007
0.0,6.2328316973841645e-16,6.2328316973841645e-16,6.2328316973841645e-16,Added,2019,JP3258000003
0.0,6.108201234069855e-16,6.108201234069855e-16,6.108201234069855e-16,Added,2019,SG1L01001701
0.0,5.845699062106783e-16,5.845699062106783e-16,5.845699062106783e-16,Added,2019,JP3830800003
0.0,5.581548282859303e-16,5.581548282859303e-16,5.581548282859303e-16,Added,2019,JP3268950007
0.0,5.573725962922594e-16,5.573725962922594e-16,5.573725962922594e-16,Added,2019,JP3634200004
0.0,5.493147648126953e-16,5.493147648126953e-16,5.493147648126953e-16,Added,2019,JP3160400002
0.0,5.427238375357591e-16,5.427238375357591e-16,5.427238375357591e-16,Added,2019,SGXE34184239
0.0,5.367196230522739e-16,5.367196230522739e-16,5.367196230522739e-16,Added,2019,SG1T75931496
0.0,5.361040298009858e-16,5.361040298009858e-16,5.361040298009858e-16,Added,2019,AU000000PPT9
0.0,5.3285567234855935e-16,5.3285567234855935e-16,5.3285567234855935e-16,Added,2019,BMG2108M2182
0.0,5.2112968072679245e-16,5.2112968072679245e-16,5.2112968072679245e-16,Added,2019,JP3404200002
0.0,5.191554809314776e-16,5.191554809314776e-16,5.191554809314776e-16,Added,2019,JP3783600004
0.0,5.179954176849361e-16,5.179954176849361e-16,5.179954176849361e-16,Added,2019,JP3900000005
0.0,5.095659912656861e-16,5.095659912656861e-16,5.095659912656861e-16,Added,2019,AU000000MTS0
0.0,5.007917871508292e-16,5.007917871508292e-16,5.007917871508292e-16,Added,2019,JP3742600004
0.0,4.853068368900331e-16,4.853068368900331e-16,4.853068368900331e-16,Added,2019,JP3973400009
0.0,4.794194472679849e-16,4.794194472679849e-16,4.794194472679849e-16,Added,2019,AU000000WOW2
0.0,4.728801644491353e-16,4.728801644491353e-16,4.728801644491353e-16,Added,2019,JP3505000004
0.0,4.514785843478927e-16,4.514785843478927e-16,4.514785843478927e-16,Added,2019,JP3738600000
0.0,4.202081450924188e-16,4.202081450924188e-16,4.202081450924188e-16,Added,2019,JP3420600003
0.0,4.1285662056163394e-16,4.1285662056163394e-16,4.1285662056163394e-16,Added,2019,JP3788600009
0.0,4.115418251117655e-16,4.115418251117655e-16,4.115418251117655e-16,Added,2019,JP3486800000
0.0,4.1042378392384885e-16,4.1042378392384885e-16,4.1042378392384885e-16,Added,2019,SG1J26887955
0.0,3.859943894617276e-16,3.859943894617276e-16,3.859943894617276e-16,Added,2019,JP3684000007
0.0,3.252456955053532e-16,3.252456955053532e-16,3.252456955053532e-16,Added,2019,JP3205800000
0.0,3.166796801861583e-16,3.166796801861583e-16,3.166796801861583e-16,Added,2019,JP3304200003
0.0,3.159553853342599e-16,3.159553853342599e-16,3.159553853342599e-16,Added,2019,JP3940000007
0.0,3.08379179836237e-16,3.08379179836237e-16,3.08379179836237e-16,Added,2019,AU000000MND5
0.0,3.01155476527381e-16,3.01155476527381e-16,3.01155476527381e-16,Added,2019,JP3210200006
0.0,2.910852410243474e-16,2.910852410243474e-16,2.910852410243474e-16,Added,2019,JP3119600009
0.0,2.874644510877372e-16,2.874644510877372e-16,2.874644510877372e-16,Added,2019,BMG668971101
0.0,2.8714216572441356e-16,2.8714216572441356e-16,2.8714216572441356e-16,Added,2019,JP3695200000
0.0,2.855679902604335e-16,2.855679902604335e-16,2.855679902604335e-16,Added,2019,AU000000WBC1
0.0,2.7614342716122715e-16,2.7614342716122715e-16,2.7614342716122715e-16,Added,2019,JP3371200001
0.0,2.66182753515754e-16,2.66182753515754e-16,2.66182753515754e-16,Added,2019,JP3818000006
0.0,2.3689708056757053e-16,2.3689708056757053e-16,2.3689708056757053e-16,Added,2019,JP3626800001
0.0,2.3261592536616844e-16,2.3261592536616844e-16,2.3261592536616844e-16,Added,2019,JP3358800005
0.0,2.32441403217294e-16,2.32441403217294e-16,2.32441403217294e-16,Added,2019,AU000000ILU1
0.0,2.0458467677201673e-16,2.0458467677201673e-16,2.0458467677201673e-16,Added,2019,JP3720800006
0.0,1.9977889071766788e-16,1.9977889071766788e-16,1.9977889071766788e-16,Added,2019,JP3407400005
0.0,1.9572819293717297e-16,1.9572819293717297e-16,1.9572819293717297e-16,Added,2019,JP3827200001
0.0,1.8999760253662565e-16,1.8999760253662565e-16,1.8999760253662565e-16,Added,2019,JP3743000006
0.0,1.8200756758420017e-16,1.8200756758420017e-16,1.8200756758420017e-16,Added,2019,JP3854600008
0.0,1.6877999686350472e-16,1.6877999686350472e-16,1.6877999686350472e-16,Added,2019,JP3443600006
0.0,1.5437648698637624e-16,1.5437648698637624e-16,1.5437648698637624e-16,Added,2019,JP3190000004
0.0,1.3731388645336324e-16,1.3731388645336324e-16,1.3731388645336324e-16,Added,2019,AU000000GWA4
0.0,1.3592992218655905e-16,1.3592992218655905e-16,1.3592992218655905e-16,Added,2019,JP3787000003
0.0,1.225797710471646e-16,1.225797710471646e-16,1.225797710471646e-16,Added,2019,JP3197800000
0.0,9.373202522262868e-17,9.373202522262868e-17,9.373202522262868e-17,Added,2019,JP3493400000
0.0,7.180089154384398e-17,7.180089154384398e-17,7.180089154384398e-17,Added,2019,JP3688370000
0.0,6.857813263561551e-17,6.857813263561551e-17,6.857813263561551e-17,Added,2019,AU000000NCM7
0.0,5.133871870451626e-17,5.133871870451626e-17,5.133871870451626e-17,Added,2019,JP3385820000
0.0,4.98491863644537e-17,4.98491863644537e-17,4.98491863644537e-17,Added,2019,JP3131430005
0.0,4.475391578619563e-17,4.475391578619563e-17,4.475391578619563e-17,Added,2019,AU000000OZL8
0.0,4.265499692477944e-17,4.265499692477944e-17,4.265499692477944e-17,Added,2019,HK0200030994
0.0,3.630988942659471e-17,3.630988942659471e-17,3.630988942659471e-17,Added,2019,JP3676800000
0.0,3.6126401619967225e-17,3.6126401619967225e-17,3.6126401619967225e-17,Added,2019,JP3535800001
0.0,2.682606786941209e-17,2.682606786941209e-17,2.682606786941209e-17,Added,2019,JP3877600001
0.0,2.211128802215514e-17,2.211128802215514e-17,2.211128802215514e-17,Added,2019,JP3294460005
0.0,1.411002458931507e-17,1.411002458931507e-17,1.411002458931507e-17,Added,2019,JP3935600001
0.0,1.0559572031167337e-17,1.0559572031167337e-17,1.0559572031167337e-17,Added,2019,NZFBUE0001S0
0.0,7.794774398044705e-18,7.794774398044705e-18,7.794774398044705e-18,Added,2019,JP3165600002
0.0,0.0,0.0,0.0,Unchanged,2019,AU000000ABC7
0.0,0.0,0.0,0.0,Unchanged,2019,AU000000ANZ3
0.0,0.0,0.0,0.0,Unchanged,2019,AU000000APA1
0.0,0.0,0.0,0.0,Unchanged,2019,AU000000ASX7
0.0,0.0,0.0,0.0,Unchanged,2019,AU000000BEN6
0.0,0.0,0.0,0.0,Unchanged,2019,AU000000BHP4
0.0,0.0,0.0,0.0,Unchanged,2019,AU000000BLD2
0.0,0.0,0.0,0.0,Unchanged,2019,AU000000BPT9
0.0,0.0,0.0,0.0,Unchanged,2019,AU000000BSL0
0.0,0.0,0.0,0.0,Unchanged,2019,AU000000CBA7
0.0,0.0,0.0,0.0,Unchanged,2019,AU000000CGF5
0.0,0.0,0.0,0.0,Unchanged,2019,AU000000CIM7
0.0,0.0,0.0,0.0,Unchanged,2019,AU000000COH5
0.0,0.0,0.0,0.0,Unchanged,2019,AU000000CQR9
0.0,0.0,0.0,0.0,Unchanged,2019,AU000000CSR5
0.0,0.0,0.0,0.0,Unchanged,2019,AU000000CWY3
0.0,0.0,0.0,0.0,Unchanged,2019,AU000000DOW2
0.0,0.0,0.0,0.0,Unchanged,2019,AU000000DXS1
0.0,0.0,0.0,0.0,Unchanged,2019,AU000000ERA9
0.0,0.0,0.0,0.0,Unchanged,2019,AU000000GPT8
0.0,0.0,0.0,0.0,Unchanged,2019,AU000000IAG3
0.0,0.0,0.0,0.0,Unchanged,2019,AU000000IVC8
0.0,0.0,0.0,0.0,Unchanged,2019,AU000000LLC3
0.0,0.0,0.0,0.0,Unchanged,2019,AU000000MAH3
0.0,0.0,0.0,0.0,Unchanged,2019,AU000000MGR9
0.0,0.0,0.0,0.0,Unchanged,2019,AU000000MQG1
0.0,0.0,0.0,0.0,Unchanged,2019,AU000000NAB4
0.0,0.0,0.0,0.0,Unchanged,2019,AU000000ORG5
0.0,0.0,0.0,0.0,Unchanged,2019,AU000000ORI1
0.0,0.0,0.0,0.0,Unchanged,2019,AU000000QAN2
0.0,0.0,0.0,0.0,Unchanged,2019,AU000000SGM7
0.0,0.0,0.0,0.0,Unchanged,2019,AU000000SGP0
0.0,0.0,0.0,0.0,Unchanged,2019,AU000000STO6
0.0,0.0,0.0,0.0,Unchanged,2019,AU000000SUN6
0.0,0.0,0.0,0.0,Unchanged,2019,AU000000TAH8
0.0,0.0,0.0,0.0,Unchanged,2019,AU000000WES1
0.0,0.0,0.0,0.0,Unchanged,2019,AU000000WOR2
0.0,0.0,0.0,0.0,Unchanged,2019,AU0000038911
0.0,0.0,0.0,0.0,Unchanged,2019,AU0000088338
0.0,0.0,0.0,0.0,Unchanged,2019,AU0000224040
0.0,0.0,0.0,0.0,Unchanged,2019,BMG2442N1048
0.0,0.0,0.0,0.0,Unchanged,2019,BMG4600H1198
0.0,0.0,0.0,0.0,Unchanged,2019,BMG524401079
0.0,0.0,0.0,0.0,Unchanged,2019,BMG677491539
0.0,0.0,0.0,0.0,Unchanged,2019,BMG684371393
0.0,0.0,0.0,0.0,Unchanged,2019,BMG8063F1068
0.0,0.0,0.0,0.0,Unchanged,2019,HK0000049939
0.0,0.0,0.0,0.0,Unchanged,2019,HK0000055878
0.0,0.0,0.0,0.0,Unchanged,2019,HK0000139300
0.0,0.0,0.0,0.0,Unchanged,2019,HK0000608585
0.0,0.0,0.0,0.0,Unchanged,2019,HK0000745908
0.0,0.0,0.0,0.0,Unchanged,2019,HK0004000045
0.0,0.0,0.0,0.0,Unchanged,2019,HK0008011667
0.0,0.0,0.0,0.0,Unchanged,2019,HK0010000088
0.0,0.0,0.0,0.0,Unchanged,2019,HK0011000095
0.0,0.0,0.0,0.0,Unchanged,2019,HK0012000102
0.0,0.0,0.0,0.0,Unchanged,2019,HK0014000126
0.0,0.0,0.0,0.0,Unchanged,2019,HK0016000132
0.0,0.0,0.0,0.0,Unchanged,2019,HK0019000162
0.0,0.0,0.0,0.0,Unchanged,2019,HK0023000190
0.0,0.0,0.0,0.0,Unchanged,2019,HK0083000502
0.0,0.0,0.0,0.0,Unchanged,2019,HK0144000764
0.0,0.0,0.0,0.0,Unchanged,2019,HK0165000859
0.0,0.0,0.0,0.0,Unchanged,2019,HK0242001243
0.0,0.0,0.0,0.0,Unchanged,2019,HK0291001490
0.0,0.0,0.0,0.0,Unchanged,2019,HK0293001514
0.0,0.0,0.0,0.0,Unchanged,2019,HK0308001558
0.0,0.0,0.0,0.0,Unchanged,2019,HK0363006039
0.0,0.0,0.0,0.0,Unchanged,2019,HK0388045442
0.0,0.0,0.0,0.0,Unchanged,2019,JP3111200006
0.0,0.0,0.0,0.0,Unchanged,2019,JP3112000009
0.0,0.0,0.0,0.0,Unchanged,2019,JP3122400009
0.0,0.0,0.0,0.0,Unchanged,2019,JP3126400005
0.0,0.0,0.0,0.0,Unchanged,2019,JP3134800006
0.0,0.0,0.0,0.0,Unchanged,2019,JP3148800000
0.0,0.0,0.0,0.0,Unchanged,2019,JP3156400008
0.0,0.0,0.0,0.0,Unchanged,2019,JP3158800007
0.0,0.0,0.0,0.0,Unchanged,2019,JP3166000004
0.0,0.0,0.0,0.0,Unchanged,2019,JP3174410005
0.0,0.0,0.0,0.0,Unchanged,2019,JP3194000000
0.0,0.0,0.0,0.0,Unchanged,2019,JP3200450009
0.0,0.0,0.0,0.0,Unchanged,2019,JP3209000003
0.0,0.0,0.0,0.0,Unchanged,2019,JP3215800008
0.0,0.0,0.0,0.0,Unchanged,2019,JP3223800008
0.0,0.0,0.0,0.0,Unchanged,2019,JP3228600007
0.0,0.0,0.0,0.0,Unchanged,2019,JP3229400001
0.0,0.0,0.0,0.0,Unchanged,2019,JP3246400000
0.0,0.0,0.0,0.0,Unchanged,2019,JP3249600002
0.0,0.0,0.0,0.0,Unchanged,2019,JP3256000005
0.0,0.0,0.0,0.0,Unchanged,2019,JP3266400005
0.0,0.0,0.0,0.0,Unchanged,2019,JP3269600007
0.0,0.0,0.0,0.0,Unchanged,2019,JP3289800009
0.0,0.0,0.0,0.0,Unchanged,2019,JP3300600008
0.0,0.0,0.0,0.0,Unchanged,2019,JP3320800000
0.0,0.0,0.0,0.0,Unchanged,2019,JP3347200002
0.0,0.0,0.0,0.0,Unchanged,2019,JP3350800003
0.0,0.0,0.0,0.0,Unchanged,2019,JP3358200008
0.0,0.0,0.0,0.0,Unchanged,2019,JP3359600008
0.0,0.0,0.0,0.0,Unchanged,2019,JP3362700001
0.0,0.0,0.0,0.0,Unchanged,2019,JP3368000000
0.0,0.0,0.0,0.0,Unchanged,2019,JP3375800004
0.0,0.0,0.0,0.0,Unchanged,2019,JP3381000003
0.0,0.0,0.0,0.0,Unchanged,2019,JP3385980002
0.0,0.0,0.0,0.0,Unchanged,2019,JP3386030005
0.0,0.0,0.0,0.0,Unchanged,2019,JP3388200002
0.0,0.0,0.0,0.0,Unchanged,2019,JP3389900006
0.0,0.0,0.0,0.0,Unchanged,2019,JP3397200001
0.0,0.0,0.0,0.0,Unchanged,2019,JP3401400001
0.0,0.0,0.0,0.0,Unchanged,2019,JP3402600005
0.0,0.0,0.0,0.0,Unchanged,2019,JP3409000001
0.0,0.0,0.0,0.0,Unchanged,2019,JP3421100003
0.0,0.0,0.0,0.0,Unchanged,2019,JP3436100006
0.0,0.0,0.0,0.0,Unchanged,2019,JP3449020001
0.0,0.0,0.0,0.0,Unchanged,2019,JP3452000007
0.0,0.0,0.0,0.0,Unchanged,2019,JP3475350009
0.0,0.0,0.0,0.0,Unchanged,2019,JP3481800005
0.0,0.0,0.0,0.0,Unchanged,2019,JP3485800001
0.0,0.0,0.0,0.0,Unchanged,2019,JP3491000000
0.0,0.0,0.0,0.0,Unchanged,2019,JP3493800001
0.0,0.0,0.0,0.0,Unchanged,2019,JP3519400000
0.0,0.0,0.0,0.0,Unchanged,2019,JP3522200009
0.0,0.0,0.0,0.0,Unchanged,2019,JP3526600006
0.0,0.0,0.0,0.0,Unchanged,2019,JP3528600004
0.0,0.0,0.0,0.0,Unchanged,2019,JP3538800008
0.0,0.0,0.0,0.0,Unchanged,2019,JP3544000007
0.0,0.0,0.0,0.0,Unchanged,2019,JP3546800008
0.0,0.0,0.0,0.0,Unchanged,2019,JP3549600009
0.0,0.0,0.0,0.0,Unchanged,2019,JP3551200003
0.0,0.0,0.0,0.0,Unchanged,2019,JP3551520004
0.0,0.0,0.0,0.0,Unchanged,2019,JP3560800009
0.0,0.0,0.0,0.0,Unchanged,2019,JP3571400005
0.0,0.0,0.0,0.0,Unchanged,2019,JP3582600007
0.0,0.0,0.0,0.0,Unchanged,2019,JP3585800000
0.0,0.0,0.0,0.0,Unchanged,2019,JP3592200004
0.0,0.0,0.0,0.0,Unchanged,2019,JP3595200001
0.0,0.0,0.0,0.0,Unchanged,2019,JP3596200000
0.0,0.0,0.0,0.0,Unchanged,2019,JP3605400005
0.0,0.0,0.0,0.0,Unchanged,2019,JP3613400005
0.0,0.0,0.0,0.0,Unchanged,2019,JP3619800000
0.0,0.0,0.0,0.0,Unchanged,2019,JP3629000005
0.0,0.0,0.0,0.0,Unchanged,2019,JP3635000007
0.0,0.0,0.0,0.0,Unchanged,2019,JP3635400009
0.0,0.0,0.0,0.0,Unchanged,2019,JP3638600001
0.0,0.0,0.0,0.0,Unchanged,2019,JP3663900003
0.0,0.0,0.0,0.0,Unchanged,2019,JP3665200006
0.0,0.0,0.0,0.0,Unchanged,2019,JP3667600005
0.0,0.0,0.0,0.0,Unchanged,2019,JP3670800006
0.0,0.0,0.0,0.0,Unchanged,2019,JP3672400003
0.0,0.0,0.0,0.0,Unchanged,2019,JP3678000005
0.0,0.0,0.0,0.0,Unchanged,2019,JP3686800008
0.0,0.0,0.0,0.0,Unchanged,2019,JP3711600001
0.0,0.0,0.0,0.0,Unchanged,2019,JP3721400004
0.0,0.0,0.0,0.0,Unchanged,2019,JP3726800000
0.0,0.0,0.0,0.0,Unchanged,2019,JP3753000003
0.0,0.0,0.0,0.0,Unchanged,2019,JP3792600003
0.0,0.0,0.0,0.0,Unchanged,2019,JP3802300008
0.0,0.0,0.0,0.0,Unchanged,2019,JP3811000003
0.0,0.0,0.0,0.0,Unchanged,2019,JP3820000002
0.0,0.0,0.0,0.0,Unchanged,2019,JP3835620000
0.0,0.0,0.0,0.0,Unchanged,2019,JP3845400005
0.0,0.0,0.0,0.0,Unchanged,2019,JP3850200001
0.0,0.0,0.0,0.0,Unchanged,2019,JP3870400003
0.0,0.0,0.0,0.0,Unchanged,2019,JP3888300005
0.0,0.0,0.0,0.0,Unchanged,2019,JP3888400003
0.0,0.0,0.0,0.0,Unchanged,2019,JP3891600003
0.0,0.0,0.0,0.0,Unchanged,2019,JP3898400001
0.0,0.0,0.0,0.0,Unchanged,2019,JP3899600005
0.0,0.0,0.0,0.0,Unchanged,2019,JP3903000002
0.0,0.0,0.0,0.0,Unchanged,2019,JP3914400001
0.0,0.0,0.0,0.0,Unchanged,2019,JP3942600002
0.0,0.0,0.0,0.0,Unchanged,2019,KYG0535Q1331
0.0,0.0,0.0,0.0,Unchanged,2019,KYG2108Y1052
0.0,0.0,0.0,0.0,Unchanged,2019,KYG217651051
0.0,0.0,0.0,0.0,Unchanged,2019,KYG5427W1309
0.0,0.0,0.0,0.0,Unchanged,2019,NZAIRE0001S2
0.0,0.0,0.0,0.0,Unchanged,2019,NZCENE0001S6
0.0,0.0,0.0,0.0,Unchanged,2019,SG1N31909426
0.0,0.0,0.0,0.0,Unchanged,2019,SG1R50925390
0.0,0.0,0.0,0.0,Unchanged,2019,SG1R89002252
0.0,0.0,0.0,0.0,Unchanged,2019,SG1S83002349
0.0,0.0,0.0,0.0,Unchanged,2019,SG1T58930911
0.0,0.0,0.0,0.0,Unchanged,2019,SG1V61937297
0.0,0.0,0.0,0.0,Unchanged,2019,SGXE21576413
0.3714597867945925,0.20060488238240784,-0.17085490441218468,0.17085490441218468,Underweighted,2020,HK0002007356
0.0,0.03326209943407493,0.03326209943407493,0.03326209943407493,Added,2020,HK0003000038
0.005194379846937104,0.03138666945633217,0.02619228960939507,0.02619228960939507,Overweighted,2020,HK0066009694
0.0,0.021340971675157257,0.021340971675157257,0.021340971675157257,Added,2020,HK0011000095
0.021144014187265813,6.674671825195823e-10,-0.02114401351979863,0.02114401351979863,Underweighted,2020,MU0117U00026
0.049745373452739675,0.06583398823142443,0.016088614778684757,0.016088614778684757,Overweighted,2020,JP3613000003
0.053487082985690354,0.06896397096114566,0.015476887975455308,0.015476887975455308,Overweighted,2020,JP3326410002
0.055209102990585644,0.07016474205126048,0.01495563906067484,0.01495563906067484,Overweighted,2020,JP3421800008
0.0,0.014922747814122915,0.014922747814122915,0.014922747814122915,Added,2020,HK0823032773
0.014129080395011684,0.00033810763959158014,-0.013790972755420104,0.013790972755420104,Underweighted,2020,JP3305990008
0.0033834173491836964,0.01633817379813385,0.012954756448950156,0.012954756448950156,Overweighted,2020,JP3657400002
0.020524783560036116,0.032890805488164844,0.012366021928128728,0.012366021928128728,Overweighted,2020,JP3165700000
0.005462533007954626,0.01727913396368562,0.011816600955730994,0.011816600955730994,Overweighted,2020,JP3116000005
0.010498750056563696,0.02221168630320136,0.011712936246637665,0.011712936246637665,Overweighted,2020,JP3260800002
0.010628160795879282,4.745717436371484e-11,-0.010628160748422108,0.010628160748422108,Underweighted,2020,JP3180400008
0.030240485129840403,0.039360687497950825,0.009120202368110421,0.009120202368110421,Overweighted,2020,JP3143600009
0.01391809522212342,0.02267676748522267,0.008758672263099251,0.008758672263099251,Overweighted,2020,SG1T58930911
0.08157284442362053,0.08984053058502058,0.008267686161400042,0.008267686161400042,Overweighted,2020,JP3982100004
0.000740143831662848,0.00809867737626564,0.007358533544602792,0.007358533544602792,Overweighted,2020,BMG988031446
0.027052071516277996,0.03311296092234704,0.006060889406069046,0.006060889406069046,Overweighted,2020,JP3711200000
0.005224297675009761,9.223424098553397e-11,-0.00522429758277552,0.00522429758277552,Underweighted,2020,JP3400900001
0.01949684058986661,0.024165303141993912,0.004668462552127304,0.004668462552127304,Overweighted,2020,JP3902900004
0.00460702944218733,3.9554630954978337e-10,-0.00460702904664102,0.00460702904664102,Underweighted,2020,JP3429800000
0.00940133866933253,0.005127383045740582,-0.004273955623591949,0.004273955623591949,Underweighted,2020,JP3119600009
0.010519861728509227,0.006323983227889653,-0.004195878500619574,0.004195878500619574,Underweighted,2020,HK0006000050
0.018690313098921316,0.014698625864157861,-0.003991687234763454,0.003991687234763454,Underweighted,2020,JP3786200000
0.0037358290638072164,0.0003115072183061066,-0.00342432184550111,0.00342432184550111,Underweighted,2020,JP3711600001
0.00778063116734505,0.010532366026467517,0.002751734859122467,0.002751734859122467,Overweighted,2020,JP3774200004
0.0023767420509485963,0.004917640781933285,0.0025408987309846883,0.0025408987309846883,Overweighted,2020,JP3539220008
0.0,0.0018590520621184943,0.0018590520621184943,0.0018590520621184943,Added,2020,KYG210961051
0.04849548281536186,0.05028535646104027,0.001789873645678411,0.001789873645678411,Overweighted,2020,JP3573000001
0.0012689050941585354,1.8473169888905482e-08,-0.0012688866209886465,0.0012688866209886465,Underweighted,2020,JP3814800003
0.014203624948310711,0.01351601389559896,-0.0006876110527117511,0.0006876110527117511,Underweighted,2020,JP3621000003
0.0387310061877726,0.038327528661996915,-0.0004034775257756862,0.0004034775257756862,Underweighted,2020,JP3735400008
0.0,0.00020327022196708018,0.00020327022196708018,0.00020327022196708018,Added,2020,JP3893600001
0.041077991922503145,0.041081946969668694,3.955047165549175e-06,3.955047165549175e-06,Overweighted,2020,JP3633400001
0.0,3.301193342619574e-07,3.301193342619574e-07,3.301193342619574e-07,Added,2020,AU000000PPT9
0.0,3.299015062599162e-07,3.299015062599162e-07,3.299015062599162e-07,Added,2020,US89677Q1076
0.0,3.2274862514196044e-07,3.2274862514196044e-07,3.2274862514196044e-07,Added,2020,BMG4600H1198
0.0,2.9336845051579947e-07,2.9336845051579947e-07,2.9336845051579947e-07,Added,2020,AU000000CGF5
0.0,2.767144990199428e-07,2.767144990199428e-07,2.767144990199428e-07,Added,2020,HK0165000859
0.0,2.73654412044948e-07,2.73654412044948e-07,2.73654412044948e-07,Added,2020,JP3389900006
0.0,2.717834239899389e-07,2.717834239899389e-07,2.717834239899389e-07,Added,2020,AU000000AMP6
0.0,2.6455844313612195e-07,2.6455844313612195e-07,2.6455844313612195e-07,Added,2020,JP3762600009
0.0,2.6286127338776906e-07,2.6286127338776906e-07,2.6286127338776906e-07,Added,2020,AU000000WBC1
0.0,2.5792529361876303e-07,2.5792529361876303e-07,2.5792529361876303e-07,Added,2020,AU000000MAH3
0.0,2.574050762328378e-07,2.574050762328378e-07,2.574050762328378e-07,Added,2020,AU000000ANZ3
0.0,2.573428905797131e-07,2.573428905797131e-07,2.573428905797131e-07,Added,2020,JP3122400009
0.0,2.500305810089971e-07,2.500305810089971e-07,2.500305810089971e-07,Added,2020,HK0388045442
0.0,2.493843489379683e-07,2.493843489379683e-07,2.493843489379683e-07,Added,2020,AU000000NAB4
0.0,2.4844456440443537e-07,2.4844456440443537e-07,2.4844456440443537e-07,Added,2020,SGXE21576413
0.0,2.461096382926276e-07,2.461096382926276e-07,2.461096382926276e-07,Added,2020,AU000000IAG3
0.0,2.4556124087547116e-07,2.4556124087547116e-07,2.4556124087547116e-07,Added,2020,AU000000IRE2
0.0,2.43955581030007e-07,2.43955581030007e-07,2.43955581030007e-07,Added,2020,AU000000QBE9
0.0,2.4375052863599877e-07,2.4375052863599877e-07,2.4375052863599877e-07,Added,2020,AU000000COH5
0.0,2.3499348636491046e-07,2.3499348636491046e-07,2.3499348636491046e-07,Added,2020,SG1R89002252
0.0,2.325052590903309e-07,2.325052590903309e-07,2.325052590903309e-07,Added,2020,AU000000MQG1
0.0,2.3153971775416304e-07,2.3153971775416304e-07,2.3153971775416304e-07,Added,2020,KYG0535Q1331
0.0,2.2105897298408994e-07,2.2105897298408994e-07,2.2105897298408994e-07,Added,2020,JP3571400005
0.0,2.088400544838773e-07,2.088400544838773e-07,2.088400544838773e-07,Added,2020,SG2B80958517
0.0,2.0562926687716004e-07,2.0562926687716004e-07,2.0562926687716004e-07,Added,2020,HK0688002218
0.0,2.041190818297974e-07,2.041190818297974e-07,2.041190818297974e-07,Added,2020,HK0000608585
0.0,2.0237764577408917e-07,2.0237764577408917e-07,2.0237764577408917e-07,Added,2020,AU000000SUN6
0.0,1.9773249550260014e-07,1.9773249550260014e-07,1.9773249550260014e-07,Added,2020,HK0000745908
0.0,1.9574781760518176e-07,1.9574781760518176e-07,1.9574781760518176e-07,Added,2020,AU000000CBA7
0.0,1.9062548525798616e-07,1.9062548525798616e-07,1.9062548525798616e-07,Added,2020,BMG524401079
0.0,1.8333687078818885e-07,1.8333687078818885e-07,1.8333687078818885e-07,Added,2020,AU000000ALL7
0.0,1.8239559801452274e-07,1.8239559801452274e-07,1.8239559801452274e-07,Added,2020,AU000000TAH8
0.0,1.7931777387026758e-07,1.7931777387026758e-07,1.7931777387026758e-07,Added,2020,JP3409000001
0.0,1.7652581693758323e-07,1.7652581693758323e-07,1.7652581693758323e-07,Added,2020,JP3862400003
0.0,1.722135136212181e-07,1.722135136212181e-07,1.722135136212181e-07,Added,2020,HK0012000102
0.0,1.6910132395507338e-07,1.6910132395507338e-07,1.6910132395507338e-07,Added,2020,HK0083000502
0.0,1.6799693456578123e-07,1.6799693456578123e-07,1.6799693456578123e-07,Added,2020,HK0014000126
0.0,1.6445079626205034e-07,1.6445079626205034e-07,1.6445079626205034e-07,Added,2020,AU000000BEN6
0.0,1.6434998685551669e-07,1.6434998685551669e-07,1.6434998685551669e-07,Added,2020,HK0016000132
0.0,1.6406151759538446e-07,1.6406151759538446e-07,1.6406151759538446e-07,Added,2020,AU000000ASX7
0.0,1.6274756751294263e-07,1.6274756751294263e-07,1.6274756751294263e-07,Added,2020,JP3502200003
0.0,1.6199641186960944e-07,1.6199641186960944e-07,1.6199641186960944e-07,Added,2020,AU000000MGR9
0.0,1.588084896591176e-07,1.588084896591176e-07,1.588084896591176e-07,Added,2020,JP3756600007
0.0,1.5842549973761805e-07,1.5842549973761805e-07,1.5842549973761805e-07,Added,2020,SG9999003735
0.0,1.5802588703088073e-07,1.5802588703088073e-07,1.5802588703088073e-07,Added,2020,HK0010000088
0.0,1.5744430507935382e-07,1.5744430507935382e-07,1.5744430507935382e-07,Added,2020,SG1S83002349
0.0,1.5434079770365536e-07,1.5434079770365536e-07,1.5434079770365536e-07,Added,2020,NZAIAE0002S6
0.0,1.4912387630762098e-07,1.4912387630762098e-07,1.4912387630762098e-07,Added,2020,BMG2108M2182
0.0,1.460718840776211e-07,1.460718840776211e-07,1.460718840776211e-07,Added,2020,AU000000BWP3
0.0,1.4409889766182112e-07,1.4409889766182112e-07,1.4409889766182112e-07,Added,2020,HK0200030994
0.0,1.436911279930781e-07,1.436911279930781e-07,1.436911279930781e-07,Added,2020,HK0004000045
0.0,1.4263432938647123e-07,1.4263432938647123e-07,1.4263432938647123e-07,Added,2020,HK0023000190
0.0,1.425827137942399e-07,1.425827137942399e-07,1.425827137942399e-07,Added,2020,SG1J26887955
0.0,1.4231536456180427e-07,1.4231536456180427e-07,1.4231536456180427e-07,Added,2020,SG1L01001701
0.0,1.4110465246175326e-07,1.4110465246175326e-07,1.4110465246175326e-07,Added,2020,AU000000SHL7
0.0,1.3990114822581113e-07,1.3990114822581113e-07,1.3990114822581113e-07,Added,2020,AU000000WOR2
0.0,1.3809615354555094e-07,1.3809615354555094e-07,1.3809615354555094e-07,Added,2020,JP3209000003
0.0,1.3758486172510284e-07,1.3758486172510284e-07,1.3758486172510284e-07,Added,2020,HK2388011192
0.0,1.2973089340041507e-07,1.2973089340041507e-07,1.2973089340041507e-07,Added,2020,JP3436100006
0.0,1.288311868853619e-07,1.288311868853619e-07,1.288311868853619e-07,Added,2020,HK0000055878
0.0,1.2692824279256602e-07,1.2692824279256602e-07,1.2692824279256602e-07,Added,2020,SG1U68934629
0.0,1.258655784295262e-07,1.258655784295262e-07,1.258655784295262e-07,Added,2020,JP3890350006
0.0,1.2546853774375132e-07,1.2546853774375132e-07,1.2546853774375132e-07,Added,2020,NZSKCE0001S2
0.0,1.24624993362536e-07,1.24624993362536e-07,1.24624993362536e-07,Added,2020,JP3870000001
0.0,1.2371105730777097e-07,1.2371105730777097e-07,1.2371105730777097e-07,Added,2020,JP3528600004
0.0,1.233276136529688e-07,1.233276136529688e-07,1.233276136529688e-07,Added,2020,JP3172100004
0.0,1.2233659267654482e-07,1.2233659267654482e-07,1.2233659267654482e-07,Added,2020,JP3435000009
0.0,1.206461413415771e-07,1.206461413415771e-07,1.206461413415771e-07,Added,2020,JP3799000009
0.0,1.2010945440038502e-07,1.2010945440038502e-07,1.2010945440038502e-07,Added,2020,AU000000TCL6
0.0,1.1969792711349494e-07,1.1969792711349494e-07,1.1969792711349494e-07,Added,2020,AU000000CSL8
0.0,1.1914464366059286e-07,1.1914464366059286e-07,1.1914464366059286e-07,Added,2020,AU000000GPT8
0.0,1.1840935713828257e-07,1.1840935713828257e-07,1.1840935713828257e-07,Added,2020,AU000000DXS1
0.0,1.1637905970818058e-07,1.1637905970818058e-07,1.1637905970818058e-07,Added,2020,AU000000MND5
0.0,1.1453225012908902e-07,1.1453225012908902e-07,1.1453225012908902e-07,Added,2020,NZTELE0001S4
0.0,1.1158338841210888e-07,1.1158338841210888e-07,1.1158338841210888e-07,Added,2020,JP3582600007
0.0,1.1131373722251856e-07,1.1131373722251856e-07,1.1131373722251856e-07,Added,2020,JP3494600004
0.0,1.0863616917592431e-07,1.0863616917592431e-07,1.0863616917592431e-07,Added,2020,JP3283650004
0.0,1.0676102080886185e-07,1.0676102080886185e-07,1.0676102080886185e-07,Added,2020,JP3197600004
0.0,9.945595168661073e-08,9.945595168661073e-08,9.945595168661073e-08,Added,2020,JP3499800005
0.0,9.910795625127247e-08,9.910795625127247e-08,9.910795625127247e-08,Added,2020,JP3519400000
0.0,9.859588501031112e-08,9.859588501031112e-08,9.859588501031112e-08,Added,2020,AU000000TLS2
0.0,9.755865393023066e-08,9.755865393023066e-08,9.755865393023066e-08,Added,2020,JP3778630008
0.0,9.574261064794226e-08,9.574261064794226e-08,9.574261064794226e-08,Added,2020,JP3942600002
0.0,9.510580504762588e-08,9.510580504762588e-08,9.510580504762588e-08,Added,2020,JP3551520004
0.0,9.482546131337096e-08,9.482546131337096e-08,9.482546131337096e-08,Added,2020,JP3118000003
0.0,9.316478609293579e-08,9.316478609293579e-08,9.316478609293579e-08,Added,2020,IE00BKVD2N49
0.0,9.271464668737001e-08,9.271464668737001e-08,9.271464668737001e-08,Added,2020,JP3304200003
0.0,9.237334787298711e-08,9.237334787298711e-08,9.237334787298711e-08,Added,2020,JP3890310000
0.0,9.217772136129046e-08,9.217772136129046e-08,9.217772136129046e-08,Added,2020,JP3933800009
0.0,9.217167961314279e-08,9.217167961314279e-08,9.217167961314279e-08,Added,2020,JP3197800000
0.0,9.092236752266002e-08,9.092236752266002e-08,9.092236752266002e-08,Added,2020,SG1M51904654
0.0,9.009300217098396e-08,9.009300217098396e-08,9.009300217098396e-08,Added,2020,JP3040890000
0.0,8.845973292843462e-08,8.845973292843462e-08,8.845973292843462e-08,Added,2020,JP3766550002
0.0,8.741160477182646e-08,8.741160477182646e-08,8.741160477182646e-08,Added,2020,JP3126400005
0.0,8.682159001746537e-08,8.682159001746537e-08,8.682159001746537e-08,Added,2020,JP3893200000
0.0,8.383423123878769e-08,8.383423123878769e-08,8.383423123878769e-08,Added,2020,JP3358200008
0.0,8.331614383135994e-08,8.331614383135994e-08,8.331614383135994e-08,Added,2020,JP3734800000
0.0,8.005295047146422e-08,8.005295047146422e-08,8.005295047146422e-08,Added,2020,AU000000FLT9
0.0,7.997736763322206e-08,7.997736763322206e-08,7.997736763322206e-08,Added,2020,AU000000SGP0
0.0,7.890936178710426e-08,7.890936178710426e-08,7.890936178710426e-08,Added,2020,HK0000139300
0.0,7.667538717948803e-08,7.667538717948803e-08,7.667538717948803e-08,Added,2020,JP3173400007
0.0,7.61656318020682e-08,7.61656318020682e-08,7.61656318020682e-08,Added,2020,JP3347200002
0.0,7.557185085290149e-08,7.557185085290149e-08,7.557185085290149e-08,Added,2020,JP3357200009
0.0,7.529507649514518e-08,7.529507649514518e-08,7.529507649514518e-08,Added,2020,AU000000IVC8
0.0,7.51544847464875e-08,7.51544847464875e-08,7.51544847464875e-08,Added,2020,JP3419050004
0.0,7.442439079519853e-08,7.442439079519853e-08,7.442439079519853e-08,Added,2020,JP3910660004
0.0,7.41758128868601e-08,7.41758128868601e-08,7.41758128868601e-08,Added,2020,SG1P66918738
0.0,7.39450602391385e-08,7.39450602391385e-08,7.39450602391385e-08,Added,2020,SGXE34184239
0.0,7.347303411872784e-08,7.347303411872784e-08,7.347303411872784e-08,Added,2020,JP3358000002
0.0,7.332265349344275e-08,7.332265349344275e-08,7.332265349344275e-08,Added,2020,AU000000MTS0
0.0,7.181259595095015e-08,7.181259595095015e-08,7.181259595095015e-08,Added,2020,JP3899600005
0.0,7.149552139292204e-08,7.149552139292204e-08,7.149552139292204e-08,Added,2020,JP3733000008
0.0,7.067445585288308e-08,7.067445585288308e-08,7.067445585288308e-08,Added,2020,JP3802300008
0.0,6.851915740666555e-08,6.851915740666555e-08,6.851915740666555e-08,Added,2020,JP3511800009
0.0,6.780141995750687e-08,6.780141995750687e-08,6.780141995750687e-08,Added,2020,AU000000IGO4
0.0,6.743027208419741e-08,6.743027208419741e-08,6.743027208419741e-08,Added,2020,JP3967200001
0.0,6.726797564034426e-08,6.726797564034426e-08,6.726797564034426e-08,Added,2020,AU000000CQR9
0.0,6.684036776328843e-08,6.684036776328843e-08,6.684036776328843e-08,Added,2020,HK0363006039
0.0,6.559414249116562e-08,6.559414249116562e-08,6.559414249116562e-08,Added,2020,AU000000RHC8
0.0,6.542103634498361e-08,6.542103634498361e-08,6.542103634498361e-08,Added,2020,JP3870400003
0.0,6.370506687355841e-08,6.370506687355841e-08,6.370506687355841e-08,Added,2020,JP3256000005
0.0,6.305650440389019e-08,6.305650440389019e-08,6.305650440389019e-08,Added,2020,JP3452000007
0.0,6.258489856756078e-08,6.258489856756078e-08,6.258489856756078e-08,Added,2020,JP3131430005
0.0,6.238801960830389e-08,6.238801960830389e-08,6.238801960830389e-08,Added,2020,SG1F60858221
0.0,6.198188893035769e-08,6.198188893035769e-08,6.198188893035769e-08,Added,2020,SG1T75931496
0.0,6.121382602783219e-08,6.121382602783219e-08,6.121382602783219e-08,Added,2020,JP3762800005
0.0,6.073692931618187e-08,6.073692931618187e-08,6.073692931618187e-08,Added,2020,HK0144000764
0.0,6.073535433556544e-08,6.073535433556544e-08,6.073535433556544e-08,Added,2020,JP3811000003
0.0,5.990004148791328e-08,5.990004148791328e-08,5.990004148791328e-08,Added,2020,JP3166000004
0.0,5.825183888038684e-08,5.825183888038684e-08,5.825183888038684e-08,Added,2020,SG9999000020
0.0,5.7952276835544014e-08,5.7952276835544014e-08,5.7952276835544014e-08,Added,2020,AU000000SIG5
0.0,5.750336786452801e-08,5.750336786452801e-08,5.750336786452801e-08,Added,2020,AU000000SGM7
0.0,5.748485974696626e-08,5.748485974696626e-08,5.748485974696626e-08,Added,2020,JP3830000000
0.0,5.471936892010788e-08,5.471936892010788e-08,5.471936892010788e-08,Added,2020,JP3914400001
0.0,5.4515286052771715e-08,5.4515286052771715e-08,5.4515286052771715e-08,Added,2020,AU000000OZL8
0.0,5.416889571803125e-08,5.416889571803125e-08,5.416889571803125e-08,Added,2020,JP3322930003
0.0,5.2784814240914606e-08,5.2784814240914606e-08,5.2784814240914606e-08,Added,2020,JP3496400007
0.0,5.2445714695905005e-08,5.2445714695905005e-08,5.2445714695905005e-08,Added,2020,KYG2108Y1052
0.0,5.2388171157995174e-08,5.2388171157995174e-08,5.2388171157995174e-08,Added,2020,AU000000GWA4
0.0,5.20901911862617e-08,5.20901911862617e-08,5.20901911862617e-08,Added,2020,JP3194000000
0.0,5.207449457823792e-08,5.207449457823792e-08,5.207449457823792e-08,Added,2020,JP3351600006
0.0,5.18191474617928e-08,5.18191474617928e-08,5.18191474617928e-08,Added,2020,JP3274400005
0.0,5.122428046476417e-08,5.122428046476417e-08,5.122428046476417e-08,Added,2020,JP3818000006
0.0,5.068628179051074e-08,5.068628179051074e-08,5.068628179051074e-08,Added,2020,AU000000LLC3
0.0,4.928923362376654e-08,4.928923362376654e-08,4.928923362376654e-08,Added,2020,JP3826800009
0.0,4.8117470156931195e-08,4.8117470156931195e-08,4.8117470156931195e-08,Added,2020,JP3027670003
0.0,4.807727352515777e-08,4.807727352515777e-08,4.807727352515777e-08,Added,2020,HK0008011667
0.0,4.7614086704137635e-08,4.7614086704137635e-08,4.7614086704137635e-08,Added,2020,JP3201200007
0.0,4.5396399249182405e-08,4.5396399249182405e-08,4.5396399249182405e-08,Added,2020,JP3837800006
0.0,4.486473910925815e-08,4.486473910925815e-08,4.486473910925815e-08,Added,2020,JP3160400002
0.0,4.4469830968947146e-08,4.4469830968947146e-08,4.4469830968947146e-08,Added,2020,JP3939000000
0.0,4.4143940872982604e-08,4.4143940872982604e-08,4.4143940872982604e-08,Added,2020,JP3819400007
0.0,4.352421687822182e-08,4.352421687822182e-08,4.352421687822182e-08,Added,2020,JP3787000003
0.0,4.323297206295709e-08,4.323297206295709e-08,4.323297206295709e-08,Added,2020,JP3495000006
0.0,4.287545512530157e-08,4.287545512530157e-08,4.287545512530157e-08,Added,2020,JP3546800008
0.0,4.140122863924552e-08,4.140122863924552e-08,4.140122863924552e-08,Added,2020,JP3475350009
0.0,3.982940804140567e-08,3.982940804140567e-08,3.982940804140567e-08,Added,2020,HK0308001558
0.0,3.971178728007825e-08,3.971178728007825e-08,3.971178728007825e-08,Added,2020,JP3456000003
0.0,3.959477703468294e-08,3.959477703468294e-08,3.959477703468294e-08,Added,2020,JP3351100007
0.0,3.907448770871908e-08,3.907448770871908e-08,3.907448770871908e-08,Added,2020,JP3463000004
0.0,3.8458953269978e-08,3.8458953269978e-08,3.8458953269978e-08,Added,2020,JP3538800008
0.0,3.7980281911285326e-08,3.7980281911285326e-08,3.7980281911285326e-08,Added,2020,AU000000ELD6
0.0,3.771938823105546e-08,3.771938823105546e-08,3.771938823105546e-08,Added,2020,HK0291001490
0.0,3.696538472507722e-08,3.696538472507722e-08,3.696538472507722e-08,Added,2020,JP3866800000
0.0,3.691949221672702e-08,3.691949221672702e-08,3.691949221672702e-08,Added,2020,JP3242800005
0.0,3.6808944515949696e-08,3.6808944515949696e-08,3.6808944515949696e-08,Added,2020,JP3249600002
0.0,3.658487831759096e-08,3.658487831759096e-08,3.658487831759096e-08,Added,2020,JP3598600009
0.0,3.607246228757475e-08,3.607246228757475e-08,3.607246228757475e-08,Added,2020,BMG8063F1068
0.0,3.478651342720055e-08,3.478651342720055e-08,3.478651342720055e-08,Added,2020,HK0000049939
0.0,3.410507859281746e-08,3.410507859281746e-08,3.410507859281746e-08,Added,2020,JP3756100008
0.0,3.387178010537158e-08,3.387178010537158e-08,3.387178010537158e-08,Added,2020,JP3726800000
0.0,3.3693191763282334e-08,3.3693191763282334e-08,3.3693191763282334e-08,Added,2020,JP3951600000
0.0,3.347286935278346e-08,3.347286935278346e-08,3.347286935278346e-08,Added,2020,JP3156400008
0.0,3.341517992505478e-08,3.341517992505478e-08,3.341517992505478e-08,Added,2020,JP3894900004
0.0,3.2974652855136377e-08,3.2974652855136377e-08,3.2974652855136377e-08,Added,2020,JP3405400007
0.0,3.27925068073978e-08,3.27925068073978e-08,3.27925068073978e-08,Added,2020,JP3126340003
0.0,3.248105401957298e-08,3.248105401957298e-08,3.248105401957298e-08,Added,2020,JP3942400007
0.0,3.225463218344392e-08,3.225463218344392e-08,3.225463218344392e-08,Added,2020,JP3134800006
0.0,3.2222803579577526e-08,3.2222803579577526e-08,3.2222803579577526e-08,Added,2020,JP3868400007
0.0,3.190894160464738e-08,3.190894160464738e-08,3.190894160464738e-08,Added,2020,JP3200450009
0.0,3.174019458456889e-08,3.174019458456889e-08,3.174019458456889e-08,Added,2020,JP3902400005
0.0,3.080535447970329e-08,3.080535447970329e-08,3.080535447970329e-08,Added,2020,AU000000DOW2
0.0,3.017029619391713e-08,3.017029619391713e-08,3.017029619391713e-08,Added,2020,JP3359600008
0.0,3.0161133997833314e-08,3.0161133997833314e-08,3.0161133997833314e-08,Added,2020,JP3190000004
0.0,2.9985917854201484e-08,2.9985917854201484e-08,2.9985917854201484e-08,Added,2020,JP3955000009
0.0,2.979811881114899e-08,2.979811881114899e-08,2.979811881114899e-08,Added,2020,BMG2442N1048
0.0,2.918399842892968e-08,2.918399842892968e-08,2.918399842892968e-08,Added,2020,JP3720800006
0.0,2.900001512205419e-08,2.900001512205419e-08,2.900001512205419e-08,Added,2020,JP3375800004
0.0,2.829687089587474e-08,2.829687089587474e-08,2.829687089587474e-08,Added,2020,JP3592200004
0.0,2.816687386183464e-08,2.816687386183464e-08,2.816687386183464e-08,Added,2020,JP3420600003
0.0,2.7334387656167486e-08,2.7334387656167486e-08,2.7334387656167486e-08,Added,2020,JP3635400009
0.0,2.690165783140965e-08,2.690165783140965e-08,2.690165783140965e-08,Added,2020,JP3982800009
0.0,2.6279074478202516e-08,2.6279074478202516e-08,2.6279074478202516e-08,Added,2020,JP3684000007
0.0,2.5539159168248268e-08,2.5539159168248268e-08,2.5539159168248268e-08,Added,2020,JP3352400000
0.0,2.5217928396674924e-08,2.5217928396674924e-08,2.5217928396674924e-08,Added,2020,JP3835620000
0.0,2.517989468759349e-08,2.517989468759349e-08,2.517989468759349e-08,Added,2020,JP3336000009
0.0,2.489133058753699e-08,2.489133058753699e-08,2.489133058753699e-08,Added,2020,JP3419400001
0.0,2.480928842363796e-08,2.480928842363796e-08,2.480928842363796e-08,Added,2020,JP3027680002
0.0,2.4798297112156774e-08,2.4798297112156774e-08,2.4798297112156774e-08,Added,2020,JP3634600005
0.0,2.4175137634542696e-08,2.4175137634542696e-08,2.4175137634542696e-08,Added,2020,JP3942800008
0.0,2.3644779992906192e-08,2.3644779992906192e-08,2.3644779992906192e-08,Added,2020,JP3148800000
0.0,2.3515363235497764e-08,2.3515363235497764e-08,2.3515363235497764e-08,Added,2020,AU000000WOW2
0.0,2.3249685268897973e-08,2.3249685268897973e-08,2.3249685268897973e-08,Added,2020,JP3827200001
0.0,2.317171160701418e-08,2.317171160701418e-08,2.317171160701418e-08,Added,2020,AU000000ILU1
0.0,2.2747035688405173e-08,2.2747035688405173e-08,2.2747035688405173e-08,Added,2020,JP3165600002
0.0,2.2729129292573448e-08,2.2729129292573448e-08,2.2729129292573448e-08,Added,2020,JP3481800005
0.0,2.235381492294273e-08,2.235381492294273e-08,2.235381492294273e-08,Added,2020,JP3268950007
0.0,2.2185568792796474e-08,2.2185568792796474e-08,2.2185568792796474e-08,Added,2020,JP3137200006
0.0,2.1581134982301736e-08,2.1581134982301736e-08,2.1581134982301736e-08,Added,2020,JP3164800009
0.0,2.154546248776743e-08,2.154546248776743e-08,2.154546248776743e-08,Added,2020,JP3667600005
0.0,2.0824442112014688e-08,2.0824442112014688e-08,2.0824442112014688e-08,Added,2020,JP3738600000
0.0,2.072066060364411e-08,2.072066060364411e-08,2.072066060364411e-08,Added,2020,JP3670800006
0.0,2.059073972120313e-08,2.059073972120313e-08,2.059073972120313e-08,Added,2020,JP3535800001
0.0,2.0378646110501486e-08,2.0378646110501486e-08,2.0378646110501486e-08,Added,2020,JP3224200000
0.0,2.0025063522368497e-08,2.0025063522368497e-08,2.0025063522368497e-08,Added,2020,AU000000BPT9
0.0,1.9750057613240736e-08,1.9750057613240736e-08,1.9750057613240736e-08,Added,2020,JP3792600003
0.0,1.96505427210194e-08,1.96505427210194e-08,1.96505427210194e-08,Added,2020,JP3820000002
0.0,1.951665532036485e-08,1.951665532036485e-08,1.951665532036485e-08,Added,2020,JP3566800003
0.0,1.9200567788043944e-08,1.9200567788043944e-08,1.9200567788043944e-08,Added,2020,JP3854600008
0.0,1.9199597015894967e-08,1.9199597015894967e-08,1.9199597015894967e-08,Added,2020,JP3276400003
0.0,1.9139599323332152e-08,1.9139599323332152e-08,1.9139599323332152e-08,Added,2020,JP3629000005
0.0,1.901031951030418e-08,1.901031951030418e-08,1.901031951030418e-08,Added,2020,JP3320800000
0.0,1.90098139799663e-08,1.90098139799663e-08,1.90098139799663e-08,Added,2020,JP3270000007
0.0,1.8696577340818526e-08,1.8696577340818526e-08,1.8696577340818526e-08,Added,2020,JP3505000004
0.0,1.8630195331078165e-08,1.8630195331078165e-08,1.8630195331078165e-08,Added,2020,JP3672400003
0.0,1.85943185016339e-08,1.85943185016339e-08,1.85943185016339e-08,Added,2020,JP3385820000
0.0,1.7937809280712245e-08,1.7937809280712245e-08,1.7937809280712245e-08,Added,2020,JP3695200000
0.0,1.7856792280665335e-08,1.7856792280665335e-08,1.7856792280665335e-08,Added,2020,JP3358800005
0.0,1.7712782981620945e-08,1.7712782981620945e-08,1.7712782981620945e-08,Added,2020,JP3493400000
0.0,1.7670153164048813e-08,1.7670153164048813e-08,1.7670153164048813e-08,Added,2020,JP3407400005
0.0,1.7534999165817765e-08,1.7534999165817765e-08,1.7534999165817765e-08,Added,2020,AU0000088338
0.0,1.7523911210163327e-08,1.7523911210163327e-08,1.7523911210163327e-08,Added,2020,JP3143000002
0.0,1.7468734915492754e-08,1.7468734915492754e-08,1.7468734915492754e-08,Added,2020,JP3551500006
0.0,1.7355799019884322e-08,1.7355799019884322e-08,1.7355799019884322e-08,Added,2020,JP3371200001
0.0,1.6936457551468755e-08,1.6936457551468755e-08,1.6936457551468755e-08,Added,2020,JP3596200000
0.0,1.62997527163592e-08,1.62997527163592e-08,1.62997527163592e-08,Added,2020,AU000000WES1
0.0,1.6224122172982084e-08,1.6224122172982084e-08,1.6224122172982084e-08,Added,2020,JP3493800001
0.0,1.6217734810939736e-08,1.6217734810939736e-08,1.6217734810939736e-08,Added,2020,JP3634200004
0.0,1.612817932036689e-08,1.612817932036689e-08,1.612817932036689e-08,Added,2020,AU000000BHP4
0.0,1.612173389240678e-08,1.612173389240678e-08,1.612173389240678e-08,Added,2020,JP3210200006
0.0,1.6039348307279152e-08,1.6039348307279152e-08,1.6039348307279152e-08,Added,2020,JP3443600006
0.0,1.554178116336958e-08,1.554178116336958e-08,1.554178116336958e-08,Added,2020,JP3397200001
0.0,1.49957917945935e-08,1.49957917945935e-08,1.49957917945935e-08,Added,2020,JP3102000001
0.0,1.4925796299441753e-08,1.4925796299441753e-08,1.4925796299441753e-08,Added,2020,JP3788600009
0.0,1.4800777979314987e-08,1.4800777979314987e-08,1.4800777979314987e-08,Added,2020,JP3205800000
0.0,1.4540495980888704e-08,1.4540495980888704e-08,1.4540495980888704e-08,Added,2020,JP3900000005
0.0,1.4406366319737722e-08,1.4406366319737722e-08,1.4406366319737722e-08,Added,2020,JP3229400001
0.0,1.3934171321070895e-08,1.3934171321070895e-08,1.3934171321070895e-08,Added,2020,JP3486800000
0.0,1.3530043239119843e-08,1.3530043239119843e-08,1.3530043239119843e-08,Added,2020,AU000000SBM8
0.0,1.3462436016704047e-08,1.3462436016704047e-08,1.3462436016704047e-08,Added,2020,JP3721400004
0.0,1.337521990380225e-08,1.337521990380225e-08,1.337521990380225e-08,Added,2020,JP3385980002
0.0,1.3112911175738728e-08,1.3112911175738728e-08,1.3112911175738728e-08,Added,2020,JP3891600003
0.0,1.2924861564647595e-08,1.2924861564647595e-08,1.2924861564647595e-08,Added,2020,JP3665200006
0.0,1.2643067661876056e-08,1.2643067661876056e-08,1.2643067661876056e-08,Added,2020,JP3796150005
0.0,1.2305551062380903e-08,1.2305551062380903e-08,1.2305551062380903e-08,Added,2020,JP3635000007
0.0,1.2247165945021026e-08,1.2247165945021026e-08,1.2247165945021026e-08,Added,2020,AU000000NCM7
0.0,1.2196441691351281e-08,1.2196441691351281e-08,1.2196441691351281e-08,Added,2020,JP3973400009
0.0,1.1709761061755885e-08,1.1709761061755885e-08,1.1709761061755885e-08,Added,2020,JP3266400005
0.0,1.1706318261386337e-08,1.1706318261386337e-08,1.1706318261386337e-08,Added,2020,JP3300600008
0.0,1.1678842080782272e-08,1.1678842080782272e-08,1.1678842080782272e-08,Added,2020,JP3388200002
0.0,1.0899302618543332e-08,1.0899302618543332e-08,1.0899302618543332e-08,Added,2020,AU000000CIM7
0.0,1.0585939439281666e-08,1.0585939439281666e-08,1.0585939439281666e-08,Added,2020,AU000000APA1
0.0,1.0521707171017354e-08,1.0521707171017354e-08,1.0521707171017354e-08,Added,2020,JP3414750004
0.0,1.0494991893111559e-08,1.0494991893111559e-08,1.0494991893111559e-08,Added,2020,JP3877600001
0.0,1.0450438607181397e-08,1.0450438607181397e-08,1.0450438607181397e-08,Added,2020,BMG668971101
0.0,9.9755302404625e-09,9.9755302404625e-09,9.9755302404625e-09,Added,2020,AU000000CWY3
0.0,9.959891934172326e-09,9.959891934172326e-09,9.959891934172326e-09,Added,2020,JP3742600004
0.0,9.877862198669556e-09,9.877862198669556e-09,9.877862198669556e-09,Added,2020,JP3293200006
0.0,9.716435081897282e-09,9.716435081897282e-09,9.716435081897282e-09,Added,2020,JP3574200006
0.0,8.933801832465734e-09,8.933801832465734e-09,8.933801832465734e-09,Added,2020,JP3769000005
0.0,8.921360180062034e-09,8.921360180062034e-09,8.921360180062034e-09,Added,2020,HK0242001243
0.0,8.583962203378755e-09,8.583962203378755e-09,8.583962203378755e-09,Added,2020,JP3613400005
0.0,8.368779511811753e-09,8.368779511811753e-09,8.368779511811753e-09,Added,2020,JP3404200002
0.0,7.709483915406745e-09,7.709483915406745e-09,7.709483915406745e-09,Added,2020,AU000000BLD2
0.0,7.681931782734716e-09,7.681931782734716e-09,7.681931782734716e-09,Added,2020,JP3258000003
0.0,7.529376675423031e-09,7.529376675423031e-09,7.529376675423031e-09,Added,2020,AU0000038911
0.0,7.405277345350039e-09,7.405277345350039e-09,7.405277345350039e-09,Added,2020,JP3830800003
0.0,7.251534774703058e-09,7.251534774703058e-09,7.251534774703058e-09,Added,2020,AU000000CSR5
0.0,7.249338424773473e-09,7.249338424773473e-09,7.249338424773473e-09,Added,2020,JP3678000005
0.0,7.166456917894278e-09,7.166456917894278e-09,7.166456917894278e-09,Added,2020,JP3659000008
0.0,6.684649533019427e-09,6.684649533019427e-09,6.684649533019427e-09,Added,2020,JP3688370000
0.0,6.652949661917384e-09,6.652949661917384e-09,6.652949661917384e-09,Added,2020,JP3977400005
0.0,6.51968594355425e-09,6.51968594355425e-09,6.51968594355425e-09,Added,2020,JP3783600004
0.0,6.476040777968113e-09,6.476040777968113e-09,6.476040777968113e-09,Added,2020,KYG217651051
0.0,6.241340789206661e-09,6.241340789206661e-09,6.241340789206661e-09,Added,2020,JP3814000000
0.0,5.771669766905646e-09,5.771669766905646e-09,5.771669766905646e-09,Added,2020,JP3402600005
0.0,5.681348191671094e-09,5.681348191671094e-09,5.681348191671094e-09,Added,2020,HK0392044647
0.0,5.543372130144785e-09,5.543372130144785e-09,5.543372130144785e-09,Added,2020,AU0000224040
0.0,5.402424652741123e-09,5.402424652741123e-09,5.402424652741123e-09,Added,2020,JP3579800008
0.0,5.304908656649415e-09,5.304908656649415e-09,5.304908656649415e-09,Added,2020,JP3940000007
0.0,5.202969277984125e-09,5.202969277984125e-09,5.202969277984125e-09,Added,2020,AU000000ORI1
0.0,5.060303327544023e-09,5.060303327544023e-09,5.060303327544023e-09,Added,2020,JP3663900003
0.0,4.957398571287875e-09,4.957398571287875e-09,4.957398571287875e-09,Added,2020,NZFBUE0001S0
0.0,4.9552788398819515e-09,4.9552788398819515e-09,4.9552788398819515e-09,Added,2020,JP3718800000
0.0,4.659240904651921e-09,4.659240904651921e-09,4.659240904651921e-09,Added,2020,AU000000STO6
0.0,4.6324940542263834e-09,4.6324940542263834e-09,4.6324940542263834e-09,Added,2020,JP3626800001
0.0,4.583993655911417e-09,4.583993655911417e-09,4.583993655911417e-09,Added,2020,JP3544000007
0.0,4.2484033306642294e-09,4.2484033306642294e-09,4.2484033306642294e-09,Added,2020,JP3243600008
0.0,4.0071300488964244e-09,4.0071300488964244e-09,4.0071300488964244e-09,Added,2020,SG1B51001017
0.0,3.999084477509153e-09,3.999084477509153e-09,3.999084477509153e-09,Added,2020,JP3404600003
0.0,3.85871664571589e-09,3.85871664571589e-09,3.85871664571589e-09,Added,2020,SG1N31909426
0.0,3.3604506330365672e-09,3.3604506330365672e-09,3.3604506330365672e-09,Added,2020,JP3491000000
0.0,3.3514238552864455e-09,3.3514238552864455e-09,3.3514238552864455e-09,Added,2020,JP3415400005
0.0,3.155543211353245e-09,3.155543211353245e-09,3.155543211353245e-09,Added,2020,JP3898400001
0.0,3.0987896690778654e-09,3.0987896690778654e-09,3.0987896690778654e-09,Added,2020,NZCENE0001S6
0.0,2.9700446108210147e-09,2.9700446108210147e-09,2.9700446108210147e-09,Added,2020,JP3619800000
0.0,2.897561896751139e-09,2.897561896751139e-09,2.897561896751139e-09,Added,2020,JP3743000006
0.0,2.786266265287754e-09,2.786266265287754e-09,2.786266265287754e-09,Added,2020,JP3888400003
0.0,2.731250330335149e-09,2.731250330335149e-09,2.731250330335149e-09,Added,2020,JP3935600001
0.0,2.674168991093699e-09,2.674168991093699e-09,2.674168991093699e-09,Added,2020,JP3733400000
0.0,2.43368548962896e-09,2.43368548962896e-09,2.43368548962896e-09,Added,2020,JP3269600007
0.0,2.3646309378351277e-09,2.3646309378351277e-09,2.3646309378351277e-09,Added,2020,JP3560800009
0.0,2.3562591782275326e-09,2.3562591782275326e-09,2.3562591782275326e-09,Added,2020,KYG525621408
0.0,2.2650060018812236e-09,2.2650060018812236e-09,2.2650060018812236e-09,Added,2020,JP3485800001
0.0,2.193980053068401e-09,2.193980053068401e-09,2.193980053068401e-09,Added,2020,JP3215800008
0.0,2.1735779528077484e-09,2.1735779528077484e-09,2.1735779528077484e-09,Added,2020,AU000000ABC7
0.0,1.9877763245685616e-09,1.9877763245685616e-09,1.9877763245685616e-09,Added,2020,AU000000ERA9
0.0,1.7863857133248574e-09,1.7863857133248574e-09,1.7863857133248574e-09,Added,2020,JP3888300005
0.0,1.7424349881022604e-09,1.7424349881022604e-09,1.7424349881022604e-09,Added,2020,JP3401400001
0.0,1.5535640283841882e-09,1.5535640283841882e-09,1.5535640283841882e-09,Added,2020,KYG5427W1309
0.0,1.5393217403128007e-09,1.5393217403128007e-09,1.5393217403128007e-09,Added,2020,JP3111200006
0.0,1.511623844170884e-09,1.511623844170884e-09,1.511623844170884e-09,Added,2020,JP3421100003
0.0,1.5105772088719785e-09,1.5105772088719785e-09,1.5105772088719785e-09,Added,2020,JP3675600005
0.0,1.5005581782486661e-09,1.5005581782486661e-09,1.5005581782486661e-09,Added,2020,JP3368000000
0.0,1.4968721482786147e-09,1.4968721482786147e-09,1.4968721482786147e-09,Added,2020,AU000000BSL0
0.0,1.3733859410928717e-09,1.3733859410928717e-09,1.3733859410928717e-09,Added,2020,JP3294460005
0.0,1.3210778993829046e-09,1.3210778993829046e-09,1.3210778993829046e-09,Added,2020,JP3549600009
0.0,1.0637988307041542e-09,1.0637988307041542e-09,1.0637988307041542e-09,Added,2020,JP3638600001
0.0,1.0352318412831425e-09,1.0352318412831425e-09,1.0352318412831425e-09,Added,2020,BMG684371393
0.0,1.030262265102985e-09,1.030262265102985e-09,1.030262265102985e-09,Added,2020,JP3112000009
0.0,9.3615029252588e-10,9.3615029252588e-10,9.3615029252588e-10,Added,2020,AU000000QAN2
0.0,8.046572691340556e-10,8.046572691340556e-10,8.046572691340556e-10,Added,2020,BMG677491539
0.0,7.997683343155899e-10,7.997683343155899e-10,7.997683343155899e-10,Added,2020,AU000000ORG5
0.0,6.868266676194696e-10,6.868266676194696e-10,6.868266676194696e-10,Added,2020,NZAIRE0001S2
0.0,6.775274218674938e-10,6.775274218674938e-10,6.775274218674938e-10,Added,2020,JP3595200001
0.0,5.230783769285899e-10,5.230783769285899e-10,5.230783769285899e-10,Added,2020,BMG8403G1033
0.0,4.5512851824113043e-10,4.5512851824113043e-10,4.5512851824113043e-10,Added,2020,JP3174410005
0.0,4.467806565322258e-10,4.467806565322258e-10,4.467806565322258e-10,Added,2020,HK0019000162
0.0,4.067289925426375e-10,4.067289925426375e-10,4.067289925426375e-10,Added,2020,SG1V61937297
0.0,2.889220117324086e-10,2.889220117324086e-10,2.889220117324086e-10,Added,2020,HK0293001514
0.0,2.7366388805961127e-10,2.7366388805961127e-10,2.7366388805961127e-10,Added,2020,JP3228600007
0.0,2.5794448868373813e-10,2.5794448868373813e-10,2.5794448868373813e-10,Added,2020,JP3625000009
0.0,2.573818798194135e-10,2.573818798194135e-10,2.573818798194135e-10,Added,2020,JP3903000002
0.0,2.366277432251031e-10,2.366277432251031e-10,2.366277432251031e-10,Added,2020,JP3686800008
0.0,1.9904648087793198e-10,1.9904648087793198e-10,1.9904648087793198e-10,Added,2020,JP3362700001
0.0,1.7073775419159148e-10,1.7073775419159148e-10,1.7073775419159148e-10,Added,2020,JP3246400000
0.0,1.5080577297799405e-10,1.5080577297799405e-10,1.5080577297799405e-10,Added,2020,JP3350800003
0.0,1.3837993386636103e-10,1.3837993386636103e-10,1.3837993386636103e-10,Added,2020,JP3386030005
0.0,1.2796249352488823e-10,1.2796249352488823e-10,1.2796249352488823e-10,Added,2020,JP3753000003
0.0,1.2433064077617824e-10,1.2433064077617824e-10,1.2433064077617824e-10,Added,2020,JP3158800007
0.0,1.2050337688376903e-10,1.2050337688376903e-10,1.2050337688376903e-10,Added,2020,JP3526600006
0.0,1.1928395144457862e-10,1.1928395144457862e-10,1.1928395144457862e-10,Added,2020,JP3289800009
0.0,1.1801659116480705e-10,1.1801659116480705e-10,1.1801659116480705e-10,Added,2020,JP3605400005
0.0,1.1572176285020003e-10,1.1572176285020003e-10,1.1572176285020003e-10,Added,2020,JP3381000003
0.0,1.1104886283746053e-10,1.1104886283746053e-10,1.1104886283746053e-10,Added,2020,JP3449020001
0.0,8.820246016668758e-11,8.820246016668758e-11,8.820246016668758e-11,Added,2020,SG1R50925390
0.0,8.751147536187876e-11,8.751147536187876e-11,8.751147536187876e-11,Added,2020,JP3585800000
0.0,8.370888014194083e-11,8.370888014194083e-11,8.370888014194083e-11,Added,2020,JP3522200009
0.0,5.763689090321273e-11,5.763689090321273e-11,5.763689090321273e-11,Added,2020,JP3223800008
0.0,5.045649476946458e-11,5.045649476946458e-11,5.045649476946458e-11,Added,2020,JP3850200001
0.0,4.105382912224948e-11,4.105382912224948e-11,4.105382912224948e-11,Added,2020,JP3845400005
0.0,2.735941568070899e-11,2.735941568070899e-11,2.735941568070899e-11,Added,2020,JP3551200003
0.0,0.0,0.0,0.0,Unchanged,2020,BMG2178K1009
0.0,0.0,0.0,0.0,Unchanged,2020,JP3198900007
0.0,0.0,0.0,0.0,Unchanged,2020,JP3600200004
0.0,0.0,0.0,0.0,Unchanged,2020,JP3676800000
0.0,0.0,0.0,0.0,Unchanged,2020,JP3765400001
0.2859765599691178,0.14831566645539437,-0.13766089351372343,0.13766089351372343,Underweighted,2021,HK0002007356
0.02123037750680074,0.0651938204337632,0.04396344292696247,0.04396344292696247,Overweighted,2021,HK0003000038
0.025227987440314285,2.544647674806432e-10,-0.025227987185849517,0.025227987185849517,Underweighted,2021,MU0117U00026
0.013206454601295402,0.03362178459714373,0.02041532999584833,0.02041532999584833,Overweighted,2021,HK0066009694
0.016094851919199668,0.03347050758877997,0.017375655669580305,0.017375655669580305,Overweighted,2021,AU000000SHL7
0.01844481962481811,0.002499467462006954,-0.015945352162811156,0.015945352162811156,Underweighted,2021,JP3180400008
0.09921776537728956,0.11309689261935846,0.013879127242068898,0.013879127242068898,Overweighted,2021,JP3613000003
0.006187864428687576,0.018977326426568564,0.012789461997880988,0.012789461997880988,Overweighted,2021,HK0008011667
0.0,0.011155279515543057,0.011155279515543057,0.011155279515543057,Added,2021,HK0011000095
0.019770589187931946,0.03000409455163363,0.010233505363701684,0.010233505363701684,Overweighted,2021,JP3242800005
0.06938713714554273,0.07885935796074327,0.009472220815200535,0.009472220815200535,Overweighted,2021,JP3326410002
0.001558323063414587,0.010846828921051677,0.00928850585763709,0.00928850585763709,Overweighted,2021,JP3992400006
0.11534832769803707,0.12400473893501661,0.008656411236979536,0.008656411236979536,Overweighted,2021,JP3982100004
0.036687218475066834,0.02832885946062819,-0.008358359014438644,0.008358359014438644,Underweighted,2021,JP3902900004
0.008744391686729996,0.01706505979255455,0.008320668105824554,0.008320668105824554,Overweighted,2021,JP3243600008
0.0004521572096470894,0.008221875653063785,0.007769718443416696,0.007769718443416696,Overweighted,2021,HK0270001396
0.0,0.0072655843267468954,0.0072655843267468954,0.0072655843267468954,Added,2021,HK0006000050
0.03989320730649404,0.04640266494576136,0.006509457639267323,0.006509457639267323,Overweighted,2021,JP3143600009
0.05061284112898592,0.04422873124824912,-0.006384109880736795,0.006384109880736795,Underweighted,2021,JP3573000001
0.02861624168541901,0.034785798423359014,0.006169556737940004,0.006169556737940004,Overweighted,2021,JP3421800008
0.0,0.0036522807723412326,0.0036522807723412326,0.0036522807723412326,Added,2021,JP3835620000
0.0018917139389191856,1.6649146590990338e-08,-0.0018916972897725947,0.0018916972897725947,Underweighted,2021,JP3786200000
0.040319874848385076,0.03873676897798195,-0.001583105870403126,0.001583105870403126,Underweighted,2021,JP3633400001
0.0,0.001557881307947656,0.001557881307947656,0.001557881307947656,Added,2021,AU000000WOW2
0.0011577993314306723,1.7558407222348542e-08,-0.00115778177302345,0.00115778177302345,Underweighted,2021,JP3249600002
0.04123146700469218,0.04042162456732626,-0.0008098424373659194,0.0008098424373659194,Underweighted,2021,JP3119600009
0.0,0.0003977225380161068,0.0003977225380161068,0.0003977225380161068,Added,2021,SG1T58930911
0.013284378909287181,0.013364800852492012,8.042194320483087e-05,8.042194320483087e-05,Overweighted,2021,JP3735400008
0.04545765051249346,0.045505831858028624,4.818134553516429e-05,4.818134553516429e-05,Overweighted,2021,JP3814000000
0.0,2.511222900753991e-07,2.511222900753991e-07,2.511222900753991e-07,Added,2021,US89677Q1076
0.0,2.1401131898282528e-07,2.1401131898282528e-07,2.1401131898282528e-07,Added,2021,AU000000CGF5
0.0,2.1099981618053328e-07,2.1099981618053328e-07,2.1099981618053328e-07,Added,2021,AU000000PPT9
0.0,2.054883927124058e-07,2.054883927124058e-07,2.054883927124058e-07,Added,2021,JP3389900006
0.0,1.8401765825198468e-07,1.8401765825198468e-07,1.8401765825198468e-07,Added,2021,AU000000QBE9
0.0,1.802220525309862e-07,1.802220525309862e-07,1.802220525309862e-07,Added,2021,JP3122400009
0.0,1.7748102280037535e-07,1.7748102280037535e-07,1.7748102280037535e-07,Added,2021,JP3164630000
0.0,1.774096858206243e-07,1.774096858206243e-07,1.774096858206243e-07,Added,2021,JP3548610009
0.0,1.7573256992861366e-07,1.7573256992861366e-07,1.7573256992861366e-07,Added,2021,JP3118000003
0.0,1.7244206736473144e-07,1.7244206736473144e-07,1.7244206736473144e-07,Added,2021,AU000000BOQ8
0.0,1.7056841980148982e-07,1.7056841980148982e-07,1.7056841980148982e-07,Added,2021,JP3571400005
0.0,1.643417516561158e-07,1.643417516561158e-07,1.643417516561158e-07,Added,2021,AU000000MQG1
0.0,1.643395471314466e-07,1.643395471314466e-07,1.643395471314466e-07,Added,2021,AU000000TAH8
0.0,1.6295043386410637e-07,1.6295043386410637e-07,1.6295043386410637e-07,Added,2021,AU000000JBH7
0.0,1.591266249597688e-07,1.591266249597688e-07,1.591266249597688e-07,Added,2021,AU000000AMP6
0.0,1.584836496613762e-07,1.584836496613762e-07,1.584836496613762e-07,Added,2021,BMG4600H1198
0.0,1.5586673167618646e-07,1.5586673167618646e-07,1.5586673167618646e-07,Added,2021,JP3551520004
0.0,1.5568577182786557e-07,1.5568577182786557e-07,1.5568577182786557e-07,Added,2021,HK0000055878
0.0,1.5529614816972727e-07,1.5529614816972727e-07,1.5529614816972727e-07,Added,2021,JP3762600009
0.0,1.552019281413754e-07,1.552019281413754e-07,1.552019281413754e-07,Added,2021,BMG2108M2182
0.0,1.5516461971733129e-07,1.5516461971733129e-07,1.5516461971733129e-07,Added,2021,KYG548561284
0.0,1.5314069405474976e-07,1.5314069405474976e-07,1.5314069405474976e-07,Added,2021,HK0165000859
0.0,1.5303931374163383e-07,1.5303931374163383e-07,1.5303931374163383e-07,Added,2021,AU000000ALL7
0.0,1.4838905659826618e-07,1.4838905659826618e-07,1.4838905659826618e-07,Added,2021,AU000000CPU5
0.0,1.4599133418356559e-07,1.4599133418356559e-07,1.4599133418356559e-07,Added,2021,AU000000ANZ3
0.0,1.4595970257303838e-07,1.4595970257303838e-07,1.4595970257303838e-07,Added,2021,SG9999003735
0.0,1.458965211538064e-07,1.458965211538064e-07,1.458965211538064e-07,Added,2021,AU000000NAB4
0.0,1.455368167628256e-07,1.455368167628256e-07,1.455368167628256e-07,Added,2021,SG1R89002252
0.0,1.394453032422047e-07,1.394453032422047e-07,1.394453032422047e-07,Added,2021,JP3197600004
0.0,1.3943192995695287e-07,1.3943192995695287e-07,1.3943192995695287e-07,Added,2021,JP3436100006
0.0,1.3796249800495902e-07,1.3796249800495902e-07,1.3796249800495902e-07,Added,2021,SGXE21576413
0.0,1.3747458157029235e-07,1.3747458157029235e-07,1.3747458157029235e-07,Added,2021,JP3209000003
0.0,1.352374798393405e-07,1.352374798393405e-07,1.352374798393405e-07,Added,2021,NZAIAE0002S6
0.0,1.342372802762539e-07,1.342372802762539e-07,1.342372802762539e-07,Added,2021,AU000000IRE2
0.0,1.3221993748140378e-07,1.3221993748140378e-07,1.3221993748140378e-07,Added,2021,AU000000BEN6
0.0,1.318478386287775e-07,1.318478386287775e-07,1.318478386287775e-07,Added,2021,AU000000COH5
0.0,1.3158925156525853e-07,1.3158925156525853e-07,1.3158925156525853e-07,Added,2021,AU000000MGR9
0.0,1.2988661912009183e-07,1.2988661912009183e-07,1.2988661912009183e-07,Added,2021,JP3756600007
0.0,1.2199253159907082e-07,1.2199253159907082e-07,1.2199253159907082e-07,Added,2021,AU000000WBC1
0.0,1.2160995542515158e-07,1.2160995542515158e-07,1.2160995542515158e-07,Added,2021,JP3862400003
0.0,1.1963999921584446e-07,1.1963999921584446e-07,1.1963999921584446e-07,Added,2021,JP3734800000
0.0,1.188752974142455e-07,1.188752974142455e-07,1.188752974142455e-07,Added,2021,JP3802300008
0.0,1.1829294670301337e-07,1.1829294670301337e-07,1.1829294670301337e-07,Added,2021,HK0200030994
0.0,1.1829176666075845e-07,1.1829176666075845e-07,1.1829176666075845e-07,Added,2021,JP3967200001
0.0,1.167167317925289e-07,1.167167317925289e-07,1.167167317925289e-07,Added,2021,JP3494600004
0.0,1.1442034327210284e-07,1.1442034327210284e-07,1.1442034327210284e-07,Added,2021,JP3305990008
0.0,1.1400322990566167e-07,1.1400322990566167e-07,1.1400322990566167e-07,Added,2021,AU000000SUN6
0.0,1.120950952527185e-07,1.120950952527185e-07,1.120950952527185e-07,Added,2021,JP3519400000
0.0,1.1195109368523602e-07,1.1195109368523602e-07,1.1195109368523602e-07,Added,2021,JP3933800009
0.0,1.1139668039788226e-07,1.1139668039788226e-07,1.1139668039788226e-07,Added,2021,JP3890350006
0.0,1.1127394219203892e-07,1.1127394219203892e-07,1.1127394219203892e-07,Added,2021,AU000000WOR2
0.0,1.1089478375968513e-07,1.1089478375968513e-07,1.1089478375968513e-07,Added,2021,JP3435000009
0.0,1.103073353691912e-07,1.103073353691912e-07,1.103073353691912e-07,Added,2021,JP3528600004
0.0,1.0897084681102087e-07,1.0897084681102087e-07,1.0897084681102087e-07,Added,2021,HK0388045442
0.0,1.0853918753885218e-07,1.0853918753885218e-07,1.0853918753885218e-07,Added,2021,JP3778630008
0.0,1.0811281224892353e-07,1.0811281224892353e-07,1.0811281224892353e-07,Added,2021,JP3108600002
0.0,1.0778293944708757e-07,1.0778293944708757e-07,1.0778293944708757e-07,Added,2021,KYG0535Q1331
0.0,1.0658276258097805e-07,1.0658276258097805e-07,1.0658276258097805e-07,Added,2021,JP3283650004
0.0,1.062890403790685e-07,1.062890403790685e-07,1.062890403790685e-07,Added,2021,AU000000CQR9
0.0,1.0537299991282351e-07,1.0537299991282351e-07,1.0537299991282351e-07,Added,2021,JP3766550002
0.0,1.0439669770471176e-07,1.0439669770471176e-07,1.0439669770471176e-07,Added,2021,JP3172100004
0.0,1.0395869163846423e-07,1.0395869163846423e-07,1.0395869163846423e-07,Added,2021,JP3502200003
0.0,1.031863583953638e-07,1.031863583953638e-07,1.031863583953638e-07,Added,2021,JP3357200009
0.0,1.0291426751668276e-07,1.0291426751668276e-07,1.0291426751668276e-07,Added,2021,AU000000SGP0
0.0,1.0117061039544572e-07,1.0117061039544572e-07,1.0117061039544572e-07,Added,2021,JP3942600002
0.0,9.990773940133124e-08,9.990773940133124e-08,9.990773940133124e-08,Added,2021,SG1L01001701
0.0,9.952117885554276e-08,9.952117885554276e-08,9.952117885554276e-08,Added,2021,JP3197800000
0.0,9.789890093006718e-08,9.789890093006718e-08,9.789890093006718e-08,Added,2021,HK0010000088
0.0,9.761250935138455e-08,9.761250935138455e-08,9.761250935138455e-08,Added,2021,AU000000GPT8
0.0,9.364859098744417e-08,9.364859098744417e-08,9.364859098744417e-08,Added,2021,JP3173400007
0.0,9.286803360808209e-08,9.286803360808209e-08,9.286803360808209e-08,Added,2021,NZSKCE0001S2
0.0,9.25323906711676e-08,9.25323906711676e-08,9.25323906711676e-08,Added,2021,AU000000IAG3
0.0,9.179811080275355e-08,9.179811080275355e-08,9.179811080275355e-08,Added,2021,HK0000139300
0.0,9.160989502659424e-08,9.160989502659424e-08,9.160989502659424e-08,Added,2021,JP3122800000
0.0,9.148716578554303e-08,9.148716578554303e-08,9.148716578554303e-08,Added,2021,JP3165700000
0.0,9.111891067730654e-08,9.111891067730654e-08,9.111891067730654e-08,Added,2021,JP3588600001
0.0,9.068765440999881e-08,9.068765440999881e-08,9.068765440999881e-08,Added,2021,HK0012000102
0.0,8.898469998481217e-08,8.898469998481217e-08,8.898469998481217e-08,Added,2021,SG1S83002349
0.0,8.820591764886573e-08,8.820591764886573e-08,8.820591764886573e-08,Added,2021,JP3885400006
0.0,8.765599445027118e-08,8.765599445027118e-08,8.765599445027118e-08,Added,2021,JP3499800005
0.0,8.760623474101445e-08,8.760623474101445e-08,8.760623474101445e-08,Added,2021,AU000000CBA7
0.0,8.64332743311466e-08,8.64332743311466e-08,8.64332743311466e-08,Added,2021,JP3582600007
0.0,8.622498394756587e-08,8.622498394756587e-08,8.622498394756587e-08,Added,2021,HK0000608585
0.0,8.621508971382713e-08,8.621508971382713e-08,8.621508971382713e-08,Added,2021,HK0688002218
0.0,8.50733257003007e-08,8.50733257003007e-08,8.50733257003007e-08,Added,2021,HK2388011192
0.0,8.395502999890487e-08,8.395502999890487e-08,8.395502999890487e-08,Added,2021,JP3419050004
0.0,8.372090625408275e-08,8.372090625408275e-08,8.372090625408275e-08,Added,2021,JP3511800009
0.0,8.352539964260638e-08,8.352539964260638e-08,8.352539964260638e-08,Added,2021,JP3475350009
0.0,8.325710218417432e-08,8.325710218417432e-08,8.325710218417432e-08,Added,2021,JP3733000008
0.0,8.318073233111652e-08,8.318073233111652e-08,8.318073233111652e-08,Added,2021,JP3409000001
0.0,8.2764168311146e-08,8.2764168311146e-08,8.2764168311146e-08,Added,2021,JP3830000000
0.0,8.170004770988542e-08,8.170004770988542e-08,8.170004770988542e-08,Added,2021,HK0000745908
0.0,8.164070031816125e-08,8.164070031816125e-08,8.164070031816125e-08,Added,2021,JP3870400003
0.0,7.838431531448214e-08,7.838431531448214e-08,7.838431531448214e-08,Added,2021,JP3162600005
0.0,7.821326025947187e-08,7.821326025947187e-08,7.821326025947187e-08,Added,2021,JP3870000001
0.0,7.590363979723259e-08,7.590363979723259e-08,7.590363979723259e-08,Added,2021,BMG524401079
0.0,7.555422166898106e-08,7.555422166898106e-08,7.555422166898106e-08,Added,2021,JP3762800005
0.0,7.521007553739006e-08,7.521007553739006e-08,7.521007553739006e-08,Added,2021,HK0016000132
0.0,7.51048801100668e-08,7.51048801100668e-08,7.51048801100668e-08,Added,2021,AU000000BWP3
0.0,7.337582148415258e-08,7.337582148415258e-08,7.337582148415258e-08,Added,2021,JP3890310000
0.0,7.284861791859384e-08,7.284861791859384e-08,7.284861791859384e-08,Added,2021,JP3347200002
0.0,7.105105437445485e-08,7.105105437445485e-08,7.105105437445485e-08,Added,2021,SG2B80958517
0.0,7.080480175549349e-08,7.080480175549349e-08,7.080480175549349e-08,Added,2021,HK0014000126
0.0,7.076470909952096e-08,7.076470909952096e-08,7.076470909952096e-08,Added,2021,JP3818000006
0.0,7.048746268665872e-08,7.048746268665872e-08,7.048746268665872e-08,Added,2021,JP3358200008
0.0,6.959492186288578e-08,6.959492186288578e-08,6.959492186288578e-08,Added,2021,JP3539220008
0.0,6.910284892408445e-08,6.910284892408445e-08,6.910284892408445e-08,Added,2021,AU000000MND5
0.0,6.89231382371894e-08,6.89231382371894e-08,6.89231382371894e-08,Added,2021,HK0023000190
0.0,6.888425181432344e-08,6.888425181432344e-08,6.888425181432344e-08,Added,2021,AU000000FLT9
0.0,6.704919122321007e-08,6.704919122321007e-08,6.704919122321007e-08,Added,2021,JP3799000009
0.0,6.700554613514368e-08,6.700554613514368e-08,6.700554613514368e-08,Added,2021,HK0004000045
0.0,6.629733398111574e-08,6.629733398111574e-08,6.629733398111574e-08,Added,2021,JP3322930003
0.0,6.622353038146523e-08,6.622353038146523e-08,6.622353038146523e-08,Added,2021,HK0083000502
0.0,6.605939891899267e-08,6.605939891899267e-08,6.605939891899267e-08,Added,2021,AU000000DXS1
0.0,6.568849290390929e-08,6.568849290390929e-08,6.568849290390929e-08,Added,2021,JP3598600009
0.0,6.551007848244393e-08,6.551007848244393e-08,6.551007848244393e-08,Added,2021,JP3351600006
0.0,6.435889329027158e-08,6.435889329027158e-08,6.435889329027158e-08,Added,2021,AU000000MAH3
0.0,6.338596237502301e-08,6.338596237502301e-08,6.338596237502301e-08,Added,2021,AU000000ASX7
0.0,6.317724008644635e-08,6.317724008644635e-08,6.317724008644635e-08,Added,2021,JP3201200007
0.0,6.312700809283707e-08,6.312700809283707e-08,6.312700809283707e-08,Added,2021,JP3126400005
0.0,6.200512886960197e-08,6.200512886960197e-08,6.200512886960197e-08,Added,2021,JP3039710003
0.0,6.031346957188386e-08,6.031346957188386e-08,6.031346957188386e-08,Added,2021,AU000000TLS2
0.0,6.007722251380618e-08,6.007722251380618e-08,6.007722251380618e-08,Added,2021,JP3771800004
0.0,5.844161560633031e-08,5.844161560633031e-08,5.844161560633031e-08,Added,2021,JP3160400002
0.0,5.8066094965541197e-08,5.8066094965541197e-08,5.8066094965541197e-08,Added,2021,JP3910660004
0.0,5.7916967996306994e-08,5.7916967996306994e-08,5.7916967996306994e-08,Added,2021,JP3256000005
0.0,5.7024799676539656e-08,5.7024799676539656e-08,5.7024799676539656e-08,Added,2021,SG1U68934629
0.0,5.6852880448310333e-08,5.6852880448310333e-08,5.6852880448310333e-08,Added,2021,JP3452000007
0.0,5.537698685619716e-08,5.537698685619716e-08,5.537698685619716e-08,Added,2021,JP3893200000
0.0,5.498647278293163e-08,5.498647278293163e-08,5.498647278293163e-08,Added,2021,JP3304200003
0.0,5.4902264703173694e-08,5.4902264703173694e-08,5.4902264703173694e-08,Added,2021,AU000000TCL6
0.0,5.4546520203835856e-08,5.4546520203835856e-08,5.4546520203835856e-08,Added,2021,JP3756100008
0.0,5.390373255718507e-08,5.390373255718507e-08,5.390373255718507e-08,Added,2021,JP3538800008
0.0,5.320329789992495e-08,5.320329789992495e-08,5.320329789992495e-08,Added,2021,JP3156400008
0.0,5.267104488600954e-08,5.267104488600954e-08,5.267104488600954e-08,Added,2021,JP3939000000
0.0,5.1993610780236045e-08,5.1993610780236045e-08,5.1993610780236045e-08,Added,2021,SG1T75931496
0.0,5.1970245146938574e-08,5.1970245146938574e-08,5.1970245146938574e-08,Added,2021,JP3906000009
0.0,5.0208112871398536e-08,5.0208112871398536e-08,5.0208112871398536e-08,Added,2021,JP3955000009
0.0,4.902126685203436e-08,4.902126685203436e-08,4.902126685203436e-08,Added,2021,NZTELE0001S4
0.0,4.824545493092237e-08,4.824545493092237e-08,4.824545493092237e-08,Added,2021,JP3837800006
0.0,4.789373333793331e-08,4.789373333793331e-08,4.789373333793331e-08,Added,2021,JP3358000002
0.0,4.768509810589567e-08,4.768509810589567e-08,4.768509810589567e-08,Added,2021,JP3585800000
0.0,4.6871259888047384e-08,4.6871259888047384e-08,4.6871259888047384e-08,Added,2021,JP3787000003
0.0,4.659677227195892e-08,4.659677227195892e-08,4.659677227195892e-08,Added,2021,SG1M51904654
0.0,4.541473896734803e-08,4.541473896734803e-08,4.541473896734803e-08,Added,2021,JP3134800006
0.0,4.4552392376170747e-08,4.4552392376170747e-08,4.4552392376170747e-08,Added,2021,JP3811000003
0.0,4.430958377964136e-08,4.430958377964136e-08,4.430958377964136e-08,Added,2021,JP3131430005
0.0,4.358416694181002e-08,4.358416694181002e-08,4.358416694181002e-08,Added,2021,JP3546800008
0.0,4.320413816436782e-08,4.320413816436782e-08,4.320413816436782e-08,Added,2021,JP3899600005
0.0,4.305779484747746e-08,4.305779484747746e-08,4.305779484747746e-08,Added,2021,IE00BKVD2N49
0.0,4.2774341692831455e-08,4.2774341692831455e-08,4.2774341692831455e-08,Added,2021,JP3496400007
0.0,4.2639249222063636e-08,4.2639249222063636e-08,4.2639249222063636e-08,Added,2021,HK0363006039
0.0,4.242738186843119e-08,4.242738186843119e-08,4.242738186843119e-08,Added,2021,JP3351100007
0.0,4.234281077580066e-08,4.234281077580066e-08,4.234281077580066e-08,Added,2021,SG9999000020
0.0,4.2033174567698494e-08,4.2033174567698494e-08,4.2033174567698494e-08,Added,2021,JP3914400001
0.0,4.184242544212701e-08,4.184242544212701e-08,4.184242544212701e-08,Added,2021,JP3796150005
0.0,4.128858730624799e-08,4.128858730624799e-08,4.128858730624799e-08,Added,2021,SGXE34184239
0.0,4.1173662306061446e-08,4.1173662306061446e-08,4.1173662306061446e-08,Added,2021,JP3274400005
0.0,4.11413404185664e-08,4.11413404185664e-08,4.11413404185664e-08,Added,2021,AU000000LLC3
0.0,4.074374700850709e-08,4.074374700850709e-08,4.074374700850709e-08,Added,2021,AU000000IVC8
0.0,4.027218296492612e-08,4.027218296492612e-08,4.027218296492612e-08,Added,2021,JP3040890000
0.0,4.0011454912520664e-08,4.0011454912520664e-08,4.0011454912520664e-08,Added,2021,JP3894900004
0.0,3.894843807619221e-08,3.894843807619221e-08,3.894843807619221e-08,Added,2021,BMG988031446
0.0,3.8638884732832275e-08,3.8638884732832275e-08,3.8638884732832275e-08,Added,2021,JP3194000000
0.0,3.845671501229093e-08,3.845671501229093e-08,3.845671501229093e-08,Added,2021,JP3463000004
0.0,3.8443848013743786e-08,3.8443848013743786e-08,3.8443848013743786e-08,Added,2021,AU000000IGO4
0.0,3.834110357385724e-08,3.834110357385724e-08,3.834110357385724e-08,Added,2021,JP3137200006
0.0,3.7555496369668664e-08,3.7555496369668664e-08,3.7555496369668664e-08,Added,2021,JP3942800008
0.0,3.751320019501073e-08,3.751320019501073e-08,3.751320019501073e-08,Added,2021,AU000000ELD6
0.0,3.711255224918444e-08,3.711255224918444e-08,3.711255224918444e-08,Added,2021,HK0308001558
0.0,3.642875773121124e-08,3.642875773121124e-08,3.642875773121124e-08,Added,2021,JP3359600008
0.0,3.6209703763762024e-08,3.6209703763762024e-08,3.6209703763762024e-08,Added,2021,JP3566800003
0.0,3.56451096715794e-08,3.56451096715794e-08,3.56451096715794e-08,Added,2021,JP3198900007
0.0,3.558916525489277e-08,3.558916525489277e-08,3.558916525489277e-08,Added,2021,JP3495000006
0.0,3.531368388700277e-08,3.531368388700277e-08,3.531368388700277e-08,Added,2021,JP3375800004
0.0,3.485733919969663e-08,3.485733919969663e-08,3.485733919969663e-08,Added,2021,JP3826800009
0.0,3.433563229010683e-08,3.433563229010683e-08,3.433563229010683e-08,Added,2021,HK0291001490
0.0,3.414130626844072e-08,3.414130626844072e-08,3.414130626844072e-08,Added,2021,JP3420600003
0.0,3.3978382833880747e-08,3.3978382833880747e-08,3.3978382833880747e-08,Added,2021,JP3866800000
0.0,3.364027879041761e-08,3.364027879041761e-08,3.364027879041761e-08,Added,2021,AU000000GWA4
0.0,3.308182288048051e-08,3.308182288048051e-08,3.308182288048051e-08,Added,2021,JP3951600000
0.0,3.2872979983521986e-08,3.2872979983521986e-08,3.2872979983521986e-08,Added,2021,AU000000SIG5
0.0,3.276947313756687e-08,3.276947313756687e-08,3.276947313756687e-08,Added,2021,JP3982800009
0.0,3.259896733660391e-08,3.259896733660391e-08,3.259896733660391e-08,Added,2021,JP3351500008
0.0,3.235658116574652e-08,3.235658116574652e-08,3.235658116574652e-08,Added,2021,AU000000CSL8
0.0,3.22957010045956e-08,3.22957010045956e-08,3.22957010045956e-08,Added,2021,JP3336000009
0.0,3.194315597107254e-08,3.194315597107254e-08,3.194315597107254e-08,Added,2021,JP3203500008
0.0,3.185477333356574e-08,3.185477333356574e-08,3.185477333356574e-08,Added,2021,JP3276400003
0.0,3.1647878955864353e-08,3.1647878955864353e-08,3.1647878955864353e-08,Added,2021,JP3405400007
0.0,3.1025264843784496e-08,3.1025264843784496e-08,3.1025264843784496e-08,Added,2021,JP3397200001
0.0,3.081668117654902e-08,3.081668117654902e-08,3.081668117654902e-08,Added,2021,JP3126340003
0.0,3.061372023472625e-08,3.061372023472625e-08,3.061372023472625e-08,Added,2021,AU000000OZL8
0.0,3.05420269507453e-08,3.05420269507453e-08,3.05420269507453e-08,Added,2021,JP3942400007
0.0,2.984718265647586e-08,2.984718265647586e-08,2.984718265647586e-08,Added,2021,JP3792600003
0.0,2.963408349083967e-08,2.963408349083967e-08,2.963408349083967e-08,Added,2021,SG1F60858221
0.0,2.959178971097418e-08,2.959178971097418e-08,2.959178971097418e-08,Added,2021,HK0144000764
0.0,2.9527876331420052e-08,2.9527876331420052e-08,2.9527876331420052e-08,Added,2021,JP3902400005
0.0,2.9347580574325205e-08,2.9347580574325205e-08,2.9347580574325205e-08,Added,2021,JP3229400001
0.0,2.91624849422572e-08,2.91624849422572e-08,2.91624849422572e-08,Added,2021,AU000000RHC8
0.0,2.912553544317124e-08,2.912553544317124e-08,2.912553544317124e-08,Added,2021,JP3592200004
0.0,2.7158559359854268e-08,2.7158559359854268e-08,2.7158559359854268e-08,Added,2021,JP3596200000
0.0,2.6615616748031546e-08,2.6615616748031546e-08,2.6615616748031546e-08,Added,2021,JP3268950007
0.0,2.659990917122261e-08,2.659990917122261e-08,2.659990917122261e-08,Added,2021,HK0000049939
0.0,2.645507791809449e-08,2.645507791809449e-08,2.645507791809449e-08,Added,2021,JP3270000007
0.0,2.6223005634194744e-08,2.6223005634194744e-08,2.6223005634194744e-08,Added,2021,JP3143000002
0.0,2.57657476680264e-08,2.57657476680264e-08,2.57657476680264e-08,Added,2021,JP3292200007
0.0,2.5703913859219143e-08,2.5703913859219143e-08,2.5703913859219143e-08,Added,2021,JP3385820000
0.0,2.54352753819129e-08,2.54352753819129e-08,2.54352753819129e-08,Added,2021,JP3738600000
0.0,2.532051452437855e-08,2.532051452437855e-08,2.532051452437855e-08,Added,2021,SG1J26887955
0.0,2.5090617853056777e-08,2.5090617853056777e-08,2.5090617853056777e-08,Added,2021,JP3711200000
0.0,2.4833992778615717e-08,2.4833992778615717e-08,2.4833992778615717e-08,Added,2021,AU000000SGM7
0.0,2.443689898496133e-08,2.443689898496133e-08,2.443689898496133e-08,Added,2021,JP3684000007
0.0,2.4364570376948202e-08,2.4364570376948202e-08,2.4364570376948202e-08,Added,2021,KYG2108Y1052
0.0,2.3992319106625328e-08,2.3992319106625328e-08,2.3992319106625328e-08,Added,2021,JP3667600005
0.0,2.366948737583005e-08,2.366948737583005e-08,2.366948737583005e-08,Added,2021,JP3720800006
0.0,2.3489029400437362e-08,2.3489029400437362e-08,2.3489029400437362e-08,Added,2021,JP3456000003
0.0,2.3478056059290425e-08,2.3478056059290425e-08,2.3478056059290425e-08,Added,2021,HK0242001243
0.0,2.340677954068853e-08,2.340677954068853e-08,2.340677954068853e-08,Added,2021,JP3814800003
0.0,2.3318612193574346e-08,2.3318612193574346e-08,2.3318612193574346e-08,Added,2021,JP3481800005
0.0,2.3140181281075243e-08,2.3140181281075243e-08,2.3140181281075243e-08,Added,2021,SG1P66918738
0.0,2.2833837069446675e-08,2.2833837069446675e-08,2.2833837069446675e-08,Added,2021,JP3820000002
0.0,2.259714205602349e-08,2.259714205602349e-08,2.259714205602349e-08,Added,2021,JP3266400005
0.0,2.208935071122927e-08,2.208935071122927e-08,2.208935071122927e-08,Added,2021,AU000000DOW2
0.0,2.2078004799089386e-08,2.2078004799089386e-08,2.2078004799089386e-08,Added,2021,JP3414750004
0.0,2.1211700632959067e-08,2.1211700632959067e-08,2.1211700632959067e-08,Added,2021,JP3352400000
0.0,2.0664024671358503e-08,2.0664024671358503e-08,2.0664024671358503e-08,Added,2021,JP3526600006
0.0,2.059774550268985e-08,2.059774550268985e-08,2.059774550268985e-08,Added,2021,JP3672400003
0.0,2.0373088710574836e-08,2.0373088710574836e-08,2.0373088710574836e-08,Added,2021,JP3200450009
0.0,2.0320607981741018e-08,2.0320607981741018e-08,2.0320607981741018e-08,Added,2021,JP3634600005
0.0,2.0264735217532306e-08,2.0264735217532306e-08,2.0264735217532306e-08,Added,2021,JP3721400004
0.0,1.9985885186840636e-08,1.9985885186840636e-08,1.9985885186840636e-08,Added,2021,JP3165600002
0.0,1.9727910254370586e-08,1.9727910254370586e-08,1.9727910254370586e-08,Added,2021,AU000000BPT9
0.0,1.97035347655453e-08,1.97035347655453e-08,1.97035347655453e-08,Added,2021,JP3419400001
0.0,1.9584431581759672e-08,1.9584431581759672e-08,1.9584431581759672e-08,Added,2021,JP3224200000
0.0,1.9575999458615334e-08,1.9575999458615334e-08,1.9575999458615334e-08,Added,2021,JP3486800000
0.0,1.92714627371894e-08,1.92714627371894e-08,1.92714627371894e-08,Added,2021,JP3166000004
0.0,1.8910123322620713e-08,1.8910123322620713e-08,1.8910123322620713e-08,Added,2021,JP3635400009
0.0,1.868151569047787e-08,1.868151569047787e-08,1.868151569047787e-08,Added,2021,JP3726800000
0.0,1.8355944246951368e-08,1.8355944246951368e-08,1.8355944246951368e-08,Added,2021,JP3148800000
0.0,1.8205452685408316e-08,1.8205452685408316e-08,1.8205452685408316e-08,Added,2021,BMG8063F1068
0.0,1.8015246866282094e-08,1.8015246866282094e-08,1.8015246866282094e-08,Added,2021,JP3854600008
0.0,1.7859200793122343e-08,1.7859200793122343e-08,1.7859200793122343e-08,Added,2021,JP3164800009
0.0,1.7404057546404324e-08,1.7404057546404324e-08,1.7404057546404324e-08,Added,2021,JP3210200006
0.0,1.702981347557641e-08,1.702981347557641e-08,1.702981347557641e-08,Added,2021,BMG2442N1048
0.0,1.6993904167896246e-08,1.6993904167896246e-08,1.6993904167896246e-08,Added,2021,JP3827200001
0.0,1.6549148444371473e-08,1.6549148444371473e-08,1.6549148444371473e-08,Added,2021,JP3358800005
0.0,1.6510309524907015e-08,1.6510309524907015e-08,1.6510309524907015e-08,Added,2021,JP3788600009
0.0,1.6323560962237045e-08,1.6323560962237045e-08,1.6323560962237045e-08,Added,2021,JP3551500006
0.0,1.607657382459114e-08,1.607657382459114e-08,1.607657382459114e-08,Added,2021,KYG210961051
0.0,1.5971071662730315e-08,1.5971071662730315e-08,1.5971071662730315e-08,Added,2021,AU000000SBM8
0.0,1.5775380856240446e-08,1.5775380856240446e-08,1.5775380856240446e-08,Added,2021,JP3629000005
0.0,1.5673101724600797e-08,1.5673101724600797e-08,1.5673101724600797e-08,Added,2021,JP3695200000
0.0,1.5388919963475914e-08,1.5388919963475914e-08,1.5388919963475914e-08,Added,2021,JP3102000001
0.0,1.535717239243572e-08,1.535717239243572e-08,1.535717239243572e-08,Added,2021,JP3635000007
0.0,1.531308900752039e-08,1.531308900752039e-08,1.531308900752039e-08,Added,2021,JP3371200001
0.0,1.52117201266134e-08,1.52117201266134e-08,1.52117201266134e-08,Added,2021,JP3634200004
0.0,1.5145302927072318e-08,1.5145302927072318e-08,1.5145302927072318e-08,Added,2021,AU000000MTS0
0.0,1.5114800322999066e-08,1.5114800322999066e-08,1.5114800322999066e-08,Added,2021,AU0000088338
0.0,1.4619351964092169e-08,1.4619351964092169e-08,1.4619351964092169e-08,Added,2021,JP3407400005
0.0,1.4616205576640895e-08,1.4616205576640895e-08,1.4616205576640895e-08,Added,2021,JP3258000003
0.0,1.4259661516474382e-08,1.4259661516474382e-08,1.4259661516474382e-08,Added,2021,JP3670800006
0.0,1.4076982437445184e-08,1.4076982437445184e-08,1.4076982437445184e-08,Added,2021,JP3027670003
0.0,1.3899865071924496e-08,1.3899865071924496e-08,1.3899865071924496e-08,Added,2021,AU000000ANN9
0.0,1.3499085060323087e-08,1.3499085060323087e-08,1.3499085060323087e-08,Added,2021,JP3443600006
0.0,1.317417285847283e-08,1.317417285847283e-08,1.317417285847283e-08,Added,2021,AU000000ILU1
0.0,1.3162421303563528e-08,1.3162421303563528e-08,1.3162421303563528e-08,Added,2021,JP3977400005
0.0,1.3109105044166294e-08,1.3109105044166294e-08,1.3109105044166294e-08,Added,2021,JP3300600008
0.0,1.3008562233358648e-08,1.3008562233358648e-08,1.3008562233358648e-08,Added,2021,JP3116000005
0.0,1.2702778746063334e-08,1.2702778746063334e-08,1.2702778746063334e-08,Added,2021,JP3188220002
0.0,1.264655058812994e-08,1.264655058812994e-08,1.264655058812994e-08,Added,2021,JP3900000005
0.0,1.2528249519548627e-08,1.2528249519548627e-08,1.2528249519548627e-08,Added,2021,JP3505000004
0.0,1.2369961037616667e-08,1.2369961037616667e-08,1.2369961037616667e-08,Added,2021,JP3493400000
0.0,1.2264006106780643e-08,1.2264006106780643e-08,1.2264006106780643e-08,Added,2021,HK0019000162
0.0,1.2212884341896917e-08,1.2212884341896917e-08,1.2212884341896917e-08,Added,2021,BMG5320C1082
0.0,1.2138081840487745e-08,1.2138081840487745e-08,1.2138081840487745e-08,Added,2021,JP3407200009
0.0,1.1792729258822575e-08,1.1792729258822575e-08,1.1792729258822575e-08,Added,2021,JP3388200002
0.0,1.1723743185647198e-08,1.1723743185647198e-08,1.1723743185647198e-08,Added,2021,JP3190000004
0.0,1.162234559701933e-08,1.162234559701933e-08,1.162234559701933e-08,Added,2021,JP3535800001
0.0,1.1576999881285224e-08,1.1576999881285224e-08,1.1576999881285224e-08,Added,2021,JP3774200004
0.0,1.1466746349791162e-08,1.1466746349791162e-08,1.1466746349791162e-08,Added,2021,JP3320800000
0.0,1.1324172490524571e-08,1.1324172490524571e-08,1.1324172490524571e-08,Added,2021,AU000000NCM7
0.0,1.1201272409257908e-08,1.1201272409257908e-08,1.1201272409257908e-08,Added,2021,JP3659000008
0.0,1.1106814290157264e-08,1.1106814290157264e-08,1.1106814290157264e-08,Added,2021,JP3493800001
0.0,1.1045992001182907e-08,1.1045992001182907e-08,1.1045992001182907e-08,Added,2021,JP3742600004
0.0,1.0987646164979607e-08,1.0987646164979607e-08,1.0987646164979607e-08,Added,2021,JP3280200001
0.0,1.0952087608160535e-08,1.0952087608160535e-08,1.0952087608160535e-08,Added,2021,JP3385980002
0.0,1.0767136345843602e-08,1.0767136345843602e-08,1.0767136345843602e-08,Added,2021,JP3626800001
0.0,1.0668651886577804e-08,1.0668651886577804e-08,1.0668651886577804e-08,Added,2021,JP3877600001
0.0,1.0569040328074417e-08,1.0569040328074417e-08,1.0569040328074417e-08,Added,2021,JP3459600007
0.0,1.021498519647944e-08,1.021498519647944e-08,1.021498519647944e-08,Added,2021,AU000000BHP4
0.0,1.0134938638920866e-08,1.0134938638920866e-08,1.0134938638920866e-08,Added,2021,JP3657400002
0.0,9.829580474910166e-09,9.829580474910166e-09,9.829580474910166e-09,Added,2021,JP3896800004
0.0,9.558812292726537e-09,9.558812292726537e-09,9.558812292726537e-09,Added,2021,AU000000WES1
0.0,9.279574613408518e-09,9.279574613408518e-09,9.279574613408518e-09,Added,2021,JP3293200006
0.0,8.904221009144666e-09,8.904221009144666e-09,8.904221009144666e-09,Added,2021,JP3783600004
0.0,8.812748444483783e-09,8.812748444483783e-09,8.812748444483783e-09,Added,2021,BMG668971101
0.0,8.69835725531917e-09,8.69835725531917e-09,8.69835725531917e-09,Added,2021,JP3973400009
0.0,8.604066652968663e-09,8.604066652968663e-09,8.604066652968663e-09,Added,2021,AU000000CSR5
0.0,8.455235028200687e-09,8.455235028200687e-09,8.455235028200687e-09,Added,2021,JP3718800000
0.0,8.38472134154589e-09,8.38472134154589e-09,8.38472134154589e-09,Added,2021,AU000000ERA9
0.0,8.266730211941216e-09,8.266730211941216e-09,8.266730211941216e-09,Added,2021,JP3574200006
0.0,8.230792167119896e-09,8.230792167119896e-09,8.230792167119896e-09,Added,2021,JP3260800002
0.0,8.103138447284566e-09,8.103138447284566e-09,8.103138447284566e-09,Added,2021,JP3600200004
0.0,7.950267170736758e-09,7.950267170736758e-09,7.950267170736758e-09,Added,2021,JP3205800000
0.0,7.915927794127246e-09,7.915927794127246e-09,7.915927794127246e-09,Added,2021,JP3678000005
0.0,7.202791201366662e-09,7.202791201366662e-09,7.202791201366662e-09,Added,2021,AU000000BLD2
0.0,7.045660274251685e-09,7.045660274251685e-09,7.045660274251685e-09,Added,2021,JP3940000007
0.0,6.960550443902777e-09,6.960550443902777e-09,6.960550443902777e-09,Added,2021,JP3711600001
0.0,6.354306080997231e-09,6.354306080997231e-09,6.354306080997231e-09,Added,2021,JP3404600003
0.0,6.1219550464300555e-09,6.1219550464300555e-09,6.1219550464300555e-09,Added,2021,JP3402600005
0.0,5.9765798949472355e-09,5.9765798949472355e-09,5.9765798949472355e-09,Added,2021,AU000000CWY3
0.0,5.803492850334321e-09,5.803492850334321e-09,5.803492850334321e-09,Added,2021,JP3404200002
0.0,5.797456570018767e-09,5.797456570018767e-09,5.797456570018767e-09,Added,2021,JP3688370000
0.0,5.759180125542578e-09,5.759180125542578e-09,5.759180125542578e-09,Added,2021,JP3415400005
0.0,5.483291928343069e-09,5.483291928343069e-09,5.483291928343069e-09,Added,2021,JP3277800003
0.0,5.454014165202072e-09,5.454014165202072e-09,5.454014165202072e-09,Added,2021,AU000000STO6
0.0,5.345058448647079e-09,5.345058448647079e-09,5.345058448647079e-09,Added,2021,JP3613400005
0.0,5.308222952362443e-09,5.308222952362443e-09,5.308222952362443e-09,Added,2021,HK0823032773
0.0,5.224354178574032e-09,5.224354178574032e-09,5.224354178574032e-09,Added,2021,JP3893600001
0.0,5.215602591343331e-09,5.215602591343331e-09,5.215602591343331e-09,Added,2021,JP3830800003
0.0,4.936043561385861e-09,4.936043561385861e-09,4.936043561385861e-09,Added,2021,NZFBUE0001S0
0.0,4.1836410442236466e-09,4.1836410442236466e-09,4.1836410442236466e-09,Added,2021,AU000000CIM7
0.0,4.160651771172425e-09,4.160651771172425e-09,4.160651771172425e-09,Added,2021,AU000000APA1
0.0,4.117863486802024e-09,4.117863486802024e-09,4.117863486802024e-09,Added,2021,JP3491000000
0.0,4.027378058358248e-09,4.027378058358248e-09,4.027378058358248e-09,Added,2021,JP3665200006
0.0,3.8868278441013635e-09,3.8868278441013635e-09,3.8868278441013635e-09,Added,2021,JP3579800008
0.0,3.8513101702235705e-09,3.8513101702235705e-09,3.8513101702235705e-09,Added,2021,AU0000224040
0.0,3.7400703953377404e-09,3.7400703953377404e-09,3.7400703953377404e-09,Added,2021,KYG217651051
0.0,3.448566870135922e-09,3.448566870135922e-09,3.448566870135922e-09,Added,2021,AU000000ORI1
0.0,3.4046368480136264e-09,3.4046368480136264e-09,3.4046368480136264e-09,Added,2021,SG1N31909426
0.0,3.334045445362302e-09,3.334045445362302e-09,3.334045445362302e-09,Added,2021,KYG525621408
0.0,3.1421744047953197e-09,3.1421744047953197e-09,3.1421744047953197e-09,Added,2021,JP3544000007
0.0,3.1055342584375692e-09,3.1055342584375692e-09,3.1055342584375692e-09,Added,2021,JP3111200006
0.0,3.0838059613963985e-09,3.0838059613963985e-09,3.0838059613963985e-09,Added,2021,JP3898400001
0.0,3.059666583297074e-09,3.059666583297074e-09,3.059666583297074e-09,Added,2021,JP3888400003
0.0,2.9954998609964566e-09,2.9954998609964566e-09,2.9954998609964566e-09,Added,2021,HK0392044647
0.0,2.942054147492423e-09,2.942054147492423e-09,2.942054147492423e-09,Added,2021,JP3733400000
0.0,2.8895895857058686e-09,2.8895895857058686e-09,2.8895895857058686e-09,Added,2021,JP3676800000
0.0,2.6879535586325817e-09,2.6879535586325817e-09,2.6879535586325817e-09,Added,2021,JP3621000003
0.0,2.6097116271265835e-09,2.6097116271265835e-09,2.6097116271265835e-09,Added,2021,SG1B51001017
0.0,2.359161893158367e-09,2.359161893158367e-09,2.359161893158367e-09,Added,2021,JP3765400001
0.0,2.3343542675507464e-09,2.3343542675507464e-09,2.3343542675507464e-09,Added,2021,JP3663900003
0.0,2.2677096962297134e-09,2.2677096962297134e-09,2.2677096962297134e-09,Added,2021,JP3215800008
0.0,2.0767535805437403e-09,2.0767535805437403e-09,2.0767535805437403e-09,Added,2021,NZCENE0001S6
0.0,1.7694017558337054e-09,1.7694017558337054e-09,1.7694017558337054e-09,Added,2021,JP3743000006
0.0,1.677675691868529e-09,1.677675691868529e-09,1.677675691868529e-09,Added,2021,JP3485800001
0.0,1.6589151281494362e-09,1.6589151281494362e-09,1.6589151281494362e-09,Added,2021,JP3560800009
0.0,1.6399160868568384e-09,1.6399160868568384e-09,1.6399160868568384e-09,Added,2021,JP3619800000
0.0,1.632368916867553e-09,1.632368916867553e-09,1.632368916867553e-09,Added,2021,JP3638600001
0.0,1.631810150047278e-09,1.631810150047278e-09,1.631810150047278e-09,Added,2021,JP3294460005
0.0,1.5739547594143663e-09,1.5739547594143663e-09,1.5739547594143663e-09,Added,2021,JP3269600007
0.0,1.5490294227287757e-09,1.5490294227287757e-09,1.5490294227287757e-09,Added,2021,JP3425000001
0.0,1.3193047696902975e-09,1.3193047696902975e-09,1.3193047696902975e-09,Added,2021,JP3549600009
0.0,1.2909349715142507e-09,1.2909349715142507e-09,1.2909349715142507e-09,Added,2021,JP3401400001
0.0,1.2741298468986536e-09,1.2741298468986536e-09,1.2741298468986536e-09,Added,2021,AU000000QAN2
0.0,1.2540248038352575e-09,1.2540248038352575e-09,1.2540248038352575e-09,Added,2021,JP3368000000
0.0,1.2527799819131736e-09,1.2527799819131736e-09,1.2527799819131736e-09,Added,2021,NZAIRE0001S2
0.0,1.248462259581637e-09,1.248462259581637e-09,1.248462259581637e-09,Added,2021,JP3888300005
0.0,1.2345064723395647e-09,1.2345064723395647e-09,1.2345064723395647e-09,Added,2021,AU000000BSL0
0.0,1.2004183140126966e-09,1.2004183140126966e-09,1.2004183140126966e-09,Added,2021,JP3112000009
0.0,1.0758373773903699e-09,1.0758373773903699e-09,1.0758373773903699e-09,Added,2021,JP3421100003
0.0,1.0731558472761893e-09,1.0731558472761893e-09,1.0731558472761893e-09,Added,2021,AU000000ABC7
0.0,9.53112730273418e-10,9.53112730273418e-10,9.53112730273418e-10,Added,2021,AU000000ORG5
0.0,7.998571660245485e-10,7.998571660245485e-10,7.998571660245485e-10,Added,2021,KYG5427W1309
0.0,7.80907720447923e-10,7.80907720447923e-10,7.80907720447923e-10,Added,2021,HK0293001514
0.0,7.13353875606877e-10,7.13353875606877e-10,7.13353875606877e-10,Added,2021,BMG8403G1033
0.0,7.117553719782286e-10,7.117553719782286e-10,7.117553719782286e-10,Added,2021,JP3595200001
0.0,7.024517598569184e-10,7.024517598569184e-10,7.024517598569184e-10,Added,2021,BMG684371393
0.0,6.173424638244489e-10,6.173424638244489e-10,6.173424638244489e-10,Added,2021,BMG2178K1009
0.0,5.626606203395584e-10,5.626606203395584e-10,5.626606203395584e-10,Added,2021,BMG677491539
0.0,5.108994519579849e-10,5.108994519579849e-10,5.108994519579849e-10,Added,2021,JP3429800000
0.0,4.736982125667844e-10,4.736982125667844e-10,4.736982125667844e-10,Added,2021,JP3174410005
0.0,3.575909422514092e-10,3.575909422514092e-10,3.575909422514092e-10,Added,2021,SG1V61937297
0.0,3.0587610973875896e-10,3.0587610973875896e-10,3.0587610973875896e-10,Added,2021,JP3625000009
0.0,2.904657644695102e-10,2.904657644695102e-10,2.904657644695102e-10,Added,2021,JP3362700001
0.0,2.813433176638e-10,2.813433176638e-10,2.813433176638e-10,Added,2021,JP3903000002
0.0,2.344480721616987e-10,2.344480721616987e-10,2.344480721616987e-10,Added,2021,JP3228600007
0.0,1.8363121610874597e-10,1.8363121610874597e-10,1.8363121610874597e-10,Added,2021,JP3753000003
0.0,1.4323149379335082e-10,1.4323149379335082e-10,1.4323149379335082e-10,Added,2021,JP3686800008
0.0,1.403348894823401e-10,1.403348894823401e-10,1.403348894823401e-10,Added,2021,JP3350800003
0.0,1.319013336017751e-10,1.319013336017751e-10,1.319013336017751e-10,Added,2021,JP3381000003
0.0,1.2859482289353975e-10,1.2859482289353975e-10,1.2859482289353975e-10,Added,2021,JP3158800007
0.0,1.2430082062042884e-10,1.2430082062042884e-10,1.2430082062042884e-10,Added,2021,JP3386030005
0.0,1.1340350490187355e-10,1.1340350490187355e-10,1.1340350490187355e-10,Added,2021,JP3246400000
0.0,1.1177651508174522e-10,1.1177651508174522e-10,1.1177651508174522e-10,Added,2021,JP3223800008
0.0,1.0399032022866725e-10,1.0399032022866725e-10,1.0399032022866725e-10,Added,2021,JP3449020001
0.0,9.748036446410887e-11,9.748036446410887e-11,9.748036446410887e-11,Added,2021,JP3400900001
0.0,8.989400088907022e-11,8.989400088907022e-11,8.989400088907022e-11,Added,2021,JP3605400005
0.0,8.640425950668726e-11,8.640425950668726e-11,8.640425950668726e-11,Added,2021,JP3289800009
0.0,6.812934797670933e-11,6.812934797670933e-11,6.812934797670933e-11,Added,2021,SG1R50925390
0.0,5.888563630471423e-11,5.888563630471423e-11,5.888563630471423e-11,Added,2021,JP3522200009
0.0,5.187536955061377e-11,5.187536955061377e-11,5.187536955061377e-11,Added,2021,JP3845400005
0.0,3.910363261784583e-11,3.910363261784583e-11,3.910363261784583e-11,Added,2021,JP3850200001
0.0,2.8667827124429845e-11,2.8667827124429845e-11,2.8667827124429845e-11,Added,2021,JP3551200003
0.0,1.915011327267458e-11,1.915011327267458e-11,1.915011327267458e-11,Added,2021,HK2380027329
0.0,0.0,0.0,0.0,Unchanged,2021,JP3027680002
0.0,0.0,0.0,0.0,Unchanged,2021,JP3675600005
0.0,0.0,0.0,0.0,Unchanged,2021,JP3935600001
0.27314299409088094,0.14465979726640582,-0.12848319682447512,0.12848319682447512,Underweighted,2022,HK0002007356
0.017933720947667504,0.047038307150110925,0.02910458620244342,0.02910458620244342,Overweighted,2022,HK0003000038
0.0033979506703026557,0.025012831603504506,0.021614880933201852,0.021614880933201852,Overweighted,2022,HK0066009694
0.015241687597770451,0.0,-0.015241687597770451,0.015241687597770451,Removed,2022,MU0117U00026
0.005910160726197248,0.020867700584899895,0.014957539858702646,0.014957539858702646,Overweighted,2022,SG1M77906915
0.02902128465037974,0.04260012079755868,0.013578836147178936,0.013578836147178936,Overweighted,2022,HK0008011667
0.017362279553601066,0.004959214998977198,-0.012403064554623868,0.012403064554623868,Underweighted,2022,JP3180400008
0.07741711067960154,0.08684091346403855,0.00942380278443701,0.00942380278443701,Overweighted,2022,JP3326410002
0.0033983103678080304,0.012713074075663916,0.009314763707855885,0.009314763707855885,Overweighted,2022,JP3242800005
0.014371640123066498,0.0235917613311924,0.009220121208125901,0.009220121208125901,Overweighted,2022,BMG2624N1535
0.0,0.00877764136151869,0.00877764136151869,0.00877764136151869,Added,2022,HK0011000095
0.0,0.007378548018449623,0.007378548018449623,0.007378548018449623,Added,2022,JP3165700000
0.04287298089740779,0.03572583036365887,-0.007147150533748925,0.007147150533748925,Underweighted,2022,JP3573000001
0.09461745325661976,0.10133282766977955,0.006715374413159794,0.006715374413159794,Overweighted,2022,JP3982100004
0.0,0.006677757135047635,0.006677757135047635,0.006677757135047635,Added,2022,AU000000SHL7
0.005652967115486574,0.012227828960446495,0.00657486184495992,0.00657486184495992,Overweighted,2022,JP3992400006
0.00566686324285125,0.0,-0.00566686324285125,0.00566686324285125,Removed,2022,JP3786200000
0.08413710580178949,0.08961072813641988,0.00547362233463039,0.00547362233463039,Overweighted,2022,JP3613000003
0.010078990293687536,0.015377600534187677,0.005298610240500141,0.005298610240500141,Overweighted,2022,HK0006000050
0.015763508136913785,0.020960961634372766,0.0051974534974589814,0.0051974534974589814,Overweighted,2022,JP3243600008
0.010050929303379835,0.005173217871967929,-0.004877711431411906,0.004877711431411906,Underweighted,2022,JP3902900004
0.050066616354621306,0.05468542886948413,0.004618812514862826,0.004618812514862826,Overweighted,2022,JP3814000000
0.009480571610942385,0.005227187644759502,-0.004253383966182883,0.004253383966182883,Underweighted,2022,JP3249600002
0.052199276832127106,0.05595684208446397,0.003757565252336864,0.003757565252336864,Overweighted,2022,JP3421800008
0.010186745753541436,0.013531427762140535,0.0033446820085990987,0.0033446820085990987,Overweighted,2022,JP3219000001
0.0,0.0025692154098873317,0.0025692154098873317,0.0025692154098873317,Added,2022,HK0270001396
0.032956334276150114,0.03532628230525164,0.0023699480291015235,0.0023699480291015235,Overweighted,2022,JP3143600009
0.0,0.001765772162285466,0.001765772162285466,0.001765772162285466,Added,2022,SG1J26887955
0.013471462499927271,0.011717645275999151,-0.0017538172239281204,0.0017538172239281204,Underweighted,2022,BMG507361001
0.027414099387952022,0.029138974574094915,0.0017248751861428935,0.0017248751861428935,Overweighted,2022,JP3735400008
0.023763009826477048,0.022146214378441234,-0.001616795448035814,0.001616795448035814,Underweighted,2022,JP3119600009
0.05333688984110677,0.05424384861536936,0.000906958774262584,0.000906958774262584,Overweighted,2022,JP3633400001
0.0010870561617429652,0.0019255063450049998,0.0008384501832620346,0.0008384501832620346,Overweighted,2022,JP3893600001
0.0,0.00023899161442832075,0.00023899161442832075,0.00023899161442832075,Added,2022,JP3814800003
0.0,4.503384153736258e-15,4.503384153736258e-15,4.503384153736258e-15,Added,2022,US89677Q1076
0.0,4.009328595281768e-15,4.009328595281768e-15,4.009328595281768e-15,Added,2022,JP3756600007
0.0,3.476871805903072e-15,3.476871805903072e-15,3.476871805903072e-15,Added,2022,JP3358000002
0.0,3.050817167229421e-15,3.050817167229421e-15,3.050817167229421e-15,Added,2022,JP3411000007
0.0,3.0347820959249023e-15,3.0347820959249023e-15,3.0347820959249023e-15,Added,2022,JP3276400003
0.0,3.00374145245817e-15,3.00374145245817e-15,3.00374145245817e-15,Added,2022,JP3283650004
0.0,2.894790958662111e-15,2.894790958662111e-15,2.894790958662111e-15,Added,2022,JP3778630008
0.0,2.8829643271224072e-15,2.8829643271224072e-15,2.8829643271224072e-15,Added,2022,JP3118000003
0.0,2.736572650403309e-15,2.736572650403309e-15,2.736572650403309e-15,Added,2022,JP3198900007
0.0,2.648870882530608e-15,2.648870882530608e-15,2.648870882530608e-15,Added,2022,JP3164630000
0.0,2.6355067168335556e-15,2.6355067168335556e-15,2.6355067168335556e-15,Added,2022,JP3351600006
0.0,2.6270856068692405e-15,2.6270856068692405e-15,2.6270856068692405e-15,Added,2022,JP3419050004
0.0,2.6095873087894337e-15,2.6095873087894337e-15,2.6095873087894337e-15,Added,2022,JP3933800009
0.0,2.4234448815996325e-15,2.4234448815996325e-15,2.4234448815996325e-15,Added,2022,AU000000IFL2
0.0,2.3476535776517646e-15,2.3476535776517646e-15,2.3476535776517646e-15,Added,2022,JP3436100006
0.0,2.3328789720960546e-15,2.3328789720960546e-15,2.3328789720960546e-15,Added,2022,AU000000JBH7
0.0,2.263303232201768e-15,2.263303232201768e-15,2.263303232201768e-15,Added,2022,AU000000IRE2
0.0,2.2585277725386736e-15,2.2585277725386736e-15,2.2585277725386736e-15,Added,2022,JP3131400008
0.0,2.2538381255642264e-15,2.2538381255642264e-15,2.2538381255642264e-15,Added,2022,HK0688002218
0.0,2.042794087391529e-15,2.042794087391529e-15,2.042794087391529e-15,Added,2022,SG1S83002349
0.0,1.971479302430671e-15,1.971479302430671e-15,1.971479302430671e-15,Added,2022,JP3598600009
0.0,1.958775493649554e-15,1.958775493649554e-15,1.958775493649554e-15,Added,2022,JP3271400008
0.0,1.9202812619491316e-15,1.9202812619491316e-15,1.9202812619491316e-15,Added,2022,JP3511800009
0.0,1.885779252963839e-15,1.885779252963839e-15,1.885779252963839e-15,Added,2022,JP3040890000
0.0,1.852953737500256e-15,1.852953737500256e-15,1.852953737500256e-15,Added,2022,JP3027670003
0.0,1.852481925372473e-15,1.852481925372473e-15,1.852481925372473e-15,Added,2022,JP3769000005
0.0,1.813746863025448e-15,1.813746863025448e-15,1.813746863025448e-15,Added,2022,JP3027680002
0.0,1.712871268618754e-15,1.712871268618754e-15,1.712871268618754e-15,Added,2022,JP3173400007
0.0,1.5889743237178203e-15,1.5889743237178203e-15,1.5889743237178203e-15,Added,2022,JP3600200004
0.0,1.5426538793246158e-15,1.5426538793246158e-15,1.5426538793246158e-15,Added,2022,JP3122400009
0.0,1.5329901901587128e-15,1.5329901901587128e-15,1.5329901901587128e-15,Added,2022,HK0200030994
0.0,1.472316865096583e-15,1.472316865096583e-15,1.472316865096583e-15,Added,2022,JP3496400007
0.0,1.4671959350303717e-15,1.4671959350303717e-15,1.4671959350303717e-15,Added,2022,JP3389900006
0.0,1.4508274373379997e-15,1.4508274373379997e-15,1.4508274373379997e-15,Added,2022,JP3830000000
0.0,1.4070896686923146e-15,1.4070896686923146e-15,1.4070896686923146e-15,Added,2022,SG1R89002252
0.0,1.4044273911443718e-15,1.4044273911443718e-15,1.4044273911443718e-15,Added,2022,AU000000SEK6
0.0,1.4012875702813056e-15,1.4012875702813056e-15,1.4012875702813056e-15,Added,2022,NZSKCE0001S2
0.0,1.4009489587806423e-15,1.4009489587806423e-15,1.4009489587806423e-15,Added,2022,SG2B80958517
0.0,1.3647419947603618e-15,1.3647419947603618e-15,1.3647419947603618e-15,Added,2022,JP3766550002
0.0,1.360432636605419e-15,1.360432636605419e-15,1.360432636605419e-15,Added,2022,AU000000MGR9
0.0,1.32690682437192e-15,1.32690682437192e-15,1.32690682437192e-15,Added,2022,AU000000QBE9
0.0,1.3267792478941232e-15,1.3267792478941232e-15,1.3267792478941232e-15,Added,2022,JP3951600000
0.0,1.3214433905161872e-15,1.3214433905161872e-15,1.3214433905161872e-15,Added,2022,HK0000745908
0.0,1.3110257450042331e-15,1.3110257450042331e-15,1.3110257450042331e-15,Added,2022,JP3322930003
0.0,1.2990610973537e-15,1.2990610973537e-15,1.2990610973537e-15,Added,2022,HK0023000190
0.0,1.297475396163017e-15,1.297475396163017e-15,1.297475396163017e-15,Added,2022,JP3548610009
0.0,1.2926673394817027e-15,1.2926673394817027e-15,1.2926673394817027e-15,Added,2022,JP3351500008
0.0,1.2759211639120232e-15,1.2759211639120232e-15,1.2759211639120232e-15,Added,2022,JP3435000009
0.0,1.2640486614070669e-15,1.2640486614070669e-15,1.2640486614070669e-15,Added,2022,JP3162600005
0.0,1.262984234813452e-15,1.262984234813452e-15,1.262984234813452e-15,Added,2022,HK0004000045
0.0,1.2626094315259348e-15,1.2626094315259348e-15,1.2626094315259348e-15,Added,2022,JP3502200003
0.0,1.2604203170867146e-15,1.2604203170867146e-15,1.2604203170867146e-15,Added,2022,JP3890310000
0.0,1.2510154079566116e-15,1.2510154079566116e-15,1.2510154079566116e-15,Added,2022,JP3039710003
0.0,1.248731740916368e-15,1.248731740916368e-15,1.248731740916368e-15,Added,2022,JP3499800005
0.0,1.2259959313802123e-15,1.2259959313802123e-15,1.2259959313802123e-15,Added,2022,JP3108600002
0.0,1.2198641618398419e-15,1.2198641618398419e-15,1.2198641618398419e-15,Added,2022,JP3305990008
0.0,1.206657454977039e-15,1.206657454977039e-15,1.206657454977039e-15,Added,2022,JP3796150005
0.0,1.2030994901406366e-15,1.2030994901406366e-15,1.2030994901406366e-15,Added,2022,JP3203500008
0.0,1.199051891334363e-15,1.199051891334363e-15,1.199051891334363e-15,Added,2022,JP3910660004
0.0,1.183960461530489e-15,1.183960461530489e-15,1.183960461530489e-15,Added,2022,HK0016000132
0.0,1.1356648113133155e-15,1.1356648113133155e-15,1.1356648113133155e-15,Added,2022,JP3762800005
0.0,1.1318781764144628e-15,1.1318781764144628e-15,1.1318781764144628e-15,Added,2022,JP3351100007
0.0,1.1150290524324876e-15,1.1150290524324876e-15,1.1150290524324876e-15,Added,2022,JP3944130008
0.0,1.0911697890163111e-15,1.0911697890163111e-15,1.0911697890163111e-15,Added,2022,AU000000SIG5
0.0,1.0810743914851695e-15,1.0810743914851695e-15,1.0810743914851695e-15,Added,2022,HK0083000502
0.0,1.0603558958174109e-15,1.0603558958174109e-15,1.0603558958174109e-15,Added,2022,JP3826800009
0.0,1.0467613511572126e-15,1.0467613511572126e-15,1.0467613511572126e-15,Added,2022,JP3588600001
0.0,1.0382803561959892e-15,1.0382803561959892e-15,1.0382803561959892e-15,Added,2022,AU000000IGO4
0.0,1.0364105110330738e-15,1.0364105110330738e-15,1.0364105110330738e-15,Added,2022,HK2388011192
0.0,1.0256070365736908e-15,1.0256070365736908e-15,1.0256070365736908e-15,Added,2022,AU000000TCL6
0.0,1.020828191028124e-15,1.020828191028124e-15,1.020828191028124e-15,Added,2022,JP3566800003
0.0,1.0163001978244945e-15,1.0163001978244945e-15,1.0163001978244945e-15,Added,2022,JP3495000006
0.0,1.0135816362593722e-15,1.0135816362593722e-15,1.0135816362593722e-15,Added,2022,JP3131430005
0.0,1.0066377289858228e-15,1.0066377289858228e-15,1.0066377289858228e-15,Added,2022,HK0440001847
0.0,9.928991413036007e-16,9.928991413036007e-16,9.928991413036007e-16,Added,2022,JP3942400007
0.0,9.924943216112706e-16,9.924943216112706e-16,9.924943216112706e-16,Added,2022,JP3977400005
0.0,9.9219706870833e-16,9.9219706870833e-16,9.9219706870833e-16,Added,2022,JP3733000008
0.0,9.680289629229204e-16,9.680289629229204e-16,9.680289629229204e-16,Added,2022,AU000000GMG2
0.0,9.312545402902545e-16,9.312545402902545e-16,9.312545402902545e-16,Added,2022,HK0823032773
0.0,9.19971960129373e-16,9.19971960129373e-16,9.19971960129373e-16,Added,2022,HK0000608585
0.0,9.164399168464934e-16,9.164399168464934e-16,9.164399168464934e-16,Added,2022,JP3967200001
0.0,9.118330596254914e-16,9.118330596254914e-16,9.118330596254914e-16,Added,2022,SG9999000020
0.0,8.61887326125025e-16,8.61887326125025e-16,8.61887326125025e-16,Added,2022,JP3942600002
0.0,8.442178447751767e-16,8.442178447751767e-16,8.442178447751767e-16,Added,2022,SG1S04926220
0.0,8.3318402473416465e-16,8.3318402473416465e-16,8.3318402473416465e-16,Added,2022,SG1P66918738
0.0,8.273007189690738e-16,8.273007189690738e-16,8.273007189690738e-16,Added,2022,AU000000IAG3
0.0,8.117867443978348e-16,8.117867443978348e-16,8.117867443978348e-16,Added,2022,JP3902000003
0.0,8.1154326162847325e-16,8.1154326162847325e-16,8.1154326162847325e-16,Added,2022,JP3711200000
0.0,8.095537550618223e-16,8.095537550618223e-16,8.095537550618223e-16,Added,2022,SG1F60858221
0.0,8.065958992830961e-16,8.065958992830961e-16,8.065958992830961e-16,Added,2022,JP3160400002
0.0,8.05478552008118e-16,8.05478552008118e-16,8.05478552008118e-16,Added,2022,JP3526600006
0.0,7.809955882412244e-16,7.809955882412244e-16,7.809955882412244e-16,Added,2022,HK0014000126
0.0,7.809161787701862e-16,7.809161787701862e-16,7.809161787701862e-16,Added,2022,JP3260800002
0.0,7.730456273926237e-16,7.730456273926237e-16,7.730456273926237e-16,Added,2022,SG1U68934629
0.0,7.660229386222255e-16,7.660229386222255e-16,7.660229386222255e-16,Added,2022,AU000000MQG1
0.0,7.570217475030472e-16,7.570217475030472e-16,7.570217475030472e-16,Added,2022,KYG548561284
0.0,7.384174552360576e-16,7.384174552360576e-16,7.384174552360576e-16,Added,2022,HK0012000102
0.0,7.171792683082073e-16,7.171792683082073e-16,7.171792683082073e-16,Added,2022,JP3336000009
0.0,7.106425200668849e-16,7.106425200668849e-16,7.106425200668849e-16,Added,2022,JP3270000007
0.0,6.84161580615705e-16,6.84161580615705e-16,6.84161580615705e-16,Added,2022,AU000000OZL8
0.0,6.727939980948244e-16,6.727939980948244e-16,6.727939980948244e-16,Added,2022,JP3894900004
0.0,6.438963317840015e-16,6.438963317840015e-16,6.438963317840015e-16,Added,2022,JP3196000008
0.0,6.355400884272403e-16,6.355400884272403e-16,6.355400884272403e-16,Added,2022,AU000000ASX7
0.0,6.306994964248802e-16,6.306994964248802e-16,6.306994964248802e-16,Added,2022,NZTELE0001S4
0.0,6.288336049012971e-16,6.288336049012971e-16,6.288336049012971e-16,Added,2022,JP3939000000
0.0,6.274511114183216e-16,6.274511114183216e-16,6.274511114183216e-16,Added,2022,JP3551500006
0.0,5.983689512783935e-16,5.983689512783935e-16,5.983689512783935e-16,Added,2022,SG1T75931496
0.0,5.953494239496846e-16,5.953494239496846e-16,5.953494239496846e-16,Added,2022,JP3546800008
0.0,5.953285568833807e-16,5.953285568833807e-16,5.953285568833807e-16,Added,2022,AU000000GWA4
0.0,5.940037871024608e-16,5.940037871024608e-16,5.940037871024608e-16,Added,2022,JP3837800006
0.0,5.931378521666462e-16,5.931378521666462e-16,5.931378521666462e-16,Added,2022,JP3862400003
0.0,5.91839031933368e-16,5.91839031933368e-16,5.91839031933368e-16,Added,2022,JP3463000004
0.0,5.866159015291384e-16,5.866159015291384e-16,5.866159015291384e-16,Added,2022,JP3277800003
0.0,5.754365707226148e-16,5.754365707226148e-16,5.754365707226148e-16,Added,2022,SGXE34184239
0.0,5.618345924992919e-16,5.618345924992919e-16,5.618345924992919e-16,Added,2022,AU000000NAB4
0.0,5.334386636654086e-16,5.334386636654086e-16,5.334386636654086e-16,Added,2022,IE00BKVD2N49
0.0,5.29326256250687e-16,5.29326256250687e-16,5.29326256250687e-16,Added,2022,BMG524401079
0.0,5.1258034516219175e-16,5.1258034516219175e-16,5.1258034516219175e-16,Added,2022,SGXE21576413
0.0,4.980943260606818e-16,4.980943260606818e-16,4.980943260606818e-16,Added,2022,BMG668971101
0.0,4.96733933589179e-16,4.96733933589179e-16,4.96733933589179e-16,Added,2022,JP3494600004
0.0,4.96638592513725e-16,4.96638592513725e-16,4.96638592513725e-16,Added,2022,JP3890350006
0.0,4.812530353856604e-16,4.812530353856604e-16,4.812530353856604e-16,Added,2022,KYG2108Y1052
0.0,4.789160811366785e-16,4.789160811366785e-16,4.789160811366785e-16,Added,2022,JP3205800000
0.0,4.622440710531423e-16,4.622440710531423e-16,4.622440710531423e-16,Added,2022,JP3535800001
0.0,4.61405275843587e-16,4.61405275843587e-16,4.61405275843587e-16,Added,2022,SG1L01001701
0.0,4.60857618992422e-16,4.60857618992422e-16,4.60857618992422e-16,Added,2022,AU000000RHC8
0.0,4.590907538146185e-16,4.590907538146185e-16,4.590907538146185e-16,Added,2022,JP3574200006
0.0,4.576006828150406e-16,4.576006828150406e-16,4.576006828150406e-16,Added,2022,KYG210961051
0.0,4.530972771999547e-16,4.530972771999547e-16,4.530972771999547e-16,Added,2022,JP3634200004
0.0,4.506295150154587e-16,4.506295150154587e-16,4.506295150154587e-16,Added,2022,JP3280200001
0.0,4.445207438735173e-16,4.445207438735173e-16,4.445207438735173e-16,Added,2022,JP3659000008
0.0,4.39532564228392e-16,4.39532564228392e-16,4.39532564228392e-16,Added,2022,AU000000MTS0
0.0,4.111441164870044e-16,4.111441164870044e-16,4.111441164870044e-16,Added,2022,JP3143000002
0.0,4.1015862348725365e-16,4.1015862348725365e-16,4.1015862348725365e-16,Added,2022,JP3347200002
0.0,4.063240916051819e-16,4.063240916051819e-16,4.063240916051819e-16,Added,2022,JP3870000001
0.0,4.0218901000777094e-16,4.0218901000777094e-16,4.0218901000777094e-16,Added,2022,JP3765400001
0.0,4.01793876616757e-16,4.01793876616757e-16,4.01793876616757e-16,Added,2022,AU000000ELD6
0.0,4.0009016024244114e-16,4.0009016024244114e-16,4.0009016024244114e-16,Added,2022,AU000000AMP6
0.0,3.925491368545538e-16,3.925491368545538e-16,3.925491368545538e-16,Added,2022,JP3352400000
0.0,3.887080271586831e-16,3.887080271586831e-16,3.887080271586831e-16,Added,2022,JP3774200004
0.0,3.7676526426588656e-16,3.7676526426588656e-16,3.7676526426588656e-16,Added,2022,JP3835620000
0.0,3.7590236266718243e-16,3.7590236266718243e-16,3.7590236266718243e-16,Added,2022,JP3940400009
0.0,3.727536802926676e-16,3.727536802926676e-16,3.727536802926676e-16,Added,2022,AU000000SBM8
0.0,3.642538739978161e-16,3.642538739978161e-16,3.642538739978161e-16,Added,2022,JP3684000007
0.0,3.6265888751643534e-16,3.6265888751643534e-16,3.6265888751643534e-16,Added,2022,JP3940000007
0.0,3.612008640993291e-16,3.612008640993291e-16,3.612008640993291e-16,Added,2022,JP3885400006
0.0,3.5994458821181025e-16,3.5994458821181025e-16,3.5994458821181025e-16,Added,2022,JP3258000003
0.0,3.4791328412621656e-16,3.4791328412621656e-16,3.4791328412621656e-16,Added,2022,JP3263000006
0.0,3.4580347262370393e-16,3.4580347262370393e-16,3.4580347262370393e-16,Added,2022,AU000000ERA9
0.0,3.434043236884506e-16,3.434043236884506e-16,3.434043236884506e-16,Added,2022,JP3224200000
0.0,3.4295675813630866e-16,3.4295675813630866e-16,3.4295675813630866e-16,Added,2022,JP3791200003
0.0,3.400774561654522e-16,3.400774561654522e-16,3.400774561654522e-16,Added,2022,JP3456000003
0.0,3.358697659136163e-16,3.358697659136163e-16,3.358697659136163e-16,Added,2022,HK0308001558
0.0,3.299719717109833e-16,3.299719717109833e-16,3.299719717109833e-16,Added,2022,JP3398000004
0.0,3.266591975152433e-16,3.266591975152433e-16,3.266591975152433e-16,Added,2022,HK0101000591
0.0,3.235413016775726e-16,3.235413016775726e-16,3.235413016775726e-16,Added,2022,AU000000IVC8
0.0,3.2092605132136257e-16,3.2092605132136257e-16,3.2092605132136257e-16,Added,2022,JP3388200002
0.0,3.1128940312135875e-16,3.1128940312135875e-16,3.1128940312135875e-16,Added,2022,JP3675600005
0.0,3.0946180962885985e-16,3.0946180962885985e-16,3.0946180962885985e-16,Added,2022,JP3906000009
0.0,2.9142085519489637e-16,2.9142085519489637e-16,2.9142085519489637e-16,Added,2022,AU000000WBC1
0.0,2.849383129530569e-16,2.849383129530569e-16,2.849383129530569e-16,Added,2022,JP3126340003
0.0,2.8111226404714116e-16,2.8111226404714116e-16,2.8111226404714116e-16,Added,2022,JP3635400009
0.0,2.753300731591333e-16,2.753300731591333e-16,2.753300731591333e-16,Added,2022,JP3420600003
0.0,2.7403962868917003e-16,2.7403962868917003e-16,2.7403962868917003e-16,Added,2022,HK0000055878
0.0,2.6669127550001176e-16,2.6669127550001176e-16,2.6669127550001176e-16,Added,2022,AU000000PPT9
0.0,2.5913688907744337e-16,2.5913688907744337e-16,2.5913688907744337e-16,Added,2022,JP3756100008
0.0,2.57865311299396e-16,2.57865311299396e-16,2.57865311299396e-16,Added,2022,JP3799000009
0.0,2.467841368057277e-16,2.467841368057277e-16,2.467841368057277e-16,Added,2022,AU000000WOW2
0.0,2.3384012414953344e-16,2.3384012414953344e-16,2.3384012414953344e-16,Added,2022,JP3210200006
0.0,2.2998250303582025e-16,2.2998250303582025e-16,2.2998250303582025e-16,Added,2022,JP3771800004
0.0,2.245951971011986e-16,2.245951971011986e-16,2.245951971011986e-16,Added,2022,AU0000033359
0.0,2.1950730228401749e-16,2.1950730228401749e-16,2.1950730228401749e-16,Added,2022,AU000000NCM7
0.0,2.1448712458825108e-16,2.1448712458825108e-16,2.1448712458825108e-16,Added,2022,JP3357200009
0.0,2.1100472651051667e-16,2.1100472651051667e-16,2.1100472651051667e-16,Added,2022,JP3268950007
0.0,2.0938281139839795e-16,2.0938281139839795e-16,2.0938281139839795e-16,Added,2022,JP3742600004
0.0,2.0734501797108186e-16,2.0734501797108186e-16,2.0734501797108186e-16,Added,2022,AU000000SGM7
0.0,2.0455546993830422e-16,2.0455546993830422e-16,2.0455546993830422e-16,Added,2022,JP3305530002
0.0,2.0134751875357178e-16,2.0134751875357178e-16,2.0134751875357178e-16,Added,2022,JP3475350009
0.0,1.929921702854143e-16,1.929921702854143e-16,1.929921702854143e-16,Added,2022,JP3688370000
0.0,1.9016569202422456e-16,1.9016569202422456e-16,1.9016569202422456e-16,Added,2022,JP3188220002
0.0,1.879301951379252e-16,1.879301951379252e-16,1.879301951379252e-16,Added,2022,AU000000MND5
0.0,1.8173536705297059e-16,1.8173536705297059e-16,1.8173536705297059e-16,Added,2022,JP3676800000
0.0,1.793097769010937e-16,1.793097769010937e-16,1.793097769010937e-16,Added,2022,BMG988031446
0.0,1.7817565884611376e-16,1.7817565884611376e-16,1.7817565884611376e-16,Added,2022,JP3818000006
0.0,1.7633061317419646e-16,1.7633061317419646e-16,1.7633061317419646e-16,Added,2022,JP3414750004
0.0,1.7539468300221838e-16,1.7539468300221838e-16,1.7539468300221838e-16,Added,2022,JP3734800000
0.0,1.751525613865078e-16,1.751525613865078e-16,1.751525613865078e-16,Added,2022,JP3134800006
0.0,1.7309214074682872e-16,1.7309214074682872e-16,1.7309214074682872e-16,Added,2022,HK0000139300
0.0,1.6800304374504062e-16,1.6800304374504062e-16,1.6800304374504062e-16,Added,2022,JP3274400005
0.0,1.65637417690185e-16,1.65637417690185e-16,1.65637417690185e-16,Added,2022,JP3385820000
0.0,1.6070038659371447e-16,1.6070038659371447e-16,1.6070038659371447e-16,Added,2022,HK0165000859
0.0,1.5715630417771205e-16,1.5715630417771205e-16,1.5715630417771205e-16,Added,2022,NZAIAE0002S6
0.0,1.5354541236626506e-16,1.5354541236626506e-16,1.5354541236626506e-16,Added,2022,AU000000FLT9
0.0,1.4946169554857398e-16,1.4946169554857398e-16,1.4946169554857398e-16,Added,2022,AU000000ALL7
0.0,1.4624407770008985e-16,1.4624407770008985e-16,1.4624407770008985e-16,Added,2022,JP3900000005
0.0,1.4307649309256272e-16,1.4307649309256272e-16,1.4307649309256272e-16,Added,2022,JP3726800000
0.0,1.3984748752595163e-16,1.3984748752595163e-16,1.3984748752595163e-16,Added,2022,JP3415400005
0.0,1.3932056540537975e-16,1.3932056540537975e-16,1.3932056540537975e-16,Added,2022,BMG2442N1048
0.0,1.3856964067109368e-16,1.3856964067109368e-16,1.3856964067109368e-16,Added,2022,JP3919800007
0.0,1.3553976445816166e-16,1.3553976445816166e-16,1.3553976445816166e-16,Added,2022,JP3670800006
0.0,1.3397533859749888e-16,1.3397533859749888e-16,1.3397533859749888e-16,Added,2022,HK0144000764
0.0,1.3088855732998458e-16,1.3088855732998458e-16,1.3088855732998458e-16,Added,2022,JP3443600006
0.0,1.3083868339951636e-16,1.3083868339951636e-16,1.3083868339951636e-16,Added,2022,HK0000049939
0.0,1.2928059020167017e-16,1.2928059020167017e-16,1.2928059020167017e-16,Added,2022,JP3116000005
0.0,1.2764281668319414e-16,1.2764281668319414e-16,1.2764281668319414e-16,Added,2022,JP3868400007
0.0,1.2687137992568043e-16,1.2687137992568043e-16,1.2687137992568043e-16,Added,2022,JP3371200001
0.0,1.2582899280411544e-16,1.2582899280411544e-16,1.2582899280411544e-16,Added,2022,AU000000BWP3
0.0,1.247367259839234e-16,1.247367259839234e-16,1.247367259839234e-16,Added,2022,JP3240400006
0.0,1.1564838835784076e-16,1.1564838835784076e-16,1.1564838835784076e-16,Added,2022,JP3629000005
0.0,1.1308372899452622e-16,1.1308372899452622e-16,1.1308372899452622e-16,Added,2022,JP3452000007
0.0,1.1165739859716276e-16,1.1165739859716276e-16,1.1165739859716276e-16,Added,2022,JP3811000003
0.0,1.0913074177667114e-16,1.0913074177667114e-16,1.0913074177667114e-16,Added,2022,HK0019000162
0.0,1.0686228634232879e-16,1.0686228634232879e-16,1.0686228634232879e-16,Added,2022,JP3788600009
0.0,1.0593034025898528e-16,1.0593034025898528e-16,1.0593034025898528e-16,Added,2022,JP3419400001
0.0,9.972901991630549e-17,9.972901991630549e-17,9.972901991630549e-17,Added,2022,JP3854600008
0.0,9.954259242705687e-17,9.954259242705687e-17,9.954259242705687e-17,Added,2022,JP3973400009
0.0,9.768145229432662e-17,9.768145229432662e-17,9.768145229432662e-17,Added,2022,JP3102000001
0.0,9.401909718112604e-17,9.401909718112604e-17,9.401909718112604e-17,Added,2022,AU000000ANZ3
0.0,8.629612085765949e-17,8.629612085765949e-17,8.629612085765949e-17,Added,2022,JP3783600004
0.0,7.665954568331072e-17,7.665954568331072e-17,7.665954568331072e-17,Added,2022,BMG5320C1082
0.0,7.5636527671283e-17,7.5636527671283e-17,7.5636527671283e-17,Added,2022,JP3899600005
0.0,7.397835073945398e-17,7.397835073945398e-17,7.397835073945398e-17,Added,2022,JP3405400007
0.0,7.327112617765726e-17,7.327112617765726e-17,7.327112617765726e-17,Added,2022,AU000000CIM7
0.0,7.285760342208704e-17,7.285760342208704e-17,7.285760342208704e-17,Added,2022,JP3404200002
0.0,7.220767260343031e-17,7.220767260343031e-17,7.220767260343031e-17,Added,2022,JP3830800003
0.0,7.126037431075404e-17,7.126037431075404e-17,7.126037431075404e-17,Added,2022,JP3743000006
0.0,5.421572275461056e-17,5.421572275461056e-17,5.421572275461056e-17,Added,2022,JP3634600005
0.0,3.6216311448181505e-17,3.6216311448181505e-17,3.6216311448181505e-17,Added,2022,JP3493400000
0.0,3.217910302992859e-17,3.217910302992859e-17,3.217910302992859e-17,Added,2022,JP3672400003
0.0,3.1876163941899185e-17,3.1876163941899185e-17,3.1876163941899185e-17,Added,2022,AU000000BHP4
0.0,2.879186249709996e-17,2.879186249709996e-17,2.879186249709996e-17,Added,2022,JP3385980002
0.0,2.8409510180503385e-17,2.8409510180503385e-17,2.8409510180503385e-17,Added,2022,JP3780100008
0.0,2.6186584786571853e-17,2.6186584786571853e-17,2.6186584786571853e-17,Added,2022,AU000000CSL8
0.0,2.3408803969673875e-17,2.3408803969673875e-17,2.3408803969673875e-17,Added,2022,JP3877600001
0.0,1.619040195927788e-17,1.619040195927788e-17,1.619040195927788e-17,Added,2022,JP3197600004
0.0,1.5176991245513474e-17,1.5176991245513474e-17,1.5176991245513474e-17,Added,2022,JP3194000000
0.0,1.0932092160765817e-17,1.0932092160765817e-17,1.0932092160765817e-17,Added,2022,JP3407400005
0.0,5.617461884597178e-18,5.617461884597178e-18,5.617461884597178e-18,Added,2022,NZCENE0001S6
0.0,2.7071422069474098e-18,2.7071422069474098e-18,2.7071422069474098e-18,Added,2022,AU000000APA1
0.0,5.365259735842997e-19,5.365259735842997e-19,5.365259735842997e-19,Added,2022,JP3190000004
0.0,0.0,0.0,0.0,Unchanged,2022,AU000000ABC7
0.0,0.0,0.0,0.0,Unchanged,2022,AU000000ANN9
0.0,0.0,0.0,0.0,Unchanged,2022,AU000000BEN6
0.0,0.0,0.0,0.0,Unchanged,2022,AU000000BLD2
0.0,0.0,0.0,0.0,Unchanged,2022,AU000000BOQ8
0.0,0.0,0.0,0.0,Unchanged,2022,AU000000BPT9
0.0,0.0,0.0,0.0,Unchanged,2022,AU000000BSL0
0.0,0.0,0.0,0.0,Unchanged,2022,AU000000CBA7
0.0,0.0,0.0,0.0,Unchanged,2022,AU000000CGF5
0.0,0.0,0.0,0.0,Unchanged,2022,AU000000COH5
0.0,0.0,0.0,0.0,Unchanged,2022,AU000000CPU5
0.0,0.0,0.0,0.0,Unchanged,2022,AU000000CQR9
0.0,0.0,0.0,0.0,Unchanged,2022,AU000000CSR5
0.0,0.0,0.0,0.0,Unchanged,2022,AU000000CWY3
0.0,0.0,0.0,0.0,Unchanged,2022,AU000000DOW2
0.0,0.0,0.0,0.0,Unchanged,2022,AU000000DXS1
0.0,0.0,0.0,0.0,Unchanged,2022,AU000000GPT8
0.0,0.0,0.0,0.0,Unchanged,2022,AU000000ILU1
0.0,0.0,0.0,0.0,Unchanged,2022,AU000000LLC3
0.0,0.0,0.0,0.0,Unchanged,2022,AU000000MAH3
0.0,0.0,0.0,0.0,Unchanged,2022,AU000000ORG5
0.0,0.0,0.0,0.0,Unchanged,2022,AU000000ORI1
0.0,0.0,0.0,0.0,Unchanged,2022,AU000000QAN2
0.0,0.0,0.0,0.0,Unchanged,2022,AU000000SGP0
0.0,0.0,0.0,0.0,Unchanged,2022,AU000000STO6
0.0,0.0,0.0,0.0,Unchanged,2022,AU000000SUN6
0.0,0.0,0.0,0.0,Unchanged,2022,AU000000SXL4
0.0,0.0,0.0,0.0,Unchanged,2022,AU000000TAH8
0.0,0.0,0.0,0.0,Unchanged,2022,AU000000TLS2
0.0,0.0,0.0,0.0,Unchanged,2022,AU000000WES1
0.0,0.0,0.0,0.0,Unchanged,2022,AU000000WOR2
0.0,0.0,0.0,0.0,Unchanged,2022,AU0000088338
0.0,0.0,0.0,0.0,Unchanged,2022,AU0000224040
0.0,0.0,0.0,0.0,Unchanged,2022,BMG2108M2182
0.0,0.0,0.0,0.0,Unchanged,2022,BMG2178K1009
0.0,0.0,0.0,0.0,Unchanged,2022,BMG4600H1198
0.0,0.0,0.0,0.0,Unchanged,2022,BMG677491539
0.0,0.0,0.0,0.0,Unchanged,2022,BMG684371393
0.0,0.0,0.0,0.0,Unchanged,2022,BMG8063F1068
0.0,0.0,0.0,0.0,Unchanged,2022,BMG8403G1033
0.0,0.0,0.0,0.0,Unchanged,2022,HK0010000088
0.0,0.0,0.0,0.0,Unchanged,2022,HK0242001243
0.0,0.0,0.0,0.0,Unchanged,2022,HK0291001490
0.0,0.0,0.0,0.0,Unchanged,2022,HK0293001514
0.0,0.0,0.0,0.0,Unchanged,2022,HK0363006039
0.0,0.0,0.0,0.0,Unchanged,2022,HK0388045442
0.0,0.0,0.0,0.0,Unchanged,2022,HK0392044647
0.0,0.0,0.0,0.0,Unchanged,2022,HK0836012952
0.0,0.0,0.0,0.0,Unchanged,2022,HK2380027329
0.0,0.0,0.0,0.0,Unchanged,2022,JP3111200006
0.0,0.0,0.0,0.0,Unchanged,2022,JP3112000009
0.0,0.0,0.0,0.0,Unchanged,2022,JP3122800000
0.0,0.0,0.0,0.0,Unchanged,2022,JP3126400005
0.0,0.0,0.0,0.0,Unchanged,2022,JP3137200006
0.0,0.0,0.0,0.0,Unchanged,2022,JP3148800000
0.0,0.0,0.0,0.0,Unchanged,2022,JP3156400008
0.0,0.0,0.0,0.0,Unchanged,2022,JP3158800007
0.0,0.0,0.0,0.0,Unchanged,2022,JP3164800009
0.0,0.0,0.0,0.0,Unchanged,2022,JP3165600002
0.0,0.0,0.0,0.0,Unchanged,2022,JP3166000004
0.0,0.0,0.0,0.0,Unchanged,2022,JP3172100004
0.0,0.0,0.0,0.0,Unchanged,2022,JP3174410005
0.0,0.0,0.0,0.0,Unchanged,2022,JP3197800000
0.0,0.0,0.0,0.0,Unchanged,2022,JP3200450009
0.0,0.0,0.0,0.0,Unchanged,2022,JP3201200007
0.0,0.0,0.0,0.0,Unchanged,2022,JP3209000003
0.0,0.0,0.0,0.0,Unchanged,2022,JP3215800008
0.0,0.0,0.0,0.0,Unchanged,2022,JP3223800008
0.0,0.0,0.0,0.0,Unchanged,2022,JP3228600007
0.0,0.0,0.0,0.0,Unchanged,2022,JP3229400001
0.0,0.0,0.0,0.0,Unchanged,2022,JP3246400000
0.0,0.0,0.0,0.0,Unchanged,2022,JP3256000005
0.0,0.0,0.0,0.0,Unchanged,2022,JP3266400005
0.0,0.0,0.0,0.0,Unchanged,2022,JP3269600007
0.0,0.0,0.0,0.0,Unchanged,2022,JP3289800009
0.0,0.0,0.0,0.0,Unchanged,2022,JP3292200007
0.0,0.0,0.0,0.0,Unchanged,2022,JP3293200006
0.0,0.0,0.0,0.0,Unchanged,2022,JP3294460005
0.0,0.0,0.0,0.0,Unchanged,2022,JP3300200007
0.0,0.0,0.0,0.0,Unchanged,2022,JP3300600008
0.0,0.0,0.0,0.0,Unchanged,2022,JP3304200003
0.0,0.0,0.0,0.0,Unchanged,2022,JP3320800000
0.0,0.0,0.0,0.0,Unchanged,2022,JP3350800003
0.0,0.0,0.0,0.0,Unchanged,2022,JP3358200008
0.0,0.0,0.0,0.0,Unchanged,2022,JP3358800005
0.0,0.0,0.0,0.0,Unchanged,2022,JP3359600008
0.0,0.0,0.0,0.0,Unchanged,2022,JP3362700001
0.0,0.0,0.0,0.0,Unchanged,2022,JP3368000000
0.0,0.0,0.0,0.0,Unchanged,2022,JP3375800004
0.0,0.0,0.0,0.0,Unchanged,2022,JP3381000003
0.0,0.0,0.0,0.0,Unchanged,2022,JP3386030005
0.0,0.0,0.0,0.0,Unchanged,2022,JP3397200001
0.0,0.0,0.0,0.0,Unchanged,2022,JP3400900001
0.0,0.0,0.0,0.0,Unchanged,2022,JP3401400001
0.0,0.0,0.0,0.0,Unchanged,2022,JP3402600005
0.0,0.0,0.0,0.0,Unchanged,2022,JP3404600003
0.0,0.0,0.0,0.0,Unchanged,2022,JP3407200009
0.0,0.0,0.0,0.0,Unchanged,2022,JP3409000001
0.0,0.0,0.0,0.0,Unchanged,2022,JP3421100003
0.0,0.0,0.0,0.0,Unchanged,2022,JP3425000001
0.0,0.0,0.0,0.0,Unchanged,2022,JP3429800000
0.0,0.0,0.0,0.0,Unchanged,2022,JP3449020001
0.0,0.0,0.0,0.0,Unchanged,2022,JP3459600007
0.0,0.0,0.0,0.0,Unchanged,2022,JP3481800005
0.0,0.0,0.0,0.0,Unchanged,2022,JP3485800001
0.0,0.0,0.0,0.0,Unchanged,2022,JP3486800000
0.0,0.0,0.0,0.0,Unchanged,2022,JP3491000000
0.0,0.0,0.0,0.0,Unchanged,2022,JP3493800001
0.0,0.0,0.0,0.0,Unchanged,2022,JP3505000004
0.0,0.0,0.0,0.0,Unchanged,2022,JP3519400000
0.0,0.0,0.0,0.0,Unchanged,2022,JP3522200009
0.0,0.0,0.0,0.0,Unchanged,2022,JP3528600004
0.0,0.0,0.0,0.0,Unchanged,2022,JP3538800008
0.0,0.0,0.0,0.0,Unchanged,2022,JP3539220008
0.0,0.0,0.0,0.0,Unchanged,2022,JP3544000007
0.0,0.0,0.0,0.0,Unchanged,2022,JP3549600009
0.0,0.0,0.0,0.0,Unchanged,2022,JP3551200003
0.0,0.0,0.0,0.0,Unchanged,2022,JP3551520004
0.0,0.0,0.0,0.0,Unchanged,2022,JP3560800009
0.0,0.0,0.0,0.0,Unchanged,2022,JP3571400005
0.0,0.0,0.0,0.0,Unchanged,2022,JP3579800008
0.0,0.0,0.0,0.0,Unchanged,2022,JP3582600007
0.0,0.0,0.0,0.0,Unchanged,2022,JP3585800000
0.0,0.0,0.0,0.0,Unchanged,2022,JP3592200004
0.0,0.0,0.0,0.0,Unchanged,2022,JP3595200001
0.0,0.0,0.0,0.0,Unchanged,2022,JP3596200000
0.0,0.0,0.0,0.0,Unchanged,2022,JP3605400005
0.0,0.0,0.0,0.0,Unchanged,2022,JP3613400005
0.0,0.0,0.0,0.0,Unchanged,2022,JP3619800000
0.0,0.0,0.0,0.0,Unchanged,2022,JP3621000003
0.0,0.0,0.0,0.0,Unchanged,2022,JP3625000009
0.0,0.0,0.0,0.0,Unchanged,2022,JP3626800001
0.0,0.0,0.0,0.0,Unchanged,2022,JP3635000007
0.0,0.0,0.0,0.0,Unchanged,2022,JP3638600001
0.0,0.0,0.0,0.0,Unchanged,2022,JP3657400002
0.0,0.0,0.0,0.0,Unchanged,2022,JP3663900003
0.0,0.0,0.0,0.0,Unchanged,2022,JP3665200006
0.0,0.0,0.0,0.0,Unchanged,2022,JP3667600005
0.0,0.0,0.0,0.0,Unchanged,2022,JP3678000005
0.0,0.0,0.0,0.0,Unchanged,2022,JP3695200000
0.0,0.0,0.0,0.0,Unchanged,2022,JP3711600001
0.0,0.0,0.0,0.0,Unchanged,2022,JP3718800000
0.0,0.0,0.0,0.0,Unchanged,2022,JP3720800006
0.0,0.0,0.0,0.0,Unchanged,2022,JP3721400004
0.0,0.0,0.0,0.0,Unchanged,2022,JP3733400000
0.0,0.0,0.0,0.0,Unchanged,2022,JP3738600000
0.0,0.0,0.0,0.0,Unchanged,2022,JP3753000003
0.0,0.0,0.0,0.0,Unchanged,2022,JP3762600009
0.0,0.0,0.0,0.0,Unchanged,2022,JP3787000003
0.0,0.0,0.0,0.0,Unchanged,2022,JP3792600003
0.0,0.0,0.0,0.0,Unchanged,2022,JP3802300008
0.0,0.0,0.0,0.0,Unchanged,2022,JP3802400006
0.0,0.0,0.0,0.0,Unchanged,2022,JP3820000002
0.0,0.0,0.0,0.0,Unchanged,2022,JP3827200001
0.0,0.0,0.0,0.0,Unchanged,2022,JP3845400005
0.0,0.0,0.0,0.0,Unchanged,2022,JP3850200001
0.0,0.0,0.0,0.0,Unchanged,2022,JP3866800000
0.0,0.0,0.0,0.0,Unchanged,2022,JP3870400003
0.0,0.0,0.0,0.0,Unchanged,2022,JP3888300005
0.0,0.0,0.0,0.0,Unchanged,2022,JP3888400003
0.0,0.0,0.0,0.0,Unchanged,2022,JP3893200000
0.0,0.0,0.0,0.0,Unchanged,2022,JP3896800004
0.0,0.0,0.0,0.0,Unchanged,2022,JP3898400001
0.0,0.0,0.0,0.0,Unchanged,2022,JP3902400005
0.0,0.0,0.0,0.0,Unchanged,2022,JP3903000002
0.0,0.0,0.0,0.0,Unchanged,2022,JP3914400001
0.0,0.0,0.0,0.0,Unchanged,2022,JP3935600001
0.0,0.0,0.0,0.0,Unchanged,2022,JP3942800008
0.0,0.0,0.0,0.0,Unchanged,2022,JP3955000009
0.0,0.0,0.0,0.0,Unchanged,2022,JP3982800009
0.0,0.0,0.0,0.0,Unchanged,2022,KYG0535Q1331
0.0,0.0,0.0,0.0,Unchanged,2022,KYG217651051
0.0,0.0,0.0,0.0,Unchanged,2022,KYG525621408
0.0,0.0,0.0,0.0,Unchanged,2022,KYG5427W1309
0.0,0.0,0.0,0.0,Unchanged,2022,NZAIRE0001S2
0.0,0.0,0.0,0.0,Unchanged,2022,NZFBUE0001S0
0.0,0.0,0.0,0.0,Unchanged,2022,SG1B51001017
0.0,0.0,0.0,0.0,Unchanged,2022,SG1M51904654
0.0,0.0,0.0,0.0,Unchanged,2022,SG1N31909426
0.0,0.0,0.0,0.0,Unchanged,2022,SG1R50925390
0.0,0.0,0.0,0.0,Unchanged,2022,SG1T58930911
0.0,0.0,0.0,0.0,Unchanged,2022,SG1V61937297
0.0,0.0,0.0,0.0,Unchanged,2022,SG9999003735
0.16862810440128498,0.08439687148170813,-0.08423123291957685,0.08423123291957685,Underweighted,2023,HK0002007356
0.020641450730138098,0.037335413507570255,0.016693962777432157,0.016693962777432157,Overweighted,2023,HK0066009694
0.03522297280440697,0.020071135847191505,-0.015151836957215465,0.015151836957215465,Underweighted,2023,JP3180400008
0.021652682313036693,0.03420251113781867,0.012549828824781978,0.012549828824781978,Overweighted,2023,HK0008011667
0.011906925133316384,0.0,-0.011906925133316384,0.011906925133316384,Removed,2023,MU0117U00026
0.019758832294075525,0.03049807921613014,0.010739246922054614,0.010739246922054614,Overweighted,2023,SG1M77906915
0.086593825634011,0.09705727319769362,0.010463447563682629,0.010463447563682629,Overweighted,2023,JP3768600003
0.02878941147362019,0.03762353531594198,0.008834123842321791,0.008834123842321791,Overweighted,2023,HK0011000095
0.0005723869543117914,0.009266709952085844,0.008694322997774052,0.008694322997774052,Overweighted,2023,JP3242800005
0.039760221694603866,0.0467150604329441,0.006954838738340234,0.006954838738340234,Overweighted,2023,JP3421800008
0.11870799880421998,0.12493778647613316,0.006229787671913178,0.006229787671913178,Overweighted,2023,JP3143900003
0.002706762071526693,0.00878414425995107,0.006077382188424377,0.006077382188424377,Overweighted,2023,JP3243600008
0.056732220745526044,0.062038999452591365,0.005306778707065321,0.005306778707065321,Overweighted,2023,JP3982100004
0.011896613234922608,0.01677588398637182,0.004879270751449212,0.004879270751449212,Overweighted,2023,SG1J26887955
0.06998211978655489,0.06515774973893373,-0.0048243700476211515,0.0048243700476211515,Underweighted,2023,JP3573000001
0.005121489896818833,0.009237809333026639,0.004116319436207806,0.004116319436207806,Overweighted,2023,JP3260800002
0.06206629006220728,0.06603217558061715,0.003965885518409873,0.003965885518409873,Overweighted,2023,JP3326410002
0.01166771089560492,0.008502413520074855,-0.0031652973755300646,0.0031652973755300646,Underweighted,2023,JP3249600002
0.0,0.0028434996620127677,0.0028434996620127677,0.0028434996620127677,Added,2023,BMG507361001
0.06627063811236304,0.06860501623438478,0.002334378122021738,0.002334378122021738,Overweighted,2023,JP3735400008
0.04658707057777637,0.048628899252908114,0.0020418286751317447,0.0020418286751317447,Overweighted,2023,JP3633400001
0.0,0.0017236278742260426,0.0017236278742260426,0.0017236278742260426,Added,2023,BMG2624N1535
0.027136491255273062,0.02884669610926345,0.0017102048539903887,0.0017102048539903887,Overweighted,2023,JP3119600009
0.027256425639327096,0.028708678157838848,0.001452252518511752,0.001452252518511752,Overweighted,2023,JP3814000000
0.005178007020125176,0.006589923305812932,0.0014119162856877565,0.0014119162856877565,Overweighted,2023,HK0006000050
0.004496691032701015,0.003233907842876895,-0.0012627831898241204,0.0012627831898241204,Underweighted,2023,JP3613000003
0.002099882195231562,0.0029781556019577334,0.0008782734067261716,0.0008782734067261716,Overweighted,2023,JP3352000008
0.0110421129935893,0.01142114428736957,0.0003790312937802711,0.0003790312937802711,Overweighted,2023,JP3992400006
0.02267262149835068,0.022925056577815368,0.0002524350794646871,0.0002524350794646871,Overweighted,2023,JP3789000001
0.014852040745075963,0.014861842656697192,9.801911621228412e-06,9.801911621228412e-06,Overweighted,2023,JP3910660004
0.0,1.673978530902545e-15,1.673978530902545e-15,1.673978530902545e-15,Added,2023,US89677Q1076
0.0,1.14915670681058e-15,1.14915670681058e-15,1.14915670681058e-15,Added,2023,JP3756600007
0.0,1.124859921061234e-15,1.124859921061234e-15,1.124859921061234e-15,Added,2023,AU000000SIG5
0.0,9.834056364778916e-16,9.834056364778916e-16,9.834056364778916e-16,Added,2023,JP3351600006
0.0,9.790895116805753e-16,9.790895116805753e-16,9.790895116805753e-16,Added,2023,JP3658850007
0.0,9.255377140964398e-16,9.255377140964398e-16,9.255377140964398e-16,Added,2023,AU000000IRE2
0.0,9.085403195691957e-16,9.085403195691957e-16,9.085403195691957e-16,Added,2023,JP3419050004
0.0,8.336176365600634e-16,8.336176365600634e-16,8.336176365600634e-16,Added,2023,HK0688002218
0.0,8.275248737096704e-16,8.275248737096704e-16,8.275248737096704e-16,Added,2023,JP3276400003
0.0,8.212932126957914e-16,8.212932126957914e-16,8.212932126957914e-16,Added,2023,JP3164630000
0.0,8.174682810464529e-16,8.174682810464529e-16,8.174682810464529e-16,Added,2023,JP3358000002
0.0,7.955994775394894e-16,7.955994775394894e-16,7.955994775394894e-16,Added,2023,JP3283650004
0.0,7.559870626307302e-16,7.559870626307302e-16,7.559870626307302e-16,Added,2023,HK0165000859
0.0,6.806431096240219e-16,6.806431096240219e-16,6.806431096240219e-16,Added,2023,SG1S83002349
0.0,6.614012523521481e-16,6.614012523521481e-16,6.614012523521481e-16,Added,2023,BMG524401079
0.0,6.587424516242465e-16,6.587424516242465e-16,6.587424516242465e-16,Added,2023,HK0004000045
0.0,6.540268520434263e-16,6.540268520434263e-16,6.540268520434263e-16,Added,2023,SG1R89002252
0.0,6.482567936129196e-16,6.482567936129196e-16,6.482567936129196e-16,Added,2023,JP3411000007
0.0,6.264643886938626e-16,6.264643886938626e-16,6.264643886938626e-16,Added,2023,JP3778630008
0.0,5.997589010695851e-16,5.997589010695851e-16,5.997589010695851e-16,Added,2023,KYG2108Y1052
0.0,5.731848224801224e-16,5.731848224801224e-16,5.731848224801224e-16,Added,2023,JP3733000008
0.0,5.411032225192566e-16,5.411032225192566e-16,5.411032225192566e-16,Added,2023,JP3040890000
0.0,5.329133141681102e-16,5.329133141681102e-16,5.329133141681102e-16,Added,2023,JP3769000005
0.0,5.221046138331855e-16,5.221046138331855e-16,5.221046138331855e-16,Added,2023,HK0000745908
0.0,5.186161761775983e-16,5.186161761775983e-16,5.186161761775983e-16,Added,2023,AU000000GWA4
0.0,5.141243161869022e-16,5.141243161869022e-16,5.141243161869022e-16,Added,2023,JP3435000009
0.0,5.124316738137858e-16,5.124316738137858e-16,5.124316738137858e-16,Added,2023,JP3027670003
0.0,4.969825128977499e-16,4.969825128977499e-16,4.969825128977499e-16,Added,2023,AU000000TCL6
0.0,4.914934081058877e-16,4.914934081058877e-16,4.914934081058877e-16,Added,2023,HK0440001847
0.0,4.89726787378876e-16,4.89726787378876e-16,4.89726787378876e-16,Added,2023,JP3598600009
0.0,4.778745518686348e-16,4.778745518686348e-16,4.778745518686348e-16,Added,2023,JP3173400007
0.0,4.645526429402699e-16,4.645526429402699e-16,4.645526429402699e-16,Added,2023,JP3305990008
0.0,4.601396710552769e-16,4.601396710552769e-16,4.601396710552769e-16,Added,2023,JP3588600001
0.0,4.576359313783134e-16,4.576359313783134e-16,4.576359313783134e-16,Added,2023,JP3118000003
0.0,4.531596373202565e-16,4.531596373202565e-16,4.531596373202565e-16,Added,2023,JP3511800009
0.0,4.514317049491918e-16,4.514317049491918e-16,4.514317049491918e-16,Added,2023,JP3890310000
0.0,4.489020203130732e-16,4.489020203130732e-16,4.489020203130732e-16,Added,2023,AU000000QBE9
0.0,4.47949932719048e-16,4.47949932719048e-16,4.47949932719048e-16,Added,2023,JP3762800005
0.0,4.387874473575607e-16,4.387874473575607e-16,4.387874473575607e-16,Added,2023,JP3869010003
0.0,4.3353632988739194e-16,4.3353632988739194e-16,4.3353632988739194e-16,Added,2023,NZSKCE0001S2
0.0,4.321271314178154e-16,4.321271314178154e-16,4.321271314178154e-16,Added,2023,JP3198900007
0.0,4.2398043208734657e-16,4.2398043208734657e-16,4.2398043208734657e-16,Added,2023,AU000000ASX7
0.0,4.1373089685274614e-16,4.1373089685274614e-16,4.1373089685274614e-16,Added,2023,JP3496400007
0.0,3.9111504704669384e-16,3.9111504704669384e-16,3.9111504704669384e-16,Added,2023,AU000000MTS0
0.0,3.7681812373158475e-16,3.7681812373158475e-16,3.7681812373158475e-16,Added,2023,JP3271400008
0.0,3.724399092605337e-16,3.724399092605337e-16,3.724399092605337e-16,Added,2023,JP3027680002
0.0,3.6894083100811516e-16,3.6894083100811516e-16,3.6894083100811516e-16,Added,2023,JP3131400008
0.0,3.6124830285682956e-16,3.6124830285682956e-16,3.6124830285682956e-16,Added,2023,HK0014000126
0.0,3.5997546608001153e-16,3.5997546608001153e-16,3.5997546608001153e-16,Added,2023,JP3796150005
0.0,3.572787530889567e-16,3.572787530889567e-16,3.572787530889567e-16,Added,2023,JP3351100007
0.0,3.552035071655277e-16,3.552035071655277e-16,3.552035071655277e-16,Added,2023,JP3902900004
0.0,3.4726083870954233e-16,3.4726083870954233e-16,3.4726083870954233e-16,Added,2023,JP3499800005
0.0,3.446879413318069e-16,3.446879413318069e-16,3.446879413318069e-16,Added,2023,JP3108600002
0.0,3.4333203253925153e-16,3.4333203253925153e-16,3.4333203253925153e-16,Added,2023,JP3203500008
0.0,3.413300095028822e-16,3.413300095028822e-16,3.413300095028822e-16,Added,2023,JP3944130008
0.0,3.4125741144050806e-16,3.4125741144050806e-16,3.4125741144050806e-16,Added,2023,JP3436100006
0.0,3.3238090068459373e-16,3.3238090068459373e-16,3.3238090068459373e-16,Added,2023,JP3834800009
0.0,3.312856299286153e-16,3.312856299286153e-16,3.312856299286153e-16,Added,2023,JP3502200003
0.0,3.2993815986847833e-16,3.2993815986847833e-16,3.2993815986847833e-16,Added,2023,JP3600200004
0.0,3.1941667499751186e-16,3.1941667499751186e-16,3.1941667499751186e-16,Added,2023,HK0000608585
0.0,3.141735441696384e-16,3.141735441696384e-16,3.141735441696384e-16,Added,2023,JP3162600005
0.0,3.068446572375924e-16,3.068446572375924e-16,3.068446572375924e-16,Added,2023,HK0200030994
0.0,3.050873137327837e-16,3.050873137327837e-16,3.050873137327837e-16,Added,2023,SG2B80958517
0.0,3.0161642175019803e-16,3.0161642175019803e-16,3.0161642175019803e-16,Added,2023,HK0083000502
0.0,2.9872806225578787e-16,2.9872806225578787e-16,2.9872806225578787e-16,Added,2023,SG0531000230
0.0,2.9113161786862476e-16,2.9113161786862476e-16,2.9113161786862476e-16,Added,2023,AU000000JBH7
0.0,2.8973790430718334e-16,2.8973790430718334e-16,2.8973790430718334e-16,Added,2023,JP3951600000
0.0,2.895165780835741e-16,2.895165780835741e-16,2.895165780835741e-16,Added,2023,AU000000IAG3
0.0,2.8476225076374496e-16,2.8476225076374496e-16,2.8476225076374496e-16,Added,2023,JP3131430005
0.0,2.73458036157656e-16,2.73458036157656e-16,2.73458036157656e-16,Added,2023,SG1F60858221
0.0,2.6963428669058416e-16,2.6963428669058416e-16,2.6963428669058416e-16,Added,2023,HK0308001558
0.0,2.6191167872216267e-16,2.6191167872216267e-16,2.6191167872216267e-16,Added,2023,HK0023000190
0.0,2.53249566508077e-16,2.53249566508077e-16,2.53249566508077e-16,Added,2023,JP3830000000
0.0,2.5307232519694584e-16,2.5307232519694584e-16,2.5307232519694584e-16,Added,2023,IE00BKVD2N49
0.0,2.513362917794862e-16,2.513362917794862e-16,2.513362917794862e-16,Added,2023,NZTELE0001S4
0.0,2.497283431515325e-16,2.497283431515325e-16,2.497283431515325e-16,Added,2023,JP3347200002
0.0,2.443272731216606e-16,2.443272731216606e-16,2.443272731216606e-16,Added,2023,JP3826800009
0.0,2.427226956837814e-16,2.427226956837814e-16,2.427226956837814e-16,Added,2023,JP3933800009
0.0,2.401901052444838e-16,2.401901052444838e-16,2.401901052444838e-16,Added,2023,JP3732200005
0.0,2.3772080447488384e-16,2.3772080447488384e-16,2.3772080447488384e-16,Added,2023,SG1U68934629
0.0,2.3145175663533604e-16,2.3145175663533604e-16,2.3145175663533604e-16,Added,2023,HK2388011192
0.0,2.311738722949021e-16,2.311738722949021e-16,2.311738722949021e-16,Added,2023,JP3894900004
0.0,2.3022470994059627e-16,2.3022470994059627e-16,2.3022470994059627e-16,Added,2023,KYG210961051
0.0,2.296909391754902e-16,2.296909391754902e-16,2.296909391754902e-16,Added,2023,JP3357200009
0.0,2.2705497618941933e-16,2.2705497618941933e-16,2.2705497618941933e-16,Added,2023,JP3495000006
0.0,2.24467920164723e-16,2.24467920164723e-16,2.24467920164723e-16,Added,2023,SGXE34184239
0.0,2.2313904432812346e-16,2.2313904432812346e-16,2.2313904432812346e-16,Added,2023,JP3791200003
0.0,2.167740490420807e-16,2.167740490420807e-16,2.167740490420807e-16,Added,2023,JP3224200000
0.0,2.167305142358411e-16,2.167305142358411e-16,2.167305142358411e-16,Added,2023,JP3322930003
0.0,2.1360153479874083e-16,2.1360153479874083e-16,2.1360153479874083e-16,Added,2023,JP3902000003
0.0,2.1184682446743987e-16,2.1184682446743987e-16,2.1184682446743987e-16,Added,2023,AU000000PPT9
0.0,2.088949267428025e-16,2.088949267428025e-16,2.088949267428025e-16,Added,2023,JP3783420007
0.0,2.0702400744681113e-16,2.0702400744681113e-16,2.0702400744681113e-16,Added,2023,HK0242001243
0.0,2.00865472717713e-16,2.00865472717713e-16,2.00865472717713e-16,Added,2023,HK0016000132
0.0,1.9867349262411175e-16,1.9867349262411175e-16,1.9867349262411175e-16,Added,2023,AU000000IFL2
0.0,1.9636239861622017e-16,1.9636239861622017e-16,1.9636239861622017e-16,Added,2023,JP3942600002
0.0,1.937866632904054e-16,1.937866632904054e-16,1.937866632904054e-16,Added,2023,JP3475350009
0.0,1.9301012172503967e-16,1.9301012172503967e-16,1.9301012172503967e-16,Added,2023,JP3766550002
0.0,1.9248962821263366e-16,1.9248962821263366e-16,1.9248962821263366e-16,Added,2023,JP3463000004
0.0,1.923720302796794e-16,1.923720302796794e-16,1.923720302796794e-16,Added,2023,HK0000055878
0.0,1.8806166359040756e-16,1.8806166359040756e-16,1.8806166359040756e-16,Added,2023,JP3126340003
0.0,1.8699817717680557e-16,1.8699817717680557e-16,1.8699817717680557e-16,Added,2023,JP3197600004
0.0,1.8131870649080378e-16,1.8131870649080378e-16,1.8131870649080378e-16,Added,2023,JP3039710003
0.0,1.7521487465466428e-16,1.7521487465466428e-16,1.7521487465466428e-16,Added,2023,AU000000RHC8
0.0,1.7108011065761789e-16,1.7108011065761789e-16,1.7108011065761789e-16,Added,2023,JP3398000004
0.0,1.6841480652108225e-16,1.6841480652108225e-16,1.6841480652108225e-16,Added,2023,JP3539220008
0.0,1.6686790052360174e-16,1.6686790052360174e-16,1.6686790052360174e-16,Added,2023,AU000000IVC8
0.0,1.6611582752485707e-16,1.6611582752485707e-16,1.6611582752485707e-16,Added,2023,AU000000SEK6
0.0,1.6464331675468438e-16,1.6464331675468438e-16,1.6464331675468438e-16,Added,2023,HK0388045442
0.0,1.5921080579034693e-16,1.5921080579034693e-16,1.5921080579034693e-16,Added,2023,SG1M51904654
0.0,1.5887699062135473e-16,1.5887699062135473e-16,1.5887699062135473e-16,Added,2023,JP3263000006
0.0,1.5835592484826405e-16,1.5835592484826405e-16,1.5835592484826405e-16,Added,2023,JP3942400007
0.0,1.5787104214362494e-16,1.5787104214362494e-16,1.5787104214362494e-16,Added,2023,JP3939000000
0.0,1.5637499409322088e-16,1.5637499409322088e-16,1.5637499409322088e-16,Added,2023,JP3280200001
0.0,1.5495390543699267e-16,1.5495390543699267e-16,1.5495390543699267e-16,Added,2023,HK0144000764
0.0,1.543461343132041e-16,1.543461343132041e-16,1.543461343132041e-16,Added,2023,AU000000IGO4
0.0,1.5155521604570666e-16,1.5155521604570666e-16,1.5155521604570666e-16,Added,2023,JP3574200006
0.0,1.4468856541422115e-16,1.4468856541422115e-16,1.4468856541422115e-16,Added,2023,HK0101000591
0.0,1.380795181010863e-16,1.380795181010863e-16,1.380795181010863e-16,Added,2023,JP3940400009
0.0,1.3715032152112692e-16,1.3715032152112692e-16,1.3715032152112692e-16,Added,2023,AU000000CIM7
0.0,1.3524680328911168e-16,1.3524680328911168e-16,1.3524680328911168e-16,Added,2023,JP3134800006
0.0,1.2756202436393576e-16,1.2756202436393576e-16,1.2756202436393576e-16,Added,2023,JP3551500006
0.0,1.2658735800318823e-16,1.2658735800318823e-16,1.2658735800318823e-16,Added,2023,SG9999000020
0.0,1.2617884987052953e-16,1.2617884987052953e-16,1.2617884987052953e-16,Added,2023,JP3526600006
0.0,1.2299163988017393e-16,1.2299163988017393e-16,1.2299163988017393e-16,Added,2023,JP3219000001
0.0,1.2288448993983902e-16,1.2288448993983902e-16,1.2288448993983902e-16,Added,2023,JP3566800003
0.0,1.1136006561009996e-16,1.1136006561009996e-16,1.1136006561009996e-16,Added,2023,JP3900000005
0.0,1.1030010259842839e-16,1.1030010259842839e-16,1.1030010259842839e-16,Added,2023,JP3196000008
0.0,1.0665624562604519e-16,1.0665624562604519e-16,1.0665624562604519e-16,Added,2023,JP3268950007
0.0,1.062563749663469e-16,1.062563749663469e-16,1.062563749663469e-16,Added,2023,JP3862400003
0.0,1.0294143655549769e-16,1.0294143655549769e-16,1.0294143655549769e-16,Added,2023,SGXE21576413
0.0,1.0134496539214062e-16,1.0134496539214062e-16,1.0134496539214062e-16,Added,2023,JP3188220002
0.0,1.0121439936035362e-16,1.0121439936035362e-16,1.0121439936035362e-16,Added,2023,JP3420600003
0.0,1.009496655463485e-16,1.009496655463485e-16,1.009496655463485e-16,Added,2023,KYG9431R1039
0.0,1.0020821518133978e-16,1.0020821518133978e-16,1.0020821518133978e-16,Added,2023,JP3143000002
0.0,9.809890662076479e-17,9.809890662076479e-17,9.809890662076479e-17,Added,2023,BMG4600H1198
0.0,9.308248210429728e-17,9.308248210429728e-17,9.308248210429728e-17,Added,2023,AU000000ERA9
0.0,9.278043188913518e-17,9.278043188913518e-17,9.278043188913518e-17,Added,2023,JP3676800000
0.0,8.990773945923536e-17,8.990773945923536e-17,8.990773945923536e-17,Added,2023,JP3635400009
0.0,8.75905168938944e-17,8.75905168938944e-17,8.75905168938944e-17,Added,2023,JP3277800003
0.0,8.664703537505683e-17,8.664703537505683e-17,8.664703537505683e-17,Added,2023,AU000000MQG1
0.0,8.61257652289243e-17,8.61257652289243e-17,8.61257652289243e-17,Added,2023,AU000000BWP3
0.0,8.33982710906843e-17,8.33982710906843e-17,8.33982710906843e-17,Added,2023,JP3890350006
0.0,8.259115015682107e-17,8.259115015682107e-17,8.259115015682107e-17,Added,2023,JP3765400001
0.0,8.184302605766474e-17,8.184302605766474e-17,8.184302605766474e-17,Added,2023,JP3919800007
0.0,8.100032833798675e-17,8.100032833798675e-17,8.100032833798675e-17,Added,2023,JP3210200006
0.0,8.037496960341568e-17,8.037496960341568e-17,8.037496960341568e-17,Added,2023,JP3675600005
0.0,7.99089042516076e-17,7.99089042516076e-17,7.99089042516076e-17,Added,2023,JP3258000003
0.0,7.825581050535473e-17,7.825581050535473e-17,7.825581050535473e-17,Added,2023,JP3977400005
0.0,7.69853332748725e-17,7.69853332748725e-17,7.69853332748725e-17,Added,2023,AU000000ELD6
0.0,7.553491746261927e-17,7.553491746261927e-17,7.553491746261927e-17,Added,2023,JP3351500008
0.0,7.535627552483103e-17,7.535627552483103e-17,7.535627552483103e-17,Added,2023,JP3456000003
0.0,7.352224586816323e-17,7.352224586816323e-17,7.352224586816323e-17,Added,2023,JP3726200003
0.0,7.261182542786624e-17,7.261182542786624e-17,7.261182542786624e-17,Added,2023,JP3592200004
0.0,6.841115444087517e-17,6.841115444087517e-17,6.841115444087517e-17,Added,2023,AU0000033359
0.0,6.770320077527126e-17,6.770320077527126e-17,6.770320077527126e-17,Added,2023,JP3742600004
0.0,6.482312351929795e-17,6.482312351929795e-17,6.482312351929795e-17,Added,2023,AU000000GMG2
0.0,6.146405393853999e-17,6.146405393853999e-17,6.146405393853999e-17,Added,2023,JP3270000007
0.0,5.951227628735865e-17,5.951227628735865e-17,5.951227628735865e-17,Added,2023,AU000000NCM7
0.0,5.899676121686553e-17,5.899676121686553e-17,5.899676121686553e-17,Added,2023,AU000000SBM8
0.0,5.873176296882399e-17,5.873176296882399e-17,5.873176296882399e-17,Added,2023,JP3854600008
0.0,5.809591458765567e-17,5.809591458765567e-17,5.809591458765567e-17,Added,2023,JP3305530002
0.0,5.4751179469158135e-17,5.4751179469158135e-17,5.4751179469158135e-17,Added,2023,HK0000139300
0.0,5.286703189449895e-17,5.286703189449895e-17,5.286703189449895e-17,Added,2023,JP3143600009
0.0,5.1646097475038726e-17,5.1646097475038726e-17,5.1646097475038726e-17,Added,2023,JP3443600006
0.0,5.0805148058024795e-17,5.0805148058024795e-17,5.0805148058024795e-17,Added,2023,JP3711200000
0.0,5.0187390943342664e-17,5.0187390943342664e-17,5.0187390943342664e-17,Added,2023,JP3352400000
0.0,4.811504848862733e-17,4.811504848862733e-17,4.811504848862733e-17,Added,2023,SG1T75931496
0.0,4.39468201884896e-17,4.39468201884896e-17,4.39468201884896e-17,Added,2023,JP3940000007
0.0,4.261001085090485e-17,4.261001085090485e-17,4.261001085090485e-17,Added,2023,JP3684000007
0.0,4.2225889875571495e-17,4.2225889875571495e-17,4.2225889875571495e-17,Added,2023,AU000000WOW2
0.0,4.19832958280045e-17,4.19832958280045e-17,4.19832958280045e-17,Added,2023,JP3629000005
0.0,4.1079126297949595e-17,4.1079126297949595e-17,4.1079126297949595e-17,Added,2023,HK0012000102
0.0,4.001195548641973e-17,4.001195548641973e-17,4.001195548641973e-17,Added,2023,AU000000FLT9
0.0,4.000310823065322e-17,4.000310823065322e-17,4.000310823065322e-17,Added,2023,JP3205800000
0.0,3.8956664804274586e-17,3.8956664804274586e-17,3.8956664804274586e-17,Added,2023,AU000000CGF5
0.0,3.883618453019173e-17,3.883618453019173e-17,3.883618453019173e-17,Added,2023,JP3585800000
0.0,3.8446343403660585e-17,3.8446343403660585e-17,3.8446343403660585e-17,Added,2023,BMG5320C1082
0.0,3.6258682394585016e-17,3.6258682394585016e-17,3.6258682394585016e-17,Added,2023,JP3726800000
0.0,3.490292258496327e-17,3.490292258496327e-17,3.490292258496327e-17,Added,2023,JP3535800001
0.0,3.481949259845494e-17,3.481949259845494e-17,3.481949259845494e-17,Added,2023,JP3659000008
0.0,3.262478714809618e-17,3.262478714809618e-17,3.262478714809618e-17,Added,2023,JP3388200002
0.0,3.2360219603268435e-17,3.2360219603268435e-17,3.2360219603268435e-17,Added,2023,JP3774200004
0.0,3.2177035392324167e-17,3.2177035392324167e-17,3.2177035392324167e-17,Added,2023,JP3634200004
0.0,3.217203584150718e-17,3.217203584150718e-17,3.217203584150718e-17,Added,2023,JP3811000003
0.0,3.144520097778762e-17,3.144520097778762e-17,3.144520097778762e-17,Added,2023,JP3194000000
0.0,3.137325545272626e-17,3.137325545272626e-17,3.137325545272626e-17,Added,2023,JP3407200009
0.0,3.0853329949986825e-17,3.0853329949986825e-17,3.0853329949986825e-17,Added,2023,SG1S04926220
0.0,3.0705254557320776e-17,3.0705254557320776e-17,3.0705254557320776e-17,Added,2023,BMG668971101
0.0,2.960675898526608e-17,2.960675898526608e-17,2.960675898526608e-17,Added,2023,JP3546800008
0.0,2.889920958249478e-17,2.889920958249478e-17,2.889920958249478e-17,Added,2023,JP3688370000
0.0,2.8887167725300047e-17,2.8887167725300047e-17,2.8887167725300047e-17,Added,2023,JP3405400007
0.0,2.714392474344191e-17,2.714392474344191e-17,2.714392474344191e-17,Added,2023,JP3407400005
0.0,2.712479483328527e-17,2.712479483328527e-17,2.712479483328527e-17,Added,2023,JP3657400002
0.0,2.652779831023761e-17,2.652779831023761e-17,2.652779831023761e-17,Added,2023,BMG677491539
0.0,2.6376352986496e-17,2.6376352986496e-17,2.6376352986496e-17,Added,2023,JP3102000001
0.0,2.460188492808474e-17,2.460188492808474e-17,2.460188492808474e-17,Added,2023,AU000000OZL8
0.0,2.446899592971517e-17,2.446899592971517e-17,2.446899592971517e-17,Added,2023,JP3385980002
0.0,2.4409493120604234e-17,2.4409493120604234e-17,2.4409493120604234e-17,Added,2023,JP3899600005
0.0,2.2761930755621027e-17,2.2761930755621027e-17,2.2761930755621027e-17,Added,2023,JP3493800001
0.0,2.158702369130632e-17,2.158702369130632e-17,2.158702369130632e-17,Added,2023,AU000000SGM7
0.0,2.0861563285915416e-17,2.0861563285915416e-17,2.0861563285915416e-17,Added,2023,JP3799000009
0.0,1.898462814324212e-17,1.898462814324212e-17,1.898462814324212e-17,Added,2023,JP3902400005
0.0,1.8344921664676196e-17,1.8344921664676196e-17,1.8344921664676196e-17,Added,2023,BMG2442N1048
0.0,1.802350616225336e-17,1.802350616225336e-17,1.802350616225336e-17,Added,2023,JP3305800009
0.0,1.6358661917962412e-17,1.6358661917962412e-17,1.6358661917962412e-17,Added,2023,JP3672400003
0.0,1.426027016904453e-17,1.426027016904453e-17,1.426027016904453e-17,Added,2023,JP3582600007
0.0,1.3821939394636482e-17,1.3821939394636482e-17,1.3821939394636482e-17,Added,2023,KYG525621408
0.0,1.2252514964672262e-17,1.2252514964672262e-17,1.2252514964672262e-17,Added,2023,JP3830800003
0.0,1.1932087107043568e-17,1.1932087107043568e-17,1.1932087107043568e-17,Added,2023,JP3579800008
0.0,1.1555865133654594e-17,1.1555865133654594e-17,1.1555865133654594e-17,Added,2023,HK0823032773
0.0,1.1401630146867457e-17,1.1401630146867457e-17,1.1401630146867457e-17,Added,2023,AU000000APA1
0.0,9.983503769947898e-18,9.983503769947898e-18,9.983503769947898e-18,Added,2023,BMG8063F1068
0.0,9.898043671875816e-18,9.898043671875816e-18,9.898043671875816e-18,Added,2023,JP3868400007
0.0,9.748569351672154e-18,9.748569351672154e-18,9.748569351672154e-18,Added,2023,HK0003000038
0.0,8.80622482846975e-18,8.80622482846975e-18,8.80622482846975e-18,Added,2023,JP3126400005
0.0,8.481957039259809e-18,8.481957039259809e-18,8.481957039259809e-18,Added,2023,JP3419400001
0.0,8.018379720620471e-18,8.018379720620471e-18,8.018379720620471e-18,Added,2023,JP3385820000
0.0,7.461498750994142e-18,7.461498750994142e-18,7.461498750994142e-18,Added,2023,JP3404200002
0.0,6.432438373726553e-18,6.432438373726553e-18,6.432438373726553e-18,Added,2023,JP3783600004
0.0,6.129036877790771e-18,6.129036877790771e-18,6.129036877790771e-18,Added,2023,JP3814800003
0.0,3.4588005501554368e-18,3.4588005501554368e-18,3.4588005501554368e-18,Added,2023,JP3293200006
0.0,2.9492653551749697e-18,2.9492653551749697e-18,2.9492653551749697e-18,Added,2023,JP3743000006
0.0,1.5466351084010318e-18,1.5466351084010318e-18,1.5466351084010318e-18,Added,2023,JP3415400005
0.0,0.0,0.0,0.0,Unchanged,2023,AU000000ABC7
0.0,0.0,0.0,0.0,Unchanged,2023,AU000000ALL7
0.0,0.0,0.0,0.0,Unchanged,2023,AU000000AMP6
0.0,0.0,0.0,0.0,Unchanged,2023,AU000000ANN9
0.0,0.0,0.0,0.0,Unchanged,2023,AU000000ANZ3
0.0,0.0,0.0,0.0,Unchanged,2023,AU000000BEN6
0.0,0.0,0.0,0.0,Unchanged,2023,AU000000BHP4
0.0,0.0,0.0,0.0,Unchanged,2023,AU000000BLD2
0.0,0.0,0.0,0.0,Unchanged,2023,AU000000BOQ8
0.0,0.0,0.0,0.0,Unchanged,2023,AU000000BPT9
0.0,0.0,0.0,0.0,Unchanged,2023,AU000000BSL0
0.0,0.0,0.0,0.0,Unchanged,2023,AU000000CBA7
0.0,0.0,0.0,0.0,Unchanged,2023,AU000000COH5
0.0,0.0,0.0,0.0,Unchanged,2023,AU000000CPU5
0.0,0.0,0.0,0.0,Unchanged,2023,AU000000CQR9
0.0,0.0,0.0,0.0,Unchanged,2023,AU000000CSL8
0.0,0.0,0.0,0.0,Unchanged,2023,AU000000CSR5
0.0,0.0,0.0,0.0,Unchanged,2023,AU000000CWY3
0.0,0.0,0.0,0.0,Unchanged,2023,AU000000DOW2
0.0,0.0,0.0,0.0,Unchanged,2023,AU000000DXS1
0.0,0.0,0.0,0.0,Unchanged,2023,AU000000GPT8
0.0,0.0,0.0,0.0,Unchanged,2023,AU000000ILU1
0.0,0.0,0.0,0.0,Unchanged,2023,AU000000LLC3
0.0,0.0,0.0,0.0,Unchanged,2023,AU000000MAH3
0.0,0.0,0.0,0.0,Unchanged,2023,AU000000MGR9
0.0,0.0,0.0,0.0,Unchanged,2023,AU000000MND5
0.0,0.0,0.0,0.0,Unchanged,2023,AU000000NAB4
0.0,0.0,0.0,0.0,Unchanged,2023,AU000000ORG5
0.0,0.0,0.0,0.0,Unchanged,2023,AU000000ORI1
0.0,0.0,0.0,0.0,Unchanged,2023,AU000000QAN2
0.0,0.0,0.0,0.0,Unchanged,2023,AU000000SGP0
0.0,0.0,0.0,0.0,Unchanged,2023,AU000000SHL7
0.0,0.0,0.0,0.0,Unchanged,2023,AU000000STO6
0.0,0.0,0.0,0.0,Unchanged,2023,AU000000SUN6
0.0,0.0,0.0,0.0,Unchanged,2023,AU000000SWM4
0.0,0.0,0.0,0.0,Unchanged,2023,AU000000SXL4
0.0,0.0,0.0,0.0,Unchanged,2023,AU000000TAH8
0.0,0.0,0.0,0.0,Unchanged,2023,AU000000TLS2
0.0,0.0,0.0,0.0,Unchanged,2023,AU000000WBC1
0.0,0.0,0.0,0.0,Unchanged,2023,AU000000WES1
0.0,0.0,0.0,0.0,Unchanged,2023,AU000000WOR2
0.0,0.0,0.0,0.0,Unchanged,2023,AU0000088338
0.0,0.0,0.0,0.0,Unchanged,2023,AU0000224040
0.0,0.0,0.0,0.0,Unchanged,2023,BMG2108M2182
0.0,0.0,0.0,0.0,Unchanged,2023,BMG2178K1009
0.0,0.0,0.0,0.0,Unchanged,2023,BMG684371393
0.0,0.0,0.0,0.0,Unchanged,2023,BMG8403G1033
0.0,0.0,0.0,0.0,Unchanged,2023,BMG988031446
0.0,0.0,0.0,0.0,Unchanged,2023,HK0000049939
0.0,0.0,0.0,0.0,Unchanged,2023,HK0010000088
0.0,0.0,0.0,0.0,Unchanged,2023,HK0019000162
0.0,0.0,0.0,0.0,Unchanged,2023,HK0270001396
0.0,0.0,0.0,0.0,Unchanged,2023,HK0291001490
0.0,0.0,0.0,0.0,Unchanged,2023,HK0293001514
0.0,0.0,0.0,0.0,Unchanged,2023,HK0363006039
0.0,0.0,0.0,0.0,Unchanged,2023,HK0392044647
0.0,0.0,0.0,0.0,Unchanged,2023,HK0836012952
0.0,0.0,0.0,0.0,Unchanged,2023,HK2380027329
0.0,0.0,0.0,0.0,Unchanged,2023,JP3111200006
0.0,0.0,0.0,0.0,Unchanged,2023,JP3112000009
0.0,0.0,0.0,0.0,Unchanged,2023,JP3116000005
0.0,0.0,0.0,0.0,Unchanged,2023,JP3122400009
0.0,0.0,0.0,0.0,Unchanged,2023,JP3122800000
0.0,0.0,0.0,0.0,Unchanged,2023,JP3137200006
0.0,0.0,0.0,0.0,Unchanged,2023,JP3148800000
0.0,0.0,0.0,0.0,Unchanged,2023,JP3156400008
0.0,0.0,0.0,0.0,Unchanged,2023,JP3158800007
0.0,0.0,0.0,0.0,Unchanged,2023,JP3160400002
0.0,0.0,0.0,0.0,Unchanged,2023,JP3164800009
0.0,0.0,0.0,0.0,Unchanged,2023,JP3165600002
0.0,0.0,0.0,0.0,Unchanged,2023,JP3165700000
0.0,0.0,0.0,0.0,Unchanged,2023,JP3166000004
0.0,0.0,0.0,0.0,Unchanged,2023,JP3172100004
0.0,0.0,0.0,0.0,Unchanged,2023,JP3174410005
0.0,0.0,0.0,0.0,Unchanged,2023,JP3190000004
0.0,0.0,0.0,0.0,Unchanged,2023,JP3197800000
0.0,0.0,0.0,0.0,Unchanged,2023,JP3200450009
0.0,0.0,0.0,0.0,Unchanged,2023,JP3201200007
0.0,0.0,0.0,0.0,Unchanged,2023,JP3209000003
0.0,0.0,0.0,0.0,Unchanged,2023,JP3215800008
0.0,0.0,0.0,0.0,Unchanged,2023,JP3223800008
0.0,0.0,0.0,0.0,Unchanged,2023,JP3228600007
0.0,0.0,0.0,0.0,Unchanged,2023,JP3229400001
0.0,0.0,0.0,0.0,Unchanged,2023,JP3240400006
0.0,0.0,0.0,0.0,Unchanged,2023,JP3246400000
0.0,0.0,0.0,0.0,Unchanged,2023,JP3256000005
0.0,0.0,0.0,0.0,Unchanged,2023,JP3266400005
0.0,0.0,0.0,0.0,Unchanged,2023,JP3269600007
0.0,0.0,0.0,0.0,Unchanged,2023,JP3274400005
0.0,0.0,0.0,0.0,Unchanged,2023,JP3289800009
0.0,0.0,0.0,0.0,Unchanged,2023,JP3292200007
0.0,0.0,0.0,0.0,Unchanged,2023,JP3294460005
0.0,0.0,0.0,0.0,Unchanged,2023,JP3300200007
0.0,0.0,0.0,0.0,Unchanged,2023,JP3300600008
0.0,0.0,0.0,0.0,Unchanged,2023,JP3304200003
0.0,0.0,0.0,0.0,Unchanged,2023,JP3320800000
0.0,0.0,0.0,0.0,Unchanged,2023,JP3336000009
0.0,0.0,0.0,0.0,Unchanged,2023,JP3350800003
0.0,0.0,0.0,0.0,Unchanged,2023,JP3358200008
0.0,0.0,0.0,0.0,Unchanged,2023,JP3358800005
0.0,0.0,0.0,0.0,Unchanged,2023,JP3359600008
0.0,0.0,0.0,0.0,Unchanged,2023,JP3362700001
0.0,0.0,0.0,0.0,Unchanged,2023,JP3368000000
0.0,0.0,0.0,0.0,Unchanged,2023,JP3371200001
0.0,0.0,0.0,0.0,Unchanged,2023,JP3375800004
0.0,0.0,0.0,0.0,Unchanged,2023,JP3381000003
0.0,0.0,0.0,0.0,Unchanged,2023,JP3386030005
0.0,0.0,0.0,0.0,Unchanged,2023,JP3389900006
0.0,0.0,0.0,0.0,Unchanged,2023,JP3397200001
0.0,0.0,0.0,0.0,Unchanged,2023,JP3400900001
0.0,0.0,0.0,0.0,Unchanged,2023,JP3401400001
0.0,0.0,0.0,0.0,Unchanged,2023,JP3402600005
0.0,0.0,0.0,0.0,Unchanged,2023,JP3404600003
0.0,0.0,0.0,0.0,Unchanged,2023,JP3409000001
0.0,0.0,0.0,0.0,Unchanged,2023,JP3414750004
0.0,0.0,0.0,0.0,Unchanged,2023,JP3421100003
0.0,0.0,0.0,0.0,Unchanged,2023,JP3425000001
0.0,0.0,0.0,0.0,Unchanged,2023,JP3429800000
0.0,0.0,0.0,0.0,Unchanged,2023,JP3449020001
0.0,0.0,0.0,0.0,Unchanged,2023,JP3452000007
0.0,0.0,0.0,0.0,Unchanged,2023,JP3459600007
0.0,0.0,0.0,0.0,Unchanged,2023,JP3481800005
0.0,0.0,0.0,0.0,Unchanged,2023,JP3485800001
0.0,0.0,0.0,0.0,Unchanged,2023,JP3486800000
0.0,0.0,0.0,0.0,Unchanged,2023,JP3491000000
0.0,0.0,0.0,0.0,Unchanged,2023,JP3493400000
0.0,0.0,0.0,0.0,Unchanged,2023,JP3494600004
0.0,0.0,0.0,0.0,Unchanged,2023,JP3505000004
0.0,0.0,0.0,0.0,Unchanged,2023,JP3519400000
0.0,0.0,0.0,0.0,Unchanged,2023,JP3522200009
0.0,0.0,0.0,0.0,Unchanged,2023,JP3528600004
0.0,0.0,0.0,0.0,Unchanged,2023,JP3538800008
0.0,0.0,0.0,0.0,Unchanged,2023,JP3544000007
0.0,0.0,0.0,0.0,Unchanged,2023,JP3548610009
0.0,0.0,0.0,0.0,Unchanged,2023,JP3549600009
0.0,0.0,0.0,0.0,Unchanged,2023,JP3551200003
0.0,0.0,0.0,0.0,Unchanged,2023,JP3551520004
0.0,0.0,0.0,0.0,Unchanged,2023,JP3560800009
0.0,0.0,0.0,0.0,Unchanged,2023,JP3571400005
0.0,0.0,0.0,0.0,Unchanged,2023,JP3595200001
0.0,0.0,0.0,0.0,Unchanged,2023,JP3596200000
0.0,0.0,0.0,0.0,Unchanged,2023,JP3599000001
0.0,0.0,0.0,0.0,Unchanged,2023,JP3605400005
0.0,0.0,0.0,0.0,Unchanged,2023,JP3613400005
0.0,0.0,0.0,0.0,Unchanged,2023,JP3619800000
0.0,0.0,0.0,0.0,Unchanged,2023,JP3621000003
0.0,0.0,0.0,0.0,Unchanged,2023,JP3625000009
0.0,0.0,0.0,0.0,Unchanged,2023,JP3626800001
0.0,0.0,0.0,0.0,Unchanged,2023,JP3634600005
0.0,0.0,0.0,0.0,Unchanged,2023,JP3635000007
0.0,0.0,0.0,0.0,Unchanged,2023,JP3638600001
0.0,0.0,0.0,0.0,Unchanged,2023,JP3663900003
0.0,0.0,0.0,0.0,Unchanged,2023,JP3665200006
0.0,0.0,0.0,0.0,Unchanged,2023,JP3667600005
0.0,0.0,0.0,0.0,Unchanged,2023,JP3670800006
0.0,0.0,0.0,0.0,Unchanged,2023,JP3678000005
0.0,0.0,0.0,0.0,Unchanged,2023,JP3684400009
0.0,0.0,0.0,0.0,Unchanged,2023,JP3695200000
0.0,0.0,0.0,0.0,Unchanged,2023,JP3711600001
0.0,0.0,0.0,0.0,Unchanged,2023,JP3718800000
0.0,0.0,0.0,0.0,Unchanged,2023,JP3720800006
0.0,0.0,0.0,0.0,Unchanged,2023,JP3721400004
0.0,0.0,0.0,0.0,Unchanged,2023,JP3733400000
0.0,0.0,0.0,0.0,Unchanged,2023,JP3734800000
0.0,0.0,0.0,0.0,Unchanged,2023,JP3738600000
0.0,0.0,0.0,0.0,Unchanged,2023,JP3753000003
0.0,0.0,0.0,0.0,Unchanged,2023,JP3756100008
0.0,0.0,0.0,0.0,Unchanged,2023,JP3762600009
0.0,0.0,0.0,0.0,Unchanged,2023,JP3771800004
0.0,0.0,0.0,0.0,Unchanged,2023,JP3780100008
0.0,0.0,0.0,0.0,Unchanged,2023,JP3787000003
0.0,0.0,0.0,0.0,Unchanged,2023,JP3788600009
0.0,0.0,0.0,0.0,Unchanged,2023,JP3792600003
0.0,0.0,0.0,0.0,Unchanged,2023,JP3802300008
0.0,0.0,0.0,0.0,Unchanged,2023,JP3802400006
0.0,0.0,0.0,0.0,Unchanged,2023,JP3818000006
0.0,0.0,0.0,0.0,Unchanged,2023,JP3820000002
0.0,0.0,0.0,0.0,Unchanged,2023,JP3827200001
0.0,0.0,0.0,0.0,Unchanged,2023,JP3835620000
0.0,0.0,0.0,0.0,Unchanged,2023,JP3837800006
0.0,0.0,0.0,0.0,Unchanged,2023,JP3841800000
0.0,0.0,0.0,0.0,Unchanged,2023,JP3845400005
0.0,0.0,0.0,0.0,Unchanged,2023,JP3850200001
0.0,0.0,0.0,0.0,Unchanged,2023,JP3866800000
0.0,0.0,0.0,0.0,Unchanged,2023,JP3870000001
0.0,0.0,0.0,0.0,Unchanged,2023,JP3870400003
0.0,0.0,0.0,0.0,Unchanged,2023,JP3877600001
0.0,0.0,0.0,0.0,Unchanged,2023,JP3885400006
0.0,0.0,0.0,0.0,Unchanged,2023,JP3888300005
0.0,0.0,0.0,0.0,Unchanged,2023,JP3888400003
0.0,0.0,0.0,0.0,Unchanged,2023,JP3893200000
0.0,0.0,0.0,0.0,Unchanged,2023,JP3893600001
0.0,0.0,0.0,0.0,Unchanged,2023,JP3896800004
0.0,0.0,0.0,0.0,Unchanged,2023,JP3898400001
0.0,0.0,0.0,0.0,Unchanged,2023,JP3903000002
0.0,0.0,0.0,0.0,Unchanged,2023,JP3906000009
0.0,0.0,0.0,0.0,Unchanged,2023,JP3914400001
0.0,0.0,0.0,0.0,Unchanged,2023,JP3935600001
0.0,0.0,0.0,0.0,Unchanged,2023,JP3942800008
0.0,0.0,0.0,0.0,Unchanged,2023,JP3955000009
0.0,0.0,0.0,0.0,Unchanged,2023,JP3967200001
0.0,0.0,0.0,0.0,Unchanged,2023,JP3973400009
0.0,0.0,0.0,0.0,Unchanged,2023,JP3982800009
0.0,0.0,0.0,0.0,Unchanged,2023,KYG0535Q1331
0.0,0.0,0.0,0.0,Unchanged,2023,KYG217651051
0.0,0.0,0.0,0.0,Unchanged,2023,KYG5427W1309
0.0,0.0,0.0,0.0,Unchanged,2023,NZAIAE0002S6
0.0,0.0,0.0,0.0,Unchanged,2023,NZAIRE0001S2
0.0,0.0,0.0,0.0,Unchanged,2023,NZCENE0001S6
0.0,0.0,0.0,0.0,Unchanged,2023,NZFBUE0001S0
0.0,0.0,0.0,0.0,Unchanged,2023,SG1B51001017
0.0,0.0,0.0,0.0,Unchanged,2023,SG1L01001701
0.0,0.0,0.0,0.0,Unchanged,2023,SG1M31001969
0.0,0.0,0.0,0.0,Unchanged,2023,SG1N31909426
0.0,0.0,0.0,0.0,Unchanged,2023,SG1R50925390
0.0,0.0,0.0,0.0,Unchanged,2023,SG1T58930911
0.0,0.0,0.0,0.0,Unchanged,2023,SG1V61937297
0.0,0.0,0.0,0.0,Unchanged,2023,SG9999003735
0.12679839568700307,0.05301043623651281,-0.07378795945049027,0.07378795945049027,Underweighted,2024,HK0002007356
0.0547912700058226,0.04334740213005805,-0.011443867875764555,0.011443867875764555,Underweighted,2024,JP3180400008
0.01578160963244481,0.026413086513443734,0.010631476880998924,0.010631476880998924,Overweighted,2024,HK0066009694
0.03167541147491921,0.04226540952620759,0.01058999805128838,0.01058999805128838,Overweighted,2024,HK0008011667
0.0,0.009685276134075155,0.009685276134075155,0.009685276134075155,Added,2024,HK0003000038
0.060100033820511524,0.053327145888070325,-0.006772887932441199,0.006772887932441199,Underweighted,2024,JP3573000001
0.05175962899839147,0.05848571715758636,0.0067260881591948915,0.0067260881591948915,Overweighted,2024,JP3768600003
0.047061988461998085,0.053288788016171644,0.006226799554173559,0.006226799554173559,Overweighted,2024,SG1M77906915
0.05255228384800744,0.05863527959809885,0.006082995750091406,0.006082995750091406,Overweighted,2024,JP3027680002
0.0627220322264541,0.06841961811125988,0.005697585884805775,0.005697585884805775,Overweighted,2024,JP3421800008
0.18513147396272459,0.19058528911211275,0.005453815149388169,0.005453815149388169,Overweighted,2024,JP3819400007
0.02553151146505721,0.030637532475644658,0.005106021010587446,0.005106021010587446,Overweighted,2024,JP3982100004
0.008307346035824063,0.01315696766376995,0.004849621627945888,0.004849621627945888,Overweighted,2024,JP3496400007
0.022999461128898294,0.02780379622289092,0.004804335093992626,0.004804335093992626,Overweighted,2024,JP3027670003
0.0,0.004503082141314815,0.004503082141314815,0.004503082141314815,Added,2024,SG1F60858221
0.013482559635258368,0.017604514233003386,0.004121954597745017,0.004121954597745017,Overweighted,2024,HK0011000095
0.00024042412274886314,0.004321382639267259,0.004080958516518396,0.004080958516518396,Overweighted,2024,SG1J26887955
0.046348252543623764,0.04956266972737995,0.003214417183756188,0.003214417183756188,Overweighted,2024,JP3352000008
0.003056593493205649,0.0,-0.003056593493205649,0.003056593493205649,Removed,2024,MU0117U00026
0.014076608068771219,0.016684509815583545,0.0026079017468123265,0.0026079017468123265,Overweighted,2024,JP3633400001
0.00432675566985226,0.0018467279882462841,-0.002480027681605976,0.002480027681605976,Underweighted,2024,HK0006000050
0.0023079114212516613,0.0,-0.0023079114212516613,0.0023079114212516613,Removed,2024,JP3274400005
0.028944501374751862,0.030802611927273765,0.0018581105525219029,0.0018581105525219029,Overweighted,2024,JP3613000003
0.006099507769885248,0.007788560861640865,0.0016890530917556172,0.0016890530917556172,Overweighted,2024,JP3830800003
0.001688308512947143,0.0005349395799859594,-0.0011533689329611837,0.0011533689329611837,Underweighted,2024,JP3992400006
0.05170959418058543,0.052823627834898405,0.0011140336543129722,0.0011140336543129722,Overweighted,2024,JP3735400008
0.000978120151094451,0.0019036272265931643,0.0009255070754987133,0.0009255070754987133,Overweighted,2024,JP3040890000
0.0010062054183106724,0.0018483944633009683,0.0008421890449902959,0.0008421890449902959,Overweighted,2024,JP3774200004
0.004092418652102863,0.003635535572439935,-0.00045688307966292767,0.00045688307966292767,Underweighted,2024,JP3796150005
0.0197639873160589,0.020202452906313152,0.0004384655902542507,0.0004384655902542507,Overweighted,2024,JP3119600009
0.011672520318161125,0.011951770617702782,0.0002792502995416571,0.0002792502995416571,Overweighted,2024,JP3789000001
0.024010110534310392,0.02385149670343372,-0.00015861383087667144,0.00015861383087667144,Underweighted,2024,JP3910660004
0.020983174069023745,0.021072350975699844,8.917690667609862e-05,8.917690667609862e-05,Overweighted,2024,JP3814000000
0.0,6.210089695002544e-16,6.210089695002544e-16,6.210089695002544e-16,Added,2024,AU000000IRE2
0.0,5.040908331531594e-16,5.040908331531594e-16,5.040908331531594e-16,Added,2024,US89677Q1076
0.0,4.894066583340538e-16,4.894066583340538e-16,4.894066583340538e-16,Added,2024,JP3283650004
0.0,4.831552275998174e-16,4.831552275998174e-16,4.831552275998174e-16,Added,2024,AU000000SIG5
0.0,4.732202039201156e-16,4.732202039201156e-16,4.732202039201156e-16,Added,2024,HK0165000859
0.0,4.2666629538659235e-16,4.2666629538659235e-16,4.2666629538659235e-16,Added,2024,JP3164630000
0.0,4.11065543383564e-16,4.11065543383564e-16,4.11065543383564e-16,Added,2024,JP3351600006
0.0,4.086595514765324e-16,4.086595514765324e-16,4.086595514765324e-16,Added,2024,JP3276400003
0.0,3.611500640929618e-16,3.611500640929618e-16,3.611500640929618e-16,Added,2024,HK0688002218
0.0,3.5202255697536917e-16,3.5202255697536917e-16,3.5202255697536917e-16,Added,2024,JP3756600007
0.0,3.4349542763446903e-16,3.4349542763446903e-16,3.4349542763446903e-16,Added,2024,AU000000ASX7
0.0,3.1866744734712263e-16,3.1866744734712263e-16,3.1866744734712263e-16,Added,2024,AU000000PPT9
0.0,3.1531422041483337e-16,3.1531422041483337e-16,3.1531422041483337e-16,Added,2024,JP3598600009
0.0,3.1511163568093804e-16,3.1511163568093804e-16,3.1511163568093804e-16,Added,2024,HK0004000045
0.0,2.9237470411979003e-16,2.9237470411979003e-16,2.9237470411979003e-16,Added,2024,BMG524401079
0.0,2.879684077202879e-16,2.879684077202879e-16,2.879684077202879e-16,Added,2024,HK0014000126
0.0,2.862283862732623e-16,2.862283862732623e-16,2.862283862732623e-16,Added,2024,JP3951600000
0.0,2.8162595136602413e-16,2.8162595136602413e-16,2.8162595136602413e-16,Added,2024,AU000000TCL6
0.0,2.717239128884154e-16,2.717239128884154e-16,2.717239128884154e-16,Added,2024,JP3778630008
0.0,2.620593890485024e-16,2.620593890485024e-16,2.620593890485024e-16,Added,2024,JP3358000002
0.0,2.601519996418878e-16,2.601519996418878e-16,2.601519996418878e-16,Added,2024,JP3890310000
0.0,2.5391238923197694e-16,2.5391238923197694e-16,2.5391238923197694e-16,Added,2024,JP3197600004
0.0,2.5276482808375195e-16,2.5276482808375195e-16,2.5276482808375195e-16,Added,2024,JP3658850007
0.0,2.4961852475237195e-16,2.4961852475237195e-16,2.4961852475237195e-16,Added,2024,JP3305990008
0.0,2.224213195842538e-16,2.224213195842538e-16,2.224213195842538e-16,Added,2024,AU000000GWA4
0.0,2.2115227652494525e-16,2.2115227652494525e-16,2.2115227652494525e-16,Added,2024,JP3835620000
0.0,2.2063531781711045e-16,2.2063531781711045e-16,2.2063531781711045e-16,Added,2024,HK0016000132
0.0,2.1906725995490765e-16,2.1906725995490765e-16,2.1906725995490765e-16,Added,2024,JP3944130008
0.0,2.1360582360162278e-16,2.1360582360162278e-16,2.1360582360162278e-16,Added,2024,JP3326410002
0.0,2.1109456269234636e-16,2.1109456269234636e-16,2.1109456269234636e-16,Added,2024,SG1M51904654
0.0,2.0627782098294903e-16,2.0627782098294903e-16,2.0627782098294903e-16,Added,2024,SG1S83002349
0.0,2.0601319439027152e-16,2.0601319439027152e-16,2.0601319439027152e-16,Added,2024,SGXE21576413
0.0,2.0451495452132183e-16,2.0451495452132183e-16,2.0451495452132183e-16,Added,2024,SG0531000230
0.0,1.9999447350659254e-16,1.9999447350659254e-16,1.9999447350659254e-16,Added,2024,NZTELE0001S4
0.0,1.975859975693743e-16,1.975859975693743e-16,1.975859975693743e-16,Added,2024,AU000000SEK6
0.0,1.964717543180102e-16,1.964717543180102e-16,1.964717543180102e-16,Added,2024,SG1R89002252
0.0,1.819502273971197e-16,1.819502273971197e-16,1.819502273971197e-16,Added,2024,SG2B80958517
0.0,1.804806192114391e-16,1.804806192114391e-16,1.804806192114391e-16,Added,2024,AU000000IFL2
0.0,1.7781338950101006e-16,1.7781338950101006e-16,1.7781338950101006e-16,Added,2024,HK0083000502
0.0,1.7751143417353805e-16,1.7751143417353805e-16,1.7751143417353805e-16,Added,2024,HK0000745908
0.0,1.7534005410067068e-16,1.7534005410067068e-16,1.7534005410067068e-16,Added,2024,JP3411000007
0.0,1.746140653078987e-16,1.746140653078987e-16,1.746140653078987e-16,Added,2024,JP3419050004
0.0,1.681855732945825e-16,1.681855732945825e-16,1.681855732945825e-16,Added,2024,AU000000MTS0
0.0,1.6765913609314024e-16,1.6765913609314024e-16,1.6765913609314024e-16,Added,2024,HK0823032773
0.0,1.6529974253953777e-16,1.6529974253953777e-16,1.6529974253953777e-16,Added,2024,JP3769000005
0.0,1.6377311266197667e-16,1.6377311266197667e-16,1.6377311266197667e-16,Added,2024,JP3198900007
0.0,1.5741597475600802e-16,1.5741597475600802e-16,1.5741597475600802e-16,Added,2024,HK0200030994
0.0,1.5109152493962128e-16,1.5109152493962128e-16,1.5109152493962128e-16,Added,2024,JP3733000008
0.0,1.472530203496565e-16,1.472530203496565e-16,1.472530203496565e-16,Added,2024,JP3600200004
0.0,1.3586977212077834e-16,1.3586977212077834e-16,1.3586977212077834e-16,Added,2024,HK0000055878
0.0,1.3199252786036938e-16,1.3199252786036938e-16,1.3199252786036938e-16,Added,2024,HK0101000591
0.0,1.296694318302271e-16,1.296694318302271e-16,1.296694318302271e-16,Added,2024,JP3818000006
0.0,1.2515852447496393e-16,1.2515852447496393e-16,1.2515852447496393e-16,Added,2024,HK0000608585
0.0,1.2347882352030306e-16,1.2347882352030306e-16,1.2347882352030306e-16,Added,2024,JP3511800009
0.0,1.223827171015468e-16,1.223827171015468e-16,1.223827171015468e-16,Added,2024,HK0012000102
0.0,1.2101101081295948e-16,1.2101101081295948e-16,1.2101101081295948e-16,Added,2024,JP3783420007
0.0,1.1944543456271264e-16,1.1944543456271264e-16,1.1944543456271264e-16,Added,2024,KYG210961051
0.0,1.1867900464580818e-16,1.1867900464580818e-16,1.1867900464580818e-16,Added,2024,JP3942400007
0.0,1.1847508555061025e-16,1.1847508555061025e-16,1.1847508555061025e-16,Added,2024,SG1U68934629
0.0,1.1535142686412243e-16,1.1535142686412243e-16,1.1535142686412243e-16,Added,2024,JP3347200002
0.0,1.1384419656125436e-16,1.1384419656125436e-16,1.1384419656125436e-16,Added,2024,JP3263000006
0.0,1.1155950254240184e-16,1.1155950254240184e-16,1.1155950254240184e-16,Added,2024,AU000000RHC8
0.0,1.1119219583199886e-16,1.1119219583199886e-16,1.1119219583199886e-16,Added,2024,NZSKCE0001S2
0.0,1.1107190530495962e-16,1.1107190530495962e-16,1.1107190530495962e-16,Added,2024,JP3826800009
0.0,1.0583432553856053e-16,1.0583432553856053e-16,1.0583432553856053e-16,Added,2024,IE00BKVD2N49
0.0,1.0363564238225938e-16,1.0363564238225938e-16,1.0363564238225938e-16,Added,2024,JP3939000000
0.0,1.027134209887572e-16,1.027134209887572e-16,1.027134209887572e-16,Added,2024,JP3900000005
0.0,1.0062257872545899e-16,1.0062257872545899e-16,1.0062257872545899e-16,Added,2024,KYG2108Y1052
0.0,9.988885305466176e-17,9.988885305466176e-17,9.988885305466176e-17,Added,2024,HK2388011192
0.0,9.821937776868632e-17,9.821937776868632e-17,9.821937776868632e-17,Added,2024,BMG4600H1198
0.0,9.661597861941915e-17,9.661597861941915e-17,9.661597861941915e-17,Added,2024,JP3173400007
0.0,9.398124834638453e-17,9.398124834638453e-17,9.398124834638453e-17,Added,2024,JP3732200005
0.0,9.199488501352957e-17,9.199488501352957e-17,9.199488501352957e-17,Added,2024,JP3398000004
0.0,9.014720310960717e-17,9.014720310960717e-17,9.014720310960717e-17,Added,2024,AU000000BWP3
0.0,9.01351405677159e-17,9.01351405677159e-17,9.01351405677159e-17,Added,2024,JP3869010003
0.0,8.972150537073382e-17,8.972150537073382e-17,8.972150537073382e-17,Added,2024,JP3830000000
0.0,8.775202287269642e-17,8.775202287269642e-17,8.775202287269642e-17,Added,2024,JP3463000004
0.0,8.543990681884911e-17,8.543990681884911e-17,8.543990681884911e-17,Added,2024,JP3243600008
0.0,8.214191606254302e-17,8.214191606254302e-17,8.214191606254302e-17,Added,2024,SGXE34184239
0.0,8.120566240738126e-17,8.120566240738126e-17,8.120566240738126e-17,Added,2024,HK0144000764
0.0,8.07003483291788e-17,8.07003483291788e-17,8.07003483291788e-17,Added,2024,JP3931600005
0.0,8.05283263200668e-17,8.05283263200668e-17,8.05283263200668e-17,Added,2024,JP3495000006
0.0,7.793200601206561e-17,7.793200601206561e-17,7.793200601206561e-17,Added,2024,AU000000JBH7
0.0,7.544232951600601e-17,7.544232951600601e-17,7.544232951600601e-17,Added,2024,JP3676800000
0.0,7.331704580972015e-17,7.331704580972015e-17,7.331704580972015e-17,Added,2024,JP3219000001
0.0,7.298500769618591e-17,7.298500769618591e-17,7.298500769618591e-17,Added,2024,JP3977400005
0.0,7.208282980712268e-17,7.208282980712268e-17,7.208282980712268e-17,Added,2024,AU000000CIM7
0.0,7.165141300685256e-17,7.165141300685256e-17,7.165141300685256e-17,Added,2024,HK0308001558
0.0,7.04349464251852e-17,7.04349464251852e-17,7.04349464251852e-17,Added,2024,JP3131430005
0.0,6.988603576434478e-17,6.988603576434478e-17,6.988603576434478e-17,Added,2024,JP3502200003
0.0,6.96707786970919e-17,6.96707786970919e-17,6.96707786970919e-17,Added,2024,JP3566800003
0.0,6.855310836517698e-17,6.855310836517698e-17,6.855310836517698e-17,Added,2024,AU000000FLT9
0.0,6.700467670756376e-17,6.700467670756376e-17,6.700467670756376e-17,Added,2024,JP3765400001
0.0,6.148165070757903e-17,6.148165070757903e-17,6.148165070757903e-17,Added,2024,JP3526600006
0.0,6.073856359121209e-17,6.073856359121209e-17,6.073856359121209e-17,Added,2024,JP3940400009
0.0,6.001659588655139e-17,6.001659588655139e-17,6.001659588655139e-17,Added,2024,JP3862400003
0.0,5.937263345834653e-17,5.937263345834653e-17,5.937263345834653e-17,Added,2024,JP3224200000
0.0,5.827661818070968e-17,5.827661818070968e-17,5.827661818070968e-17,Added,2024,JP3108600002
0.0,5.764855749038221e-17,5.764855749038221e-17,5.764855749038221e-17,Added,2024,JP3280200001
0.0,5.705535654717063e-17,5.705535654717063e-17,5.705535654717063e-17,Added,2024,JP3277800003
0.0,5.3814780050476616e-17,5.3814780050476616e-17,5.3814780050476616e-17,Added,2024,JP3260800002
0.0,5.3214281924200206e-17,5.3214281924200206e-17,5.3214281924200206e-17,Added,2024,JP3711200000
0.0,5.232163288157399e-17,5.232163288157399e-17,5.232163288157399e-17,Added,2024,JP3205800000
0.0,5.22191859643899e-17,5.22191859643899e-17,5.22191859643899e-17,Added,2024,JP3494600004
0.0,5.0845318211529655e-17,5.0845318211529655e-17,5.0845318211529655e-17,Added,2024,JP3675600005
0.0,5.0345593689135584e-17,5.0345593689135584e-17,5.0345593689135584e-17,Added,2024,JP3726800000
0.0,5.0262910080675735e-17,5.0262910080675735e-17,5.0262910080675735e-17,Added,2024,JP3407200009
0.0,4.813469005546776e-17,4.813469005546776e-17,4.813469005546776e-17,Added,2024,HK0440001847
0.0,4.401267671236267e-17,4.401267671236267e-17,4.401267671236267e-17,Added,2024,JP3126340003
0.0,4.3508275517070134e-17,4.3508275517070134e-17,4.3508275517070134e-17,Added,2024,AU000000ELD6
0.0,4.2637403136920595e-17,4.2637403136920595e-17,4.2637403136920595e-17,Added,2024,AU000000GMG2
0.0,3.6976726621961016e-17,3.6976726621961016e-17,3.6976726621961016e-17,Added,2024,AU000000CGF5
0.0,3.663807686202819e-17,3.663807686202819e-17,3.663807686202819e-17,Added,2024,AU000000MQG1
0.0,3.633767364185692e-17,3.633767364185692e-17,3.633767364185692e-17,Added,2024,JP3894900004
0.0,3.5709858636326456e-17,3.5709858636326456e-17,3.5709858636326456e-17,Added,2024,JP3210200006
0.0,3.496584645214912e-17,3.496584645214912e-17,3.496584645214912e-17,Added,2024,JP3143000002
0.0,3.275980247188443e-17,3.275980247188443e-17,3.275980247188443e-17,Added,2024,JP3659000008
0.0,3.165164504843042e-17,3.165164504843042e-17,3.165164504843042e-17,Added,2024,JP3336000009
0.0,3.1500088008071336e-17,3.1500088008071336e-17,3.1500088008071336e-17,Added,2024,JP3726200003
0.0,3.1445349015507954e-17,3.1445349015507954e-17,3.1445349015507954e-17,Added,2024,JP3188220002
0.0,2.977791085600398e-17,2.977791085600398e-17,2.977791085600398e-17,Added,2024,JP3574200006
0.0,2.945751235457644e-17,2.945751235457644e-17,2.945751235457644e-17,Added,2024,BMG2624N1535
0.0,2.842895199651871e-17,2.842895199651871e-17,2.842895199651871e-17,Added,2024,JP3585800000
0.0,2.788503038893981e-17,2.788503038893981e-17,2.788503038893981e-17,Added,2024,JP3305530002
0.0,2.760828458837053e-17,2.760828458837053e-17,2.760828458837053e-17,Added,2024,JP3258000003
0.0,2.5913320036959072e-17,2.5913320036959072e-17,2.5913320036959072e-17,Added,2024,JP3162600005
0.0,2.559679247116753e-17,2.559679247116753e-17,2.559679247116753e-17,Added,2024,BMG8063F1068
0.0,2.529533045136269e-17,2.529533045136269e-17,2.529533045136269e-17,Added,2024,BMG5320C1082
0.0,2.5119943672892187e-17,2.5119943672892187e-17,2.5119943672892187e-17,Added,2024,AU000000IAG3
0.0,2.3841374321284645e-17,2.3841374321284645e-17,2.3841374321284645e-17,Added,2024,JP3548610009
0.0,2.3582310390330363e-17,2.3582310390330363e-17,2.3582310390330363e-17,Added,2024,JP3126400005
0.0,2.2530664625636434e-17,2.2530664625636434e-17,2.2530664625636434e-17,Added,2024,JP3194000000
0.0,2.0758250082323602e-17,2.0758250082323602e-17,2.0758250082323602e-17,Added,2024,JP3357200009
0.0,1.9811678521857798e-17,1.9811678521857798e-17,1.9811678521857798e-17,Added,2024,AU000000ERA9
0.0,1.980807182171767e-17,1.980807182171767e-17,1.980807182171767e-17,Added,2024,JP3535800001
0.0,1.962357583303439e-17,1.962357583303439e-17,1.962357583303439e-17,Added,2024,JP3551500006
0.0,1.9246390144013428e-17,1.9246390144013428e-17,1.9246390144013428e-17,Added,2024,JP3352400000
0.0,1.8575563409353272e-17,1.8575563409353272e-17,1.8575563409353272e-17,Added,2024,JP3268950007
0.0,1.7919774071780333e-17,1.7919774071780333e-17,1.7919774071780333e-17,Added,2024,JP3443600006
0.0,1.7536583555374693e-17,1.7536583555374693e-17,1.7536583555374693e-17,Added,2024,JP3546800008
0.0,1.727477470739272e-17,1.727477470739272e-17,1.727477470739272e-17,Added,2024,JP3919800007
0.0,1.6667443138729532e-17,1.6667443138729532e-17,1.6667443138729532e-17,Added,2024,JP3435000009
0.0,1.6131473322801316e-17,1.6131473322801316e-17,1.6131473322801316e-17,Added,2024,AU000000WOW2
0.0,1.5206859435142906e-17,1.5206859435142906e-17,1.5206859435142906e-17,Added,2024,BMG2442N1048
0.0,1.3565972831069752e-17,1.3565972831069752e-17,1.3565972831069752e-17,Added,2024,SG9999000020
0.0,1.3146221697576278e-17,1.3146221697576278e-17,1.3146221697576278e-17,Added,2024,JP3906000009
0.0,1.30429639958492e-17,1.30429639958492e-17,1.30429639958492e-17,Added,2024,AU000000CSL8
0.0,1.2578428850105363e-17,1.2578428850105363e-17,1.2578428850105363e-17,Added,2024,JP3940000007
0.0,1.2458933836033338e-17,1.2458933836033338e-17,1.2458933836033338e-17,Added,2024,AU000000APA1
0.0,1.2126695332260742e-17,1.2126695332260742e-17,1.2126695332260742e-17,Added,2024,JP3942600002
0.0,9.989702682685088e-18,9.989702682685088e-18,9.989702682685088e-18,Added,2024,JP3320800000
0.0,9.384912835584763e-18,9.384912835584763e-18,9.384912835584763e-18,Added,2024,JP3505000004
0.0,8.804927153278302e-18,8.804927153278302e-18,8.804927153278302e-18,Added,2024,JP3196000008
0.0,8.592227246409109e-18,8.592227246409109e-18,8.592227246409109e-18,Added,2024,JP3456000003
0.0,8.20396744704108e-18,8.20396744704108e-18,8.20396744704108e-18,Added,2024,JP3766550002
0.0,8.194667077433265e-18,8.194667077433265e-18,8.194667077433265e-18,Added,2024,AU000000SGM7
0.0,8.136235297459723e-18,8.136235297459723e-18,8.136235297459723e-18,Added,2024,JP3597800006
0.0,7.550724807990126e-18,7.550724807990126e-18,7.550724807990126e-18,Added,2024,JP3118000003
0.0,7.27026644104012e-18,7.27026644104012e-18,7.27026644104012e-18,Added,2024,JP3579800008
0.0,6.8291583660285576e-18,6.8291583660285576e-18,6.8291583660285576e-18,Added,2024,JP3385980002
0.0,6.6750658124492015e-18,6.6750658124492015e-18,6.6750658124492015e-18,Added,2024,JP3688370000
0.0,5.543079802364268e-18,5.543079802364268e-18,5.543079802364268e-18,Added,2024,JP3425000001
0.0,3.900678477243754e-18,3.900678477243754e-18,3.900678477243754e-18,Added,2024,JP3270000007
0.0,3.7166574429952905e-18,3.7166574429952905e-18,3.7166574429952905e-18,Added,2024,BMG677491539
0.0,3.0491888576893863e-18,3.0491888576893863e-18,3.0491888576893863e-18,Added,2024,NZCENE0001S6
0.0,2.0691175352214526e-18,2.0691175352214526e-18,2.0691175352214526e-18,Added,2024,SG1T58930911
0.0,1.4826187192375601e-18,1.4826187192375601e-18,1.4826187192375601e-18,Added,2024,JP3762800005
0.0,1.4745713585559014e-18,1.4745713585559014e-18,1.4745713585559014e-18,Added,2024,JP3742600004
0.0,1.4528996454907302e-18,1.4528996454907302e-18,1.4528996454907302e-18,Added,2024,JP3293200006
0.0,1.3529176914413722e-18,1.3529176914413722e-18,1.3529176914413722e-18,Added,2024,KYG9431R1039
0.0,5.784636814408684e-19,5.784636814408684e-19,5.784636814408684e-19,Added,2024,AU000000SBM8
0.0,0.0,0.0,0.0,Unchanged,2024,AU000000ABC7
0.0,0.0,0.0,0.0,Unchanged,2024,AU000000ALL7
0.0,0.0,0.0,0.0,Unchanged,2024,AU000000AMP6
0.0,0.0,0.0,0.0,Unchanged,2024,AU000000ANN9
0.0,0.0,0.0,0.0,Unchanged,2024,AU000000ANZ3
0.0,0.0,0.0,0.0,Unchanged,2024,AU000000BEN6
0.0,0.0,0.0,0.0,Unchanged,2024,AU000000BHP4
0.0,0.0,0.0,0.0,Unchanged,2024,AU000000BLD2
0.0,0.0,0.0,0.0,Unchanged,2024,AU000000BOQ8
0.0,0.0,0.0,0.0,Unchanged,2024,AU000000BPT9
0.0,0.0,0.0,0.0,Unchanged,2024,AU000000BSL0
0.0,0.0,0.0,0.0,Unchanged,2024,AU000000CBA7
0.0,0.0,0.0,0.0,Unchanged,2024,AU000000COH5
0.0,0.0,0.0,0.0,Unchanged,2024,AU000000CPU5
0.0,0.0,0.0,0.0,Unchanged,2024,AU000000CQR9
0.0,0.0,0.0,0.0,Unchanged,2024,AU000000CSR5
0.0,0.0,0.0,0.0,Unchanged,2024,AU000000CWY3
0.0,0.0,0.0,0.0,Unchanged,2024,AU000000DOW2
0.0,0.0,0.0,0.0,Unchanged,2024,AU000000DXS1
0.0,0.0,0.0,0.0,Unchanged,2024,AU000000GPT8
0.0,0.0,0.0,0.0,Unchanged,2024,AU000000IGO4
0.0,0.0,0.0,0.0,Unchanged,2024,AU000000ILU1
0.0,0.0,0.0,0.0,Unchanged,2024,AU000000LLC3
0.0,0.0,0.0,0.0,Unchanged,2024,AU000000MAH3
0.0,0.0,0.0,0.0,Unchanged,2024,AU000000MGR9
0.0,0.0,0.0,0.0,Unchanged,2024,AU000000MND5
0.0,0.0,0.0,0.0,Unchanged,2024,AU000000NAB4
0.0,0.0,0.0,0.0,Unchanged,2024,AU000000ORG5
0.0,0.0,0.0,0.0,Unchanged,2024,AU000000ORI1
0.0,0.0,0.0,0.0,Unchanged,2024,AU000000QAN2
0.0,0.0,0.0,0.0,Unchanged,2024,AU000000QBE9
0.0,0.0,0.0,0.0,Unchanged,2024,AU000000SGP0
0.0,0.0,0.0,0.0,Unchanged,2024,AU000000SHL7
0.0,0.0,0.0,0.0,Unchanged,2024,AU000000STO6
0.0,0.0,0.0,0.0,Unchanged,2024,AU000000SUN6
0.0,0.0,0.0,0.0,Unchanged,2024,AU000000SWM4
0.0,0.0,0.0,0.0,Unchanged,2024,AU000000SXL4
0.0,0.0,0.0,0.0,Unchanged,2024,AU000000TAH8
0.0,0.0,0.0,0.0,Unchanged,2024,AU000000TLS2
0.0,0.0,0.0,0.0,Unchanged,2024,AU000000WBC1
0.0,0.0,0.0,0.0,Unchanged,2024,AU000000WES1
0.0,0.0,0.0,0.0,Unchanged,2024,AU000000WOR2
0.0,0.0,0.0,0.0,Unchanged,2024,AU0000033359
0.0,0.0,0.0,0.0,Unchanged,2024,AU0000088338
0.0,0.0,0.0,0.0,Unchanged,2024,AU0000224040
0.0,0.0,0.0,0.0,Unchanged,2024,BMG2108M2182
0.0,0.0,0.0,0.0,Unchanged,2024,BMG2178K1009
0.0,0.0,0.0,0.0,Unchanged,2024,BMG507361001
0.0,0.0,0.0,0.0,Unchanged,2024,BMG668971101
0.0,0.0,0.0,0.0,Unchanged,2024,BMG684371393
0.0,0.0,0.0,0.0,Unchanged,2024,BMG8403G1033
0.0,0.0,0.0,0.0,Unchanged,2024,BMG988031446
0.0,0.0,0.0,0.0,Unchanged,2024,HK0000049939
0.0,0.0,0.0,0.0,Unchanged,2024,HK0000139300
0.0,0.0,0.0,0.0,Unchanged,2024,HK0010000088
0.0,0.0,0.0,0.0,Unchanged,2024,HK0019000162
0.0,0.0,0.0,0.0,Unchanged,2024,HK0023000190
0.0,0.0,0.0,0.0,Unchanged,2024,HK0242001243
0.0,0.0,0.0,0.0,Unchanged,2024,HK0270001396
0.0,0.0,0.0,0.0,Unchanged,2024,HK0291001490
0.0,0.0,0.0,0.0,Unchanged,2024,HK0293001514
0.0,0.0,0.0,0.0,Unchanged,2024,HK0363006039
0.0,0.0,0.0,0.0,Unchanged,2024,HK0388045442
0.0,0.0,0.0,0.0,Unchanged,2024,HK0392044647
0.0,0.0,0.0,0.0,Unchanged,2024,HK0836012952
0.0,0.0,0.0,0.0,Unchanged,2024,HK2380027329
0.0,0.0,0.0,0.0,Unchanged,2024,JP3039710003
0.0,0.0,0.0,0.0,Unchanged,2024,JP3102000001
0.0,0.0,0.0,0.0,Unchanged,2024,JP3111200006
0.0,0.0,0.0,0.0,Unchanged,2024,JP3112000009
0.0,0.0,0.0,0.0,Unchanged,2024,JP3116000005
0.0,0.0,0.0,0.0,Unchanged,2024,JP3122400009
0.0,0.0,0.0,0.0,Unchanged,2024,JP3122800000
0.0,0.0,0.0,0.0,Unchanged,2024,JP3131400008
0.0,0.0,0.0,0.0,Unchanged,2024,JP3134800006
0.0,0.0,0.0,0.0,Unchanged,2024,JP3137200006
0.0,0.0,0.0,0.0,Unchanged,2024,JP3143600009
0.0,0.0,0.0,0.0,Unchanged,2024,JP3148800000
0.0,0.0,0.0,0.0,Unchanged,2024,JP3156400008
0.0,0.0,0.0,0.0,Unchanged,2024,JP3158800007
0.0,0.0,0.0,0.0,Unchanged,2024,JP3160400002
0.0,0.0,0.0,0.0,Unchanged,2024,JP3164800009
0.0,0.0,0.0,0.0,Unchanged,2024,JP3165600002
0.0,0.0,0.0,0.0,Unchanged,2024,JP3165700000
0.0,0.0,0.0,0.0,Unchanged,2024,JP3166000004
0.0,0.0,0.0,0.0,Unchanged,2024,JP3172100004
0.0,0.0,0.0,0.0,Unchanged,2024,JP3174410005
0.0,0.0,0.0,0.0,Unchanged,2024,JP3190000004
0.0,0.0,0.0,0.0,Unchanged,2024,JP3197800000
0.0,0.0,0.0,0.0,Unchanged,2024,JP3200450009
0.0,0.0,0.0,0.0,Unchanged,2024,JP3201200007
0.0,0.0,0.0,0.0,Unchanged,2024,JP3203500008
0.0,0.0,0.0,0.0,Unchanged,2024,JP3209000003
0.0,0.0,0.0,0.0,Unchanged,2024,JP3215800008
0.0,0.0,0.0,0.0,Unchanged,2024,JP3223800008
0.0,0.0,0.0,0.0,Unchanged,2024,JP3228600007
0.0,0.0,0.0,0.0,Unchanged,2024,JP3229400001
0.0,0.0,0.0,0.0,Unchanged,2024,JP3240400006
0.0,0.0,0.0,0.0,Unchanged,2024,JP3242800005
0.0,0.0,0.0,0.0,Unchanged,2024,JP3246400000
0.0,0.0,0.0,0.0,Unchanged,2024,JP3249600002
0.0,0.0,0.0,0.0,Unchanged,2024,JP3256000005
0.0,0.0,0.0,0.0,Unchanged,2024,JP3266400005
0.0,0.0,0.0,0.0,Unchanged,2024,JP3269600007
0.0,0.0,0.0,0.0,Unchanged,2024,JP3271400008
0.0,0.0,0.0,0.0,Unchanged,2024,JP3289800009
0.0,0.0,0.0,0.0,Unchanged,2024,JP3292200007
0.0,0.0,0.0,0.0,Unchanged,2024,JP3294460005
0.0,0.0,0.0,0.0,Unchanged,2024,JP3300200007
0.0,0.0,0.0,0.0,Unchanged,2024,JP3300600008
0.0,0.0,0.0,0.0,Unchanged,2024,JP3304200003
0.0,0.0,0.0,0.0,Unchanged,2024,JP3305800009
0.0,0.0,0.0,0.0,Unchanged,2024,JP3322930003
0.0,0.0,0.0,0.0,Unchanged,2024,JP3350800003
0.0,0.0,0.0,0.0,Unchanged,2024,JP3351100007
0.0,0.0,0.0,0.0,Unchanged,2024,JP3351500008
0.0,0.0,0.0,0.0,Unchanged,2024,JP3358200008
0.0,0.0,0.0,0.0,Unchanged,2024,JP3358800005
0.0,0.0,0.0,0.0,Unchanged,2024,JP3359600008
0.0,0.0,0.0,0.0,Unchanged,2024,JP3362700001
0.0,0.0,0.0,0.0,Unchanged,2024,JP3368000000
0.0,0.0,0.0,0.0,Unchanged,2024,JP3371200001
0.0,0.0,0.0,0.0,Unchanged,2024,JP3375800004
0.0,0.0,0.0,0.0,Unchanged,2024,JP3381000003
0.0,0.0,0.0,0.0,Unchanged,2024,JP3385820000
0.0,0.0,0.0,0.0,Unchanged,2024,JP3386030005
0.0,0.0,0.0,0.0,Unchanged,2024,JP3388200002
0.0,0.0,0.0,0.0,Unchanged,2024,JP3389900006
0.0,0.0,0.0,0.0,Unchanged,2024,JP3397200001
0.0,0.0,0.0,0.0,Unchanged,2024,JP3400900001
0.0,0.0,0.0,0.0,Unchanged,2024,JP3401400001
0.0,0.0,0.0,0.0,Unchanged,2024,JP3402600005
0.0,0.0,0.0,0.0,Unchanged,2024,JP3404200002
0.0,0.0,0.0,0.0,Unchanged,2024,JP3404600003
0.0,0.0,0.0,0.0,Unchanged,2024,JP3405400007
0.0,0.0,0.0,0.0,Unchanged,2024,JP3407400005
0.0,0.0,0.0,0.0,Unchanged,2024,JP3409000001
0.0,0.0,0.0,0.0,Unchanged,2024,JP3414750004
0.0,0.0,0.0,0.0,Unchanged,2024,JP3415400005
0.0,0.0,0.0,0.0,Unchanged,2024,JP3419400001
0.0,0.0,0.0,0.0,Unchanged,2024,JP3420600003
0.0,0.0,0.0,0.0,Unchanged,2024,JP3421100003
0.0,0.0,0.0,0.0,Unchanged,2024,JP3429800000
0.0,0.0,0.0,0.0,Unchanged,2024,JP3436100006
0.0,0.0,0.0,0.0,Unchanged,2024,JP3436120004
0.0,0.0,0.0,0.0,Unchanged,2024,JP3449020001
0.0,0.0,0.0,0.0,Unchanged,2024,JP3452000007
0.0,0.0,0.0,0.0,Unchanged,2024,JP3459600007
0.0,0.0,0.0,0.0,Unchanged,2024,JP3475350009
0.0,0.0,0.0,0.0,Unchanged,2024,JP3481800005
0.0,0.0,0.0,0.0,Unchanged,2024,JP3485800001
0.0,0.0,0.0,0.0,Unchanged,2024,JP3486800000
0.0,0.0,0.0,0.0,Unchanged,2024,JP3491000000
0.0,0.0,0.0,0.0,Unchanged,2024,JP3493400000
0.0,0.0,0.0,0.0,Unchanged,2024,JP3493800001
0.0,0.0,0.0,0.0,Unchanged,2024,JP3499800005
0.0,0.0,0.0,0.0,Unchanged,2024,JP3519400000
0.0,0.0,0.0,0.0,Unchanged,2024,JP3522200009
0.0,0.0,0.0,0.0,Unchanged,2024,JP3528600004
0.0,0.0,0.0,0.0,Unchanged,2024,JP3538800008
0.0,0.0,0.0,0.0,Unchanged,2024,JP3539220008
0.0,0.0,0.0,0.0,Unchanged,2024,JP3544000007
0.0,0.0,0.0,0.0,Unchanged,2024,JP3549600009
0.0,0.0,0.0,0.0,Unchanged,2024,JP3551200003
0.0,0.0,0.0,0.0,Unchanged,2024,JP3551520004
0.0,0.0,0.0,0.0,Unchanged,2024,JP3560800009
0.0,0.0,0.0,0.0,Unchanged,2024,JP3571400005
0.0,0.0,0.0,0.0,Unchanged,2024,JP3582600007
0.0,0.0,0.0,0.0,Unchanged,2024,JP3588600001
0.0,0.0,0.0,0.0,Unchanged,2024,JP3595200001
0.0,0.0,0.0,0.0,Unchanged,2024,JP3596200000
0.0,0.0,0.0,0.0,Unchanged,2024,JP3599000001
0.0,0.0,0.0,0.0,Unchanged,2024,JP3605400005
0.0,0.0,0.0,0.0,Unchanged,2024,JP3613400005
0.0,0.0,0.0,0.0,Unchanged,2024,JP3619800000
0.0,0.0,0.0,0.0,Unchanged,2024,JP3621000003
0.0,0.0,0.0,0.0,Unchanged,2024,JP3625000009
0.0,0.0,0.0,0.0,Unchanged,2024,JP3626800001
0.0,0.0,0.0,0.0,Unchanged,2024,JP3629000005
0.0,0.0,0.0,0.0,Unchanged,2024,JP3634200004
0.0,0.0,0.0,0.0,Unchanged,2024,JP3634600005
0.0,0.0,0.0,0.0,Unchanged,2024,JP3635000007
0.0,0.0,0.0,0.0,Unchanged,2024,JP3635400009
0.0,0.0,0.0,0.0,Unchanged,2024,JP3638600001
0.0,0.0,0.0,0.0,Unchanged,2024,JP3657400002
0.0,0.0,0.0,0.0,Unchanged,2024,JP3663900003
0.0,0.0,0.0,0.0,Unchanged,2024,JP3665200006
0.0,0.0,0.0,0.0,Unchanged,2024,JP3667600005
0.0,0.0,0.0,0.0,Unchanged,2024,JP3670800006
0.0,0.0,0.0,0.0,Unchanged,2024,JP3672400003
0.0,0.0,0.0,0.0,Unchanged,2024,JP3678000005
0.0,0.0,0.0,0.0,Unchanged,2024,JP3684000007
0.0,0.0,0.0,0.0,Unchanged,2024,JP3684400009
0.0,0.0,0.0,0.0,Unchanged,2024,JP3695200000
0.0,0.0,0.0,0.0,Unchanged,2024,JP3711600001
0.0,0.0,0.0,0.0,Unchanged,2024,JP3718800000
0.0,0.0,0.0,0.0,Unchanged,2024,JP3720800006
0.0,0.0,0.0,0.0,Unchanged,2024,JP3721400004
0.0,0.0,0.0,0.0,Unchanged,2024,JP3733400000
0.0,0.0,0.0,0.0,Unchanged,2024,JP3734800000
0.0,0.0,0.0,0.0,Unchanged,2024,JP3738600000
0.0,0.0,0.0,0.0,Unchanged,2024,JP3743000006
0.0,0.0,0.0,0.0,Unchanged,2024,JP3753000003
0.0,0.0,0.0,0.0,Unchanged,2024,JP3756100008
0.0,0.0,0.0,0.0,Unchanged,2024,JP3762600009
0.0,0.0,0.0,0.0,Unchanged,2024,JP3771800004
0.0,0.0,0.0,0.0,Unchanged,2024,JP3780100008
0.0,0.0,0.0,0.0,Unchanged,2024,JP3783600004
0.0,0.0,0.0,0.0,Unchanged,2024,JP3787000003
0.0,0.0,0.0,0.0,Unchanged,2024,JP3788600009
0.0,0.0,0.0,0.0,Unchanged,2024,JP3792600003
0.0,0.0,0.0,0.0,Unchanged,2024,JP3799000009
0.0,0.0,0.0,0.0,Unchanged,2024,JP3802300008
0.0,0.0,0.0,0.0,Unchanged,2024,JP3802400006
0.0,0.0,0.0,0.0,Unchanged,2024,JP3811000003
0.0,0.0,0.0,0.0,Unchanged,2024,JP3814800003
0.0,0.0,0.0,0.0,Unchanged,2024,JP3820000002
0.0,0.0,0.0,0.0,Unchanged,2024,JP3827200001
0.0,0.0,0.0,0.0,Unchanged,2024,JP3834800009
0.0,0.0,0.0,0.0,Unchanged,2024,JP3837800006
0.0,0.0,0.0,0.0,Unchanged,2024,JP3841800000
0.0,0.0,0.0,0.0,Unchanged,2024,JP3845400005
0.0,0.0,0.0,0.0,Unchanged,2024,JP3850200001
0.0,0.0,0.0,0.0,Unchanged,2024,JP3854600008
0.0,0.0,0.0,0.0,Unchanged,2024,JP3866800000
0.0,0.0,0.0,0.0,Unchanged,2024,JP3868400007
0.0,0.0,0.0,0.0,Unchanged,2024,JP3870000001
0.0,0.0,0.0,0.0,Unchanged,2024,JP3870400003
0.0,0.0,0.0,0.0,Unchanged,2024,JP3877600001
0.0,0.0,0.0,0.0,Unchanged,2024,JP3885400006
0.0,0.0,0.0,0.0,Unchanged,2024,JP3888300005
0.0,0.0,0.0,0.0,Unchanged,2024,JP3888400003
0.0,0.0,0.0,0.0,Unchanged,2024,JP3890350006
0.0,0.0,0.0,0.0,Unchanged,2024,JP3893200000
0.0,0.0,0.0,0.0,Unchanged,2024,JP3893600001
0.0,0.0,0.0,0.0,Unchanged,2024,JP3896800004
0.0,0.0,0.0,0.0,Unchanged,2024,JP3898400001
0.0,0.0,0.0,0.0,Unchanged,2024,JP3899600005
0.0,0.0,0.0,0.0,Unchanged,2024,JP3902000003
0.0,0.0,0.0,0.0,Unchanged,2024,JP3902400005
0.0,0.0,0.0,0.0,Unchanged,2024,JP3902900004
0.0,0.0,0.0,0.0,Unchanged,2024,JP3903000002
0.0,0.0,0.0,0.0,Unchanged,2024,JP3914400001
0.0,0.0,0.0,0.0,Unchanged,2024,JP3933800009
0.0,0.0,0.0,0.0,Unchanged,2024,JP3935600001
0.0,0.0,0.0,0.0,Unchanged,2024,JP3942800008
0.0,0.0,0.0,0.0,Unchanged,2024,JP3955000009
0.0,0.0,0.0,0.0,Unchanged,2024,JP3967200001
0.0,0.0,0.0,0.0,Unchanged,2024,JP3973400009
0.0,0.0,0.0,0.0,Unchanged,2024,JP3982800009
0.0,0.0,0.0,0.0,Unchanged,2024,KYG0535Q1331
0.0,0.0,0.0,0.0,Unchanged,2024,KYG217651051
0.0,0.0,0.0,0.0,Unchanged,2024,KYG525621408
0.0,0.0,0.0,0.0,Unchanged,2024,KYG5427W1309
0.0,0.0,0.0,0.0,Unchanged,2024,NZAIAE0002S6
0.0,0.0,0.0,0.0,Unchanged,2024,NZAIRE0001S2
0.0,0.0,0.0,0.0,Unchanged,2024,NZFBUE0001S0
0.0,0.0,0.0,0.0,Unchanged,2024,SG1B51001017
0.0,0.0,0.0,0.0,Unchanged,2024,SG1L01001701
0.0,0.0,0.0,0.0,Unchanged,2024,SG1M31001969
0.0,0.0,0.0,0.0,Unchanged,2024,SG1N31909426
0.0,0.0,0.0,0.0,Unchanged,2024,SG1R50925390
0.0,0.0,0.0,0.0,Unchanged,2024,SG1S04926220
0.0,0.0,0.0,0.0,Unchanged,2024,SG1S76928401
0.0,0.0,0.0,0.0,Unchanged,2024,SG1T75931496
0.0,0.0,0.0,0.0,Unchanged,2024,SG1V61937297
0.0,0.0,0.0,0.0,Unchanged,2024,SG9999003735
0.15323840226737925,0.06666937799454462,-0.08656902427283464,0.08656902427283464,Underweighted,2025,HK0002007356
0.046212439160744884,0.05809410470469857,0.011881665543953687,0.011881665543953687,Overweighted,2025,HK0008011667
0.06627159827315775,0.05468417011698579,-0.011587428156171954,0.011587428156171954,Underweighted,2025,JP3180400008
0.015902362206133124,0.027207971412091546,0.011305609205958422,0.011305609205958422,Overweighted,2025,HK0003000038
0.011229428078518268,0.020942492078113675,0.009713063999595407,0.009713063999595407,Overweighted,2025,HK0066009694
0.1924868472177638,0.2015419950354233,0.009055147817659509,0.009055147817659509,Overweighted,2025,JP3819400007
0.04401211296202774,0.03598154762008544,-0.008030565341942304,0.008030565341942304,Underweighted,2025,JP3573000001
0.006798052567960782,0.014437858931921276,0.0076398063639604935,0.0076398063639604935,Overweighted,2025,SG1F60858221
0.011275312558454525,0.017176849444597186,0.005901536886142662,0.005901536886142662,Overweighted,2025,JP3496400007
0.03217678093625031,0.037993159133249015,0.005816378196998706,0.005816378196998706,Overweighted,2025,SG1M77906915
0.023588347148586705,0.029341086146436088,0.005752738997849383,0.005752738997849383,Overweighted,2025,JP3768600003
0.044776385778554646,0.0501119237972186,0.005335538018663953,0.005335538018663953,Overweighted,2025,JP3027680002
0.052986423130139,0.05825330047402878,0.005266877343889781,0.005266877343889781,Overweighted,2025,JP3421800008
0.021983402504626527,0.02684527424392815,0.004861871739301624,0.004861871739301624,Overweighted,2025,JP3027670003
0.0,0.004766438701340875,0.004766438701340875,0.004766438701340875,Added,2025,SG1J26887955
0.014245222460257976,0.01812831317746478,0.003883090717206803,0.003883090717206803,Overweighted,2025,JP3633400001
0.019973341964466155,0.02328354969348368,0.003310207729017526,0.003310207729017526,Overweighted,2025,HK0011000095
0.036459883823531235,0.03959765513978834,0.0031377713162571083,0.0031377713162571083,Overweighted,2025,JP3352000008
0.018128410810498725,0.015510724159136914,-0.002617686651361811,0.002617686651361811,Underweighted,2025,JP3274400005
0.0031957080468826672,0.005802318231978049,0.0026066101850953814,0.0026066101850953814,Overweighted,2025,JP3675600005
0.0025422664890823762,0.0,-0.0025422664890823762,0.0025422664890823762,Removed,2025,MU0117U00026
0.0005290429882964715,0.002682673510088638,0.0021536305217921665,0.0021536305217921665,Overweighted,2025,NZTELE0001S4
0.06051502150953703,0.062447129866125835,0.001932108356588802,0.001932108356588802,Overweighted,2025,JP3735400008
0.0,0.0018327598797833033,0.0018327598797833033,0.0018327598797833033,Added,2025,JP3613000003
0.0005466440536773225,0.0022356478065715603,0.001689003752894238,0.001689003752894238,Overweighted,2025,JP3778630008
0.008038386943551159,0.009321801821555087,0.0012834148780039283,0.0012834148780039283,Overweighted,2025,JP3830800003
0.0,0.0009913444074729208,0.0009913444074729208,0.0009913444074729208,Added,2025,JP3814800003
0.00042809954002958397,0.00122553924799648,0.0007974397079668961,0.0007974397079668961,Overweighted,2025,JP3789000001
0.005265149954038742,0.006035855340386746,0.0007707053863480039,0.0007707053863480039,Overweighted,2025,JP3263000006
0.012905321558968175,0.013659253511832226,0.0007539319528640509,0.0007539319528640509,Overweighted,2025,JP3992400006
0.016746710071751218,0.01602380125093823,-0.0007229088208129883,0.0007229088208129883,Underweighted,2025,JP3119600009
0.0034650092081897972,0.002785062452763664,-0.0006799467554261334,0.0006799467554261334,Underweighted,2025,AU000000WOW2
0.0406864201539456,0.040908269426770096,0.0002218492728244953,0.0002218492728244953,Overweighted,2025,JP3910660004
0.0002070567599976716,0.0,-0.0002070567599976716,0.0002070567599976716,Removed,2025,BMG507361001
0.016143864398323278,0.016298801768602534,0.000154937370279256,0.000154937370279256,Overweighted,2025,JP3796150005
0.017040544474677476,0.017181949472593775,0.00014140499791629943,0.00014140499791629943,Overweighted,2025,JP3814000000
0.0,1.4729558779526278e-16,1.4729558779526278e-16,1.4729558779526278e-16,Added,2025,JP3658850007
0.0,1.2976728009480228e-16,1.2976728009480228e-16,1.2976728009480228e-16,Added,2025,JP3276400003
0.0,1.1344104347605753e-16,1.1344104347605753e-16,1.1344104347605753e-16,Added,2025,JP3152740001
0.0,1.0518409518994048e-16,1.0518409518994048e-16,1.0518409518994048e-16,Added,2025,JP3475350009
0.0,1.0314158617169207e-16,1.0314158617169207e-16,1.0314158617169207e-16,Added,2025,JP3869010003
0.0,8.865017327893636e-17,8.865017327893636e-17,8.865017327893636e-17,Added,2025,JP3756600007
0.0,8.789782852445411e-17,8.789782852445411e-17,8.789782852445411e-17,Added,2025,JP3411000007
0.0,8.54730201875968e-17,8.54730201875968e-17,8.54730201875968e-17,Added,2025,JP3951600000
0.0,7.751247155606656e-17,7.751247155606656e-17,7.751247155606656e-17,Added,2025,AU000000SIG5
0.0,7.384942510836484e-17,7.384942510836484e-17,7.384942510836484e-17,Added,2025,JP3197600004
0.0,7.213494083484962e-17,7.213494083484962e-17,7.213494083484962e-17,Added,2025,JP3131400008
0.0,7.089173158480089e-17,7.089173158480089e-17,7.089173158480089e-17,Added,2025,JP3326410002
0.0,7.033722046188315e-17,7.033722046188315e-17,7.033722046188315e-17,Added,2025,JP3769000005
0.0,6.923768260685264e-17,6.923768260685264e-17,6.923768260685264e-17,Added,2025,JP3358000002
0.0,6.845023130395811e-17,6.845023130395811e-17,6.845023130395811e-17,Added,2025,JP3283650004
0.0,6.812724008024663e-17,6.812724008024663e-17,6.812724008024663e-17,Added,2025,BMG524401079
0.0,6.67146790324333e-17,6.67146790324333e-17,6.67146790324333e-17,Added,2025,JP3203500008
0.0,5.937266595756663e-17,5.937266595756663e-17,5.937266595756663e-17,Added,2025,JP3600200004
0.0,5.875770032636773e-17,5.875770032636773e-17,5.875770032636773e-17,Added,2025,JP3539220008
0.0,5.715577166127391e-17,5.715577166127391e-17,5.715577166127391e-17,Added,2025,JP3164630000
0.0,5.4986786287692304e-17,5.4986786287692304e-17,5.4986786287692304e-17,Added,2025,JP3598600009
0.0,5.4634534400709023e-17,5.4634534400709023e-17,5.4634534400709023e-17,Added,2025,AU000000MTS0
0.0,5.3081701391907387e-17,5.3081701391907387e-17,5.3081701391907387e-17,Added,2025,JP3499800005
0.0,5.266858769564265e-17,5.266858769564265e-17,5.266858769564265e-17,Added,2025,HK0014000126
0.0,5.1648680414604623e-17,5.1648680414604623e-17,5.1648680414604623e-17,Added,2025,JP3890310000
0.0,5.132057091819204e-17,5.132057091819204e-17,5.132057091819204e-17,Added,2025,JP3511800009
0.0,4.969366081844192e-17,4.969366081844192e-17,4.969366081844192e-17,Added,2025,JP3351100007
0.0,4.9128087509041605e-17,4.9128087509041605e-17,4.9128087509041605e-17,Added,2025,JP3358200008
0.0,4.761618317383053e-17,4.761618317383053e-17,4.761618317383053e-17,Added,2025,AU000000IAG3
0.0,4.606314749397124e-17,4.606314749397124e-17,4.606314749397124e-17,Added,2025,JP3305990008
0.0,4.5290156427738264e-17,4.5290156427738264e-17,4.5290156427738264e-17,Added,2025,JP3198900007
0.0,4.495144737187292e-17,4.495144737187292e-17,4.495144737187292e-17,Added,2025,JP3419050004
0.0,4.432443808810447e-17,4.432443808810447e-17,4.432443808810447e-17,Added,2025,JP3756100008
0.0,3.9844296460187065e-17,3.9844296460187065e-17,3.9844296460187065e-17,Added,2025,US89677Q1076
0.0,3.62487072896271e-17,3.62487072896271e-17,3.62487072896271e-17,Added,2025,JP3902900004
0.0,3.590594601662745e-17,3.590594601662745e-17,3.590594601662745e-17,Added,2025,JP3944130008
0.0,3.5488080558391893e-17,3.5488080558391893e-17,3.5488080558391893e-17,Added,2025,JP3131430005
0.0,3.2864695221082063e-17,3.2864695221082063e-17,3.2864695221082063e-17,Added,2025,JP3336000009
0.0,3.216354095093813e-17,3.216354095093813e-17,3.216354095093813e-17,Added,2025,JP3126340003
0.0,3.113178095566344e-17,3.113178095566344e-17,3.113178095566344e-17,Added,2025,JP3834800009
0.0,3.026980261683367e-17,3.026980261683367e-17,3.026980261683367e-17,Added,2025,HK0023000190
0.0,2.972615610289015e-17,2.972615610289015e-17,2.972615610289015e-17,Added,2025,HK0101000591
0.0,2.9096895939218575e-17,2.9096895939218575e-17,2.9096895939218575e-17,Added,2025,JP3726800000
0.0,2.889759215862042e-17,2.889759215862042e-17,2.889759215862042e-17,Added,2025,JP3519400000
0.0,2.883511566904189e-17,2.883511566904189e-17,2.883511566904189e-17,Added,2025,HK0004000045
0.0,2.8716293201603537e-17,2.8716293201603537e-17,2.8716293201603537e-17,Added,2025,JP3942400007
0.0,2.837311146553665e-17,2.837311146553665e-17,2.837311146553665e-17,Added,2025,JP3256000005
0.0,2.8177335222563585e-17,2.8177335222563585e-17,2.8177335222563585e-17,Added,2025,JP3357200009
0.0,2.796872838130192e-17,2.796872838130192e-17,2.796872838130192e-17,Added,2025,JP3495000006
0.0,2.7884662593970025e-17,2.7884662593970025e-17,2.7884662593970025e-17,Added,2025,JP3351500008
0.0,2.735503926878343e-17,2.735503926878343e-17,2.735503926878343e-17,Added,2025,JP3526600006
0.0,2.6331650435548576e-17,2.6331650435548576e-17,2.6331650435548576e-17,Added,2025,JP3733000008
0.0,2.583139235717126e-17,2.583139235717126e-17,2.583139235717126e-17,Added,2025,JP3535800001
0.0,2.434629525167356e-17,2.434629525167356e-17,2.434629525167356e-17,Added,2025,JP3143000002
0.0,2.3891035528531947e-17,2.3891035528531947e-17,2.3891035528531947e-17,Added,2025,JP3566800003
0.0,2.3718128888403274e-17,2.3718128888403274e-17,2.3718128888403274e-17,Added,2025,JP3765400001
0.0,2.369166450538264e-17,2.369166450538264e-17,2.369166450538264e-17,Added,2025,SG2B80958517
0.0,2.3664838032911318e-17,2.3664838032911318e-17,2.3664838032911318e-17,Added,2025,JP3942600002
0.0,2.356672538432339e-17,2.356672538432339e-17,2.356672538432339e-17,Added,2025,JP3582600007
0.0,2.3440716183469624e-17,2.3440716183469624e-17,2.3440716183469624e-17,Added,2025,JP3398000004
0.0,2.2919791909951332e-17,2.2919791909951332e-17,2.2919791909951332e-17,Added,2025,JP3305800009
0.0,2.2801894803660033e-17,2.2801894803660033e-17,2.2801894803660033e-17,Added,2025,JP3347200002
0.0,2.2790428187728034e-17,2.2790428187728034e-17,2.2790428187728034e-17,Added,2025,HK2388011192
0.0,2.274622716157067e-17,2.274622716157067e-17,2.274622716157067e-17,Added,2025,JP3585800000
0.0,2.2552197495582228e-17,2.2552197495582228e-17,2.2552197495582228e-17,Added,2025,JP3546800008
0.0,2.2498053386552128e-17,2.2498053386552128e-17,2.2498053386552128e-17,Added,2025,JP3783420007
0.0,2.231887637879529e-17,2.231887637879529e-17,2.231887637879529e-17,Added,2025,JP3196000008
0.0,2.196215967439403e-17,2.196215967439403e-17,2.196215967439403e-17,Added,2025,SG1S83002349
0.0,2.1281093912656485e-17,2.1281093912656485e-17,2.1281093912656485e-17,Added,2025,JP3443600006
0.0,2.098273105941699e-17,2.098273105941699e-17,2.098273105941699e-17,Added,2025,JP3409000001
0.0,2.0729627528536445e-17,2.0729627528536445e-17,2.0729627528536445e-17,Added,2025,JP3388200002
0.0,2.0524163071640278e-17,2.0524163071640278e-17,2.0524163071640278e-17,Added,2025,JP3939000000
0.0,2.0019199049504428e-17,2.0019199049504428e-17,2.0019199049504428e-17,Added,2025,JP3188220002
0.0,1.988734058789327e-17,1.988734058789327e-17,1.988734058789327e-17,Added,2025,JP3830000000
0.0,1.98129764595778e-17,1.98129764595778e-17,1.98129764595778e-17,Added,2025,JP3799000009
0.0,1.92265984715397e-17,1.92265984715397e-17,1.92265984715397e-17,Added,2025,HK0440001847
0.0,1.9033485055562755e-17,1.9033485055562755e-17,1.9033485055562755e-17,Added,2025,JP3900000005
0.0,1.8806322843454967e-17,1.8806322843454967e-17,1.8806322843454967e-17,Added,2025,JP3258000003
0.0,1.874771369554123e-17,1.874771369554123e-17,1.874771369554123e-17,Added,2025,AU000000ASX7
0.0,1.8731523237581238e-17,1.8731523237581238e-17,1.8731523237581238e-17,Added,2025,JP3277800003
0.0,1.787338332677298e-17,1.787338332677298e-17,1.787338332677298e-17,Added,2025,JP3977400005
0.0,1.7245653814708007e-17,1.7245653814708007e-17,1.7245653814708007e-17,Added,2025,JP3931600005
0.0,1.7103191800598564e-17,1.7103191800598564e-17,1.7103191800598564e-17,Added,2025,JP3811000003
0.0,1.7042686559584585e-17,1.7042686559584585e-17,1.7042686559584585e-17,Added,2025,SG1R89002252
0.0,1.666161858953028e-17,1.666161858953028e-17,1.666161858953028e-17,Added,2025,JP3160400002
0.0,1.660531614729385e-17,1.660531614729385e-17,1.660531614729385e-17,Added,2025,JP3463000004
0.0,1.6423229714779055e-17,1.6423229714779055e-17,1.6423229714779055e-17,Added,2025,JP3280200001
0.0,1.5707567281199457e-17,1.5707567281199457e-17,1.5707567281199457e-17,Added,2025,JP3665200006
0.0,1.4765507307164076e-17,1.4765507307164076e-17,1.4765507307164076e-17,Added,2025,JP3210200006
0.0,1.4606349281657894e-17,1.4606349281657894e-17,1.4606349281657894e-17,Added,2025,JP3205800000
0.0,1.4136369816242874e-17,1.4136369816242874e-17,1.4136369816242874e-17,Added,2025,JP3268950007
0.0,1.3984510753315436e-17,1.3984510753315436e-17,1.3984510753315436e-17,Added,2025,JP3899600005
0.0,1.3604415724919269e-17,1.3604415724919269e-17,1.3604415724919269e-17,Added,2025,JP3629000005
0.0,1.3247643431513694e-17,1.3247643431513694e-17,1.3247643431513694e-17,Added,2025,JP3919800007
0.0,1.3136658991292574e-17,1.3136658991292574e-17,1.3136658991292574e-17,Added,2025,JP3336600006
0.0,1.3132013791381221e-17,1.3132013791381221e-17,1.3132013791381221e-17,Added,2025,JP3456000003
0.0,1.2185994871129691e-17,1.2185994871129691e-17,1.2185994871129691e-17,Added,2025,JP3407200009
0.0,1.1580955527858937e-17,1.1580955527858937e-17,1.1580955527858937e-17,Added,2025,IE00BKVD2N49
0.0,1.1529643133665568e-17,1.1529643133665568e-17,1.1529643133665568e-17,Added,2025,JP3894900004
0.0,1.1482433620454713e-17,1.1482433620454713e-17,1.1482433620454713e-17,Added,2025,AU000000ERA9
0.0,1.1272943146850134e-17,1.1272943146850134e-17,1.1272943146850134e-17,Added,2025,SG1M51904654
0.0,1.1200963163980115e-17,1.1200963163980115e-17,1.1200963163980115e-17,Added,2025,JP3597800006
0.0,1.0785381344073746e-17,1.0785381344073746e-17,1.0785381344073746e-17,Added,2025,JP3635400009
0.0,1.0738461862229964e-17,1.0738461862229964e-17,1.0738461862229964e-17,Added,2025,KYG2108Y1052
0.0,1.0527322331178918e-17,1.0527322331178918e-17,1.0527322331178918e-17,Added,2025,JP3293200006
0.0,1.0192822151229919e-17,1.0192822151229919e-17,1.0192822151229919e-17,Added,2025,JP3574200006
0.0,1.0113581951273636e-17,1.0113581951273636e-17,1.0113581951273636e-17,Added,2025,JP3837800006
0.0,9.84135902727204e-18,9.84135902727204e-18,9.84135902727204e-18,Added,2025,JP3774200004
0.0,9.697329165542106e-18,9.697329165542106e-18,9.697329165542106e-18,Added,2025,JP3173400007
0.0,9.114047636036954e-18,9.114047636036954e-18,9.114047636036954e-18,Added,2025,JP3711200000
0.0,9.038550698184548e-18,9.038550698184548e-18,9.038550698184548e-18,Added,2025,JP3260800002
0.0,8.981439904871802e-18,8.981439904871802e-18,8.981439904871802e-18,Added,2025,JP3893200000
0.0,8.674366347696974e-18,8.674366347696974e-18,8.674366347696974e-18,Added,2025,JP3493800001
0.0,8.67281106875519e-18,8.67281106875519e-18,8.67281106875519e-18,Added,2025,JP3436120004
0.0,8.50672379364561e-18,8.50672379364561e-18,8.50672379364561e-18,Added,2025,JP3726200003
0.0,8.285802617538705e-18,8.285802617538705e-18,8.285802617538705e-18,Added,2025,JP3419400001
0.0,8.232668352530805e-18,8.232668352530805e-18,8.232668352530805e-18,Added,2025,JP3224200000
0.0,8.11676115404306e-18,8.11676115404306e-18,8.11676115404306e-18,Added,2025,JP3659000008
0.0,7.174270146530378e-18,7.174270146530378e-18,7.174270146530378e-18,Added,2025,JP3854600008
0.0,6.959102271340815e-18,6.959102271340815e-18,6.959102271340815e-18,Added,2025,JP3190000004
0.0,6.813860414322099e-18,6.813860414322099e-18,6.813860414322099e-18,Added,2025,JP3219000001
0.0,6.780017131444535e-18,6.780017131444535e-18,6.780017131444535e-18,Added,2025,JP3305530002
0.0,6.379030543674916e-18,6.379030543674916e-18,6.379030543674916e-18,Added,2025,JP3868400007
0.0,6.216307350335594e-18,6.216307350335594e-18,6.216307350335594e-18,Added,2025,HK0083000502
0.0,6.196849023092152e-18,6.196849023092152e-18,6.196849023092152e-18,Added,2025,JP3359600008
0.0,6.171318479875081e-18,6.171318479875081e-18,6.171318479875081e-18,Added,2025,JP3358800005
0.0,5.816268476885826e-18,5.816268476885826e-18,5.816268476885826e-18,Added,2025,HK0200030994
0.0,5.8159824984771924e-18,5.8159824984771924e-18,5.8159824984771924e-18,Added,2025,KYG9431R1039
0.0,5.75626391570912e-18,5.75626391570912e-18,5.75626391570912e-18,Added,2025,JP3143600009
0.0,5.575819810339366e-18,5.575819810339366e-18,5.575819810339366e-18,Added,2025,JP3902400005
0.0,5.568074166044013e-18,5.568074166044013e-18,5.568074166044013e-18,Added,2025,JP3407400005
0.0,5.55983119015625e-18,5.55983119015625e-18,5.55983119015625e-18,Added,2025,HK0688002218
0.0,4.859485171820857e-18,4.859485171820857e-18,4.859485171820857e-18,Added,2025,JP3194000000
0.0,4.821990895638961e-18,4.821990895638961e-18,4.821990895638961e-18,Added,2025,JP3935600001
0.0,4.697692783000214e-18,4.697692783000214e-18,4.697692783000214e-18,Added,2025,JP3738600000
0.0,4.2680476219588095e-18,4.2680476219588095e-18,4.2680476219588095e-18,Added,2025,JP3676800000
0.0,3.932530224558452e-18,3.932530224558452e-18,3.932530224558452e-18,Added,2025,JP3421100003
0.0,3.826120686291759e-18,3.826120686291759e-18,3.826120686291759e-18,Added,2025,JP3162600005
0.0,3.4789227711480806e-18,3.4789227711480806e-18,3.4789227711480806e-18,Added,2025,BMG2624N1535
0.0,3.2954723940199e-18,3.2954723940199e-18,3.2954723940199e-18,Added,2025,JP3320800000
0.0,3.2881211850994876e-18,3.2881211850994876e-18,3.2881211850994876e-18,Added,2025,KYG210961051
0.0,3.2811455110010574e-18,3.2811455110010574e-18,3.2811455110010574e-18,Added,2025,JP3486800000
0.0,3.2380618459638967e-18,3.2380618459638967e-18,3.2380618459638967e-18,Added,2025,AU000000CIM7
0.0,3.0870094050387795e-18,3.0870094050387795e-18,3.0870094050387795e-18,Added,2025,JP3271400008
0.0,3.052124726381772e-18,3.052124726381772e-18,3.052124726381772e-18,Added,2025,JP3672400003
0.0,2.7064841041829218e-18,2.7064841041829218e-18,2.7064841041829218e-18,Added,2025,JP3459600007
0.0,2.4862886198562694e-18,2.4862886198562694e-18,2.4862886198562694e-18,Added,2025,JP3118000003
0.0,2.4282164718810984e-18,2.4282164718810984e-18,2.4282164718810984e-18,Added,2025,JP3688370000
0.0,2.0265275543282474e-18,2.0265275543282474e-18,2.0265275543282474e-18,Added,2025,HK0144000764
0.0,1.9548101595716128e-18,1.9548101595716128e-18,1.9548101595716128e-18,Added,2025,JP3420600003
0.0,1.93576536609192e-18,1.93576536609192e-18,1.93576536609192e-18,Added,2025,JP3732200005
0.0,1.7536376742071268e-18,1.7536376742071268e-18,1.7536376742071268e-18,Added,2025,BMG988031446
0.0,1.708840470748459e-18,1.708840470748459e-18,1.708840470748459e-18,Added,2025,JP3826800009
0.0,1.6192671802254882e-18,1.6192671802254882e-18,1.6192671802254882e-18,Added,2025,JP3720800006
0.0,8.057390285188597e-19,8.057390285188597e-19,8.057390285188597e-19,Added,2025,JP3108600002
0.0,3.9603261957450586e-19,3.9603261957450586e-19,3.9603261957450586e-19,Added,2025,JP3634200004
0.0,2.3265733476327817e-19,2.3265733476327817e-19,2.3265733476327817e-19,Added,2025,JP3352400000
0.0,1.7762947923362182e-19,1.7762947923362182e-19,1.7762947923362182e-19,Added,2025,JP3940400009
0.0,8.030876559502711e-20,8.030876559502711e-20,8.030876559502711e-20,Added,2025,AU000000GWA4
0.0,0.0,0.0,0.0,Unchanged,2025,AU000000ABC7
0.0,0.0,0.0,0.0,Unchanged,2025,AU000000ALL7
0.0,0.0,0.0,0.0,Unchanged,2025,AU000000AMP6
0.0,0.0,0.0,0.0,Unchanged,2025,AU000000ANN9
0.0,0.0,0.0,0.0,Unchanged,2025,AU000000ANZ3
0.0,0.0,0.0,0.0,Unchanged,2025,AU000000APA1
0.0,0.0,0.0,0.0,Unchanged,2025,AU000000BEN6
0.0,0.0,0.0,0.0,Unchanged,2025,AU000000BHP4
0.0,0.0,0.0,0.0,Unchanged,2025,AU000000BOQ8
0.0,0.0,0.0,0.0,Unchanged,2025,AU000000BPT9
0.0,0.0,0.0,0.0,Unchanged,2025,AU000000BSL0
0.0,0.0,0.0,0.0,Unchanged,2025,AU000000BWP3
0.0,0.0,0.0,0.0,Unchanged,2025,AU000000CBA7
0.0,0.0,0.0,0.0,Unchanged,2025,AU000000CGF5
0.0,0.0,0.0,0.0,Unchanged,2025,AU000000COH5
0.0,0.0,0.0,0.0,Unchanged,2025,AU000000CPU5
0.0,0.0,0.0,0.0,Unchanged,2025,AU000000CQR9
0.0,0.0,0.0,0.0,Unchanged,2025,AU000000CSL8
0.0,0.0,0.0,0.0,Unchanged,2025,AU000000CWY3
0.0,0.0,0.0,0.0,Unchanged,2025,AU000000DOW2
0.0,0.0,0.0,0.0,Unchanged,2025,AU000000DXS1
0.0,0.0,0.0,0.0,Unchanged,2025,AU000000ELD6
0.0,0.0,0.0,0.0,Unchanged,2025,AU000000FLT9
0.0,0.0,0.0,0.0,Unchanged,2025,AU000000GMG2
0.0,0.0,0.0,0.0,Unchanged,2025,AU000000GPT8
0.0,0.0,0.0,0.0,Unchanged,2025,AU000000IFL2
0.0,0.0,0.0,0.0,Unchanged,2025,AU000000IGO4
0.0,0.0,0.0,0.0,Unchanged,2025,AU000000ILU1
0.0,0.0,0.0,0.0,Unchanged,2025,AU000000IRE2
0.0,0.0,0.0,0.0,Unchanged,2025,AU000000JBH7
0.0,0.0,0.0,0.0,Unchanged,2025,AU000000LLC3
0.0,0.0,0.0,0.0,Unchanged,2025,AU000000MAH3
0.0,0.0,0.0,0.0,Unchanged,2025,AU000000MGR9
0.0,0.0,0.0,0.0,Unchanged,2025,AU000000MND5
0.0,0.0,0.0,0.0,Unchanged,2025,AU000000MQG1
0.0,0.0,0.0,0.0,Unchanged,2025,AU000000NAB4
0.0,0.0,0.0,0.0,Unchanged,2025,AU000000ORG5
0.0,0.0,0.0,0.0,Unchanged,2025,AU000000ORI1
0.0,0.0,0.0,0.0,Unchanged,2025,AU000000PPT9
0.0,0.0,0.0,0.0,Unchanged,2025,AU000000QAN2
0.0,0.0,0.0,0.0,Unchanged,2025,AU000000QBE9
0.0,0.0,0.0,0.0,Unchanged,2025,AU000000RHC8
0.0,0.0,0.0,0.0,Unchanged,2025,AU000000SBM8
0.0,0.0,0.0,0.0,Unchanged,2025,AU000000SEK6
0.0,0.0,0.0,0.0,Unchanged,2025,AU000000SGM7
0.0,0.0,0.0,0.0,Unchanged,2025,AU000000SGP0
0.0,0.0,0.0,0.0,Unchanged,2025,AU000000SHL7
0.0,0.0,0.0,0.0,Unchanged,2025,AU000000STO6
0.0,0.0,0.0,0.0,Unchanged,2025,AU000000SUN6
0.0,0.0,0.0,0.0,Unchanged,2025,AU000000SWM4
0.0,0.0,0.0,0.0,Unchanged,2025,AU000000SXL4
0.0,0.0,0.0,0.0,Unchanged,2025,AU000000TAH8
0.0,0.0,0.0,0.0,Unchanged,2025,AU000000TCL6
0.0,0.0,0.0,0.0,Unchanged,2025,AU000000TLS2
0.0,0.0,0.0,0.0,Unchanged,2025,AU000000WBC1
0.0,0.0,0.0,0.0,Unchanged,2025,AU000000WES1
0.0,0.0,0.0,0.0,Unchanged,2025,AU000000WOR2
0.0,0.0,0.0,0.0,Unchanged,2025,AU0000033359
0.0,0.0,0.0,0.0,Unchanged,2025,AU0000088338
0.0,0.0,0.0,0.0,Unchanged,2025,AU0000224040
0.0,0.0,0.0,0.0,Unchanged,2025,BMG2108M2182
0.0,0.0,0.0,0.0,Unchanged,2025,BMG2178K1009
0.0,0.0,0.0,0.0,Unchanged,2025,BMG2442N1048
0.0,0.0,0.0,0.0,Unchanged,2025,BMG4600H1198
0.0,0.0,0.0,0.0,Unchanged,2025,BMG5320C1082
0.0,0.0,0.0,0.0,Unchanged,2025,BMG668971101
0.0,0.0,0.0,0.0,Unchanged,2025,BMG677491539
0.0,0.0,0.0,0.0,Unchanged,2025,BMG684371393
0.0,0.0,0.0,0.0,Unchanged,2025,BMG8063F1068
0.0,0.0,0.0,0.0,Unchanged,2025,BMG8403G1033
0.0,0.0,0.0,0.0,Unchanged,2025,HK0000049939
0.0,0.0,0.0,0.0,Unchanged,2025,HK0000055878
0.0,0.0,0.0,0.0,Unchanged,2025,HK0000139300
0.0,0.0,0.0,0.0,Unchanged,2025,HK0000608585
0.0,0.0,0.0,0.0,Unchanged,2025,HK0000745908
0.0,0.0,0.0,0.0,Unchanged,2025,HK0006000050
0.0,0.0,0.0,0.0,Unchanged,2025,HK0010000088
0.0,0.0,0.0,0.0,Unchanged,2025,HK0012000102
0.0,0.0,0.0,0.0,Unchanged,2025,HK0016000132
0.0,0.0,0.0,0.0,Unchanged,2025,HK0019000162
0.0,0.0,0.0,0.0,Unchanged,2025,HK0165000859
0.0,0.0,0.0,0.0,Unchanged,2025,HK0242001243
0.0,0.0,0.0,0.0,Unchanged,2025,HK0270001396
0.0,0.0,0.0,0.0,Unchanged,2025,HK0291001490
0.0,0.0,0.0,0.0,Unchanged,2025,HK0293001514
0.0,0.0,0.0,0.0,Unchanged,2025,HK0308001558
0.0,0.0,0.0,0.0,Unchanged,2025,HK0363006039
0.0,0.0,0.0,0.0,Unchanged,2025,HK0388045442
0.0,0.0,0.0,0.0,Unchanged,2025,HK0392044647
0.0,0.0,0.0,0.0,Unchanged,2025,HK0823032773
0.0,0.0,0.0,0.0,Unchanged,2025,HK0836012952
0.0,0.0,0.0,0.0,Unchanged,2025,HK2380027329
0.0,0.0,0.0,0.0,Unchanged,2025,JP3039710003
0.0,0.0,0.0,0.0,Unchanged,2025,JP3040890000
0.0,0.0,0.0,0.0,Unchanged,2025,JP3102000001
0.0,0.0,0.0,0.0,Unchanged,2025,JP3111200006
0.0,0.0,0.0,0.0,Unchanged,2025,JP3112000009
0.0,0.0,0.0,0.0,Unchanged,2025,JP3116000005
0.0,0.0,0.0,0.0,Unchanged,2025,JP3122400009
0.0,0.0,0.0,0.0,Unchanged,2025,JP3122800000
0.0,0.0,0.0,0.0,Unchanged,2025,JP3126400005
0.0,0.0,0.0,0.0,Unchanged,2025,JP3134800006
0.0,0.0,0.0,0.0,Unchanged,2025,JP3137200006
0.0,0.0,0.0,0.0,Unchanged,2025,JP3148800000
0.0,0.0,0.0,0.0,Unchanged,2025,JP3156400008
0.0,0.0,0.0,0.0,Unchanged,2025,JP3158800007
0.0,0.0,0.0,0.0,Unchanged,2025,JP3164800009
0.0,0.0,0.0,0.0,Unchanged,2025,JP3165600002
0.0,0.0,0.0,0.0,Unchanged,2025,JP3165700000
0.0,0.0,0.0,0.0,Unchanged,2025,JP3166000004
0.0,0.0,0.0,0.0,Unchanged,2025,JP3172100004
0.0,0.0,0.0,0.0,Unchanged,2025,JP3174410005
0.0,0.0,0.0,0.0,Unchanged,2025,JP3197800000
0.0,0.0,0.0,0.0,Unchanged,2025,JP3200450009
0.0,0.0,0.0,0.0,Unchanged,2025,JP3201200007
0.0,0.0,0.0,0.0,Unchanged,2025,JP3209000003
0.0,0.0,0.0,0.0,Unchanged,2025,JP3215800008
0.0,0.0,0.0,0.0,Unchanged,2025,JP3223800008
0.0,0.0,0.0,0.0,Unchanged,2025,JP3228600007
0.0,0.0,0.0,0.0,Unchanged,2025,JP3229400001
0.0,0.0,0.0,0.0,Unchanged,2025,JP3240400006
0.0,0.0,0.0,0.0,Unchanged,2025,JP3242800005
0.0,0.0,0.0,0.0,Unchanged,2025,JP3243600008
0.0,0.0,0.0,0.0,Unchanged,2025,JP3246400000
0.0,0.0,0.0,0.0,Unchanged,2025,JP3249600002
0.0,0.0,0.0,0.0,Unchanged,2025,JP3266400005
0.0,0.0,0.0,0.0,Unchanged,2025,JP3269600007
0.0,0.0,0.0,0.0,Unchanged,2025,JP3270000007
0.0,0.0,0.0,0.0,Unchanged,2025,JP3289800009
0.0,0.0,0.0,0.0,Unchanged,2025,JP3292200007
0.0,0.0,0.0,0.0,Unchanged,2025,JP3294460005
0.0,0.0,0.0,0.0,Unchanged,2025,JP3300200007
0.0,0.0,0.0,0.0,Unchanged,2025,JP3300600008
0.0,0.0,0.0,0.0,Unchanged,2025,JP3304200003
0.0,0.0,0.0,0.0,Unchanged,2025,JP3322930003
0.0,0.0,0.0,0.0,Unchanged,2025,JP3350800003
0.0,0.0,0.0,0.0,Unchanged,2025,JP3351600006
0.0,0.0,0.0,0.0,Unchanged,2025,JP3362700001
0.0,0.0,0.0,0.0,Unchanged,2025,JP3368000000
0.0,0.0,0.0,0.0,Unchanged,2025,JP3371200001
0.0,0.0,0.0,0.0,Unchanged,2025,JP3375800004
0.0,0.0,0.0,0.0,Unchanged,2025,JP3381000003
0.0,0.0,0.0,0.0,Unchanged,2025,JP3385820000
0.0,0.0,0.0,0.0,Unchanged,2025,JP3386030005
0.0,0.0,0.0,0.0,Unchanged,2025,JP3389900006
0.0,0.0,0.0,0.0,Unchanged,2025,JP3397200001
0.0,0.0,0.0,0.0,Unchanged,2025,JP3400900001
0.0,0.0,0.0,0.0,Unchanged,2025,JP3401400001
0.0,0.0,0.0,0.0,Unchanged,2025,JP3402600005
0.0,0.0,0.0,0.0,Unchanged,2025,JP3404200002
0.0,0.0,0.0,0.0,Unchanged,2025,JP3404600003
0.0,0.0,0.0,0.0,Unchanged,2025,JP3405400007
0.0,0.0,0.0,0.0,Unchanged,2025,JP3414750004
0.0,0.0,0.0,0.0,Unchanged,2025,JP3415400005
0.0,0.0,0.0,0.0,Unchanged,2025,JP3425000001
0.0,0.0,0.0,0.0,Unchanged,2025,JP3429800000
0.0,0.0,0.0,0.0,Unchanged,2025,JP3435000009
0.0,0.0,0.0,0.0,Unchanged,2025,JP3436100006
0.0,0.0,0.0,0.0,Unchanged,2025,JP3449020001
0.0,0.0,0.0,0.0,Unchanged,2025,JP3452000007
0.0,0.0,0.0,0.0,Unchanged,2025,JP3481800005
0.0,0.0,0.0,0.0,Unchanged,2025,JP3485800001
0.0,0.0,0.0,0.0,Unchanged,2025,JP3491000000
0.0,0.0,0.0,0.0,Unchanged,2025,JP3493400000
0.0,0.0,0.0,0.0,Unchanged,2025,JP3494600004
0.0,0.0,0.0,0.0,Unchanged,2025,JP3502200003
0.0,0.0,0.0,0.0,Unchanged,2025,JP3505000004
0.0,0.0,0.0,0.0,Unchanged,2025,JP3522200009
0.0,0.0,0.0,0.0,Unchanged,2025,JP3528600004
0.0,0.0,0.0,0.0,Unchanged,2025,JP3538800008
0.0,0.0,0.0,0.0,Unchanged,2025,JP3544000007
0.0,0.0,0.0,0.0,Unchanged,2025,JP3548610009
0.0,0.0,0.0,0.0,Unchanged,2025,JP3549600009
0.0,0.0,0.0,0.0,Unchanged,2025,JP3551200003
0.0,0.0,0.0,0.0,Unchanged,2025,JP3551500006
0.0,0.0,0.0,0.0,Unchanged,2025,JP3551520004
0.0,0.0,0.0,0.0,Unchanged,2025,JP3560800009
0.0,0.0,0.0,0.0,Unchanged,2025,JP3571400005
0.0,0.0,0.0,0.0,Unchanged,2025,JP3579800008
0.0,0.0,0.0,0.0,Unchanged,2025,JP3588600001
0.0,0.0,0.0,0.0,Unchanged,2025,JP3595200001
0.0,0.0,0.0,0.0,Unchanged,2025,JP3596200000
0.0,0.0,0.0,0.0,Unchanged,2025,JP3599000001
0.0,0.0,0.0,0.0,Unchanged,2025,JP3605400005
0.0,0.0,0.0,0.0,Unchanged,2025,JP3613400005
0.0,0.0,0.0,0.0,Unchanged,2025,JP3619800000
0.0,0.0,0.0,0.0,Unchanged,2025,JP3621000003
0.0,0.0,0.0,0.0,Unchanged,2025,JP3625000009
0.0,0.0,0.0,0.0,Unchanged,2025,JP3626800001
0.0,0.0,0.0,0.0,Unchanged,2025,JP3634600005
0.0,0.0,0.0,0.0,Unchanged,2025,JP3635000007
0.0,0.0,0.0,0.0,Unchanged,2025,JP3638600001
0.0,0.0,0.0,0.0,Unchanged,2025,JP3657400002
0.0,0.0,0.0,0.0,Unchanged,2025,JP3663900003
0.0,0.0,0.0,0.0,Unchanged,2025,JP3667600005
0.0,0.0,0.0,0.0,Unchanged,2025,JP3670800006
0.0,0.0,0.0,0.0,Unchanged,2025,JP3678000005
0.0,0.0,0.0,0.0,Unchanged,2025,JP3684000007
0.0,0.0,0.0,0.0,Unchanged,2025,JP3684400009
0.0,0.0,0.0,0.0,Unchanged,2025,JP3695200000
0.0,0.0,0.0,0.0,Unchanged,2025,JP3711600001
0.0,0.0,0.0,0.0,Unchanged,2025,JP3718800000
0.0,0.0,0.0,0.0,Unchanged,2025,JP3721400004
0.0,0.0,0.0,0.0,Unchanged,2025,JP3733400000
0.0,0.0,0.0,0.0,Unchanged,2025,JP3734800000
0.0,0.0,0.0,0.0,Unchanged,2025,JP3742600004
0.0,0.0,0.0,0.0,Unchanged,2025,JP3743000006
0.0,0.0,0.0,0.0,Unchanged,2025,JP3753000003
0.0,0.0,0.0,0.0,Unchanged,2025,JP3762600009
0.0,0.0,0.0,0.0,Unchanged,2025,JP3762800005
0.0,0.0,0.0,0.0,Unchanged,2025,JP3766550002
0.0,0.0,0.0,0.0,Unchanged,2025,JP3771800004
0.0,0.0,0.0,0.0,Unchanged,2025,JP3780100008
0.0,0.0,0.0,0.0,Unchanged,2025,JP3783600004
0.0,0.0,0.0,0.0,Unchanged,2025,JP3787000003
0.0,0.0,0.0,0.0,Unchanged,2025,JP3788600009
0.0,0.0,0.0,0.0,Unchanged,2025,JP3792600003
0.0,0.0,0.0,0.0,Unchanged,2025,JP3802300008
0.0,0.0,0.0,0.0,Unchanged,2025,JP3802400006
0.0,0.0,0.0,0.0,Unchanged,2025,JP3818000006
0.0,0.0,0.0,0.0,Unchanged,2025,JP3820000002
0.0,0.0,0.0,0.0,Unchanged,2025,JP3827200001
0.0,0.0,0.0,0.0,Unchanged,2025,JP3841800000
0.0,0.0,0.0,0.0,Unchanged,2025,JP3845400005
0.0,0.0,0.0,0.0,Unchanged,2025,JP3850200001
0.0,0.0,0.0,0.0,Unchanged,2025,JP3862400003
0.0,0.0,0.0,0.0,Unchanged,2025,JP3866800000
0.0,0.0,0.0,0.0,Unchanged,2025,JP3870000001
0.0,0.0,0.0,0.0,Unchanged,2025,JP3870400003
0.0,0.0,0.0,0.0,Unchanged,2025,JP3877600001
0.0,0.0,0.0,0.0,Unchanged,2025,JP3885400006
0.0,0.0,0.0,0.0,Unchanged,2025,JP3888300005
0.0,0.0,0.0,0.0,Unchanged,2025,JP3888400003
0.0,0.0,0.0,0.0,Unchanged,2025,JP3890350006
0.0,0.0,0.0,0.0,Unchanged,2025,JP3891600003
0.0,0.0,0.0,0.0,Unchanged,2025,JP3893600001
0.0,0.0,0.0,0.0,Unchanged,2025,JP3896800004
0.0,0.0,0.0,0.0,Unchanged,2025,JP3898400001
0.0,0.0,0.0,0.0,Unchanged,2025,JP3902000003
0.0,0.0,0.0,0.0,Unchanged,2025,JP3903000002
0.0,0.0,0.0,0.0,Unchanged,2025,JP3906000009
0.0,0.0,0.0,0.0,Unchanged,2025,JP3914400001
0.0,0.0,0.0,0.0,Unchanged,2025,JP3933800009
0.0,0.0,0.0,0.0,Unchanged,2025,JP3940000007
0.0,0.0,0.0,0.0,Unchanged,2025,JP3942800008
0.0,0.0,0.0,0.0,Unchanged,2025,JP3955000009
0.0,0.0,0.0,0.0,Unchanged,2025,JP3967200001
0.0,0.0,0.0,0.0,Unchanged,2025,JP3973400009
0.0,0.0,0.0,0.0,Unchanged,2025,JP3982800009
0.0,0.0,0.0,0.0,Unchanged,2025,KYG0535Q1331
0.0,0.0,0.0,0.0,Unchanged,2025,KYG217651051
0.0,0.0,0.0,0.0,Unchanged,2025,KYG525621408
0.0,0.0,0.0,0.0,Unchanged,2025,KYG5427W1309
0.0,0.0,0.0,0.0,Unchanged,2025,NZAIAE0002S6
0.0,0.0,0.0,0.0,Unchanged,2025,NZAIRE0001S2
0.0,0.0,0.0,0.0,Unchanged,2025,NZCENE0001S6
0.0,0.0,0.0,0.0,Unchanged,2025,NZFBUE0001S0
0.0,0.0,0.0,0.0,Unchanged,2025,NZSKCE0001S2
0.0,0.0,0.0,0.0,Unchanged,2025,SG0531000230
0.0,0.0,0.0,0.0,Unchanged,2025,SG1B51001017
0.0,0.0,0.0,0.0,Unchanged,2025,SG1L01001701
0.0,0.0,0.0,0.0,Unchanged,2025,SG1M31001969
0.0,0.0,0.0,0.0,Unchanged,2025,SG1N31909426
0.0,0.0,0.0,0.0,Unchanged,2025,SG1R50925390
0.0,0.0,0.0,0.0,Unchanged,2025,SG1S04926220
0.0,0.0,0.0,0.0,Unchanged,2025,SG1S76928401
0.0,0.0,0.0,0.0,Unchanged,2025,SG1T58930911
0.0,0.0,0.0,0.0,Unchanged,2025,SG1T75931496
0.0,0.0,0.0,0.0,Unchanged,2025,SG1U68934629
0.0,0.0,0.0,0.0,Unchanged,2025,SG1V61937297
0.0,0.0,0.0,0.0,Unchanged,2025,SG9999000020
0.0,0.0,0.0,0.0,Unchanged,2025,SG9999003735
0.0,0.0,0.0,0.0,Unchanged,2025,SGXE21576413
0.0,0.0,0.0,0.0,Unchanged,2025,SGXE34184239
