Year,ISIN,Weight
2013,JP3224200000,0.0021853652158746193
2013,JP3388200002,0.0029879902012369276
2013,JP3210200006,0.0011514347221148785
2013,JP3667600005,0.0024528350056721563
2013,JP3148800000,0.000776744883542705
2013,JP3112000009,0.00257082623336963
2013,JP3419400001,0.0014656121939002735
2013,JP3827200001,0.0007584087822731693
2013,JP3870400003,0.0007817080777796772
2013,JP3350800003,0.0010348275336456393
2013,AU000000DXS1,0.0017944835245608083
2013,SGXE34184239,0.0028974594341032458
2013,AU000000WBC1,0.03035974572404364
2013,NZAIAE0002S6,0.0011459242190115973
2013,JP3738600000,0.0012096504629872432
2013,JP3634600005,0.0038677632439041805
2013,AU0000088338,0.0016216752717456723
2013,AU0000224040,0.00985172316909962
2013,JP3891600003,0.0007734177513111117
2013,AU000000BSL0,0.0002493861576164696
2013,JP3820000002,0.0005468767323974749
2013,AU000000BHP4,0.04227264384211207
2013,JP3246400000,0.003792294535388292
2013,JP3223800008,0.0
2013,JP3830800003,0.007130553033706648
2013,JP3420600003,0.0023596719888936625
2013,JP3890310000,0.004589103488219915
2013,JP3126400005,0.0005984867605475081
2013,AU000000IAG3,0.0036389881439486916
2013,JP3720800006,0.0012424134252647634
2013,SGXE21576413,0.005090765637182942
2013,JP3902400005,0.006133762210335924
2013,AU000000WOR2,0.0022035206491796584
2013,JP3672400003,0.015261294290501591
2013,AU000000ANZ3,0.02529794289026405
2013,JP3629000005,0.0015934437660113502
2013,HK0200030994,0.0007863706359700821
2013,JP3435000009,0.0049427984843921
2013,AU000000TAH8,0.0006005812307489334
2013,JP3638600001,0.000664289039244671
2013,JP3888300005,0.001071026126457546
2013,AU000000BEN6,0.001038857417317731
2013,JP3743000006,0.001472856941252441
2013,JP3452000007,0.0001710072070940195
2013,AU000000TLS2,0.019881372640245035
2013,JP3982800009,0.000979720561818543
2013,JP3596200000,0.0010194917643975836
2013,AU000000NAB4,0.022491879720224588
2013,JP3753000003,1.7365998939313105e-05
2013,AU000000GWA4,0.0005242798003574261
2013,JP3890350006,0.01868063291371739
2013,AU000000SUN6,0.005051071408466131
2013,HK0003000038,0.00806792097181953
2013,JP3256000005,0.00175900870273876
2013,AU000000MQG1,0.004767380454890929
2013,JP3269600007,0.001750518266539158
2013,JP3526600006,0.0018727193482039473
2013,JP3535800001,0.0009174338813070064
2013,JP3456000003,0.0006973254461480215
2013,JP3940000007,0.0025249902295281916
2013,JP3496400007,0.011103174000571557
2013,JP3368000000,7.361809250096631e-06
2013,AU000000WES1,0.012940705735789608
2013,HK0066009694,0.008236622709804976
2013,JP3788600009,0.0095572851184325
2013,JP3551500006,0.010745976518420587
2013,JP3951600000,0.0037351815014967497
2013,JP3293200006,0.0007350417132790752
2013,JP3787000003,0.0018767309465879023
2013,BMG684371393,0.0006766344639922626
2013,AU000000SHL7,0.002208353833841778
2013,AU000000ASX7,0.0020179299584062896
2013,JP3830000000,0.0011231877386290226
2013,JP3845400005,0.0
2013,JP3686800008,0.0
2013,JP3898400001,0.011395102626836547
2013,JP3854600008,0.02318564632177282
2013,JP3635400009,0.0008580399251612822
2013,AU000000ERA9,0.0005801126712179463
2013,BMG677491539,0.0017740020157463248
2013,JP3592200004,0.005927323929735138
2013,JP3888400003,0.00050228040902045
2013,JP3566800003,0.006247195256478054
2013,JP3893600001,0.009241323502945457
2013,JP3463000004,0.013494473590191718
2013,JP3942800008,0.0014554874169129264
2013,JP3429800000,0.00224599401206001
2013,JP3118000003,0.0008667483995726501
2013,JP3684000007,0.0030802241204294593
2013,AU000000DOW2,0.0006361242966759232
2013,JP3481800005,0.003652501904722688
2013,AU000000BWP3,0.0006108877737653898
2013,AU000000CSL8,0.009822716576859241
2013,NZFBUE0001S0,0.002030525105093306
2013,JP3289800009,0.0003722120634341812
2013,HK0823032773,0.004001176883638943
2013,HK0019000162,0.00311835635637941
2013,JP3215800008,0.0006098310136583222
2013,JP3320800000,0.0006368249516261632
2013,JP3375800004,0.0005750379918887608
2013,JP3190000004,0.001359531440653424
2013,JP3678000005,0.000586396130031818
2013,NZCENE0001S6,0.0007048347959237319
2013,AU000000APA1,0.0018872450062435637
2013,JP3818000006,0.003103621116084204
2013,AU000000ORI1,0.0032486928900288072
2013,JP3491000000,0.0004853512643560212
2013,JP3726800000,0.02151311190347816
2013,JP3134800006,0.0014710885027663452
2013,JP3164800009,0.0007134880364191102
2013,AU000000BLD2,0.0011869959051628532
2013,JP3401400001,0.00118760963630382
2013,AU000000LLC3,0.0018444805793373846
2013,AU000000SGM7,0.0008987922096497002
2013,JP3814000000,0.0038462632905060723
2013,HK0011000095,0.010709772115857462
2013,JP3900000005,0.006298244476234944
2013,AU000000OZL8,0.0004629833856819213
2013,AU000000CBA7,0.036078010592368544
2013,HK0010000088,0.0028699011042001205
2013,JP3903000002,0.00047397153968264087
2013,JP3626800001,0.002410144413758097
2013,AU000000TCL6,0.003333428833594252
2013,JP3634200004,0.0010064157308458104
2013,JP3300600008,0.0014280371425709473
2013,JP3786200000,0.0012204486989066527
2013,SG9999000020,0.001448346065296529
2013,JP3371200001,0.008696284811163055
2013,AU000000QAN2,0.00011499627882682862
2013,AU000000MAH3,0.0
2013,JP3582600007,0.0005788447910541229
2013,AU000000SBM8,0.0004445724945810215
2013,HK0002007356,0.006211354544980212
2013,JP3180400008,0.002806250794172066
2013,JP3902900004,0.026179239536584367
2013,JP3201200007,0.0019301824434912005
2013,JP3505000004,0.0033682377516478174
2013,JP3621000003,0.002748546161898083
2013,JP3258000003,0.004102105204018531
2013,JP3866800000,0.005126662067212618
2013,JP3551520004,0.002750505286616998
2013,SG1J26887955,0.0022429709230919917
2013,JP3819400007,0.0012098740575990047
2013,JP3762600009,0.007424722620804975
2013,JP3688370000,0.0012030717761082528
2013,JP3228600007,0.0018083817206203364
2013,AU000000GPT8,0.002478036185765581
2013,JP3165700000,0.002866726653366343
2013,SG1R50925390,0.002202202881656781
2013,JP3942400007,0.007697470879829875
2013,SG1V61937297,0.003052098290639806
2013,JP3870000001,0.0005561355618432556
2013,JP3158800007,0.0
2013,JP3270000007,0.0010290920906639777
2013,AU000000IVC8,0.0005941787684686829
2013,JP3111200006,0.002358026641797854
2013,JP3792600003,0.0020674470443924507
2013,JP3402600005,0.003222161316690078
2013,JP3359600008,0.0017514331287205752
2013,JP3197600004,0.0022513103911989047
2013,JP3811000003,0.00024013908560992944
2013,JP3733000008,0.0022466161403379074
2013,SG1F60858221,0.0034393691086209884
2013,JP3116000005,0.0035603468570000814
2013,AU000000COH5,0.0017595269889699257
2013,JP3119600009,0.002921985486573613
2013,JP3421100003,0.0006910870137363395
2013,JP3528600004,0.0010416022102754366
2013,AU000000IGO4,0.0004955424367186407
2013,JP3405400007,0.0010286554385600295
2013,JP3205800000,0.005035882991803927
2013,HK0388045442,0.007345516673143954
2013,JP3260800002,0.0023617525934714117
2013,JP3358800005,0.0012347358148752055
2013,JP3443600006,0.0013740835723668903
2013,JP3229400001,0.001012257738916416
2013,JP3166000004,0.0006846629244668696
2013,JP3982100004,0.002728074506278058
2013,JP3868400007,0.0027404413208804387
2013,AU000000AMP6,0.005188726703512092
2013,JP3734800000,0.0024775513247049883
2013,JP3910660004,0.007416070746005545
2013,JP3877600001,0.004160166153220322
2013,JP3362700001,0.0002305245812437467
2013,NZTELE0001S4,0.0009200561595866997
2013,JP3613400005,0.00133043554878675
2013,SG1R89002252,0.0030437314363692893
2013,AU000000CSR5,0.0004302401696679948
2013,JP3657400002,0.0036551795882063262
2013,SG1U68934629,0.005370306541044707
2013,JP3571400005,0.0026234046451728615
2013,JP3122400009,0.0009302765067262331
2013,JP3242800005,0.01617379171043207
2013,JP3783600004,0.009010414222983737
2013,AU000000WOW2,0.01375223947171791
2013,JP3197800000,0.002339860902376135
2013,JP3551200003,0.0
2013,JP3449020001,2.4385907905549116e-05
2013,JP3977400005,0.0017263058433036156
2013,JP3769000005,0.0010255166082239037
2013,JP3174410005,0.0011835171782325696
2013,BMG524401079,0.002790804561410192
2013,AU000000NCM7,0.006259294030451043
2013,AU0000038911,5.135137242729196e-21
2013,JP3522200009,0.0
2013,AU000000MND5,0.0012216799647061375
2013,JP3539220008,0.0030032115876908487
2013,JP3595200001,0.0
2013,JP3209000003,0.0007918526309328938
2013,JP3200450009,0.003663586551266167
2013,HK0006000050,0.005950349483641567
2013,JP3850200001,0.0
2013,AU000000PPT9,0.000867792582806855
2013,AU000000CQR9,0.00027155674411139495
2013,IE00BKVD2N49,0.00381745857900359
2013,JP3194000000,0.0003720370303573383
2013,JP3493800001,0.0018918841714689065
2013,HK0293001514,0.0016441179397368275
2013,AU000000QBE9,0.004709580385852795
2013,JP3633400001,0.05591972724035147
2013,AU000000MGR9,0.002012022205312641
2013,AU000000ORG5,0.004226913869369485
2013,JP3475350009,0.004215484220537805
2013,JP3605400005,0.0
2013,JP3385820000,0.000537055473228369
2013,JP3544000007,0.0007011285360992972
2013,JP3495000006,0.0020223025370449937
2013,JP3351600006,0.0023428561131026587
2013,JP3407400005,0.0029511390631480157
2013,JP3778630008,0.0007945449031050018
2013,JP3266400005,0.00486147673989387
2013,JP3955000009,0.0009196406386885652
2013,JP3294460005,0.007059619832938783
2013,JP3414750004,0.0006619894169539328
2013,JP3573000001,0.004313271380121638
2013,AU000000STO6,0.003861575445265752
2013,AU000000CIM7,0.0022832673970642594
2013,JP3519400000,0.0037540855478420793
2013,JP3165600002,0.0009168980419093323
2013,BMG2442N1048,0.001712805440495429
2013,JP3619800000,0.0005981901293085227
2013,JP3304200003,0.00930035283899242
2013,JP3502200003,0.003525616990978186
2013,AU000000SIG5,0.0003777741482689912
2013,JP3973400009,0.0031361628070983587
2013,JP3659000008,0.0027399305877048256
2013,JP3493400000,0.0010335080197809972
2013,JP3711600001,0.001144877415112654
2013,JP3357200009,0.0010244441071088565
2013,JP3914400001,0.004584109414814394
2013,JP3665200006,0.0008615506133811657
2013,JP3385980002,0.0014763936626658034
2013,JP3027680002,0.002503992997856542
2013,JP3814800003,0.003969898556920395
2013,AU000000CWY3,0.00039547761381749155
2013,AU000000SGP0,0.002837757230013179
2013,BMG8063F1068,0.0026558834943294202
2013,AU000000MTS0,0.0013817807705678348
2014,JP3224200000,0.0027788925482271597
2014,JP3388200002,0.003223718837413394
2014,JP3210200006,0.0012785851329928388
2014,JP3667600005,0.003083016421321774
2014,JP3148800000,0.0008743374241819771
2014,JP3112000009,0.0018649671751494099
2014,JP3419400001,0.0016628192399916158
2014,JP3827200001,0.0007037650464566001
2014,JP3870400003,0.0006245035171417404
2014,JP3350800003,0.001117122526908431
2014,AU000000DXS1,0.0012341208456946378
2014,SGXE34184239,0.002200318758031692
2014,AU000000WBC1,0.025956682075976626
2014,NZAIAE0002S6,0.001018201650999146
2014,JP3738600000,0.0019197164952734682
2014,JP3634600005,0.00495138037104564
2014,AU0000088338,0.0014720138293912307
2014,AU0000224040,0.007999865224413013
2014,JP3891600003,0.0007670623906524022
2014,AU000000BSL0,0.0005420047354056434
2014,JP3820000002,0.0008891636734743648
2014,AU000000BHP4,0.03145446997633124
2014,JP3246400000,0.00409764784676667
2014,JP3223800008,6.065624446008861e-09
2014,JP3830800003,0.009411886225141502
2014,JP3420600003,0.0027319217282261543
2014,JP3890310000,0.0048201386010686504
2014,JP3126400005,0.0009159575321490212
2014,AU000000IAG3,0.003544261943167135
2014,JP3720800006,0.0017922071117361757
2014,SGXE21576413,0.004042196002415915
2014,JP3902400005,0.007884966791114641
2014,AU000000WOR2,0.0009812999549741442
2014,JP3672400003,0.011944160178574236
2014,AU000000ANZ3,0.022006124359019264
2014,JP3629000005,0.0017062352339825787
2014,HK0200030994,0.0017320178725468303
2014,JP3435000009,0.005035205603408497
2014,AU000000TAH8,0.00042937099865748087
2014,JP3638600001,0.0008705962428248118
2014,JP3888300005,0.001005579230898331
2014,AU000000BEN6,0.0010133022088396415
2014,JP3743000006,0.0017452952048380929
2014,JP3452000007,0.00035182805205135926
2014,AU000000TLS2,0.016976044519848372
2014,JP3982800009,0.0015406263365369958
2014,JP3596200000,0.0017766763167846582
2014,AU000000NAB4,0.020771282094687836
2014,JP3753000003,0.0007917852481585464
2014,AU000000GWA4,0.00033562387118686907
2014,JP3890350006,0.01993363486467677
2014,AU000000SUN6,0.0042951068763925696
2014,HK0003000038,0.005803796883014771
2014,JP3256000005,0.0016758561309827605
2014,AU000000MQG1,0.004676028723552788
2014,JP3269600007,0.0013484124128619241
2014,JP3526600006,0.0010746892444068574
2014,JP3535800001,0.0008392583184641197
2014,JP3456000003,0.0008854476699572323
2014,AU000000BPT9,0.00022940807711219113
2014,JP3940000007,0.003200249007951801
2014,JP3496400007,0.015470192792347034
2014,JP3762800005,0.0023240784925651127
2014,JP3368000000,4.5750589876616455e-08
2014,AU000000WES1,0.012713216617691186
2014,HK0066009694,0.006919135454710674
2014,JP3788600009,0.011669152283022823
2014,JP3551500006,0.01321619448344131
2014,JP3951600000,0.0038143028516829294
2014,JP3293200006,0.0007482794299224157
2014,JP3787000003,0.0014472116723477399
2014,BMG684371393,0.00044032043886675973
2014,AU000000SHL7,0.0022304390529619468
2014,AU000000ASX7,0.00157974780999426
2014,JP3830000000,0.001451885144559855
2014,JP3845400005,0.0
2014,JP3686800008,0.0
2014,JP3898400001,0.00951026783455524
2014,JP3854600008,0.021006825200128882
2014,JP3635400009,0.0008097031774990005
2014,AU000000ERA9,0.0004999554496010681
2014,BMG677491539,0.000842353554492864
2014,JP3592200004,0.005232847352554804
2014,JP3888400003,0.0005064370142924048
2014,JP3566800003,0.00725830180597554
2014,JP3893600001,0.0077366357298877635
2014,JP3463000004,0.011560113124593967
2014,JP3942800008,0.0016202143364770058
2014,HK0004000045,0.006360434241129882
2014,JP3429800000,0.0020384447835759354
2014,JP3118000003,0.0011408679767727402
2014,JP3684000007,0.002114664918657531
2014,AU000000DOW2,0.0004979385670969664
2014,JP3481800005,0.004965110129513581
2014,AU000000BWP3,0.0008033471515210005
2014,AU000000CSL8,0.009755186092622953
2014,NZFBUE0001S0,0.0015481455330929642
2014,JP3289800009,0.00101494468529885
2014,HK0823032773,0.0034859354394463017
2014,HK0019000162,0.0014603644921993885
2014,JP3215800008,0.0006560144903127163
2014,JP3320800000,0.0006719911447368424
2014,JP3375800004,0.0004939267048622141
2014,JP3190000004,0.0012812920774738466
2014,JP3678000005,0.0006946820715632599
2014,NZCENE0001S6,0.000649274516696773
2014,AU000000APA1,0.0014711487063481246
2014,JP3818000006,0.0040015787555261135
2014,AU000000ORI1,0.002370715537793929
2014,JP3491000000,0.0004769351519133829
2014,JP3726800000,0.019056219648061132
2014,JP3134800006,0.0022073163500497006
2014,JP3164800009,0.0009544003614831117
2014,AU000000BLD2,0.0008436155727067694
2014,JP3397200001,0.004694794859543968
2014,JP3401400001,0.002178659664751278
2014,AU000000LLC3,0.0014080787627552026
2014,AU000000SGM7,0.0007800306447632613
2014,JP3814000000,0.00535961720284051
2014,HK0011000095,0.009762418416936758
2014,JP3900000005,0.006759781549015756
2014,AU000000OZL8,4.997001393883136e-05
2014,AU000000CBA7,0.03219181513695747
2014,HK0010000088,0.002019651430950331
2014,JP3903000002,0.0006481612428582112
2014,JP3626800001,0.0026653143610097184
2014,AU000000TCL6,0.0028628138971316087
2014,JP3634200004,0.0008735740418532286
2014,JP3300600008,0.0019418404609934388
2014,JP3786200000,0.0022003134137292884
2014,SG9999000020,0.0015277314811665387
2014,JP3371200001,0.007408994127471054
2014,AU000000QAN2,5.260920412314636e-09
2014,AU000000MAH3,5.036213851221398e-07
2014,JP3582600007,0.0012306424279609795
2014,AU000000SBM8,0.0001002933736983197
2014,HK0002007356,0.0029683750467388984
2014,JP3180400008,0.0029214159278779924
2014,JP3902900004,0.026104137433371345
2014,JP3201200007,0.002892901884175722
2014,JP3505000004,0.0035493049038012627
2014,JP3621000003,0.0029919164624146203
2014,JP3258000003,0.003891885121362317
2014,JP3866800000,0.008332105627082111
2014,JP3551520004,0.003658867385303304
2014,SG1J26887955,0.0017169578046625671
2014,JP3419050004,0.0019057428195430894
2014,JP3762600009,0.008331581000200853
2014,JP3688370000,0.0013449089162357783
2014,JP3228600007,0.0018866948016951636
2014,AU000000GPT8,0.0017098606843795954
2014,JP3165700000,0.0030835020542897378
2014,SG1R50925390,0.0018148479765300598
2014,JP3942400007,0.008302923823817166
2014,SG1V61937297,0.0018683522165981693
2014,JP3870000001,0.0004635816600978976
2014,JP3158800007,3.759947383376766e-09
2014,JP3270000007,0.0010102743478832392
2014,AU000000IVC8,0.000816466844668486
2014,JP3111200006,0.0029500945795981007
2014,JP3792600003,0.002668355846197306
2014,JP3402600005,0.0022477828296748577
2014,JP3359600008,0.002050706332213695
2014,JP3197600004,0.0034394777611500248
2014,JP3811000003,0.0003620824774896586
2014,JP3733000008,0.0022050892197121442
2014,SG1F60858221,0.0030480159398267952
2014,JP3116000005,0.00451147748493883
2014,AU000000COH5,0.0012260326691682965
2014,JP3119600009,0.002848458859420289
2014,JP3421100003,0.00048701339824539495
2014,JP3528600004,0.0013084867738070213
2014,AU000000IGO4,0.00030259697720252075
2014,JP3546800008,0.0028572012807476592
2014,JP3405400007,0.0010596385781802469
2014,JP3205800000,0.0050224360561010525
2014,HK0388045442,0.005558411499370012
2014,JP3260800002,0.0018412777447209792
2014,JP3358800005,0.0016485687569761864
2014,JP3443600006,0.001810927044812077
2014,JP3229400001,0.0014367157445658145
2014,JP3166000004,0.0009437828054522224
2014,JP3982100004,0.002694992587071898
2014,JP3868400007,0.004219367578994858
2014,AU000000AMP6,0.003261284441862284
2014,JP3734800000,0.004660379368481114
2014,JP3910660004,0.007193838769350152
2014,JP3877600001,0.003722944206659619
2014,HK0016000132,0.01027843460654408
2014,JP3362700001,0.0008953401818804981
2014,NZTELE0001S4,0.0006142229893075112
2014,JP3613400005,0.0015285956212662156
2014,SG1R89002252,0.002025433470344033
2014,JP3894900004,0.0014522666789343176
2014,AU000000CSR5,0.0005257111814553552
2014,JP3657400002,0.0021080460400623455
2014,SG1U68934629,0.004330587114640679
2014,JP3571400005,0.003143101668935731
2014,JP3122400009,0.000725044956838292
2014,JP3242800005,0.012365300911143068
2014,JP3783600004,0.008839888454582391
2014,AU000000WOW2,0.011440046623821108
2014,JP3197800000,0.003134891846196887
2014,JP3551200003,2.5422256612989605e-09
2014,JP3449020001,0.00048428196635019716
2014,JP3977400005,0.0019449556266928326
2014,JP3769000005,0.0010329026925713174
2014,JP3174410005,0.0018259972481078867
2014,BMG524401079,0.0016063391025059512
2014,AU000000NCM7,0.0020624121459456874
2014,AU0000038911,7.670476106388005e-06
2014,BMG668971101,0.0018426560440036877
2014,JP3522200009,0.0
2014,AU000000MND5,0.0006465309356674001
2014,JP3539220008,0.0027371417797409014
2014,JP3595200001,0.00022457228409916325
2014,JP3209000003,0.0008957078323101276
2014,JP3200450009,0.005843774281547336
2014,HK0006000050,0.004837392151412567
2014,JP3850200001,0.0
2014,AU000000PPT9,0.0008578808838261201
2014,AU000000CQR9,0.00024431199462272087
2014,IE00BKVD2N49,0.00501735482743341
2014,JP3194000000,0.0005612906938645992
2014,JP3493800001,0.0020049238096138096
2014,HK0293001514,0.0015957526261601918
2014,AU000000QBE9,0.0036509923116839105
2014,JP3633400001,0.06115134363147611
2014,AU000000MGR9,0.0016922462994758524
2014,AU000000ORG5,0.0036543987130470412
2014,JP3475350009,0.0037900350140390488
2014,JP3605400005,9.959066370813877e-05
2014,JP3385820000,0.000744500270128351
2014,HK0242001243,0.00046186312918127236
2014,JP3544000007,0.0005940947522624816
2014,JP3495000006,0.00217907772880086
2014,JP3351600006,0.002723291520148906
2014,JP3407400005,0.0037002842123487934
2014,JP3778630008,0.0013700287994718096
2014,JP3266400005,0.005636394179588186
2014,JP3955000009,0.001113053819303518
2014,JP3294460005,0.005470135056952853
2014,JP3414750004,0.0018883975255488917
2014,JP3573000001,0.004054679317423161
2014,AU000000STO6,0.0032828337021800114
2014,AU000000CIM7,0.001448092511686744
2014,JP3519400000,0.00389552195369388
2014,JP3165600002,0.0008567207705041606
2014,BMG2442N1048,0.0012494049558589026
2014,JP3619800000,0.0007145233075495994
2014,JP3304200003,0.006667677472005036
2014,JP3502200003,0.00490089562376771
2014,AU000000SIG5,0.00024228011075725161
2014,JP3973400009,0.0031610893106462606
2014,JP3659000008,0.0027712303142450275
2014,JP3493400000,0.0013094110283856017
2014,JP3711600001,0.0014119633872066977
2014,JP3357200009,0.0015092846267824595
2014,JP3914400001,0.006406796322158107
2014,JP3665200006,0.0010147326243111635
2014,JP3385980002,0.0010419673352121133
2014,JP3027680002,0.0028607873886894544
2014,JP3814800003,0.006689366017035087
2014,AU000000CWY3,0.0004039132043303153
2014,AU000000SGP0,0.002444478720447871
2014,BMG8063F1068,0.0017266621609411735
2014,AU000000MTS0,0.001060932972661434
2015,JP3224200000,0.0027650523804446086
2015,JP3388200002,0.0026601575516226085
2015,JP3210200006,0.0012058073426356004
2015,JP3663900003,0.0007761514286314879
2015,JP3667600005,0.0015236041198177922
2015,JP3148800000,0.0005847254078717906
2015,JP3112000009,0.0013976566825099701
2015,JP3419400001,0.0012563948259027133
2015,JP3827200001,0.0007343228563022122
2015,JP3870400003,0.0005315719207570874
2015,NZSKCE0001S2,0.00021016699618578904
2015,JP3350800003,0.00102384636366104
2015,AU000000DXS1,0.001458128344295902
2015,SGXE34184239,0.0015053767183782413
2015,AU000000WBC1,0.02348361455971116
2015,NZAIAE0002S6,0.0008785278327690961
2015,SG1T75931496,0.013523283506230385
2015,JP3738600000,0.0019156984753217888
2015,JP3634600005,0.004865047248589052
2015,AU0000088338,0.0019126415155171544
2015,AU0000224040,0.00567518153455338
2015,JP3891600003,0.0006342033475781959
2015,AU000000BSL0,0.0002530580838515753
2015,JP3820000002,0.0007086558958269898
2015,AU000000BHP4,0.020548384384940013
2015,JP3246400000,0.003357921314567117
2015,JP3223800008,3.21554084289465e-18
2015,JP3830800003,0.009292643950519203
2015,JP3420600003,0.002401182838010145
2015,JP3890310000,0.004694150443724106
2015,JP3126400005,0.0009883148218968203
2015,AU000000IAG3,0.003243786679373905
2015,AU000000CGF5,0.0007768599752600022
2015,JP3549600009,5.2349901959915444e-05
2015,JP3720800006,0.0016450903755234818
2015,SGXE21576413,0.0028485581563980713
2015,JP3902400005,0.007342884881447386
2015,AU000000WOR2,0.0003853092455743669
2015,JP3672400003,0.010648317176907927
2015,AU000000ANZ3,0.019877244743719352
2015,JP3629000005,0.0012230422094596544
2015,HK0200030994,0.0010008593678607332
2015,JP3435000009,0.007722346559144553
2015,AU000000TAH8,0.0006514477980738181
2015,JP3638600001,0.0008618450698678389
2015,JP3888300005,0.0010806382986970975
2015,AU000000BEN6,0.0011288930578735037
2015,JP3743000006,0.0019223381347955417
2015,JP3452000007,0.00025720032699902325
2015,AU000000TLS2,0.017029040225220823
2015,JP3982800009,0.001717120444732919
2015,JP3596200000,0.0011761545477917826
2015,AU000000NAB4,0.0184086656782682
2015,JP3753000003,0.0002590184392018674
2015,JP3243600008,0.00047457096427362764
2015,AU000000GWA4,0.00043503065735863653
2015,JP3347200002,0.0029854413459844235
2015,JP3890350006,0.013454869193359526
2015,AU000000SUN6,0.0041170579389768
2015,HK0003000038,0.006217239182114604
2015,JP3256000005,0.001608447629188641
2015,HK2388011192,0.010431996895214046
2015,AU000000MQG1,0.004312220674513069
2015,JP3269600007,0.0012857125522278221
2015,JP3526600006,0.001513489332832563
2015,JP3535800001,0.0003744005902219037
2015,JP3456000003,0.0008037572378881289
2015,AU000000BPT9,0.00015686290966897626
2015,JP3940000007,0.0028509744095950623
2015,JP3496400007,0.017637391125352543
2015,JP3762800005,0.00218951993332462
2015,JP3368000000,8.547970271476563e-18
2015,AU000000WES1,0.010385259026433283
2015,HK0066009694,0.007344066523942096
2015,JP3788600009,0.010134892406071943
2015,JP3551500006,0.010099253862758211
2015,JP3951600000,0.005208909237720904
2015,JP3293200006,0.0006677915993629654
2015,JP3787000003,0.001324112206470156
2015,BMG684371393,9.991845494533591e-05
2015,AU000000SHL7,0.0016798298883050468
2015,AU000000ASX7,0.0014416397905144425
2015,JP3830000000,0.001901362086331741
2015,JP3845400005,0.0
2015,JP3686800008,0.0
2015,JP3898400001,0.007932191866061214
2015,JP3854600008,0.01607287030576322
2015,JP3635400009,0.0009219490107763794
2015,AU000000ERA9,0.0005166869254092889
2015,BMG677491539,0.0012176328029657806
2015,JP3592200004,0.004635443208193299
2015,JP3888400003,0.00042161067013361196
2015,JP3566800003,0.010346952546522039
2015,JP3893600001,0.0065486192194406274
2015,JP3463000004,0.01109655079447235
2015,JP3486800000,0.0023282552906599657
2015,JP3942800008,0.0022994415376080563
2015,HK0004000045,0.0067791154013405845
2015,JP3429800000,0.0029848818042822025
2015,JP3118000003,0.001261408397274637
2015,JP3684000007,0.002917504427644632
2015,AU000000DOW2,0.00030986985148657715
2015,JP3481800005,0.00569051191108114
2015,AU000000BWP3,0.0009552780045403811
2015,AU000000CSL8,0.009460064948174002
2015,NZFBUE0001S0,0.001046693749528116
2015,JP3289800009,0.0013893146539284622
2015,HK0823032773,0.004419980397945811
2015,HK0019000162,0.002012350563347535
2015,JP3215800008,0.0003702425862293952
2015,JP3320800000,0.000722034207199133
2015,JP3585800000,0.0002767743852881687
2015,JP3375800004,0.0005177024660248
2015,HK0012000102,0.006090221192428222
2015,JP3190000004,0.0011949271644653172
2015,JP3678000005,0.0009958051763731505
2015,NZCENE0001S6,0.0007874511224597211
2015,AU000000APA1,0.002129135900956169
2015,JP3818000006,0.003417205616041948
2015,AU000000ORI1,0.0014320864932564567
2015,JP3491000000,0.00023174480503220727
2015,JP3726800000,0.015337136551936381
2015,JP3134800006,0.002591698430178455
2015,JP3164800009,0.0015582119813715254
2015,AU000000BLD2,0.0008169576552381685
2015,JP3837800006,0.004657452824109239
2015,JP3397200001,0.005230494420796863
2015,JP3401400001,0.0019098186707570148
2015,AU000000LLC3,0.00198186055409627
2015,AU000000SGM7,0.000720440622347485
2015,JP3814000000,0.0052546363506710565
2015,HK0011000095,0.009909896147359485
2015,JP3900000005,0.0053842603899681585
2015,AU000000OZL8,4.279896984205884e-05
2015,JP3027670003,0.002700229524344136
2015,AU000000CBA7,0.031209001203348324
2015,HK0010000088,0.0020206315248694796
2015,JP3903000002,0.00037293705411565304
2015,JP3626800001,0.0014409066680610078
2015,AU000000TCL6,0.003882624948769585
2015,JP3634200004,0.0007724971438143089
2015,JP3300600008,0.0016852289148206493
2015,JP3786200000,0.0020226548482340538
2015,SG9999000020,0.0017007474709403842
2015,JP3371200001,0.008192185652480938
2015,AU000000QAN2,0.00086415372195671
2015,AU000000MAH3,2.5730495787921197e-17
2015,JP3582600007,0.0009173539650117031
2015,AU000000SBM8,0.00015540239007372466
2015,HK0002007356,0.003898323471706235
2015,JP3180400008,0.002473031702420304
2015,JP3156400008,0.0008016542014994774
2015,JP3902900004,0.020828860914767766
2015,JP3201200007,0.003046677391248145
2015,JP3505000004,0.0031361637406948153
2015,BMG988031446,0.0014945698090426554
2015,JP3621000003,0.0036358948452124332
2015,JP3258000003,0.003786802603277073
2015,JP3866800000,0.007772917148735042
2015,JP3551520004,0.0034664543769695223
2015,SG1J26887955,0.001660421246135389
2015,JP3419050004,0.0010389156088396404
2015,JP3762600009,0.006067456948973458
2015,JP3688370000,0.0017611748625245634
2015,JP3228600007,0.001630444296921427
2015,AU000000GPT8,0.0018606464080076677
2015,JP3165700000,0.0031868966801177814
2015,SG1R50925390,0.0008748488367434372
2015,JP3942400007,0.009440606330538082
2015,SG1V61937297,0.002514029558399683
2015,JP3870000001,0.0003861065693587468
2015,JP3160400002,0.004136925086373821
2015,JP3158800007,1.1533330274516347e-18
2015,JP3270000007,0.0008588934171321436
2015,AU000000IVC8,0.0007156947860678872
2015,JP3111200006,0.0035707345355151057
2015,JP3792600003,0.0023949840216320865
2015,JP3402600005,0.0023404892697672557
2015,JP3359600008,0.0013553227438829311
2015,JP3197600004,0.003789623989782672
2015,JP3811000003,0.0004770675531901954
2015,JP3733000008,0.0018444215296669984
2015,SG1F60858221,0.0024734369353914903
2015,JP3116000005,0.004889425313040116
2015,AU000000COH5,0.00136138243185733
2015,JP3119600009,0.003323893995844194
2015,JP3421100003,0.00041577015629581135
2015,JP3528600004,0.0004616710816385395
2015,AU000000IGO4,0.0003579153880771101
2015,JP3546800008,0.002621140601047651
2015,JP3405400007,0.0010021384085632402
2015,JP3205800000,0.0061287173151880064
2015,HK0388045442,0.0075769467643648095
2015,JP3260800002,0.001642799725264545
2015,JP3358800005,0.0018999357871495833
2015,JP3443600006,0.002161305949816334
2015,JP3229400001,0.0014817291533620477
2015,JP3166000004,0.0006810049989249154
2015,JP3982100004,0.0021032483762551926
2015,JP3868400007,0.003458248808379081
2015,AU000000AMP6,0.003655102362994266
2015,JP3734800000,0.0053668438943606615
2015,JP3910660004,0.00788191046616505
2015,JP3877600001,0.0027166674299249427
2015,HK0016000132,0.013116553868538371
2015,JP3362700001,0.0002058450900928522
2015,NZTELE0001S4,0.0007111817494490446
2015,JP3613400005,0.001015112132617759
2015,SG1R89002252,0.0019373223417373184
2015,HK0000608585,0.0029099306723725546
2015,JP3894900004,0.00146731221777314
2015,AU000000CSR5,0.0005021880539277129
2015,JP3657400002,0.0013692269237534328
2015,SG1U68934629,0.0030808208153471316
2015,JP3571400005,0.003637735414384061
2015,JP3122400009,0.0007121227891744074
2015,JP3242800005,0.011884017208301931
2015,JP3783600004,0.009031395361349118
2015,AU000000WOW2,0.008572853740676824
2015,JP3197800000,0.0028329231078460236
2015,JP3551200003,0.0
2015,JP3449020001,4.556768655679197e-19
2015,JP3977400005,0.0015527122017043044
2015,JP3769000005,0.0011726250893814693
2015,JP3174410005,0.0011193194316439616
2015,BMG524401079,0.0015453499398922505
2015,AU000000NCM7,0.0024596763227576744
2015,AU0000038911,2.7002493326511077e-06
2015,BMG668971101,0.0020568443089051414
2015,JP3522200009,0.0
2015,AU000000MND5,0.0003477987171190915
2015,JP3539220008,0.0020020535033366256
2015,JP3595200001,0.0006159290497711153
2015,JP3209000003,0.0011200085319836238
2015,JP3200450009,0.004174462159956346
2015,HK0006000050,0.006152375461001006
2015,JP3850200001,0.0
2015,AU000000PPT9,0.000773855640580614
2015,AU000000CQR9,0.00025189734784124697
2015,NZAIRE0001S2,0.000513726735661889
2015,IE00BKVD2N49,0.005168467486540611
2015,JP3194000000,0.0006772655864386561
2015,JP3493800001,0.001435025231587027
2015,HK0293001514,0.0019105099914126012
2015,AU000000QBE9,0.00298391586445934
2015,JP3633400001,0.06214770710742845
2015,AU000000MGR9,0.001563677574761613
2015,AU000000ORG5,0.0019670170599578487
2015,JP3475350009,0.0028789584914713133
2015,JP3605400005,0.0011138350434338258
2015,JP3385820000,0.0006979835538569135
2015,HK0242001243,0.0003634105618246502
2015,JP3544000007,0.0007629012288484682
2015,JP3495000006,0.0008887129824423091
2015,JP3351600006,0.0025838400276730557
2015,JP3407400005,0.002650807779953407
2015,JP3778630008,0.001000050547664496
2015,JP3266400005,0.0050867061486444334
2015,JP3955000009,0.000562329282725389
2015,JP3294460005,0.004448776761770225
2015,JP3414750004,0.0021422273545053674
2015,JP3573000001,0.004451785875137652
2015,AU000000STO6,0.0016565798083568804
2015,AU000000CIM7,0.0016794038609442682
2015,JP3519400000,0.00453379489774739
2015,JP3165600002,0.000716504074671704
2015,BMG2442N1048,0.0013019010107482092
2015,JP3619800000,0.0006553500125356998
2015,JP3304200003,0.005676606735165526
2015,JP3358200008,0.0007987546048663139
2015,JP3502200003,0.0036997921311443752
2015,AU000000SIG5,0.00017666589124723124
2015,JP3973400009,0.0024876682845197087
2015,JP3659000008,0.003701138805757978
2015,JP3493400000,0.000997436495403776
2015,JP3711600001,0.0018905631064035087
2015,JP3357200009,0.001424837218947778
2015,JP3914400001,0.0067239085538126795
2015,JP3665200006,0.0009764396756250497
2015,JP3385980002,0.0011594695472004974
2015,JP3967200001,0.0053685405512056365
2015,JP3027680002,0.0025095552038630906
2015,JP3814800003,0.008323756064505325
2015,AU000000CWY3,0.00017555155974081243
2015,AU000000SGP0,0.002398147496644542
2015,BMG8063F1068,0.0015050618837078582
2015,JP3538800008,0.002588975518102121
2015,AU000000MTS0,0.0004082898117611002
2016,JP3224200000,0.002039475584590617
2016,JP3388200002,0.0033664905252614114
2016,JP3210200006,0.0016628209536127655
2016,JP3663900003,0.0010390221216114211
2016,JP3667600005,0.0012453808093852237
2016,JP3148800000,0.0003434629571069143
2016,JP3112000009,0.0019263984029263329
2016,JP3419400001,0.0013661105015321672
2016,JP3827200001,0.0008338625469684678
2016,JP3870400003,0.0009160248300229532
2016,NZSKCE0001S2,0.000656684455407632
2016,JP3350800003,0.0016319968265219847
2016,AU000000DXS1,0.0012676506716244643
2016,SGXE34184239,0.0008445846586304802
2016,AU000000WBC1,0.019642861471672785
2016,NZAIAE0002S6,0.0010678275831758671
2016,KYG217651051,0.013396996854871956
2016,SG1T75931496,0.010911293501488872
2016,JP3738600000,0.0020797890389272064
2016,JP3634600005,0.004808083202119878
2016,AU0000088338,0.001903260183945026
2016,AU0000224040,0.0037976187665283837
2016,JP3891600003,0.0007294376951403908
2016,AU000000BSL0,0.0
2016,JP3820000002,0.0006603468707027335
2016,AU000000BHP4,0.009529636180790647
2016,JP3246400000,0.000989927705621962
2016,JP3223800008,0.0
2016,JP3830800003,0.008577897619705729
2016,JP3420600003,0.00307105647340839
2016,JP3890310000,0.0051890550067377585
2016,JP3126400005,0.0010289967339053613
2016,AU000000IAG3,0.0025729890021764608
2016,AU000000CGF5,0.000784724214169042
2016,JP3549600009,0.00036194318742740724
2016,JP3720800006,0.0012551618080645112
2016,SGXE21576413,0.001908522532278503
2016,JP3902400005,0.006096445997975132
2016,HK0688002218,0.007876661920800856
2016,AU000000WOR2,0.00012688237021224314
2016,HK0023000190,0.002196078013894874
2016,JP3672400003,0.011927751617306406
2016,AU000000ANZ3,0.013932971859549406
2016,JP3629000005,0.0015823537724038743
2016,HK0200030994,0.0005847319056271586
2016,JP3435000009,0.008210385825248105
2016,AU000000TAH8,0.0003061722230750033
2016,JP3638600001,0.0009021654037275952
2016,JP3888300005,0.0013073193552964337
2016,AU000000BEN6,0.0009472436555262986
2016,JP3743000006,0.0018153317379132148
2016,JP3452000007,0.00022291825572124852
2016,AU000000TLS2,0.01312610644864827
2016,JP3982800009,0.0012196077615219123
2016,JP3596200000,0.0017127125918999738
2016,HK0165000859,0.001112828308345632
2016,AU000000NAB4,0.014205504032033325
2016,JP3753000003,0.0
2016,JP3243600008,0.00022441404943829808
2016,AU000000GWA4,0.00031664691791637867
2016,JP3802300008,0.009615532204839178
2016,JP3347200002,0.0046399257501531345
2016,JP3890350006,0.012235814017487051
2016,AU000000SUN6,0.003085940501099363
2016,HK0003000038,0.005274625272781433
2016,JP3256000005,0.0016790624745829598
2016,HK2388011192,0.007413454365029945
2016,AU000000MQG1,0.004531368962176257
2016,JP3269600007,0.0009294503791182964
2016,JP3526600006,0.0019200849053122389
2016,JP3942600002,0.0012258725943759426
2016,JP3535800001,0.0005936115418226303
2016,JP3456000003,0.000356680885546716
2016,AU000000BPT9,6.242489085997997e-05
2016,JP3940000007,0.0026209249493581144
2016,JP3496400007,0.020267926310671234
2016,JP3762800005,0.0026281564169389807
2016,JP3368000000,0.0
2016,AU000000WES1,0.009235786692442575
2016,HK0066009694,0.007770638947045733
2016,JP3788600009,0.006676368990083881
2016,JP3551500006,0.009673728518997808
2016,JP3951600000,0.003929867544612251
2016,JP3293200006,0.0005428883198174213
2016,JP3787000003,0.001130661202384871
2016,BMG684371393,0.0
2016,AU000000SHL7,0.0014629612581862747
2016,AU000000ASX7,0.0014115330075401304
2016,JP3830000000,0.001141565265297376
2016,JP3845400005,1.1852710228507717e-09
2016,JP3686800008,6.695052518810398e-10
2016,JP3898400001,0.007316821778647447
2016,JP3854600008,0.014179788351938357
2016,JP3635400009,0.0011361957541656332
2016,AU000000ERA9,0.0002558787773911973
2016,BMG677491539,0.0003919098139208539
2016,JP3592200004,0.0017695244546387869
2016,JP3888400003,0.0005274724438912157
2016,JP3566800003,0.011009762236595177
2016,JP3893600001,0.005948382866026344
2016,JP3463000004,0.01127747379498557
2016,JP3486800000,0.003004828891577768
2016,JP3742600004,0.0005896240773667598
2016,JP3942800008,0.002246813777240846
2016,HK0004000045,0.003967252108898941
2016,JP3429800000,0.0028017462789012596
2016,JP3118000003,0.0010109261425069157
2016,JP3684000007,0.002589262330554232
2016,AU000000DOW2,0.00015318423713212793
2016,JP3481800005,0.005555640562399363
2016,AU000000BWP3,0.0010365596229497817
2016,AU000000CSL8,0.010172711724814334
2016,NZFBUE0001S0,0.0006345293383967463
2016,JP3289800009,0.0001892293375528491
2016,KYG2108Y1052,0.0045683472018496155
2016,HK0823032773,0.004059390143232316
2016,HK0019000162,0.0009519535473317593
2016,JP3215800008,0.001051386357291687
2016,JP3320800000,0.0008632038439965149
2016,JP3585800000,0.0013352300478567958
2016,JP3375800004,0.0005825250176710128
2016,HK0012000102,0.0051313059436431585
2016,JP3190000004,0.0016459294745217944
2016,JP3678000005,0.0011367613714478029
2016,NZCENE0001S6,0.00022823118083757367
2016,AU000000APA1,0.0019498024734890477
2016,JP3818000006,0.002307920799675299
2016,AU000000ORI1,0.000852397638182278
2016,JP3491000000,0.00045261309300546795
2016,JP3726800000,0.022106337767637388
2016,JP3134800006,0.0013603814725749654
2016,JP3164800009,0.0009252175900559046
2016,AU000000BLD2,0.0005785449521156711
2016,JP3837800006,0.0045325732364186
2016,JP3397200001,0.005150965697966259
2016,JP3401400001,0.00237390971944595
2016,AU000000LLC3,0.0013965379796178267
2016,AU000000SGM7,0.0007096818099286295
2016,JP3814000000,0.006058925498282749
2016,HK0011000095,0.009463001657242006
2016,JP3900000005,0.0036333057154375927
2016,AU000000OZL8,2.41059447599744e-05
2016,JP3027670003,0.0023411513068629375
2016,AU000000CBA7,0.025692275818918316
2016,HK0010000088,0.0012732590249560638
2016,JP3903000002,0.00023477401098234902
2016,JP3626800001,0.001984827713217999
2016,AU000000TCL6,0.0043536849317515405
2016,JP3711200000,0.002024324227699224
2016,JP3634200004,0.0009395304936679278
2016,JP3300600008,0.0014332707585438579
2016,JP3786200000,0.001217771363986504
2016,SG9999000020,0.0014781472893122768
2016,JP3371200001,0.0059946350210308445
2016,AU000000QAN2,0.0012725917489457201
2016,HK0291001490,0.001607370602241469
2016,JP3352400000,0.0005458948929796048
2016,AU000000MAH3,0.0
2016,KYG0535Q1331,0.0009555989526614696
2016,JP3735400008,0.02586925184329738
2016,JP3582600007,0.0007541861862561741
2016,AU000000SBM8,0.00019046190754535961
2016,HK0002007356,0.0028853608100376147
2016,JP3180400008,0.001997540729401635
2016,JP3156400008,0.0007859370286031251
2016,JP3902900004,0.018823960603143855
2016,JP3201200007,0.0036633536252943283
2016,JP3505000004,0.005486312096790768
2016,JP3560800009,0.0006040225929192536
2016,BMG988031446,0.0011474639158147212
2016,JP3621000003,0.0033694985444229215
2016,JP3258000003,0.0032070460345649254
2016,JP3866800000,0.00672331093002466
2016,JP3551520004,0.005053010263959824
2016,SG1J26887955,0.0012574220088570106
2016,JP3419050004,0.0006387622470567466
2016,JP3819400007,0.0009966996404778875
2016,JP3762600009,0.006237921124626587
2016,JP3688370000,0.001368010935487545
2016,JP3670800006,0.000666636479032213
2016,JP3228600007,0.0031283648796308176
2016,AU000000GPT8,0.0018243012251767516
2016,JP3165700000,0.003984220742739686
2016,SG1R50925390,0.0
2016,JP3942400007,0.00842718388374607
2016,SG1V61937297,0.0013773152580625005
2016,JP3870000001,0.0009204510799495293
2016,JP3160400002,0.004902393764352169
2016,JP3158800007,0.0
2016,JP3270000007,0.0008501270833334272
2016,AU000000IVC8,0.0006881222162105279
2016,JP3111200006,0.0022689893994513577
2016,JP3792600003,0.0019204048314779218
2016,JP3402600005,0.0016689156415527358
2016,JP3386030005,0.0005666274492521579
2016,JP3359600008,0.0009135983553853067
2016,JP3197600004,0.0061465369826961495
2016,JP3811000003,0.0005613084884305747
2016,JP3733000008,0.0018512836820473936
2016,JP3143600009,0.005598061352275884
2016,SG1F60858221,0.0022113243799090528
2016,JP3116000005,0.004796726238555566
2016,AU000000COH5,0.0014821870976584543
2016,JP3119600009,0.004035634040294987
2016,JP3421100003,0.00025665984863208313
2016,JP3528600004,0.0003122260992563646
2016,AU000000IGO4,0.000261478618957594
2016,JP3546800008,0.003065217188351418
2016,JP3405400007,0.0004985559853505338
2016,JP3765400001,0.0007951439854465933
2016,JP3205800000,0.007870662253041092
2016,HK0388045442,0.007292875970664676
2016,JP3260800002,0.0018252288606275628
2016,JP3358800005,0.0022636518735149476
2016,JP3443600006,0.002562849031336769
2016,JP3229400001,0.0013191449233447153
2016,JP3166000004,0.0008861904927024311
2016,JP3982100004,0.0025409940978780104
2016,JP3868400007,0.0029376783227423034
2016,AU000000AMP6,0.003089232436062251
2016,JP3734800000,0.00531589323550936
2016,JP3910660004,0.008285142642503194
2016,JP3877600001,0.002397495817606828
2016,HK0016000132,0.008909912493190515
2016,JP3362700001,0.0
2016,NZTELE0001S4,0.00060628865455676
2016,JP3613400005,0.0017796001322872086
2016,SG1R89002252,0.0014722898182666087
2016,HK0000608585,0.00208080854736837
2016,JP3894900004,0.0014604361721984413
2016,AU000000CSR5,0.0002480392862960253
2016,JP3657400002,0.0015697730945052103
2016,SG1U68934629,0.0014991069684604007
2016,JP3571400005,0.0029943736699773187
2016,JP3122400009,0.0003889162715642443
2016,JP3242800005,0.010761640447138388
2016,JP3783600004,0.010854881926089374
2016,AU000000WOW2,0.005701648687768642
2016,JP3197800000,0.0020264803608224377
2016,JP3551200003,0.0
2016,JP3449020001,0.0
2016,JP3381000003,0.002696161219499509
2016,JP3977400005,0.0016242582074438019
2016,HK0000745908,0.0005007350039557769
2016,JP3769000005,0.0010516223386027256
2016,JP3174410005,0.0011552985786148263
2016,BMG524401079,0.0010803618436376686
2016,AU000000NCM7,0.002010447641323573
2016,AU0000038911,0.0
2016,BMG668971101,0.0014480218195320007
2016,JP3522200009,0.0
2016,AU000000MND5,0.00027890199486036907
2016,JP3539220008,0.0020926333125231194
2016,AU000000RHC8,0.0023784533923710232
2016,JP3595200001,0.00021278259810589238
2016,JP3209000003,0.0015748940732504325
2016,JP3200450009,0.005347928017510761
2016,JP3835620000,0.0008133274412327413
2016,HK0083000502,0.002044562920713714
2016,HK0006000050,0.005603703494251726
2016,JP3850200001,0.0
2016,AU000000PPT9,0.0006598534228365474
2016,AU000000CQR9,0.00025986959634878223
2016,NZAIRE0001S2,0.00040921183121289705
2016,IE00BKVD2N49,0.0021408236977330996
2016,JP3194000000,0.00042713921769718715
2016,JP3493800001,0.0017663735772512513
2016,HK0293001514,0.00040600867838214215
2016,AU000000QBE9,0.002811388138162297
2016,JP3633400001,0.05623980195362503
2016,AU000000MGR9,0.001344431786367411
2016,AU000000ORG5,9.211572676097114e-05
2016,JP3475350009,0.004305003157617564
2016,JP3605400005,0.001483880087822169
2016,JP3385820000,0.0006850834756274182
2016,HK0242001243,0.000272440555468483
2016,JP3544000007,0.0007655435766348714
2016,JP3040890000,0.0009941596545573568
2016,JP3495000006,0.0010270762978716805
2016,JP3351600006,0.0030104554450554656
2016,JP3407400005,0.0023816672383077243
2016,JP3778630008,0.0008929658428690918
2016,JP3266400005,0.005136250344778133
2016,JP3955000009,0.0004354186980843446
2016,JP3294460005,0.003214298213687599
2016,JP3414750004,0.0019125158133277774
2016,JP3573000001,0.0035239589947235216
2016,AU000000STO6,0.000949228737643131
2016,AU000000CIM7,0.0016648816010835193
2016,JP3519400000,0.004429756538197593
2016,JP3165600002,0.0007044683693645015
2016,BMG2442N1048,0.0009517036843718332
2016,JP3619800000,0.0005426703431540091
2016,JP3304200003,0.004560152220701577
2016,JP3358200008,0.0009557327767217237
2016,JP3502200003,0.0033270857635238613
2016,AU000000SIG5,0.0002487974011923738
2016,JP3973400009,0.003001878958480333
2016,JP3659000008,0.004191450280510801
2016,JP3493400000,0.0007904789726669956
2016,JP3322930003,0.0009665192640181238
2016,JP3711600001,0.0014409035230415303
2016,JP3357200009,0.0016605156600869963
2016,JP3914400001,0.0078116157702794505
2016,JP3665200006,0.0009432586793491672
2016,JP3385980002,0.0006404918726749141
2016,JP3967200001,0.004336558618093673
2016,JP3027680002,0.0024453612353899437
2016,JP3814800003,0.009073635092200433
2016,AU000000CWY3,0.0
2016,AU000000SGP0,0.001779927740845614
2016,BMG8063F1068,0.0013178395029702578
2016,JP3538800008,0.002235386054894328
2016,AU000000MTS0,0.0005745090232330278
2017,JP3224200000,0.001695279696372711
2017,JP3388200002,0.0032197741169427037
2017,JP3210200006,0.00166788944167466
2017,JP3663900003,0.0008705291120701617
2017,JP3667600005,0.0011524625262077728
2017,JP3148800000,0.00031111759473084755
2017,AU000000ILU1,0.0007846549121057688
2017,HK0008011667,0.0016025512763469365
2017,JP3112000009,0.0020211199767174812
2017,JP3419400001,0.001608442746823327
2017,JP3827200001,0.000893414254552158
2017,JP3870400003,0.0004730227845119692
2017,JP3635000007,0.0025827780557985593
2017,NZSKCE0001S2,0.00037226868528129805
2017,JP3350800003,0.0003707397191020844
2017,AU000000DXS1,0.0014269951188331676
2017,SGXE34184239,0.0007619130056312661
2017,AU000000WBC1,0.019253455083519142
2017,NZAIAE0002S6,0.0015878540276747935
2017,KYG217651051,0.010733820976747032
2017,SG1T75931496,0.010395282039808622
2017,JP3738600000,0.0015481448729037254
2017,JP3634600005,0.0037772099895327666
2017,AU0000088338,0.0013589963389408564
2017,AU0000224040,0.004504857977165428
2017,JP3891600003,0.0005117360789053206
2017,AU000000BSL0,0.0009314327633876493
2017,JP3820000002,0.0010148849607861136
2017,AU000000BHP4,0.015879568416279376
2017,SG1T58930911,0.0002662903857108314
2017,JP3246400000,0.000950297399213519
2017,JP3223800008,4.937626317018007e-12
2017,JP3830800003,0.007081877389044041
2017,JP3420600003,0.0026711480468079598
2017,JP3890310000,0.005456747965036365
2017,JP3126400005,0.0012718641021088623
2017,AU000000IAG3,0.002422536766565393
2017,AU000000CGF5,0.0010800141951703395
2017,JP3549600009,0.00040435488147401644
2017,JP3720800006,0.001451134357654087
2017,SGXE21576413,0.0021369879368963347
2017,JP3902400005,0.007436243490014027
2017,JP3400900001,0.0
2017,HK0688002218,0.007788027730133638
2017,AU000000WOR2,0.0003106658992916324
2017,HK0023000190,0.002814332298950776
2017,JP3672400003,0.009539801518437566
2017,AU000000ANZ3,0.015524861760682579
2017,JP3629000005,0.001546474239668563
2017,HK0200030994,0.0005566847820498223
2017,JP3435000009,0.009156023820955568
2017,AU000000TAH8,0.0004084683497863975
2017,JP3638600001,0.0008386784543550989
2017,JP3421800008,0.004081147274415344
2017,JP3888300005,0.0012071270963306348
2017,AU000000BEN6,0.0010302061065032013
2017,JP3743000006,0.001718061360898393
2017,JP3452000007,0.00030733928995035594
2017,AU000000TLS2,0.010723039199955714
2017,JP3982800009,0.0012769800096529274
2017,JP3596200000,0.0016867596245966948
2017,HK0165000859,0.0007962180610483952
2017,AU000000NAB4,0.014400691869085765
2017,JP3753000003,5.633285446483114e-12
2017,JP3243600008,0.00035981369474804523
2017,AU000000GWA4,0.0003842855749492468
2017,JP3802300008,0.008088714950467882
2017,JP3347200002,0.003970066165940079
2017,JP3890350006,0.01311387351312314
2017,AU000000SUN6,0.0031199806077753293
2017,HK0003000038,0.005470020949761328
2017,JP3256000005,0.0013331525204758328
2017,HK2388011192,0.009870770997800982
2017,AU000000MQG1,0.00498310994232365
2017,JP3269600007,0.0011600646023859232
2017,JP3526600006,0.0011858434462267353
2017,JP3942600002,0.0014051805268421608
2017,JP3535800001,0.0005576869963744949
2017,JP3456000003,0.0005886910654492557
2017,AU000000BPT9,0.00015671022001599523
2017,JP3940000007,0.0019317983685841924
2017,JP3496400007,0.016385475826838528
2017,JP3762800005,0.002274585360211224
2017,JP3368000000,1.0552462667247965e-10
2017,AU000000WES1,0.008192170219777434
2017,HK0066009694,0.007191990309037578
2017,JP3788600009,0.006752588191313335
2017,JP3551500006,0.007715036334296958
2017,HK0363006039,0.0005993762297065615
2017,JP3951600000,0.0037219507167043347
2017,JP3293200006,0.0007436681345626223
2017,JP3787000003,0.0014097627999891855
2017,BMG684371393,5.012491097574363e-11
2017,HK0000055878,0.0020702262895315013
2017,AU000000SHL7,0.0016417398838985675
2017,AU000000ASX7,0.0016255180011265605
2017,JP3830000000,0.0016346676061103382
2017,JP3845400005,0.0
2017,JP3686800008,2.1441249593101084e-11
2017,JP3898400001,0.008833008739913795
2017,JP3854600008,0.013056380510674285
2017,JP3635400009,0.001001128879563039
2017,AU000000ERA9,0.000263116144718709
2017,BMG677491539,0.0006355029149263259
2017,JP3592200004,0.0019447501921148415
2017,JP3888400003,0.0006131111282419593
2017,JP3566800003,0.008125960336235279
2017,JP3126340003,0.0005305970265695302
2017,JP3893600001,0.006390646568401295
2017,JP3198900007,0.004730283059655594
2017,JP3463000004,0.008341482471464035
2017,JP3486800000,0.0025875585355060694
2017,JP3742600004,0.0007061005619574749
2017,JP3942800008,0.001966756909080087
2017,HK0004000045,0.005357622975354713
2017,JP3429800000,0.0027091429282141443
2017,JP3118000003,0.0008144524942300287
2017,JP3684000007,0.003377565137005283
2017,AU000000DOW2,0.0005004622800894573
2017,JP3481800005,0.00679409298587431
2017,AU000000BWP3,0.0008557819138858397
2017,AU000000CSL8,0.009340891347248258
2017,NZFBUE0001S0,0.0011212625293400653
2017,JP3289800009,0.00013074725593139764
2017,KYG2108Y1052,0.0040691493909983285
2017,HK0823032773,0.00364981204763111
2017,HK0019000162,0.0010179011528335736
2017,JP3215800008,0.0006696281794617998
2017,JP3320800000,0.000813645750788005
2017,JP3249600002,0.00431797710566938
2017,JP3585800000,9.276688295414913e-05
2017,JP3375800004,0.0005463371861276996
2017,HK0012000102,0.004817536581107369
2017,JP3190000004,0.0017174786982778088
2017,JP3678000005,0.0008001305514594774
2017,NZCENE0001S6,0.00023953648673907303
2017,AU000000APA1,0.001737197106954136
2017,JP3818000006,0.0029921517338980025
2017,AU000000ORI1,0.001240407631190871
2017,JP3491000000,0.0005209503991163357
2017,JP3726800000,0.015142076165671517
2017,JP3134800006,0.0013664172175968218
2017,JP3164800009,0.0010965384613095285
2017,AU000000BLD2,0.001100276845924665
2017,JP3837800006,0.004157808706513665
2017,JP3397200001,0.0051381979454084075
2017,JP3401400001,0.002221268935168298
2017,AU000000LLC3,0.001424021927864391
2017,AU000000SGM7,0.0006592464735676942
2017,JP3814000000,0.005000176107024369
2017,HK0011000095,0.00955834938680031
2017,JP3900000005,0.0032698034328290902
2017,AU000000OZL8,0.00044013671593901943
2017,JP3027670003,0.0020741666617094304
2017,AU000000CBA7,0.025204968759806802
2017,HK0010000088,0.001485516259442391
2017,JP3903000002,0.0004725013763216397
2017,JP3626800001,0.0018366797725088233
2017,AU000000TCL6,0.003691981119276178
2017,JP3711200000,0.001869184285502651
2017,JP3634200004,0.0006496204534486281
2017,JP3721400004,0.00046165755955873824
2017,JP3300600008,0.0012744572229042446
2017,JP3786200000,0.0013340930961223867
2017,SG9999000020,0.0018847737324952
2017,JP3371200001,0.00858992142220748
2017,AU000000QAN2,0.0006439676378428382
2017,HK0291001490,0.0019159187594241262
2017,JP3352400000,0.00040418564098636283
2017,AU000000MAH3,1.1383120095399928e-06
2017,KYG0535Q1331,0.0009877920553957949
2017,JP3735400008,0.021322703132242764
2017,JP3582600007,0.0007274004474923947
2017,AU000000SBM8,0.00033041407444161884
2017,HK0002007356,0.0033858477296865052
2017,JP3180400008,0.0017851039102839028
2017,JP3156400008,0.0007764016135493288
2017,JP3902900004,0.02116882684324237
2017,JP3201200007,0.0025647459600761993
2017,JP3505000004,0.004200231801267328
2017,JP3560800009,0.00040211443461806074
2017,BMG988031446,0.0009325216503691911
2017,JP3621000003,0.0031058813523585703
2017,JP3258000003,0.003420536693055097
2017,JP3866800000,0.006171268205881733
2017,JP3551520004,0.0035847084425501734
2017,SG1J26887955,0.0010769550889549076
2017,JP3419050004,0.001020521212267083
2017,JP3819400007,0.0008005972264143781
2017,JP3762600009,0.006138559221792635
2017,JP3688370000,0.0013499178531043662
2017,JP3670800006,0.0009800068121528823
2017,JP3228600007,0.0025476120882113353
2017,SG1P66918738,0.0011328505967479763
2017,AU000000GPT8,0.001542954720033156
2017,JP3165700000,0.0033467689883498217
2017,SG1R50925390,0.0
2017,JP3942400007,0.006046084963340818
2017,JP3131430005,0.0007396302701346822
2017,SG1V61937297,0.0008170302061806167
2017,JP3870000001,0.0005046298500052807
2017,JP3160400002,0.003485943552363
2017,JP3158800007,1.152622381603833e-11
2017,JP3270000007,0.0007068269315180305
2017,AU000000IVC8,0.00035286755971734456
2017,JP3111200006,0.002894321882257112
2017,SG1N31909426,0.0007878439769490944
2017,JP3792600003,0.0016641667652298247
2017,JP3402600005,0.0020183070938941316
2017,JP3933800009,0.0059524328038079435
2017,JP3386030005,0.0017563947898662938
2017,JP3336000009,0.0011328679048985756
2017,JP3359600008,0.003521700703362446
2017,JP3197600004,0.003210888053672165
2017,JP3811000003,0.0005403828142009296
2017,JP3733000008,0.0013705592168814327
2017,JP3143600009,0.005525672148435578
2017,SG1F60858221,0.0021363805793796872
2017,JP3116000005,0.004600009034774757
2017,AU000000COH5,0.0015422747770635833
2017,JP3119600009,0.0026051980914125255
2017,JP3421100003,0.00012912335512102179
2017,JP3528600004,6.611471918373557e-05
2017,AU000000IGO4,0.000433316756853275
2017,JP3546800008,0.002725143683567262
2017,JP3405400007,0.0008276375309380803
2017,JP3765400001,0.0006845170948042813
2017,JP3404600003,0.004009198160932777
2017,JP3205800000,0.006112254738831119
2017,HK0388045442,0.00685418420031827
2017,JP3260800002,0.001356271663845037
2017,JP3358800005,0.001965628613472436
2017,JP3443600006,0.0024193829844891645
2017,JP3229400001,0.0014368363970611966
2017,JP3166000004,0.0009187558225805386
2017,JP3982100004,0.00205691172367332
2017,JP3868400007,0.002009094046038271
2017,AU000000AMP6,0.0026743919155305697
2017,JP3734800000,0.006456952520774898
2017,JP3910660004,0.007813012667572361
2017,JP3877600001,0.002497408681195055
2017,HK0016000132,0.009630094339726721
2017,JP3362700001,1.4124271876460817e-12
2017,NZTELE0001S4,0.0007178476925904704
2017,JP3613400005,0.0014848137555209615
2017,BMG2178K1009,0.005466525894647183
2017,SG1R89002252,0.001618241566486385
2017,HK0000608585,0.002741332316952604
2017,JP3894900004,0.0014219607859101305
2017,AU000000CSR5,0.00032352082218884033
2017,JP3657400002,0.0014036050623819378
2017,SG1U68934629,0.0017925618256302183
2017,JP3571400005,0.0040279957137525834
2017,JP3122400009,0.0009015001515315643
2017,JP3242800005,0.009391274567815916
2017,JP3783600004,0.008738210656396517
2017,JP3799000009,0.0009192375824997945
2017,AU000000WOW2,0.0056599206978001975
2017,JP3197800000,0.002733131279127709
2017,JP3551200003,1.477107398889127e-13
2017,JP3449020001,0.0002433344190659886
2017,JP3381000003,0.004192132826694841
2017,JP3977400005,0.0014129364454785647
2017,HK0000745908,0.00043161322303970716
2017,JP3769000005,0.0011431583862128655
2017,JP3174410005,0.0009726875845064792
2017,BMG524401079,0.0011050551261739408
2017,AU000000NCM7,0.003128712129067033
2017,AU0000038911,3.914708989648598e-09
2017,BMG668971101,0.0016883984730978118
2017,JP3522200009,0.0
2017,AU000000MND5,0.000304889740781912
2017,JP3539220008,0.0023144363993403663
2017,AU000000RHC8,0.002443622142904174
2017,JP3595200001,0.0011232446941437382
2017,JP3209000003,0.0008786531923057813
2017,JP3200450009,0.004677641192558786
2017,JP3835620000,0.0007228824729348797
2017,BMG2108M2182,0.0006958553905499756
2017,HK0083000502,0.002401684575560428
2017,HK0006000050,0.004768310669277794
2017,JP3850200001,3.320927664050873e-12
2017,AU000000PPT9,0.0005608726619207038
2017,AU000000CQR9,0.00016847030125071254
2017,NZAIRE0001S2,3.914716979107005e-05
2017,IE00BKVD2N49,0.002977248215617784
2017,JP3194000000,0.00045626510898703123
2017,JP3493800001,0.0016554641729941977
2017,HK0293001514,2.3422914368903544e-05
2017,AU000000QBE9,0.0029687038242169894
2017,JP3633400001,0.043819116829209415
2017,AU000000MGR9,0.0014108257308820351
2017,AU000000ORG5,0.0016555224890673476
2017,HK0144000764,0.0014202859312485163
2017,JP3475350009,0.0039511021337295445
2017,JP3605400005,0.0008983365723799486
2017,JP3385820000,0.0006600977309600541
2017,HK0242001243,0.0003342571645217862
2017,JP3544000007,0.00090123368949173
2017,JP3040890000,0.0009121697218323518
2017,BMG4600H1198,0.0005953414665147612
2017,JP3495000006,0.0013751008130783709
2017,JP3351600006,0.003198663664914499
2017,JP3407400005,0.002347103333189688
2017,JP3778630008,0.0010162256506317541
2017,JP3266400005,0.0048335362565417915
2017,JP3955000009,0.0007412277750609372
2017,JP3294460005,0.0030105952369446176
2017,JP3675600005,0.0013450987671705622
2017,JP3414750004,0.002190960109187678
2017,JP3573000001,0.002697626494736236
2017,AU000000STO6,0.0014130629663561417
2017,AU000000CIM7,0.002114011404728892
2017,JP3519400000,0.004091225979645112
2017,JP3165600002,0.0006212213828061995
2017,BMG2442N1048,0.0008244215184660909
2017,JP3619800000,0.0006296590137436943
2017,JP3304200003,0.006064021758832162
2017,JP3358200008,0.001046589819013463
2017,JP3502200003,0.002863712444756751
2017,AU000000SIG5,0.0004253427572090723
2017,JP3973400009,0.0022818509643722103
2017,JP3659000008,0.0035748664767967665
2017,HK0308001558,0.000536965660770825
2017,JP3493400000,0.0008823556134633186
2017,JP3322930003,0.001254186905269202
2017,JP3711600001,0.00138743639251722
2017,JP3357200009,0.0013699762187859307
2017,JP3914400001,0.006857814084534628
2017,JP3665200006,0.0008437776824123142
2017,JP3274400005,0.0003045436695168832
2017,JP3385980002,0.0008198707605426965
2017,JP3695200000,0.0015977545776308204
2017,JP3967200001,0.0034022637917543704
2017,JP3027680002,0.002023473650523189
2017,JP3814800003,0.007512010679406079
2017,AU000000CWY3,0.00015940176727456454
2017,AU000000SGP0,0.0018626531867772975
2017,BMG8063F1068,0.0009615096980411692
2017,JP3538800008,0.0022493302488279052
2017,AU000000MTS0,0.0004459803179472034
2018,JP3224200000,0.0016237416459763457
2018,JP3388200002,0.0032761359783854394
2018,JP3210200006,0.001978463008754294
2018,JP3663900003,0.001141689205888096
2018,JP3667600005,0.0008882403103935987
2018,JP3148800000,0.00033310058775503563
2018,AU000000ILU1,0.0008125576300377061
2018,HK0008011667,0.0012936745728755763
2018,JP3112000009,0.0018440407623833478
2018,JP3419400001,0.0015502742100992368
2018,JP3827200001,0.0007824231485606941
2018,JP3870400003,0.0006937208349157549
2018,JP3635000007,0.003031006662874154
2018,NZSKCE0001S2,0.00024167117392354752
2018,JP3350800003,0.0002900206330411898
2018,AU000000DXS1,0.0014788647348807932
2018,SGXE34184239,0.0009667603245288236
2018,AU000000WBC1,0.015536630732852767
2018,NZAIAE0002S6,0.0012275878750362733
2018,KYG217651051,0.009390900790715405
2018,SG1T75931496,0.007913472321968934
2018,JP3738600000,0.0013378019607160167
2018,JP3634600005,0.0042227951683305115
2018,AU0000088338,0.0012840009204796703
2018,AU0000224040,0.0038518473623424636
2018,JP3891600003,0.0004045833576642881
2018,AU000000BSL0,0.0009829652791755745
2018,JP3820000002,0.001099549246004396
2018,AU000000BHP4,0.01470533974726342
2018,SG1T58930911,0.00032793725357482204
2018,JP3246400000,0.0004853288946495599
2018,JP3223800008,1.0701810609036223e-09
2018,JP3830800003,0.007114161832435953
2018,JP3420600003,0.002034194992845569
2018,JP3890310000,0.00414056962578405
2018,JP3126400005,0.000980997928488122
2018,AU000000IAG3,0.00243712355616629
2018,AU000000CGF5,0.0011116058069330608
2018,JP3549600009,0.0006448233139897785
2018,JP3720800006,0.001428217232197088
2018,SGXE21576413,0.0024324139515411853
2018,JP3902400005,0.007235094846820679
2018,JP3400900001,8.117081179824786e-09
2018,HK0688002218,0.008051243834068161
2018,AU000000WOR2,0.0005260034067282794
2018,HK0023000190,0.00230121215202614
2018,JP3672400003,0.008026320688233137
2018,AU000000ANZ3,0.012451935891371939
2018,JP3629000005,0.001148355003122967
2018,HK0200030994,0.0009102638463974819
2018,JP3435000009,0.011794257231358874
2018,AU000000TAH8,0.0013752854465533034
2018,JP3638600001,0.0006696373407878954
2018,JP3421800008,0.003501067731277469
2018,JP3888300005,0.0012684132742405623
2018,AU000000BEN6,0.0007062840267978097
2018,MU0117U00026,0.00037500814637287077
2018,JP3743000006,0.0010552561868086697
2018,JP3452000007,0.00032452385645863135
2018,AU000000TLS2,0.006433721599708992
2018,JP3982800009,0.0020142225999998514
2018,JP3596200000,0.001835445700345299
2018,HK0000049939,0.008065785159053427
2018,HK0165000859,0.0008509893086042625
2018,AU000000NAB4,0.01142846245721791
2018,JP3899600005,0.004714027986822628
2018,JP3753000003,0.0
2018,JP3243600008,0.0006000812323037838
2018,AU000000GWA4,0.00023548106528855552
2018,JP3802300008,0.008655698554541787
2018,JP3347200002,0.0034861367549997
2018,JP3890350006,0.012063296728653366
2018,AU000000SUN6,0.0025738989137368885
2018,HK0003000038,0.0054318293891114245
2018,JP3256000005,0.0015233091319541796
2018,HK0000139300,0.0002613466728952527
2018,HK2388011192,0.009867836254435769
2018,AU000000MQG1,0.0049760447259251175
2018,JP3269600007,0.0010751596141149217
2018,JP3526600006,0.0004945070430733892
2018,JP3942600002,0.0014647787817880693
2018,JP3535800001,0.00042018537409893066
2018,JP3456000003,0.000548728565385394
2018,AU000000BPT9,0.00033602142460047396
2018,JP3940000007,0.002001952922375184
2018,JP3496400007,0.01213466076297785
2018,JP3762800005,0.0023629898037876005
2018,JP3368000000,0.0011446188145476648
2018,AU000000WES1,0.0073560599080804145
2018,HK0066009694,0.0062533452546093046
2018,JP3788600009,0.0072470246825671325
2018,JP3551500006,0.008829341291567611
2018,HK0363006039,0.00046851759366265024
2018,JP3951600000,0.0033777726115840094
2018,SG1S83002349,0.0010230786112089716
2018,JP3293200006,0.0014725631303028042
2018,JP3787000003,0.002055599213838243
2018,BMG684371393,9.158268703375289e-05
2018,HK0000055878,0.0030091640065021135
2018,AU000000SHL7,0.0015459017383826314
2018,AU000000ASX7,0.0015193059239483186
2018,JP3830000000,0.0015010303476430135
2018,JP3845400005,3.2133684141624103e-09
2018,JP3686800008,5.4004003913897536e-09
2018,JP3898400001,0.008509933639062679
2018,JP3854600008,0.01176466482043705
2018,JP3635400009,0.0007908136753749534
2018,AU000000ERA9,0.00013211542969020015
2018,BMG677491539,0.00102986875055953
2018,JP3389900006,0.0004023517591962042
2018,JP3600200004,0.0007988430383997953
2018,JP3592200004,0.0032997456390214627
2018,JP3888400003,0.0007455430864695723
2018,JP3566800003,0.007568345430776018
2018,JP3126340003,0.0008858606261338886
2018,JP3893600001,0.00616614992857123
2018,JP3198900007,0.006683443433775819
2018,JP3326410002,0.0003565557020018089
2018,JP3463000004,0.008329389278308385
2018,JP3486800000,0.002431210115883062
2018,JP3742600004,0.00045924978116123445
2018,JP3942800008,0.0024060038345254083
2018,HK0004000045,0.0021762382744677893
2018,JP3429800000,0.0028946842350262617
2018,JP3118000003,0.0004874304254174651
2018,JP3684000007,0.0026524060297578446
2018,AU000000DOW2,0.0005562268278397154
2018,JP3283650004,0.0021321409272137284
2018,JP3481800005,0.006644730179347476
2018,AU000000BWP3,0.0009441768547044121
2018,JP3268950007,0.0008430748195180325
2018,AU000000CSL8,0.010083086925176229
2018,NZFBUE0001S0,0.0006546700317246962
2018,JP3289800009,0.00015215089520905685
2018,KYG2108Y1052,0.005261080085318035
2018,HK0823032773,0.0036352172136083585
2018,HK0019000162,0.0003393968337633094
2018,JP3215800008,0.0003864684035009485
2018,JP3320800000,0.0006644407904675683
2018,JP3249600002,0.004209350616511359
2018,JP3585800000,0.00010491123219602474
2018,JP3375800004,0.0004773885432555842
2018,HK0012000102,0.005107776131881256
2018,JP3190000004,0.0017220076418325788
2018,JP3678000005,0.0007078532977857838
2018,NZCENE0001S6,0.00037895808274291624
2018,AU000000APA1,0.0012572829513881854
2018,JP3818000006,0.0023607545441427483
2018,AU000000ORI1,0.001041894228830189
2018,JP3491000000,0.0005580112083622584
2018,KYG5427W1309,0.0009648481515293105
2018,JP3726800000,0.01190804047019705
2018,JP3134800006,0.0011384163052436164
2018,JP3164800009,0.0009078658911615626
2018,AU000000BLD2,0.0011997704338695
2018,JP3173400007,0.0014277848581491573
2018,JP3837800006,0.003915653691615291
2018,JP3397200001,0.005667531412155803
2018,JP3401400001,0.002066222428155222
2018,AU000000LLC3,0.001177484608728094
2018,AU000000SGM7,0.0007074404070946013
2018,JP3814000000,0.004446997051386642
2018,HK0011000095,0.008731872813167396
2018,JP3900000005,0.002251967260036251
2018,AU000000OZL8,0.0004119520840324837
2018,JP3027670003,0.001669707654386925
2018,AU000000CBA7,0.02052021229962682
2018,HK0010000088,0.0011960090138010972
2018,JP3903000002,0.0004963745320382643
2018,JP3626800001,0.0016843664607210718
2018,JP3766550002,0.0009512024163700542
2018,AU000000TCL6,0.003691362323629191
2018,JP3711200000,0.0015802654936755958
2018,JP3634200004,0.0004601167170189263
2018,JP3721400004,0.0004471244539080833
2018,JP3300600008,0.0009570437537772175
2018,JP3786200000,0.0010019188705341188
2018,SG9999000020,0.0015127769861935478
2018,JP3371200001,0.008550922944053017
2018,AU000000QAN2,0.001076010595732132
2018,HK0291001490,0.0026315442219990424
2018,JP3352400000,0.0003211448003437905
2018,AU000000MAH3,3.2652017797636213e-05
2018,KYG0535Q1331,0.0009025307080188767
2018,JP3735400008,0.018370777573175776
2018,JP3582600007,0.0006737997755509133
2018,AU000000SBM8,0.0003776546140246008
2018,HK0002007356,0.0012541652143470714
2018,JP3180400008,0.0012600138274908284
2018,JP3156400008,0.000921280377633471
2018,JP3935600001,0.0009123122842148231
2018,JP3902900004,0.019399850123256145
2018,JP3201200007,0.0022647006222928593
2018,JP3505000004,0.004656990267378027
2018,JP3560800009,0.00056015952795005
2018,BMG988031446,0.0009735089532927199
2018,JP3621000003,0.0027223830748059263
2018,JP3258000003,0.003962811197794568
2018,JP3866800000,0.0066877107016183514
2018,JP3551520004,0.0027133846175650344
2018,SG1J26887955,0.0012057966084056105
2018,JP3419050004,0.0006985745549927842
2018,JP3819400007,0.0006997693162659462
2018,JP3762600009,0.004577195045531046
2018,JP3688370000,0.001260624827574664
2018,JP3670800006,0.0008541185994154337
2018,JP3228600007,0.0025123736919588375
2018,SG1P66918738,0.0010910473234127674
2018,AU000000GPT8,0.0015699102802413417
2018,JP3165700000,0.00312020797391438
2018,SG1R50925390,1.2402387746887458e-08
2018,JP3942400007,0.00470009879449906
2018,JP3131430005,0.0008706911790232904
2018,SG1V61937297,0.0008743897204412306
2018,JP3870000001,0.00035334463396376106
2018,JP3160400002,0.0031012915651682446
2018,JP3158800007,1.4556989852956132e-08
2018,JP3270000007,0.000640459332893515
2018,AU000000IVC8,0.00039420524030744225
2018,JP3111200006,0.0033090265464778353
2018,SG1N31909426,0.0005940776840570171
2018,JP3792600003,0.001577044385439502
2018,JP3402600005,0.0026764313982506893
2018,JP3933800009,0.005227714210615784
2018,JP3386030005,0.0021381561192438045
2018,JP3336000009,0.00107244983841887
2018,JP3359600008,0.0034415784283466076
2018,JP3197600004,0.0027162440852615713
2018,JP3811000003,0.00047970004142727725
2018,JP3733000008,0.0013917076638096768
2018,JP3143600009,0.006063446403179903
2018,SG1F60858221,0.0021119745080643315
2018,JP3116000005,0.005026911591590692
2018,JP3676800000,0.0012198439420326513
2018,AU000000COH5,0.0016487165410956886
2018,JP3119600009,0.0018021833126944647
2018,JP3421100003,9.479174378326421e-05
2018,JP3528600004,0.0003269058016822145
2018,AU000000IGO4,0.0004888778033352428
2018,JP3546800008,0.0030374866729563957
2018,JP3405400007,0.0009673610912818205
2018,JP3765400001,0.0007385427235676367
2018,JP3404600003,0.004115567071362806
2018,JP3205800000,0.006838236881096093
2018,HK0388045442,0.008286933587003078
2018,JP3260800002,0.0011737596268459958
2018,JP3358800005,0.001708771574435394
2018,JP3443600006,0.002496969723239433
2018,JP3351100007,0.0027670319351323336
2018,JP3229400001,0.001455054393469704
2018,JP3166000004,0.0008948453609404378
2018,JP3982100004,0.0014173512499347579
2018,JP3868400007,0.0015695988164110004
2018,AU000000AMP6,0.002175172596128849
2018,JP3734800000,0.008351676636746309
2018,JP3910660004,0.006761100322572681
2018,JP3877600001,0.002470875582298143
2018,HK0016000132,0.009232286086990284
2018,JP3362700001,0.0
2018,NZTELE0001S4,0.0005596195790622049
2018,JP3613400005,0.0011928595910496484
2018,BMG2178K1009,0.0047496289049292284
2018,SG1R89002252,0.0018021050656971745
2018,HK0000608585,0.00295718443330702
2018,SG1L01001701,0.009508760852283119
2018,JP3894900004,0.0010891020867782241
2018,JP3485800001,0.0009546973970590871
2018,AU000000CSR5,0.00027966442598996606
2018,JP3657400002,0.0012911712413041648
2018,AU000000ABC7,0.00022114065041734557
2018,SG1U68934629,0.0020595509997529213
2018,JP3571400005,0.005468268899509313
2018,JP3122400009,0.0008713627966036149
2018,JP3242800005,0.01002307803258109
2018,JP3783600004,0.007240772069330977
2018,JP3799000009,0.0009753655840475675
2018,AU000000WOW2,0.005238789058563759
2018,JP3197800000,0.002907842534102079
2018,JP3551200003,3.7600744298982645e-09
2018,JP3449020001,0.0
2018,JP3381000003,0.0030835811637946156
2018,JP3977400005,0.0011617710358310083
2018,HK0000745908,0.0005704145803034545
2018,JP3769000005,0.0008281308087077044
2018,JP3174410005,0.0013911546464285122
2018,BMG524401079,0.0013881860863520393
2018,AU000000NCM7,0.0025788644286512687
2018,AU0000038911,4.252948490127551e-06
2018,BMG668971101,0.0015494304942550983
2018,JP3522200009,2.1933724571484348e-10
2018,AU000000MND5,0.00032568391144338307
2018,JP3539220008,0.0020757991229273403
2018,AU000000RHC8,0.002071489248839755
2018,JP3595200001,0.001284381452959707
2018,JP3209000003,0.0007286839304962454
2018,JP3200450009,0.004380139645391932
2018,JP3835620000,0.0007549076777909673
2018,BMG2108M2182,0.0005398754844398395
2018,HK0083000502,0.0021376800220565487
2018,HK0006000050,0.003385589565409842
2018,JP3850200001,1.7570412482681894e-09
2018,AU000000PPT9,0.000456982751863458
2018,AU000000CQR9,0.00023995321836961744
2018,NZAIRE0001S2,0.00015694962749183153
2018,IE00BKVD2N49,0.0025927818970886505
2018,JP3194000000,0.00036950355603750486
2018,JP3493800001,0.0015296363734364027
2018,HK0293001514,0.0001987850290727
2018,AU000000QBE9,0.0021652327401049847
2018,JP3436100006,0.016538037539974917
2018,JP3633400001,0.04135807534715405
2018,AU000000MGR9,0.0012688896833340517
2018,AU000000ORG5,0.0019166632881553688
2018,AU000000ELD6,8.67686129189187e-05
2018,HK0144000764,0.0013735231262725063
2018,JP3475350009,0.004659728522398054
2018,JP3605400005,0.000934408688398943
2018,JP3385820000,0.0005453806519540556
2018,HK0242001243,0.00031658255278221994
2018,JP3409000001,0.0035386373962435357
2018,JP3544000007,0.0007740722495445315
2018,JP3040890000,0.0007839822234248897
2018,BMG4600H1198,0.0005026322856301652
2018,JP3495000006,0.0009960058222098314
2018,JP3351600006,0.0043650468358148314
2018,JP3407400005,0.0021604845732945146
2018,JP3778630008,0.0011871826663768126
2018,JP3266400005,0.004583025569157784
2018,JP3955000009,0.0008898564746865786
2018,JP3294460005,0.003317009834943393
2018,JP3675600005,0.0014531733890567964
2018,JP3414750004,0.0017348291156397931
2018,JP3573000001,0.0023834805758227206
2018,AU000000STO6,0.0016057992410815785
2018,AU000000CIM7,0.0023848259425492038
2018,JP3519400000,0.005105962634811484
2018,JP3165600002,0.0006677783910831182
2018,BMG2442N1048,0.0007495107133053283
2018,JP3619800000,0.0004929078115245251
2018,JP3304200003,0.007197688366308364
2018,JP3358200008,0.0007701603848846525
2018,JP3502200003,0.0024073033766241763
2018,AU000000SIG5,0.00022504603644225645
2018,JP3973400009,0.0022674866114826536
2018,JP3659000008,0.0030694179962886536
2018,HK0308001558,0.000501817848824581
2018,JP3493400000,0.0009874092264679458
2018,JP3322930003,0.0015253178278443044
2018,JP3711600001,0.0014436648080718457
2018,JP3357200009,0.0015526475623056496
2018,JP3914400001,0.006070213756604704
2018,HK0014000126,0.0010038321590818847
2018,JP3665200006,0.000748106567753961
2018,JP3274400005,0.00037053745191102276
2018,JP3385980002,0.0008452451269322907
2018,JP3695200000,0.0013007597854558413
2018,JP3967200001,0.002567269412385037
2018,JP3027680002,0.0015028209465618304
2018,JP3814800003,0.005004271944697419
2018,AU000000CWY3,0.0003125224724510645
2018,AU000000SGP0,0.001671240967518003
2018,BMG8063F1068,0.0014717766260840626
2018,JP3538800008,0.0022966429750541986
2018,AU000000MTS0,0.0005169819125669724
2018,JP3404200002,0.0006587623613488778
2019,JP3733400000,0.0006280641397590976
2019,JP3224200000,0.0011430096771773317
2019,JP3388200002,0.0039481126963784195
2019,JP3210200006,0.0016319291687335407
2019,JP3663900003,0.0014280805732454493
2019,JP3667600005,0.0006382667380163869
2019,JP3148800000,0.0005386518490350366
2019,AU000000ILU1,0.000572327280196365
2019,HK0008011667,0.001265837613888737
2019,JP3112000009,0.0012636643002005277
2019,JP3419400001,0.0013476420926005755
2019,JP3827200001,0.0003974645210501031
2019,JP3870400003,0.0008563786011497296
2019,JP3635000007,0.0025478134340357122
2019,NZSKCE0001S2,0.0005671345689671942
2019,JP3350800003,0.0004424681319782507
2019,AU000000DXS1,0.0016899205122377292
2019,JP3579800008,0.0007378131207245274
2019,SGXE34184239,0.0008702832883299046
2019,AU000000WBC1,0.012248606043726582
2019,NZAIAE0002S6,0.0011893119132615733
2019,KYG217651051,0.007440097623204007
2019,SG1T75931496,0.007301720820540947
2019,JP3893200000,0.00460221268095993
2019,JP3738600000,0.0010267533020784706
2019,JP3634600005,0.003418021627477921
2019,AU0000088338,0.0009497479695661812
2019,AU0000224040,0.004350647117784116
2019,JP3891600003,0.0003175127425183429
2019,US89677Q1076,0.00407564806614996
2019,AU000000BSL0,0.000614932412015394
2019,JP3820000002,0.0009942255483366483
2019,AU000000BHP4,0.015438042805694364
2019,SG1T58930911,9.480335565305531e-05
2019,JP3246400000,0.0010675693442417178
2019,JP3862400003,0.0022225759914927955
2019,JP3223800008,0.0
2019,JP3830800003,0.00613628487737881
2019,JP3420600003,0.0020577317802256854
2019,JP3890310000,0.003664112002478257
2019,JP3774200004,0.0015961125335273317
2019,JP3126400005,0.0010727412425262399
2019,AU000000IAG3,0.0022916659653783493
2019,AU000000CGF5,0.0005387151371005184
2019,JP3549600009,0.000262580032831081
2019,JP3720800006,0.0008144620538760169
2019,SGXE21576413,0.00222456708938746
2019,JP3902400005,0.005168180056418799
2019,JP3400900001,1.1589762155420008e-11
2019,HK0688002218,0.008240865455815038
2019,AU000000WOR2,0.0010466025334488617
2019,HK0023000190,0.0019500293680764092
2019,JP3672400003,0.006992398878828343
2019,AU000000ANZ3,0.010484147624606826
2019,JP3629000005,0.0011233083158751515
2019,HK0200030994,0.0008337487332968144
2019,KYG210961051,0.002380482606153558
2019,JP3499800005,0.0004943613963702216
2019,JP3435000009,0.013260331839238134
2019,AU000000TAH8,0.0012714701598907907
2019,JP3638600001,0.00011339747300274111
2019,AU000000FLT9,0.0005566449155901583
2019,JP3421800008,0.0038391467394715195
2019,JP3888300005,0.00086089536681783
2019,JP3598600009,0.0016215382691154036
2019,AU000000BEN6,0.0006229295803230238
2019,MU0117U00026,0.0
2019,JP3613000003,0.0007037722690449627
2019,JP3743000006,0.0009588388039201872
2019,JP3276400003,0.0004884793794760062
2019,JP3452000007,0.0003514011374073616
2019,AU000000TLS2,0.005127923971931699
2019,JP3982800009,0.0015652438563599688
2019,JP3596200000,0.0012839688749358461
2019,HK0000049939,0.0066041074977530746
2019,HK0165000859,0.0007814299551349333
2019,AU000000NAB4,0.009378515878131816
2019,JP3796150005,0.0004787991028857671
2019,JP3899600005,0.004704666672418033
2019,JP3753000003,0.0
2019,JP3243600008,0.0003405114570813133
2019,AU000000GWA4,0.00013150257121580884
2019,JP3802300008,0.009684193786023598
2019,JP3347200002,0.004234473772597981
2019,JP3890350006,0.010239811579981594
2019,AU000000SUN6,0.0023185441421455146
2019,HK0003000038,0.0072545572252506385
2019,JP3256000005,0.0016619730065650987
2019,HK0000139300,4.3699753956773644e-05
2019,HK2388011192,0.008171079184895897
2019,AU000000MQG1,0.005798875221140886
2019,JP3269600007,0.0010391120407320402
2019,JP3526600006,0.0012353577781043577
2019,JP3942600002,0.00163795674154111
2019,JP3535800001,0.0006926922593413083
2019,JP3456000003,0.00041320597739374215
2019,AU000000BPT9,0.0005722210645262302
2019,JP3940000007,0.0023341319955811463
2019,JP3496400007,0.01260042042262354
2019,JP3762800005,0.0020946448008443215
2019,JP3368000000,0.0005899453098386627
2019,AU000000WES1,0.00554574149893236
2019,HK0066009694,0.006965443456155933
2019,JP3788600009,0.005812045988086467
2019,JP3551500006,0.006886840962151549
2019,HK0363006039,0.0006509861208623848
2019,JP3951600000,0.004066848364512079
2019,SG1S83002349,0.0009202531396922347
2019,JP3293200006,0.0017289097648610177
2019,JP3787000003,0.0011776578026498972
2019,BMG684371393,0.0
2019,HK0000055878,0.0023580740796962326
2019,AU000000SHL7,0.0015405744743058382
2019,AU000000ASX7,0.0019166208188938535
2019,JP3830000000,0.0010115192583510354
2019,JP3172100004,0.00041692736821149356
2019,JP3845400005,0.0
2019,JP3686800008,1.242012252046384e-11
2019,JP3898400001,0.009427530492743742
2019,JP3854600008,0.010561732275967413
2019,JP3635400009,0.0007176742517302246
2019,AU000000ERA9,7.738028524237637e-10
2019,BMG677491539,0.0005791473557550628
2019,JP3389900006,0.00033696205384871553
2019,JP3600200004,0.0012537518401094059
2019,JP3592200004,0.0037632753879695987
2019,JP3888400003,0.0003400657536180666
2019,JP3566800003,0.00928765023827684
2019,AU000000ALL7,0.0023008131651161287
2019,JP3126340003,0.0012010335307118174
2019,JP3893600001,0.005660901383307052
2019,HK0392044647,0.0016412270598717457
2019,JP3198900007,0.007530481039344395
2019,JP3326410002,0.0006229546946932138
2019,JP3463000004,0.012243092585257902
2019,JP3486800000,0.002325484098068972
2019,JP3742600004,0.0005405326758991559
2019,JP3942800008,0.0016172199320177655
2019,HK0004000045,0.0017432425473461923
2019,JP3429800000,0.0024464885107081348
2019,SG1M51904654,0.001330987580110134
2019,JP3118000003,1.5430430816594467e-07
2019,JP3684000007,0.0019932200159204503
2019,AU000000DOW2,0.0006942328279249809
2019,JP3283650004,0.0020619191865988117
2019,JP3481800005,0.006248931958825039
2019,AU000000BWP3,0.0007795825611573247
2019,JP3268950007,0.0009006291768285272
2019,AU000000CSL8,0.013095248195483921
2019,NZFBUE0001S0,0.000394100041605062
2019,JP3289800009,0.0
2019,KYG2108Y1052,0.005439611804028178
2019,HK0823032773,0.005105587109152915
2019,HK0019000162,0.0008342900072296023
2019,JP3215800008,0.00028752279790572637
2019,JP3320800000,0.0006690289033384206
2019,JP3249600002,0.0039556197409982286
2019,JP3585800000,0.0012529638904753685
2019,JP3375800004,0.0002437383859560364
2019,HK0012000102,0.005055485135226897
2019,JP3190000004,0.001327563718772089
2019,JP3678000005,0.0005473476377820543
2019,NZCENE0001S6,0.0005425426995969072
2019,AU000000APA1,0.001561644221132519
2019,JP3818000006,0.0028950386004395782
2019,AU000000ORI1,0.000811472638251855
2019,JP3491000000,0.0004855439821123307
2019,KYG5427W1309,0.0006612754691761139
2019,JP3726800000,0.00991479656158538
2019,JP3134800006,0.0013126115238795402
2019,JP3164800009,0.0008243410966973183
2019,AU000000BLD2,0.0005828127180348472
2019,JP3173400007,0.0016620878368570993
2019,JP3837800006,0.005098074268068638
2019,JP3397200001,0.005596040219663709
2019,JP3401400001,0.001502206953495272
2019,AU000000LLC3,0.0008097105770184814
2019,AU000000SGM7,0.0004980939503232694
2019,JP3415400005,0.0006991506477539944
2019,JP3814000000,0.00516627583093579
2019,HK0011000095,0.009002652409971494
2019,JP3900000005,0.0024584533924790317
2019,AU000000OZL8,0.0003791380777665863
2019,JP3027670003,0.002118940580736052
2019,AU000000CBA7,0.017976279734266652
2019,HK0010000088,0.0009540233204303003
2019,JP3903000002,3.193288340824049e-11
2019,JP3626800001,0.0009029414145860492
2019,JP3766550002,0.0013377353744079062
2019,AU000000TCL6,0.004799541770343447
2019,JP3711200000,0.0011115339103644208
2019,JP3634200004,0.00047852016492177005
2019,JP3721400004,0.00026792881433245315
2019,JP3300600008,0.0010012814218496942
2019,JP3574200006,0.00208146784191631
2019,JP3786200000,0.0008233969155839025
2019,SG9999000020,0.000914637889137467
2019,JP3371200001,0.006797054019949904
2019,AU000000QAN2,0.0007521076030281449
2019,HK0291001490,0.002431091477543697
2019,JP3352400000,0.00036289635108669496
2019,AU000000MAH3,0.0
2019,KYG0535Q1331,0.0006930418139697054
2019,JP3735400008,0.016685868726881048
2019,JP3582600007,0.0005142008681326127
2019,SG9999003735,0.0
2019,AU000000SBM8,0.0003882419200673871
2019,HK0002007356,0.002944624170071229
2019,JP3180400008,0.0011036419680748128
2019,JP3156400008,0.0007812967269273184
2019,JP3102000001,0.002113189090997268
2019,JP3935600001,0.000962832681203778
2019,JP3902900004,0.013866023898527147
2019,JP3201200007,0.0028372482725197577
2019,JP3505000004,0.004269457835410001
2019,BMG8403G1033,0.0
2019,JP3625000009,3.720024609909706e-11
2019,JP3560800009,0.000609486864893038
2019,BMG988031446,0.0012351609909984885
2019,JP3621000003,0.001914136624311575
2019,JP3258000003,0.00435395375087793
2019,JP3866800000,0.004701382874975182
2019,JP3718800000,0.0008860135785101797
2019,JP3551520004,0.0030803986524988586
2019,SG1J26887955,0.0012084835837756203
2019,JP3419050004,0.00069720690052518
2019,JP3819400007,0.0009059788442081663
2019,JP3762600009,0.0028041990865650423
2019,JP3688370000,0.0012567153924209298
2019,JP3670800006,0.0013385876150213988
2019,JP3228600007,0.0032066425152450923
2019,SG1P66918738,0.0008856382228057568
2019,AU000000GPT8,0.001685375172224773
2019,JP3165700000,0.003190907021831064
2019,SG1R50925390,0.0
2019,JP3756600007,0.007695428596101769
2019,JP3942400007,0.005697982163428221
2019,JP3131430005,0.0010389442267025575
2019,SG1V61937297,2.8017188035205727e-11
2019,JP3870000001,0.00013272708197070956
2019,JP3160400002,0.004293665532201938
2019,JP3158800007,0.0
2019,JP3270000007,0.0006715548337589671
2019,AU000000IVC8,0.0004661207830182523
2019,JP3111200006,0.002941396309718032
2019,SG1N31909426,0.0009840721990968914
2019,JP3792600003,0.0011490687716982802
2019,JP3402600005,0.0017786950322661434
2019,JP3933800009,0.002789049441528206
2019,JP3386030005,0.0008933745276449505
2019,JP3358000002,0.0024921303503801407
2019,JP3137200006,0.003053350121083689
2019,JP3336000009,0.0010096097812342622
2019,JP3359600008,0.0011764015243948425
2019,SG2B80958517,0.0002443593849006228
2019,JP3197600004,0.0025101905008585424
2019,JP3811000003,0.00011966051223372545
2019,JP3733000008,0.0017266827101170546
2019,JP3143600009,0.005781581902258625
2019,SG1F60858221,0.0025860567914783197
2019,JP3116000005,0.004175967972283672
2019,JP3676800000,0.0010941605001289951
2019,AU000000COH5,0.0017136664189943344
2019,JP3119600009,0.0012668197335381048
2019,JP3421100003,4.5846096900213094e-10
2019,JP3528600004,1.240077575623135e-07
2019,AU000000IGO4,0.0004549008517756461
2019,JP3546800008,0.003921633564513563
2019,JP3405400007,0.0007866569967116165
2019,JP3765400001,0.0008107646436297238
2019,JP3404600003,0.0037286579157421915
2019,JP3205800000,0.007242611445591764
2019,HK0388045442,0.007765504128824621
2019,JP3260800002,0.001615268796047494
2019,JP3358800005,0.001465636298242669
2019,SG1B51001017,0.002074668959855867
2019,JP3443600006,0.0025149644658658214
2019,JP3351100007,0.00236429595224738
2019,JP3229400001,0.0010016094798425024
2019,JP3166000004,0.0010841342189779454
2019,JP3982100004,0.0013287419699183109
2019,JP3868400007,0.0013734543439476998
2019,AU000000AMP6,0.0009283691512817913
2019,JP3734800000,0.006711834573875636
2019,JP3910660004,0.007055958345829982
2019,JP3877600001,0.0026393162623804035
2019,HK0016000132,0.009833995709932437
2019,JP3362700001,0.0
2019,NZTELE0001S4,0.0006020535858501945
2019,JP3613400005,0.0014965721776064055
2019,BMG2178K1009,0.004574969710398115
2019,SG1R89002252,0.0014071011855896134
2019,HK0000608585,0.0031196879808737406
2019,SG1L01001701,0.009278843095459512
2019,JP3894900004,0.0008640262575562462
2019,JP3485800001,0.0006157803639537503
2019,AU000000CSR5,0.00015667089611474632
2019,JP3657400002,0.0011190909703486418
2019,AU000000ABC7,2.931064542905076e-10
2019,SG1U68934629,0.0015855918272328913
2019,JP3571400005,0.004696112627871126
2019,JP3122400009,0.0009853360016396822
2019,JP3242800005,0.008106073618976766
2019,JP3783600004,0.007162670642119619
2019,JP3799000009,0.0009573385572209495
2019,AU000000WOW2,0.0054246515978124375
2019,JP3197800000,0.0021351614720451725
2019,JP3551200003,0.0
2019,JP3305990008,0.004510317933253598
2019,JP3449020001,8.39840919406021e-12
2019,JP3381000003,0.001294475378557234
2019,JP3494600004,0.0003854449663150648
2019,JP3977400005,0.0004894226445138846
2019,HK0000745908,0.0005602433812501332
2019,JP3769000005,0.0004430999049339174
2019,JP3174410005,0.0010606004468686108
2019,BMG524401079,0.0014572165601727512
2019,AU000000NCM7,0.002715703968970616
2019,AU0000038911,9.698232373292934e-10
2019,BMG668971101,0.0018964730256118628
2019,JP3522200009,0.00020080005202022512
2019,AU000000MND5,0.0004610756423727799
2019,KYG525621408,0.0007892521332537509
2019,JP3539220008,0.0013961708373343297
2019,AU000000RHC8,0.0015784557980229623
2019,JP3595200001,0.0006342740222297845
2019,JP3939000000,0.0009891416023950375
2019,JP3209000003,0.0007504352965849555
2019,JP3143000002,0.0008557791938145528
2019,JP3200450009,0.004051287905616602
2019,JP3835620000,0.0004993446502753416
2019,BMG2108M2182,0.00020670772687712995
2019,HK0083000502,0.002386536976674192
2019,HK0006000050,0.002613444339718448
2019,JP3850200001,0.0
2019,AU000000PPT9,0.00027222880157660626
2019,AU000000CQR9,0.0005395516434923046
2019,NZAIRE0001S2,2.4245403676516167e-05
2019,IE00BKVD2N49,0.002417633660801847
2019,JP3194000000,0.00038691094225561627
2019,JP3493800001,0.0016356773540790242
2019,HK0293001514,0.00010873611467971399
2019,AU000000QBE9,0.0020179476266197326
2019,JP3826800009,5.610998154313367e-05
2019,JP3436100006,0.01714643010644856
2019,JP3633400001,0.039548941624383945
2019,JP3511800009,0.0007884176264317262
2019,AU000000MGR9,0.001279531084528986
2019,AU000000ORG5,0.001015447972034635
2019,AU000000ELD6,0.00021246788306540076
2019,HK0144000764,0.001445690133921313
2019,JP3475350009,0.005061245129358466
2019,JP3605400005,0.0009194561530446332
2019,JP3385820000,0.0005770559623688838
2019,HK0242001243,0.00031589106519686435
2019,JP3409000001,0.0038235502173592263
2019,JP3544000007,0.0007209906314760835
2019,JP3040890000,0.0011182219856209147
2019,BMG4600H1198,0.0007194760586255248
2019,JP3495000006,0.0018997168114203537
2019,JP3351600006,0.005188881167550631
2019,JP3407400005,0.0018214159577105494
2019,JP3778630008,0.0019672965982413643
2019,JP3266400005,0.0035781932866126437
2019,JP3955000009,0.0008583561037426874
2019,JP3294460005,0.0022104136693082846
2019,JP3675600005,0.0008693578815827165
2019,JP3414750004,0.0010033306039628567
2019,JP3573000001,0.002716463027330977
2019,AU000000STO6,0.00192101098760207
2019,AU000000CIM7,0.0021329664476540614
2019,JP3519400000,0.0065001141412968436
2019,JP3165600002,0.00040298558592949423
2019,BMG2442N1048,0.0008434350093246144
2019,JP3619800000,0.0006261777822289021
2019,JP3304200003,0.004915076719423064
2019,AU000000IRE2,0.00028254735947008734
2019,JP3358200008,0.0006107619677757948
2019,JP3502200003,0.0020087079795754284
2019,AU000000SIG5,0.0003086939851873888
2019,JP3973400009,0.0023497913681625763
2019,JP3659000008,0.0031518701538620856
2019,HK0308001558,0.0003546272467453752
2019,JP3493400000,0.001011936318127741
2019,JP3322930003,0.0007661148041848117
2019,JP3711600001,0.0014562311144388346
2019,JP3357200009,0.0012613793589257166
2019,JP3914400001,0.006906772109149749
2019,HK0014000126,0.0009620290249477224
2019,JP3665200006,0.0008734328830060251
2019,JP3274400005,8.340568113437537e-07
2019,JP3385980002,0.0007406747235811911
2019,JP3695200000,0.0011080916974216736
2019,JP3967200001,0.002308585263219925
2019,JP3027680002,0.0018682177338052147
2019,JP3814800003,0.003829035104067212
2019,AU000000CWY3,0.0002620182975822922
2019,AU000000SGP0,0.001130102094796531
2019,BMG8063F1068,0.0010346764377491642
2019,JP3538800008,0.002209275148564893
2019,JP3756100008,0.003504565505414564
2019,AU000000MTS0,0.00016272463127949563
2019,JP3404200002,0.0002744492379795763
2020,JP3733400000,0.0004809529695896289
2020,JP3224200000,0.0008536065317982433
2020,JP3388200002,0.0033123057225521915
2020,JP3210200006,0.0013785787341134884
2020,JP3663900003,0.0009507958289694517
2020,JP3667600005,0.0005180802718160776
2020,JP3148800000,0.0008706300654435531
2020,AU000000ILU1,0.00047375257585236967
2020,HK0008011667,0.0006559223066314928
2020,JP3112000009,0.0012349691399399967
2020,JP3419400001,0.0014726802974606697
2020,JP3827200001,0.00038949772942871474
2020,JP3870400003,0.0008878328763015691
2020,JP3635000007,0.0022719601990093628
2020,NZSKCE0001S2,0.0002799815225840007
2020,JP3350800003,0.00034689560925895633
2020,AU000000DXS1,0.001654152774155648
2020,JP3579800008,0.0005054504042819036
2020,SGXE34184239,0.0005288240511731077
2020,AU000000WBC1,0.011010653407951761
2020,NZAIAE0002S6,0.0010070174907310144
2020,KYG217651051,0.005965335665419018
2020,SG1T75931496,0.007095799550378078
2020,JP3893200000,0.004697787416351639
2020,JP3738600000,0.0006786778357882773
2020,JP3634600005,0.0034688217163315834
2020,AU0000088338,0.0009319838454600162
2020,AU0000224040,0.003894774269386296
2020,US89677Q1076,0.0035275164846231477
2020,AU000000BSL0,0.0005526916822432606
2020,JP3820000002,0.0010263323637825492
2020,AU000000BHP4,0.014141930114963877
2020,SG1T58930911,8.66361374026042e-05
2020,JP3246400000,0.00032147375737460256
2020,JP3862400003,0.002069094275092423
2020,JP3223800008,1.0625535495245664e-12
2020,JP3830800003,0.00496341757368276
2020,JP3420600003,0.0028894268633990593
2020,JP3890310000,0.0037083020086549194
2020,JP3774200004,0.0015151786223723666
2020,JP3126400005,0.0008450182338497546
2020,AU000000IAG3,0.0018760355161907551
2020,AU000000CGF5,0.0006972053800913884
2020,JP3549600009,0.00023593142489516057
2020,JP3720800006,0.000787762246312165
2020,SGXE21576413,0.0014934760925847267
2020,JP3902400005,0.005464521952405766
2020,JP3400900001,0.0
2020,HK0688002218,0.006650977404946195
2020,AU000000WOR2,0.0009929497256959987
2020,HK0023000190,0.0012565257959571907
2020,JP3672400003,0.004223494915573738
2020,AU000000ANZ3,0.00882785521786416
2020,JP3629000005,0.0012748184097455078
2020,HK0200030994,0.0007185941179449727
2020,KYG210961051,0.002713864977574544
2020,JP3499800005,0.0006181123375163961
2020,JP3435000009,0.01694707970756867
2020,AU000000TAH8,0.0010445266118882007
2020,JP3638600001,0.0
2020,AU000000FLT9,0.00028633771317747005
2020,JP3421800008,0.0037691623070608585
2020,JP3888300005,0.0007361937066844784
2020,JP3598600009,0.0015663176254874249
2020,JP3039710003,0.0010695364927140432
2020,AU000000BEN6,0.0006114665283460027
2020,MU0117U00026,2.0840241497771063e-07
2020,JP3613000003,0.0009406667629743139
2020,JP3292200007,0.0005378687378675532
2020,JP3743000006,0.000956638234420638
2020,JP3276400003,0.0001203339255162898
2020,JP3452000007,0.0005717016422992333
2020,AU000000TLS2,0.005584535846913618
2020,JP3982800009,0.0014611075154294982
2020,JP3596200000,0.0012817889046886667
2020,HK0000049939,0.004375161801157006
2020,HK0165000859,0.0005653404162184271
2020,AU000000NAB4,0.009224755487488013
2020,JP3796150005,0.00014317800923664917
2020,JP3899600005,0.005023911412260093
2020,JP3753000003,0.0
2020,JP3243600008,0.0006526550390901533
2020,AU000000GWA4,3.7993830276696964e-05
2020,JP3802300008,0.010122067161565105
2020,JP3347200002,0.003771277850230771
2020,JP3890350006,0.008921274015158886
2020,JP3548610009,0.0003968775388382602
2020,AU000000SUN6,0.001832689933041607
2020,HK0003000038,0.006199773531233875
2020,JP3256000005,0.00199175977771319
2020,HK0000139300,9.529068887410226e-05
2020,HK2388011192,0.006453699825518772
2020,AU000000MQG1,0.006224643470560697
2020,JP3269600007,0.00055295975789504
2020,JP3526600006,0.002406403642870787
2020,JP3942600002,0.0015704296271352892
2020,JP3535800001,0.0007932300459204453
2020,JP3456000003,0.00035542101051622724
2020,AU000000BPT9,0.0007175071616757634
2020,JP3940000007,0.001565358978554699
2020,JP3496400007,0.013426691426431046
2020,JP3762800005,0.0028940277084477987
2020,JP3368000000,0.00024396416728054494
2020,AU000000WES1,0.0064061711274294745
2020,HK0066009694,0.006534271922713687
2020,JP3788600009,0.006394194055316274
2020,JP3551500006,0.005966604891110866
2020,HK0363006039,0.0005823136792249848
2020,JP3951600000,0.004139156379204649
2020,SG1S83002349,0.001006558291619552
2020,JP3293200006,0.001414760961105197
2020,JP3787000003,0.000873126839153493
2020,JP3992400006,0.00016480261799369666
2020,BMG684371393,6.195002295494452e-11
2020,HK0000055878,0.001614717472014117
2020,AU000000SHL7,0.0017453288448267127
2020,AU000000ASX7,0.00202312106502162
2020,JP3830000000,0.0008851328384105393
2020,JP3172100004,0.00030971613557646556
2020,JP3188220002,0.00435715900166749
2020,JP3845400005,2.893911981028334e-12
2020,JP3686800008,7.674625238707202e-12
2020,JP3898400001,0.007729790861390372
2020,JP3122800000,0.0007028137368100235
2020,JP3854600008,0.008381103413212647
2020,JP3635400009,0.0007195834305200769
2020,AU000000ERA9,5.946399321397731e-05
2020,BMG677491539,0.0003955563658048982
2020,JP3389900006,0.00034846453621181604
2020,JP3600200004,0.0010417253842175459
2020,JP3592200004,0.003000026773837208
2020,JP3888400003,0.0003115020041750511
2020,JP3566800003,0.00760133608290636
2020,AU000000ALL7,0.002711945009490129
2020,JP3126340003,0.0009865955345695293
2020,JP3893600001,0.005793157975579233
2020,JP3162600005,0.0053742870174599494
2020,HK0392044647,0.000975420557103833
2020,JP3198900007,0.008515156597653764
2020,JP3326410002,0.0004044092448568324
2020,JP3463000004,0.011020553447409943
2020,JP3486800000,0.001789303587883918
2020,JP3459600007,0.00039973875862628794
2020,JP3742600004,0.00031533261003545665
2020,JP3942800008,0.0012748775397777533
2020,HK0004000045,0.001213787721429569
2020,JP3429800000,0.0016003997671894304
2020,SG1M51904654,0.0011626159982784591
2020,JP3118000003,4.563671763079719e-07
2020,JP3684000007,0.0017504012744006354
2020,AU000000DOW2,0.0005564004198167292
2020,AU000000BOQ8,0.0006420833548999145
2020,JP3283650004,0.0016667796734774326
2020,JP3481800005,0.007683567707605507
2020,AU000000BWP3,0.0004144106638576706
2020,JP3268950007,0.0006010294662840051
2020,AU000000CSL8,0.017562867333286058
2020,NZFBUE0001S0,0.0005183841617863024
2020,JP3289800009,3.6833046227916815e-12
2020,KYG2108Y1052,0.005519829460789695
2020,HK0823032773,0.00404448443811863
2020,HK0019000162,0.0017203478526670796
2020,JP3215800008,0.00012340534071511792
2020,JP3320800000,0.0004547022581181328
2020,JP3249600002,0.0045236678524093205
2020,JP3585800000,0.001359726459586688
2020,JP3375800004,0.0003482559305393901
2020,HK0012000102,0.004080326769015354
2020,JP3190000004,0.001353591387169854
2020,JP3678000005,0.0003159718001364193
2020,NZCENE0001S6,0.0005883668419226449
2020,AU000000APA1,0.0016940078580677932
2020,JP3818000006,0.0043946951956777116
2020,AU000000ORI1,0.000812229274158549
2020,JP3491000000,0.0004849675198971171
2020,KYG5427W1309,0.0004880295631634285
2020,JP3726800000,0.007852079681478465
2020,JP3164630000,0.0009693910226215085
2020,JP3134800006,0.0008990677520431398
2020,AU000000CPU5,0.001207435196527832
2020,JP3164800009,0.000672492874197466
2020,AU000000BLD2,0.0005555989596519177
2020,JP3173400007,0.002496552242715775
2020,JP3837800006,0.007063570099299905
2020,JP3397200001,0.004264654718314966
2020,JP3401400001,0.0011671412435753402
2020,AU000000LLC3,0.0011076064246489507
2020,JP3885400006,0.001595932551248346
2020,AU000000SGM7,0.0003568818436861573
2020,JP3415400005,0.0004086219363125572
2020,JP3814000000,0.005252903019730889
2020,HK0011000095,0.007234618029515577
2020,JP3900000005,0.002322363028799538
2020,AU000000OZL8,0.0002733237286572374
2020,JP3027670003,0.002182541112914571
2020,AU000000CBA7,0.018546849597217637
2020,HK0010000088,0.0005913903978121075
2020,JP3903000002,1.5033332895977892e-05
2020,JP3626800001,0.0009315606511070842
2020,JP3766550002,0.0012629425256351799
2020,AU000000TCL6,0.0053912604308917365
2020,JP3711200000,0.000591346163156954
2020,HK2380027329,0.0
2020,JP3634200004,0.0005272953878030382
2020,JP3721400004,0.0002310491825991248
2020,JP3300600008,0.0006139813530812356
2020,JP3574200006,0.0018229051402698297
2020,JP3786200000,0.0012450478456925282
2020,SG9999000020,0.0011626174469903364
2020,JP3371200001,0.008622428865673736
2020,AU000000QAN2,0.0009159024846551813
2020,HK0291001490,0.002840724045536509
2020,JP3352400000,0.0002852737314064718
2020,AU000000MAH3,0.0
2020,KYG0535Q1331,0.0008481036412055998
2020,JP3735400008,0.018641102313895465
2020,JP3203500008,0.0
2020,JP3582600007,0.000695063083324796
2020,SG9999003735,5.518575578731464e-05
2020,AU000000SBM8,0.00019988704183064005
2020,HK0002007356,0.003092504995524555
2020,JP3180400008,0.0009868479285788355
2020,JP3156400008,0.00038684757307377057
2020,JP3102000001,0.0017975707414905138
2020,JP3935600001,0.0010387883239755718
2020,JP3902900004,0.012640063848020616
2020,JP3201200007,0.004236604335214783
2020,JP3505000004,0.003958455525320591
2020,BMG8403G1033,0.0
2020,JP3625000009,0.0
2020,JP3560800009,0.0002667846299095809
2020,BMG988031446,0.0011308399913242183
2020,JP3621000003,0.0016810137626213724
2020,JP3258000003,0.003690309478353256
2020,JP3866800000,0.004544792651910799
2020,JP3351500008,0.00013383250079287382
2020,JP3718800000,0.0005954660563356425
2020,JP3551520004,0.001783410634908844
2020,SG1J26887955,0.0012183674389605018
2020,JP3419050004,0.0006370660455196174
2020,JP3762600009,0.003336641284604687
2020,JP3688370000,0.001072431449279691
2020,BMG5320C1082,0.0014721661387757767
2020,JP3670800006,0.0010081471059313724
2020,JP3228600007,0.0023302014448691073
2020,SG1P66918738,0.0003847275130407454
2020,AU000000GPT8,0.0015278398937941555
2020,JP3165700000,0.0034757661619867113
2020,SG1R50925390,0.0
2020,JP3756600007,0.008829943103017048
2020,JP3942400007,0.005602243732168927
2020,JP3131430005,0.0008557603517836604
2020,JP3425000001,0.0
2020,SG1V61937297,0.0004683524511819833
2020,JP3870000001,0.00018632252543095108
2020,JP3160400002,0.0039589361688775635
2020,JP3158800007,0.0
2020,JP3270000007,0.0006460028086100767
2020,AU000000JBH7,0.000392173159253858
2020,AU000000IVC8,0.00031234721233746606
2020,JP3111200006,0.002491911415224896
2020,SG1N31909426,0.0009207565622574637
2020,JP3792600003,0.0010601919348987433
2020,JP3402600005,0.001613236995305624
2020,JP3933800009,0.0034469331160685464
2020,JP3386030005,0.00044969406693960343
2020,JP3358000002,0.0025964172733603645
2020,JP3137200006,0.0018612159655770853
2020,JP3336000009,0.001476102307281265
2020,JP3359600008,0.0012923402169826724
2020,SG2B80958517,0.0003241378334178612
2020,JP3197600004,0.002371284495141523
2020,JP3811000003,0.00013434910079246828
2020,JP3733000008,0.0022350767675790866
2020,JP3143600009,0.006946475615144159
2020,AU000000ANN9,0.0006948061268163945
2020,SG1F60858221,0.0022794628436398276
2020,JP3116000005,0.00401209931754455
2020,JP3676800000,0.0006398095571001306
2020,AU000000COH5,0.0016576146706779832
2020,JP3119600009,0.0013310681701273971
2020,JP3421100003,0.0
2020,JP3528600004,8.83877534446462e-05
2020,AU000000IGO4,0.0004827023336387506
2020,JP3546800008,0.0045998787597759305
2020,JP3405400007,0.0005148721438020595
2020,JP3765400001,0.00060441382410365
2020,JP3896800004,0.0005706613500494449
2020,JP3404600003,0.0034549084639015648
2020,JP3205800000,0.007402823404083401
2020,HK0388045442,0.007981290508059059
2020,JP3260800002,0.0019096491506585406
2020,JP3358800005,0.0015174012943370366
2020,JP3108600002,0.0014327458436100588
2020,SG1B51001017,0.001536828238179041
2020,JP3443600006,0.0017672969226262781
2020,JP3351100007,0.0028378858017208903
2020,JP3229400001,0.0010322512944302698
2020,JP3166000004,0.0009021272089262582
2020,JP3982100004,0.0010849292438609257
2020,AU000000AMP6,0.0008250609296060455
2020,JP3734800000,0.006669503433330724
2020,JP3910660004,0.007209011732448881
2020,JP3877600001,0.002436122639595691
2020,HK0016000132,0.007456485394048285
2020,JP3362700001,0.00017922246339657937
2020,NZTELE0001S4,0.0008151810969872969
2020,JP3613400005,0.0009272102895394978
2020,BMG2178K1009,0.003375799577443749
2020,SG1R89002252,0.001397816924899461
2020,HK0000608585,0.002280150052462426
2020,SG1L01001701,0.008688476374109785
2020,JP3894900004,0.00044575364855451046
2020,JP3485800001,0.00020384216429015733
2020,AU000000CSR5,0.0001763457787742126
2020,JP3657400002,0.0006499677726710109
2020,AU000000ABC7,4.1324227885879303e-11
2020,SG1U68934629,0.001700864160115712
2020,JP3571400005,0.006816281880076401
2020,JP3122400009,0.0019821195341487513
2020,JP3242800005,0.006838918438106939
2020,JP3783600004,0.006168334050276688
2020,JP3799000009,0.0008619697213931303
2020,AU000000WOW2,0.006429864631372313
2020,JP3197800000,0.0024260521605081447
2020,JP3551200003,0.0
2020,JP3305990008,0.006411074355908986
2020,JP3449020001,0.0
2020,JP3381000003,0.0013426771892909464
2020,JP3494600004,0.0006220792439214379
2020,JP3977400005,0.00025893479698923865
2020,HK0000745908,0.000572980198712607
2020,JP3407200009,0.0
2020,JP3174410005,0.0010133881871201916
2020,BMG524401079,0.0008486447450424913
2020,AU000000NCM7,0.002746869893362782
2020,BMG668971101,0.0009115598242476856
2020,JP3522200009,0.0007316225154710628
2020,AU000000MND5,0.00037085384825230627
2020,KYG525621408,0.0007113949103172845
2020,JP3539220008,0.001034305225210856
2020,AU000000RHC8,0.001561337879847493
2020,JP3595200001,0.0007259177774878117
2020,JP3939000000,0.0010280243644548847
2020,JP3209000003,0.000901348187786947
2020,JP3143000002,0.0008300228060150482
2020,JP3200450009,0.0042017746331060426
2020,JP3835620000,0.0004906778224413406
2020,BMG2108M2182,0.0001225071663132452
2020,HK0083000502,0.0018258419909310164
2020,HK0006000050,0.002900715340151268
2020,JP3280200001,0.0010658371689182765
2020,JP3850200001,0.0
2020,AU000000PPT9,0.0002530576279492152
2020,AU000000CQR9,0.00030072002133687056
2020,NZAIRE0001S2,0.00023943218225227128
2020,IE00BKVD2N49,0.0026492741932064145
2020,JP3194000000,0.000382001969571622
2020,JP3493800001,0.0017649648524600075
2020,JP3277800003,0.0015292611272410689
2020,HK0293001514,0.0007261749585860025
2020,AU000000QBE9,0.0021130802689140827
2020,JP3826800009,8.287023315760094e-05
2020,JP3436100006,0.01600462347520458
2020,JP3633400001,0.0418748117515896
2020,JP3511800009,0.00046046745357330505
2020,AU000000MGR9,0.0015742358657545833
2020,AU000000ORG5,0.0014794255474102288
2020,AU000000ELD6,0.00031105214099146165
2020,HK0144000764,0.0011243828824165816
2020,JP3475350009,0.008971880452497062
2020,JP3605400005,0.00029528179453685124
2020,JP3385820000,0.00047772277279043064
2020,HK0242001243,0.000231186831832204
2020,JP3409000001,0.003382323048612382
2020,JP3544000007,0.0006601546283483286
2020,JP3040890000,0.0008579363841026102
2020,BMG4600H1198,0.0005595952668440058
2020,JP3495000006,0.001286890982423458
2020,JP3588600001,0.0006582193417546608
2020,JP3351600006,0.004695012103564921
2020,JP3407400005,0.00199429530763836
2020,JP3778630008,0.002428875573847069
2020,JP3266400005,0.003319730439373758
2020,JP3955000009,0.0008544211939607196
2020,JP3294460005,0.0023054971045410825
2020,JP3675600005,0.001394259848440003
2020,JP3906000009,0.0015394306186355367
2020,JP3414750004,0.0008396047412068682
2020,JP3573000001,0.0019968101915522054
2020,AU000000STO6,0.0021274949666788023
2020,AU000000CIM7,0.001177130562843635
2020,JP3519400000,0.010814062632836633
2020,JP3165600002,0.0002853260818546382
2020,BMG2442N1048,0.0004659041958340852
2020,JP3619800000,0.0005493359172003984
2020,JP3304200003,0.003928975587104626
2020,AU000000IRE2,0.00019449437465897767
2020,JP3358200008,0.0005267741634334572
2020,JP3502200003,0.0018413314815210475
2020,AU000000SIG5,0.0004266044836713013
2020,KYG548561284,0.00037436717798457376
2020,JP3973400009,0.002045619148786161
2020,JP3659000008,0.0031632810938726497
2020,HK0308001558,3.9313601178074906e-05
2020,JP3493400000,0.0007150248890285373
2020,HK0270001396,0.0028315563302576015
2020,JP3322930003,0.0007403177225643854
2020,JP3711600001,0.0017099857704882477
2020,JP3357200009,0.0015330769087087278
2020,JP3914400001,0.00712354282622545
2020,HK0014000126,0.0005535420260384507
2020,JP3665200006,0.0008030866095582052
2020,JP3274400005,0.0
2020,JP3385980002,0.0008694756399643678
2020,JP3695200000,0.0012042622867232168
2020,JP3967200001,0.0021934146027065117
2020,JP3027680002,0.0019733568463340075
2020,JP3814800003,0.00366077727635374
2020,AU000000CWY3,0.0002536144092698055
2020,AU000000SGP0,0.001193052494954058
2020,BMG8063F1068,0.0005977141415881036
2020,JP3771800004,0.0011710310381867668
2020,JP3538800008,0.0026081631494960004
2020,JP3756100008,0.0037802072564832637
2020,AU000000MTS0,0.0001161607275569258
2020,JP3404200002,0.0001538299013001629
2021,JP3802400006,0.008413089393231505
2021,JP3733400000,0.0004009904461643917
2021,JP3224200000,0.0005903890034667423
2021,JP3388200002,0.004436990743066571
2021,JP3210200006,0.0012025865968613954
2021,JP3663900003,0.0005790818643077791
2021,JP3667600005,0.0005032154097236313
2021,JP3148800000,0.0010876032700919912
2021,AU000000ILU1,0.0003818875797225404
2021,HK0008011667,0.000796623044876578
2021,JP3112000009,0.0013126930309969222
2021,JP3300200007,0.0014265599126983895
2021,JP3419400001,0.0013402311829924295
2021,JP3827200001,0.00031226013297353623
2021,JP3870400003,0.0006145061815479975
2021,JP3635000007,0.002245211976877536
2021,NZSKCE0001S2,0.0003086859191791801
2021,JP3350800003,6.208289164233037e-05
2021,JP3791200003,0.000723212036620124
2021,AU000000DXS1,0.0011432853050350029
2021,JP3579800008,0.0003014838265455531
2021,SGXE34184239,0.00027656088736170676
2021,AU000000SXL4,0.00011092973879624725
2021,JP3196000008,0.0016846529462235258
2021,AU000000WBC1,0.009328001418076826
2021,NZAIAE0002S6,0.001214678446442606
2021,KYG217651051,0.004212688860697104
2021,SG1T75931496,0.004650447875398535
2021,JP3893200000,0.003085444451416406
2021,JP3738600000,0.0006741272984226371
2021,JP3634600005,0.004401712201219699
2021,AU0000088338,0.0007413296503452273
2021,AU0000224040,0.00284306863862699
2021,US89677Q1076,0.0030520562315442742
2021,AU000000BSL0,0.0009874678551200994
2021,JP3820000002,0.0010095990481768509
2021,AU000000BHP4,0.01596320459147398
2021,SG1T58930911,0.0002205151217209176
2021,JP3246400000,0.0004466995752331432
2021,JP3862400003,0.0021425810001458184
2021,JP3223800008,0.0001842484155718065
2021,JP3830800003,0.004240609482964051
2021,JP3420600003,0.002081107766304917
2021,JP3890310000,0.002751392520634445
2021,JP3774200004,0.0011439433309293715
2021,JP3126400005,0.0004468771003331445
2021,AU000000IAG3,0.0013817325314932944
2021,AU000000CGF5,0.0005455040343019217
2021,JP3549600009,0.0005900533820650424
2021,JP3720800006,0.0007620493285490508
2021,SGXE21576413,0.0012743730109624793
2021,JP3902400005,0.00512751397670251
2021,AU0000033359,0.00032235796571378406
2021,JP3400900001,4.903412641265524e-09
2021,HK0688002218,0.004035011499197112
2021,AU000000WOR2,0.0006652695768416542
2021,HK0023000190,0.0010356010635811654
2021,JP3672400003,0.0034874544294253166
2021,HK0101000591,0.00192571860105816
2021,JP3131400008,0.0004608932588973687
2021,SG1M77906915,0.0014479245805947777
2021,AU000000ANZ3,0.008238421759362792
2021,JP3629000005,0.0009308039800773759
2021,HK0200030994,0.0004321466929410887
2021,KYG210961051,0.003715482995430097
2021,JP3499800005,0.000681092282160499
2021,JP3435000009,0.019870961267656393
2021,AU000000TAH8,0.0011558216244119848
2021,JP3638600001,0.00043012036512599794
2021,AU000000FLT9,0.0003620156153754799
2021,JP3421800008,0.0031760256033600076
2021,JP3888300005,0.0010359997421315918
2021,JP3598600009,0.0011833977718314272
2021,JP3039710003,0.0007673613005914901
2021,AU000000BEN6,0.0005796577501846658
2021,MU0117U00026,1.676960271433038e-08
2021,JP3613000003,0.000975796923150713
2021,JP3292200007,0.00047616625042487976
2021,JP3743000006,0.0007261465378015035
2021,JP3276400003,0.0003657346092070904
2021,JP3452000007,0.0011891504998852158
2021,AU000000TLS2,0.004505849571389821
2021,JP3982800009,0.0017819320625470818
2021,JP3596200000,0.0016823064692521438
2021,HK0000049939,0.002704892425313071
2021,HK0165000859,0.00044325101970963906
2021,AU000000NAB4,0.00952219896321443
2021,JP3796150005,0.0004456544544846254
2021,JP3899600005,0.003517524188462784
2021,JP3753000003,0.0006755448151179277
2021,JP3243600008,0.0005175048204847954
2021,AU000000GWA4,0.00016556842203700097
2021,JP3802300008,0.014474116384211776
2021,JP3347200002,0.002738365622476299
2021,JP3890350006,0.0068566693814576035
2021,JP3548610009,0.0004089221004672701
2021,AU000000SUN6,0.001618372215390635
2021,HK0003000038,0.004108374392289011
2021,JP3256000005,0.0023527336872267795
2021,HK0000139300,4.4775956707394286e-05
2021,HK2388011192,0.004996063015984828
2021,AU000000MQG1,0.005869652160333513
2021,JP3269600007,0.0005887408025714517
2021,JP3526600006,0.0017973699361534306
2021,JP3942600002,0.0017464756064794302
2021,JP3535800001,0.00048000521519263464
2021,JP3456000003,0.00028750834938150903
2021,AU000000BPT9,0.0004290374682508143
2021,JP3940000007,0.0017591534570582615
2021,JP3305530002,0.0007027374062010712
2021,JP3496400007,0.010924714163216755
2021,JP3762800005,0.0034550807818864277
2021,JP3368000000,0.0004681868032505419
2021,AU000000WES1,0.007499358268788414
2021,HK0066009694,0.005511334488295855
2021,JP3788600009,0.006438469933900808
2021,JP3551500006,0.007596061578918991
2021,HK0363006039,0.00025813969019435263
2021,JP3951600000,0.00443276791368934
2021,SG1S83002349,0.0007533916002931835
2021,JP3293200006,0.0005460564836883595
2021,JP3787000003,0.0009095935726322956
2021,JP3992400006,0.00016503950675240365
2021,BMG684371393,5.966237116653303e-05
2021,HK0000055878,0.0010801136497341187
2021,JP3944130008,0.0010405034116131604
2021,AU000000SHL7,0.0021364077953747907
2021,AU000000ASX7,0.0017305382236205123
2021,JP3830000000,0.0010287958448244084
2021,JP3172100004,0.0002947046327453882
2021,JP3188220002,0.0037269925013073404
2021,JP3845400005,3.3637501030860456e-09
2021,JP3898400001,0.00606831995372635
2021,JP3122800000,0.0006921851896228023
2021,JP3854600008,0.007571462904086363
2021,AU000000GMG2,0.004040388784289631
2021,JP3635400009,0.0005170045252022328
2021,AU000000ERA9,0.00011743264205149828
2021,BMG677491539,0.0009943767054320903
2021,JP3389900006,0.0002788888770086841
2021,JP3600200004,0.0010681789756846886
2021,JP3592200004,0.0024116642953818422
2021,JP3888400003,0.0003768204531321362
2021,JP3566800003,0.004644446857436406
2021,AU000000ALL7,0.0024555181081751132
2021,AU000000IFL2,0.0002362937184686492
2021,JP3126340003,0.0007583665489210955
2021,JP3893600001,0.004983977173352121
2021,HK0440001847,0.0001700998474616587
2021,JP3162600005,0.006589564508850642
2021,HK0392044647,0.0007261443848930032
2021,JP3198900007,0.008990917184615057
2021,JP3326410002,0.0002794447225478639
2021,JP3463000004,0.008625450764189704
2021,JP3486800000,0.0011903484775129857
2021,JP3459600007,0.0004745156073228609
2021,JP3742600004,0.0002832199821983191
2021,JP3942800008,0.001257595429646996
2021,HK0004000045,0.0010394652323820555
2021,JP3429800000,0.0016968862813235505
2021,SG1M51904654,0.0017025726432324583
2021,JP3118000003,0.0004344221487553966
2021,JP3684000007,0.0023788758177120907
2021,AU000000DOW2,0.00047962154585852554
2021,AU000000BOQ8,0.00046850501902863297
2021,JP3283650004,0.0015368295265724857
2021,JP3481800005,0.010110989309385797
2021,AU000000BWP3,0.0002732075718084246
2021,JP3268950007,0.0007822027090475934
2021,AU000000CSL8,0.014867678492967213
2021,NZFBUE0001S0,0.0005476499530748984
2021,JP3289800009,7.617729116941566e-09
2021,KYG2108Y1052,0.004522216255535066
2021,HK0823032773,0.00287176052527237
2021,HK0019000162,0.000988779750466461
2021,JP3271400008,0.0004161269017835613
2021,JP3215800008,0.0004039527460466891
2021,JP3320800000,0.000245021670585539
2021,JP3249600002,0.0036834002323538817
2021,JP3585800000,0.0010152009660163188
2021,JP3375800004,0.0005995328034665996
2021,HK0012000102,0.0031120241627907758
2021,JP3190000004,0.0010347075978870577
2021,JP3678000005,0.00026021863079914626
2021,NZCENE0001S6,0.0006838791248184107
2021,AU000000APA1,0.0014519754134120488
2021,JP3818000006,0.005060488293008535
2021,AU000000ORI1,0.0006585786632946224
2021,JP3491000000,0.0003274477346099884
2021,KYG5427W1309,0.0006125932705976806
2021,JP3726800000,0.006370805612211642
2021,JP3164630000,0.00116973821848266
2021,JP3134800006,0.0005318138731624255
2021,AU000000CPU5,0.0009509920755213939
2021,JP3164800009,0.00044871705265296533
2021,AU000000BLD2,0.0007071910050503535
2021,JP3173400007,0.0028756817718472616
2021,JP3837800006,0.007426616468094852
2021,JP3397200001,0.003705256147740603
2021,JP3401400001,0.0011665987912833472
2021,AU000000LLC3,0.0009566510643890564
2021,JP3885400006,0.0015391308206578512
2021,AU000000SGM7,0.000330501244185246
2021,JP3415400005,0.00044061254295100805
2021,JP3814000000,0.004828569666802209
2021,HK0011000095,0.005383556439167177
2021,JP3900000005,0.0014961578237321985
2021,AU000000OZL8,0.0007615284187472867
2021,JP3027670003,0.0015421596650223891
2021,AU000000CBA7,0.01833168599665315
2021,HK0010000088,0.0005334444850987254
2021,JP3903000002,0.00018120860790765575
2021,JP3626800001,0.0012112220868333036
2021,JP3766550002,0.0009793902881538915
2021,AU000000TCL6,0.004488587575553569
2021,JP3711200000,0.0004822818080328675
2021,HK2380027329,1.547756095871754e-09
2021,JP3634200004,0.000600163764208562
2021,JP3721400004,0.00034897572725662765
2021,JP3398000004,0.0007139137678466257
2021,JP3300600008,0.0004054793988830239
2021,JP3574200006,0.00121584989639429
2021,JP3786200000,0.0009923003907908999
2021,SG9999000020,0.0014748236014254636
2021,JP3371200001,0.011462187508439801
2021,AU000000QAN2,0.0010432434716190788
2021,HK0291001490,0.004745362687581514
2021,JP3352400000,0.00014185816176517642
2021,AU000000MAH3,7.530647643763361e-05
2021,KYG0535Q1331,0.0008985847651237106
2021,JP3735400008,0.015596963176349468
2021,JP3203500008,5.483422793763785e-05
2021,JP3582600007,0.0004926881709216603
2021,SG9999003735,0.00020261977474721367
2021,AU000000SBM8,0.0002150200772047033
2021,HK0002007356,0.0026708296539431037
2021,JP3180400008,0.0011807487889548844
2021,JP3263000006,0.0006421679450568523
2021,JP3156400008,0.00023671880222721464
2021,JP3102000001,0.0015043398995749884
2021,JP3935600001,0.0007060744594506845
2021,JP3902900004,0.009722885732653086
2021,JP3201200007,0.003909939667579821
2021,JP3505000004,0.003019347508073954
2021,BMG8403G1033,0.00011190518547936815
2021,JP3625000009,0.00013246692548094956
2021,JP3560800009,0.0005445695618688984
2021,BMG988031446,0.0004969651937081189
2021,JP3621000003,0.0016057648058295363
2021,JP3258000003,0.0028815577899255996
2021,JP3866800000,0.005093947651116933
2021,JP3351500008,0.0007124968213199814
2021,JP3718800000,0.0002886827741313134
2021,JP3551520004,0.001550102346718601
2021,SG1J26887955,0.0012208404419147654
2021,JP3419050004,0.0006599715172221811
2021,JP3762600009,0.002712287783576049
2021,JP3688370000,0.0011305506930712286
2021,HK0836012952,7.885283075419613e-10
2021,BMG5320C1082,0.0013451419850452936
2021,JP3670800006,0.00132585475198997
2021,JP3228600007,0.00141153928120952
2021,SG1P66918738,0.0004129406111824743
2021,AU000000GPT8,0.001034330408563885
2021,JP3165700000,0.0033170180655921976
2021,SG1R50925390,1.4468201690940324e-09
2021,JP3756600007,0.012234303691003244
2021,JP3942400007,0.00471163873401479
2021,JP3131430005,0.0006143102883952322
2021,JP3425000001,0.00019618130594393704
2021,SG1V61937297,0.0014549133925117418
2021,JP3870000001,0.00035520821402740634
2021,JP3160400002,0.003377029735815303
2021,JP3158800007,9.913122229448098e-10
2021,JP3270000007,0.0009062399498586582
2021,AU000000JBH7,0.0006207181117182734
2021,AU000000IVC8,0.00017981468710939007
2021,JP3111200006,0.0024404020213122228
2021,SG1N31909426,0.0004433031162306764
2021,JP3792600003,0.0008518413181285123
2021,JP3402600005,0.0021026164048106636
2021,JP3933800009,0.005050647936274281
2021,JP3386030005,0.0005034031170328809
2021,JP3358000002,0.0035536127043441588
2021,JP3137200006,0.001380707019838706
2021,JP3336000009,0.0009419512060693714
2021,JP3359600008,0.0018031726812136797
2021,SG2B80958517,0.00019768962721781786
2021,JP3197600004,0.002551898184646696
2021,JP3811000003,0.000262883042104304
2021,JP3733000008,0.002671371571143456
2021,SG1S04926220,0.005543099074435213
2021,JP3143600009,0.007187713090593143
2021,AU000000ANN9,0.0005301949782563836
2021,SG1F60858221,0.0015622129149797106
2021,JP3116000005,0.0033056925333525104
2021,JP3676800000,0.000778828908649
2021,AU000000COH5,0.0015723101357063454
2021,JP3119600009,0.001812257234926333
2021,JP3421100003,3.8662016242618894e-05
2021,JP3528600004,8.906171472462556e-05
2021,AU000000IGO4,0.00065062325323258
2021,JP3546800008,0.004640109638522407
2021,JP3405400007,0.0005897831512576255
2021,JP3765400001,0.0006020393407411406
2021,JP3896800004,0.0008336855176284268
2021,JP3404600003,0.0027237249831898436
2021,JP3205800000,0.005574548659138226
2021,HK0388045442,0.013447260416616107
2021,JP3260800002,0.0012692770962525733
2021,JP3358800005,0.0009599370851064683
2021,BMG2624N1535,0.000997267963197802
2021,JP3108600002,0.001103687692917581
2021,SG1B51001017,0.0009253815856368397
2021,JP3940400009,0.00041945404170810945
2021,JP3443600006,0.0012835880847157275
2021,JP3351100007,0.0038194952273936
2021,JP3229400001,0.0011983886379500603
2021,JP3166000004,0.000599120564547318
2021,JP3982100004,0.000832603708101048
2021,JP3868400007,0.0007145494830599983
2021,AU000000AMP6,0.0006208623715799372
2021,JP3734800000,0.01278232111454805
2021,JP3910660004,0.0054540106458843135
2021,JP3877600001,0.00188210649737416
2021,HK0016000132,0.006271549170839483
2021,JP3362700001,0.0005889506938712156
2021,NZTELE0001S4,0.0009008745079902846
2021,JP3613400005,0.0003190683858835588
2021,BMG2178K1009,0.002235459785857824
2021,SG1R89002252,0.0008250464118000397
2021,HK0000608585,0.0018271577002088864
2021,SG1L01001701,0.007781067368329463
2021,JP3894900004,0.00045749831431163724
2021,JP3485800001,0.0002731622082552057
2021,AU000000CSR5,0.00022768809232630885
2021,JP3657400002,0.0005387018039004713
2021,AU000000ABC7,0.00011399876336935159
2021,SG1U68934629,0.0011381623926678675
2021,JP3571400005,0.009677191103871653
2021,JP3122400009,0.0026806720400469474
2021,JP3242800005,0.004876089407113422
2021,JP3783600004,0.003817885709166654
2021,JP3799000009,0.00103712941471155
2021,AU000000WOW2,0.006112515970401761
2021,JP3197800000,0.0029825984096298976
2021,JP3551200003,1.2508565065567196e-09
2021,JP3305990008,0.0012779308823299483
2021,JP3449020001,2.4950370694588904e-09
2021,JP3381000003,0.001432863256649149
2021,JP3494600004,0.0006573336127132106
2021,JP3977400005,0.0009882764099715577
2021,HK0000745908,0.0005299218798961332
2021,JP3407200009,7.282020095303031e-07
2021,JP3769000005,0.0003138605150496207
2021,JP3174410005,0.0009232064805628664
2021,BMG524401079,0.0006989761798575517
2021,AU000000NCM7,0.0024750968384683676
2021,BMG668971101,0.0006828506160475614
2021,JP3522200009,0.0005523012317802184
2021,AU000000MND5,0.00017458426013579133
2021,KYG525621408,0.0008116684612433513
2021,JP3539220008,0.0011802946040361342
2021,AU000000RHC8,0.0017985415230693106
2021,JP3595200001,0.0008354712101582951
2021,JP3939000000,0.0007273521431829961
2021,JP3209000003,0.0007198371392893832
2021,JP3143000002,0.0008321929925503783
2021,JP3200450009,0.0034261141985772177
2021,JP3835620000,0.00028457751656468333
2021,JP3919800007,0.00021446138144780853
2021,BMG2108M2182,0.00038170323183682995
2021,HK0083000502,0.0016596489472395484
2021,HK0006000050,0.001841785661546014
2021,JP3280200001,0.0007088229540311395
2021,JP3850200001,1.9677123596834634e-09
2021,AU000000PPT9,0.00023319417937635832
2021,AU000000CQR9,0.0003099391724507728
2021,NZAIRE0001S2,0.00019697680039893004
2021,IE00BKVD2N49,0.0024900485735222877
2021,JP3194000000,0.00028209045683478656
2021,JP3493800001,0.0009670785269003001
2021,JP3277800003,0.0015654124330231316
2021,HK0293001514,0.0007210862402296464
2021,JP3240400006,0.0021070097785835158
2021,AU000000QBE9,0.0013948303803633293
2021,JP3826800009,0.0001462422941201317
2021,JP3436100006,0.026812383685809918
2021,JP3633400001,0.036475130360939086
2021,JP3511800009,0.0007883772470057663
2021,AU000000MGR9,0.0011767556363244784
2021,AU000000ORG5,0.0009326786520115439
2021,AU000000ELD6,0.00026925359811723516
2021,JP3780100008,0.0004589625917703708
2021,HK0144000764,0.0009653123895245426
2021,JP3475350009,0.010659044026453356
2021,JP3605400005,0.0002615572982293166
2021,JP3385820000,0.00041498186040180913
2021,HK0242001243,0.00017595401176131434
2021,JP3409000001,0.0023135119923157347
2021,JP3544000007,0.000602127696854813
2021,JP3040890000,0.0005196865879245213
2021,BMG4600H1198,0.0009101456288052624
2021,JP3495000006,0.0010441921871310366
2021,JP3588600001,0.000497889680749378
2021,JP3351600006,0.004440674494769837
2021,JP3407400005,0.0016568861686180368
2021,JP3778630008,0.0030110258389018712
2021,JP3266400005,0.004305525642112656
2021,JP3955000009,0.0009249950244227069
2021,JP3294460005,0.0012463746300851069
2021,JP3675600005,0.0013717901700368194
2021,BMG507361001,0.006633144888152127
2021,JP3906000009,0.0015693027619354668
2021,JP3414750004,0.0010575986478858735
2021,JP3573000001,0.001606321199332892
2021,AU000000STO6,0.0016920158318842863
2021,AU000000CIM7,0.0009347192126792382
2021,JP3519400000,0.013548238893236076
2021,JP3165600002,0.0002943664654953825
2021,BMG2442N1048,0.0005003139368206113
2021,JP3619800000,0.0002103475403457904
2021,JP3304200003,0.004369682787529867
2021,AU000000IRE2,0.00023794032332055142
2021,JP3358200008,0.000636163406734446
2021,JP3502200003,0.001334089830547348
2021,AU000000SIG5,8.674699581693817e-05
2021,JP3219000001,0.0003799248897135612
2021,KYG548561284,0.00023914286295817144
2021,JP3902000003,0.00035777883580178765
2021,JP3973400009,0.0010412890383613203
2021,JP3659000008,0.0016744325987160314
2021,HK0308001558,0.0001698415410796834
2021,JP3493400000,0.00048015093002302234
2021,HK0270001396,0.0019429680163214407
2021,JP3322930003,0.0010554734665935172
2021,JP3711600001,0.0013905327907134102
2021,JP3411000007,0.00011072274817854526
2021,JP3357200009,0.0018353485849004183
2021,JP3914400001,0.010119919191910338
2021,HK0014000126,0.0005319814661519885
2021,JP3665200006,0.0006124702695334965
2021,JP3274400005,0.0001368171332667701
2021,JP3385980002,0.0012028467886541305
2021,JP3695200000,0.0009466112138436202
2021,JP3967200001,0.002256133291277863
2021,JP3027680002,0.0012542809213412468
2021,JP3814800003,0.002299958149068808
2021,AU000000CWY3,0.000517500248800607
2021,AU000000SEK6,0.0011599550761319391
2021,AU000000SGP0,0.0012493681769524968
2021,BMG8063F1068,0.0004720210543500181
2021,JP3771800004,0.0014060082273101258
2021,JP3538800008,0.003054813638449898
2021,JP3756100008,0.00362272655197151
2021,AU000000MTS0,0.0003842491308540187
2021,JP3404200002,0.0002926960974554826
2022,JP3802400006,0.0062146089941934055
2022,JP3869010003,0.0008085164092652843
2022,JP3733400000,0.00041822428267745954
2022,JP3224200000,0.0005032102422674222
2022,JP3388200002,0.003129165879825845
2022,JP3210200006,0.001066525022928711
2022,JP3663900003,0.0008321089716289555
2022,JP3667600005,0.00044405318516569075
2022,JP3148800000,0.0012418328155335578
2022,AU000000ILU1,0.000586848613626931
2022,HK0008011667,0.0007470016702758738
2022,JP3112000009,0.0015982914133211156
2022,JP3300200007,0.0010659695464458867
2022,JP3419400001,0.0011258256804205847
2022,JP3827200001,0.00022955964294859977
2022,JP3870400003,0.000598709574542038
2022,JP3635000007,0.0022728083232204273
2022,NZSKCE0001S2,0.00035870059330287535
2022,JP3350800003,0.0
2022,JP3791200003,0.0008671548646541564
2022,AU000000DXS1,0.001295772842019371
2022,JP3579800008,0.0004064165550900284
2022,SGXE34184239,0.0003323489801263413
2022,AU000000SXL4,5.535037028699106e-07
2022,JP3196000008,0.0009116496591032149
2022,AU000000WBC1,0.00832582434925834
2022,NZAIAE0002S6,0.00113311542741181
2022,KYG217651051,0.004095217538042744
2022,SG1T75931496,0.004720670820010548
2022,JP3893200000,0.0031270179354615586
2022,JP3738600000,0.0007142410177621154
2022,JP3634600005,0.004053765615517003
2022,AU0000088338,0.0007499052758963488
2022,AU0000224040,0.0027280641006115847
2022,US89677Q1076,0.002656533154500744
2022,AU000000BSL0,0.0009290012669000278
2022,JP3820000002,0.0012512343853128777
2022,AU000000BHP4,0.025652062682573373
2022,SG1T58930911,0.0001877280071629647
2022,JP3246400000,0.0
2022,JP3862400003,0.0017075116190606073
2022,JP3223800008,0.0009671708633711031
2022,JP3830800003,0.005000175215195784
2022,JP3420600003,0.0021987424546838857
2022,JP3890310000,0.003228500970884675
2022,JP3774200004,0.0009820617165416064
2022,JP3126400005,0.00036559655673142646
2022,AU000000IAG3,0.0010776848119606408
2022,AU000000CGF5,0.0004933411714286177
2022,JP3549600009,0.000432096108824083
2022,JP3720800006,0.0003981671704542472
2022,SGXE21576413,0.001072922081298831
2022,JP3902400005,0.0038361848304147247
2022,AU0000033359,0.0003325957056415935
2022,JP3400900001,0.0
2022,HK0688002218,0.005034632365151865
2022,AU000000WOR2,0.0007407447162460813
2022,HK0023000190,0.0007771974422480213
2022,JP3672400003,0.003519391585734113
2022,HK0101000591,0.001563218163301072
2022,JP3131400008,0.0004291687362583643
2022,SG1M77906915,0.001338593038493858
2022,AU000000ANZ3,0.00829980651009084
2022,JP3629000005,0.0011644916312307102
2022,HK0200030994,0.00022623503707805968
2022,KYG210961051,0.0036689492515234495
2022,JP3499800005,0.0011546465240654341
2022,JP3435000009,0.023067573665747774
2022,AU000000TAH8,0.0012323040509912887
2022,JP3638600001,0.0005101252861091403
2022,AU000000FLT9,0.00044667140086364116
2022,JP3421800008,0.0024453437510216732
2022,JP3888300005,0.000797126695524452
2022,JP3598600009,0.0012812656898431168
2022,JP3039710003,0.0008618547842227863
2022,AU000000BEN6,0.0005522753278202426
2022,MU0117U00026,6.305511516401275e-12
2022,JP3726200003,0.00036556022942230924
2022,JP3613000003,0.0008450201699654416
2022,JP3292200007,0.0004159727068589795
2022,JP3743000006,0.0005842833982626747
2022,JP3276400003,0.0004193013675360791
2022,JP3452000007,0.0010205422831337495
2022,AU000000TLS2,0.005234972995808653
2022,JP3982800009,0.0014391817841145648
2022,JP3596200000,0.0011123410608376168
2022,HK0000049939,0.0024899596492241123
2022,HK0165000859,0.0004249525119473974
2022,AU000000NAB4,0.010015449051001057
2022,JP3796150005,0.00044037343381488737
2022,JP3899600005,0.0030580388910377678
2022,JP3753000003,0.002225491666599429
2022,JP3243600008,0.00035991377144570176
2022,AU000000GWA4,0.00016356195464302606
2022,JP3802300008,0.009333420882347255
2022,JP3347200002,0.0034177272408536614
2022,JP3890350006,0.007958269893553794
2022,JP3548610009,0.0003227015221715791
2022,AU000000SUN6,0.0016143550020118924
2022,HK0003000038,0.004736466946354608
2022,JP3256000005,0.00206469794894042
2022,HK0000139300,5.791635260350722e-05
2022,HK2388011192,0.006217389166947836
2022,AU000000MQG1,0.008208765025151358
2022,JP3269600007,0.000398492985738772
2022,JP3526600006,0.0014946316699420898
2022,JP3942600002,0.0012768014148790148
2022,JP3535800001,0.000501672832532497
2022,JP3456000003,0.000275557897938544
2022,AU000000BPT9,0.0003490931893350419
2022,JP3940000007,0.0013883125721565076
2022,JP3305530002,0.0005560230815606785
2022,JP3496400007,0.011646734211555718
2022,JP3762800005,0.0035094489854461557
2022,JP3368000000,0.00041086841488269384
2022,AU000000WES1,0.006772412489356703
2022,HK0066009694,0.0051772662694546945
2022,JP3788600009,0.007932577026247434
2022,JP3551500006,0.009179039841857166
2022,HK0363006039,0.00036586153110706576
2022,JP3951600000,0.0039446794975682535
2022,SG1S83002349,0.0007176495032948635
2022,JP3293200006,0.0004604795159031569
2022,JP3787000003,0.0007892712529816653
2022,JP3992400006,0.00014918601490079126
2022,BMG684371393,0.00035859425046808876
2022,HK0000055878,0.0008323571380811732
2022,JP3944130008,0.0007878868335279132
2022,AU000000SHL7,0.002137350165002739
2022,AU000000ASX7,0.0018480940331610136
2022,JP3830000000,0.0009203955867269092
2022,JP3172100004,0.00018387917846026191
2022,JP3188220002,0.0029560364981691296
2022,JP3845400005,0.0
2022,JP3898400001,0.007987753565382262
2022,JP3122800000,0.000563580864656073
2022,JP3854600008,0.008272058972407985
2022,AU000000SWM4,0.0001475495230303919
2022,AU000000GMG2,0.005018078185257821
2022,JP3789000001,0.00039697863103294495
2022,JP3599000001,4.4867170479171384e-05
2022,JP3635400009,0.0005237527904799825
2022,AU000000ERA9,0.00016883160062904065
2022,BMG677491539,0.0026215544702366195
2022,JP3389900006,0.00019830415477684076
2022,JP3600200004,0.0005149825649965772
2022,JP3592200004,0.002891695817740342
2022,JP3888400003,0.00029089920642433114
2022,JP3566800003,0.004476094772445783
2022,AU000000ALL7,0.0030112485323353323
2022,AU000000IFL2,0.00022302098407803183
2022,JP3126340003,0.0005294750231893949
2022,JP3893600001,0.006363090752985376
2022,HK0440001847,0.0002563786867569103
2022,JP3162600005,0.00609314134068641
2022,HK0392044647,0.000741460953531423
2022,JP3198900007,0.009994544855006239
2022,JP3326410002,0.00016203411317066885
2022,JP3463000004,0.006980749470484603
2022,KYG9431R1039,0.001977579431700999
2022,JP3486800000,0.0013175156181398555
2022,JP3459600007,0.0003899175698769816
2022,JP3742600004,0.000404285201867789
2022,JP3942800008,0.0012731276666793306
2022,HK0004000045,0.0016091528247475502
2022,JP3143900003,0.0010019554303299673
2022,JP3429800000,0.0015485775545148383
2022,SG1M51904654,0.0015804528732305653
2022,JP3118000003,0.0005425172234757887
2022,JP3684000007,0.0018546033645537576
2022,AU000000DOW2,0.0004395844896733001
2022,AU000000BOQ8,0.0006096280202845177
2022,JP3283650004,0.0009577251897295346
2022,JP3481800005,0.00947183272883038
2022,AU000000BWP3,0.00018881905773540625
2022,JP3268950007,0.0007352177352463797
2022,AU000000CSL8,0.013924115645495665
2022,NZFBUE0001S0,0.0005223826640997821
2022,JP3289800009,0.0
2022,KYG2108Y1052,0.005310046436939298
2022,HK0823032773,0.0028526992096911175
2022,HK0019000162,0.0009283904144487609
2022,JP3271400008,0.0004561012349156749
2022,JP3215800008,0.00041802984449248445
2022,JP3320800000,0.00017460078269911867
2022,JP3249600002,0.003468586937643079
2022,JP3585800000,0.00093345090471109
2022,JP3375800004,0.0009858819206580165
2022,HK0012000102,0.003289600461963087
2022,JP3190000004,0.0009671608373663746
2022,JP3678000005,0.0002739212943615478
2022,NZCENE0001S6,0.0006370088744678959
2022,AU000000APA1,0.0013106840327486299
2022,JP3818000006,0.004377874657774204
2022,AU000000ORI1,0.000528468799018413
2022,JP3491000000,0.00020024874576996993
2022,KYG5427W1309,0.00033017354935273703
2022,JP3726800000,0.006321656275214182
2022,JP3164630000,0.0009630781622908997
2022,JP3134800006,0.0006876344789859946
2022,AU000000CPU5,0.0013659640040013191
2022,JP3164800009,0.0003711716847741922
2022,AU000000BLD2,0.0007109508159521585
2022,JP3783420007,0.0009513773238089252
2022,JP3173400007,0.0025713309636306156
2022,JP3837800006,0.007756808301319628
2022,JP3397200001,0.0033793813591858463
2022,JP3401400001,0.0010885359499392532
2022,AU000000LLC3,0.0007622560763963359
2022,JP3885400006,0.0015171653986678412
2022,AU000000SGM7,0.0004031869273174677
2022,JP3415400005,0.0003789202607501444
2022,JP3814000000,0.005634145244055836
2022,HK0011000095,0.005715785078950654
2022,JP3900000005,0.0013816645439642908
2022,AU000000OZL8,0.0010108041801935208
2022,JP3027670003,0.0015238270086274399
2022,AU000000CBA7,0.017906158021966396
2022,HK0010000088,0.00046940007324531034
2022,JP3903000002,0.0
2022,JP3626800001,0.001124735487448809
2022,JP3766550002,0.0009522855856025016
2022,AU000000TCL6,0.004441776946446611
2022,JP3711200000,0.0006279569637725491
2022,HK2380027329,0.00015528489385224423
2022,JP3634200004,0.0004256208357542371
2022,JP3721400004,0.0003350183358705007
2022,JP3398000004,0.0005869085690431547
2022,JP3300600008,0.0003663687528177876
2022,JP3574200006,0.0013115809419984004
2022,SG9999000020,0.0011840770546563434
2022,JP3371200001,0.011212660092866509
2022,AU000000QAN2,0.001058177965434095
2022,HK0291001490,0.00379480913105832
2022,JP3352400000,0.0002668151062274668
2022,AU000000MAH3,6.099215515892564e-05
2022,KYG0535Q1331,0.0005821605756195295
2022,JP3735400008,0.01632822510220945
2022,JP3203500008,0.000118217384320389
2022,JP3582600007,0.0005406605702665963
2022,SG9999003735,0.00014443626315690107
2022,AU000000SBM8,0.00014656670218382667
2022,HK0002007356,0.002701299874607596
2022,JP3180400008,0.0008899133428334338
2022,JP3263000006,0.0006164817137843716
2022,JP3156400008,0.000228396876078673
2022,JP3102000001,0.0017601330537863704
2022,JP3935600001,0.0006015337293681201
2022,JP3902900004,0.01296436112668212
2022,JP3201200007,0.004567110897873331
2022,JP3505000004,0.0031383573373047224
2022,BMG8403G1033,0.00017975355653153537
2022,JP3625000009,0.0
2022,JP3560800009,0.0003410966507172243
2022,BMG988031446,0.0003926011544883713
2022,JP3621000003,0.0013097329769368308
2022,JP3684400009,0.00014479979796910681
2022,JP3258000003,0.0021660081955123464
2022,JP3866800000,0.004249797277784451
2022,JP3351500008,0.0006049187791550802
2022,JP3718800000,0.00036280189296013004
2022,JP3551520004,0.001673786079186118
2022,SG1J26887955,0.0010670584624202161
2022,JP3419050004,0.0007165832013250077
2022,JP3762600009,0.0024781001245677363
2022,JP3688370000,0.0008437735666669723
2022,HK0836012952,0.0005257787421114102
2022,BMG5320C1082,0.0014994479588706362
2022,JP3670800006,0.00130753431893159
2022,JP3228600007,0.0011908725893917658
2022,AU000000GPT8,0.0010624033577451074
2022,JP3165700000,0.004324165835352973
2022,SG1R50925390,0.0
2022,JP3756600007,0.010140127601589562
2022,JP3942400007,0.004743700312550555
2022,JP3131430005,0.0006078054038410514
2022,JP3425000001,0.00011384648024395717
2022,SG1V61937297,0.001547229200596112
2022,JP3870000001,0.00021619002545202466
2022,JP3160400002,0.0022643501932612642
2022,JP3158800007,0.0
2022,JP3270000007,0.0009162590180921992
2022,AU000000JBH7,0.0005223036096550285
2022,AU000000IVC8,0.00022255892606818053
2022,JP3111200006,0.0020300321351799096
2022,SG1N31909426,0.00044210559078912285
2022,JP3792600003,0.0008647887516088492
2022,JP3402600005,0.0019930255327154046
2022,JP3933800009,0.00644965357454206
2022,JP3386030005,0.0006412450827063592
2022,JP3358000002,0.0034454207863591404
2022,JP3137200006,0.0015464734141895523
2022,JP3336000009,0.000559152035658082
2022,JP3359600008,0.0010441862808827618
2022,SG2B80958517,0.00024397620789964628
2022,JP3197600004,0.0020152445005335176
2022,JP3811000003,0.00034150267738216656
2022,JP3733000008,0.0019371756502973667
2022,JP3732200005,0.0005530751423887746
2022,SG1S04926220,0.006565323103470077
2022,JP3143600009,0.008043655870186841
2022,AU000000ANN9,0.0003244909929594744
2022,SG1F60858221,0.0016328689195801893
2022,JP3116000005,0.0033936730101740177
2022,JP3676800000,0.000622133701815777
2022,AU000000COH5,0.0014454434522056501
2022,JP3119600009,0.0023499886568621995
2022,JP3352000008,0.00017145990541429998
2022,JP3421100003,2.882859773121501e-05
2022,JP3528600004,5.571837621267368e-05
2022,JP3768600003,0.0005135203888098027
2022,AU000000IGO4,0.0010445285637418404
2022,JP3546800008,0.004253059078223982
2022,JP3405400007,0.0004644412966390449
2022,JP3765400001,0.0003981899555211209
2022,JP3896800004,0.0006461714619405358
2022,JP3404600003,0.003017030114086177
2022,JP3205800000,0.003773649658649136
2022,HK0388045442,0.011143017812345574
2022,JP3260800002,0.0008418659544522876
2022,JP3358800005,0.0009211461170150273
2022,BMG2624N1535,0.0007073121607867328
2022,JP3108600002,0.0007610264376889221
2022,SG0531000230,0.0006303717345724067
2022,SG1B51001017,0.0008335155671588493
2022,JP3940400009,0.0005465119376243403
2022,JP3443600006,0.0013407270125644869
2022,JP3351100007,0.003198889085189661
2022,JP3229400001,0.0008387866858977626
2022,JP3166000004,0.0007710550856120398
2022,JP3982100004,0.0007864144749144386
2022,JP3868400007,0.0007466661351877428
2022,AU000000AMP6,0.0003469938986146143
2022,JP3734800000,0.008287892534214107
2022,JP3910660004,0.006531607061435567
2022,JP3877600001,0.002864484627906673
2022,HK0016000132,0.0054614600126599855
2022,JP3362700001,0.0016120058591865536
2022,NZTELE0001S4,0.0008861829512682285
2022,JP3613400005,0.0004057242157208604
2022,BMG2178K1009,0.0024016269724292626
2022,SG1R89002252,0.0008130005395423812
2022,HK0000608585,0.0015682618450553068
2022,SG1L01001701,0.010569181647377779
2022,JP3894900004,0.0005640440058728642
2022,JP3485800001,6.506377880022891e-05
2022,AU000000CSR5,0.0001125574530347072
2022,JP3657400002,0.000784578711883851
2022,AU000000ABC7,8.45726855387667e-06
2022,SG1U68934629,0.0012256619480150296
2022,JP3571400005,0.012112206448600067
2022,JP3122400009,0.002666577370309676
2022,JP3242800005,0.005236096760052584
2022,JP3841800000,0.00010196898663842806
2022,JP3783600004,0.0036066801331510524
2022,JP3799000009,0.0010671542866491797
2022,AU000000WOW2,0.004622296094052278
2022,JP3197800000,0.002454185005482924
2022,JP3551200003,0.0
2022,JP3305990008,0.0014871397238342414
2022,JP3449020001,0.0
2022,JP3381000003,0.0018838724518869844
2022,JP3494600004,0.0008061372563694088
2022,JP3977400005,0.0007116112418592923
2022,HK0000745908,0.0004933858368405803
2022,JP3407200009,1.2408308864732461e-05
2022,JP3769000005,0.00037527599433942807
2022,JP3174410005,0.0005584278418062838
2022,BMG524401079,0.0008442833475986795
2022,AU000000NCM7,0.0020604882503907004
2022,BMG668971101,0.0007678827015487427
2022,JP3522200009,0.0
2022,AU000000MND5,0.0001748369942471756
2022,KYG525621408,0.0008940986111463589
2022,JP3658850007,0.001136630844315492
2022,JP3539220008,0.0013404976327770278
2022,AU000000RHC8,0.001799117509500323
2022,JP3595200001,0.0006266986330271535
2022,JP3939000000,0.00046016875549963204
2022,JP3209000003,0.00043302459317351747
2022,JP3143000002,0.0007064316821442862
2022,JP3200450009,0.004291019419452755
2022,JP3835620000,0.00029224689949294044
2022,JP3919800007,0.00014521912989727935
2022,BMG2108M2182,8.312908878442955e-05
2022,HK0083000502,0.001621264167226525
2022,HK0006000050,0.0020265243722583813
2022,JP3280200001,0.0004618667395793191
2022,JP3850200001,0.0
2022,AU000000PPT9,0.0002030106685229314
2022,AU000000CQR9,0.0003654342838077146
2022,NZAIRE0001S2,0.00011422724315343278
2022,IE00BKVD2N49,0.0037815699750306515
2022,JP3194000000,0.00036590909607204695
2022,JP3493800001,0.001258241992756082
2022,JP3277800003,0.0009019077063723498
2022,HK0293001514,0.0007392269506406677
2022,JP3240400006,0.002307764028534509
2022,AU000000QBE9,0.0018606947388397441
2022,JP3826800009,9.179347842730338e-05
2022,JP3436100006,0.012201297505829364
2022,JP3633400001,0.050287936897394456
2022,JP3511800009,0.0008466348669742278
2022,AU000000MGR9,0.001209335549272611
2022,AU000000ORG5,0.0009657878178668446
2022,AU000000ELD6,0.00033405107314898544
2022,JP3780100008,0.00031719753181266315
2022,HK0144000764,0.0013519506207639587
2022,JP3475350009,0.006469257673835774
2022,JP3605400005,0.0
2022,JP3385820000,0.00025729007964074146
2022,HK0242001243,0.00017193355965858104
2022,JP3409000001,0.0022897104712979316
2022,JP3544000007,0.0003817313586500329
2022,JP3040890000,0.0004832000602350276
2022,BMG4600H1198,0.0008081596466699838
2022,JP3495000006,0.0006200499734840546
2022,JP3588600001,0.00034821826618236794
2022,JP3351600006,0.0032642876590231427
2022,JP3407400005,0.0016265272023136708
2022,JP3778630008,0.0025547281232402067
2022,JP3266400005,0.003909323228102595
2022,JP3955000009,0.0007668734462875714
2022,JP3294460005,0.002159398533672261
2022,JP3675600005,0.001175908365525892
2022,BMG507361001,0.006505840578243638
2022,JP3906000009,0.0017310610672309882
2022,JP3305800009,1.8858336900134342e-09
2022,JP3414750004,0.0009993750132807231
2022,JP3573000001,0.0014371298822558715
2022,AU000000STO6,0.0027967473652928663
2022,AU000000CIM7,0.0006376348870451703
2022,JP3519400000,0.008553033335291952
2022,JP3165600002,0.00022965087418519371
2022,BMG2442N1048,0.000526322448975388
2022,JP3619800000,6.988554100169839e-11
2022,JP3304200003,0.0036674716179531273
2022,AU000000IRE2,0.00021164855633654955
2022,JP3358200008,0.00047274511732860923
2022,JP3502200003,0.0017029428774018827
2022,AU000000SIG5,9.461208205058766e-05
2022,JP3219000001,0.00044377817527707034
2022,JP3834800009,0.00033369004075421585
2022,JP3902000003,0.0002292873893249404
2022,JP3973400009,0.0011073275162702492
2022,JP3659000008,0.0017672720381883933
2022,HK0308001558,0.00021454205890015656
2022,JP3493400000,0.00043309105718813875
2022,HK0270001396,0.0014623049666320901
2022,JP3322930003,0.0010287754586129478
2022,JP3711600001,0.001481434788085876
2022,JP3411000007,0.00013275887317348026
2022,JP3357200009,0.0017185247517720016
2022,JP3914400001,0.007956689494734145
2022,HK0014000126,0.00042036894333245226
2022,JP3665200006,0.0005503359898910901
2022,JP3274400005,0.00014725267361184304
2022,JP3385980002,0.001328415089777462
2022,SG1M31001969,0.005935153045818267
2022,JP3695200000,0.0008778410718510591
2022,JP3967200001,0.0021588142392815896
2022,JP3027680002,0.0011890049493623082
2022,JP3814800003,0.0022118823680179166
2022,AU000000CWY3,0.0006643905519516322
2022,AU000000SEK6,0.001005963360441745
2022,AU000000SGP0,0.001023917129425588
2022,BMG8063F1068,0.0004388239482936291
2022,JP3771800004,0.0012496320969305565
2022,JP3538800008,0.0024303432521561256
2022,JP3756100008,0.002685060119291981
2022,AU000000MTS0,0.0003843883790128444
2022,JP3404200002,0.0002885281476398957
2023,JP3802400006,0.005944934025832177
2023,JP3869010003,0.0012546961790828512
2023,JP3733400000,0.0003102755147653003
2023,JP3224200000,0.0006870390341350715
2023,JP3388200002,0.0029956560401665656
2023,JP3210200006,0.0010837457665121555
2023,JP3663900003,0.0010231225879368312
2023,JP3667600005,0.0005389188792431
2023,JP3148800000,0.0009681438315288465
2023,AU000000ILU1,0.0006497998506600228
2023,HK0008011667,0.0007517958487040218
2023,JP3112000009,0.0013856104182913285
2023,JP3300200007,0.0010650737197118593
2023,JP3419400001,0.0010200194423542145
2023,JP3827200001,0.0001885749736895439
2023,JP3870400003,0.0005097015601255509
2023,JP3635000007,0.0024710413502597763
2023,NZSKCE0001S2,0.0003466197152010735
2023,JP3350800003,8.736621591586438e-09
2023,AU000000DXS1,0.0011483448158193174
2023,JP3579800008,0.0004208344449038817
2023,SGXE34184239,0.0006107860676828661
2023,AU000000SXL4,0.0
2023,JP3196000008,0.0006302598550433779
2023,AU000000WBC1,0.009810244295776815
2023,NZAIAE0002S6,0.001408190057128809
2023,KYG217651051,0.0040663357756307
2023,SG1T75931496,0.005474820944058349
2023,JP3893200000,0.002934887229615998
2023,JP3738600000,0.0007634415683293297
2023,JP3634600005,0.003353391782451557
2023,AU0000088338,0.0007964310529602425
2023,AU0000224040,0.008026853869966377
2023,US89677Q1076,0.00393139936865262
2023,AU000000BSL0,0.0009816644627887988
2023,JP3820000002,0.0009466328163967272
2023,AU000000BHP4,0.029674522607287358
2023,SG1T58930911,0.00018452989343973027
2023,JP3246400000,6.733831825933549e-09
2023,JP3862400003,0.0013654978610803687
2023,JP3223800008,0.0011211446771532685
2023,JP3830800003,0.004627112653406247
2023,JP3420600003,0.0021647161180140466
2023,JP3890310000,0.0029792045999263933
2023,JP3774200004,0.001150186931697105
2023,JP3126400005,0.00040357358901026456
2023,AU000000IAG3,0.0013759124499316236
2023,AU000000CGF5,0.0006323693093256159
2023,JP3549600009,0.0002369772187022673
2023,JP3720800006,0.00033731150870988224
2023,SGXE21576413,0.0016204555011994177
2023,JP3902400005,0.0039406273243795436
2023,AU0000033359,0.0003079956215119902
2023,JP3400900001,1.0534404531712922e-08
2023,HK0688002218,0.0049142608290087065
2023,AU000000WOR2,0.0009988218124968747
2023,HK0023000190,0.0005750487439597081
2023,JP3672400003,0.0025488238945916455
2023,HK0101000591,0.001565988132892523
2023,JP3131400008,0.0004305627252128895
2023,SG1M77906915,0.0015906487391801813
2023,AU000000ANZ3,0.008952165163619838
2023,JP3629000005,0.0011144221123429129
2023,HK0200030994,0.00032200024103090505
2023,KYG210961051,0.0033453148213946913
2023,JP3499800005,0.0013081855643210015
2023,JP3435000009,0.019107202360157317
2023,AU000000TAH8,0.00027727001177780365
2023,JP3638600001,0.00045374818591408195
2023,AU000000FLT9,0.0005309047674854809
2023,JP3421800008,0.002175266569277847
2023,JP3888300005,0.0007368889536877709
2023,JP3598600009,0.0013010081087774317
2023,JP3039710003,0.0008592791539030247
2023,AU000000BEN6,0.0006660017141027635
2023,MU0117U00026,3.580789293353105e-08
2023,JP3726200003,0.00042093482475860384
2023,JP3613000003,0.0008225004948003556
2023,JP3292200007,0.000406391661450392
2023,JP3743000006,0.00047670742040893335
2023,JP3276400003,0.0005701808370232934
2023,JP3452000007,0.0007349046808813583
2023,AU000000TLS2,0.005752799579917108
2023,JP3982800009,0.0015140213056368441
2023,JP3596200000,0.0010163127379122449
2023,HK0000049939,0.0036694362047622565
2023,HK0165000859,0.00037851829777553096
2023,AU000000NAB4,0.011806213368202026
2023,JP3796150005,0.0005209821625131061
2023,JP3899600005,0.0027401358847301007
2023,JP3753000003,0.00225232784120389
2023,JP3243600008,0.0005418231545984092
2023,AU000000GWA4,0.00015954276873737355
2023,JP3802300008,0.011019252882464822
2023,JP3347200002,0.002802117131951174
2023,JP3890350006,0.010192709075769846
2023,JP3548610009,0.0002970145757643632
2023,AU000000SUN6,0.00192629605835698
2023,HK0003000038,0.0034901603497791886
2023,JP3256000005,0.001957380309097482
2023,HK0000139300,0.00010287666819349127
2023,HK2388011192,0.005969510684480572
2023,AU000000MQG1,0.008841884959168399
2023,JP3269600007,0.0004295640681066385
2023,JP3526600006,0.0017599944106754858
2023,JP3942600002,0.0011613400439439052
2023,JP3535800001,0.0005425185663777517
2023,JP3456000003,0.00039491883126683804
2023,AU000000BPT9,0.00036198397190055084
2023,JP3940000007,0.0012346111892325804
2023,JP3305530002,0.0004857003010473047
2023,JP3496400007,0.012287941024461796
2023,JP3762800005,0.0026171429021145613
2023,JP3368000000,0.0003313389815179877
2023,AU000000WES1,0.006766796969943577
2023,HK0066009694,0.005549994506285484
2023,JP3788600009,0.00860290175971138
2023,JP3551500006,0.007371815251434677
2023,HK0363006039,0.00028268655561583663
2023,JP3951600000,0.00406638877934842
2023,SG1S83002349,0.0007393871528545375
2023,JP3293200006,0.00046768711527251305
2023,JP3787000003,0.0007528163187655073
2023,JP3992400006,0.0002872947815180727
2023,BMG684371393,0.00032587468611260844
2023,HK0000055878,0.00081213357647817
2023,JP3944130008,0.0007404299202875928
2023,AU000000SHL7,0.0019378751890163019
2023,AU000000ASX7,0.0016585026240160488
2023,JP3830000000,0.0008437748793213985
2023,JP3172100004,0.00021280492262957948
2023,JP3188220002,0.0030765781721670384
2023,JP3845400005,3.6289868048971922e-09
2023,JP3898400001,0.008470942809977676
2023,JP3122800000,0.0005367994118277649
2023,JP3854600008,0.00764800035492747
2023,AU000000SWM4,0.00013331449574369278
2023,AU000000GMG2,0.004659815330912079
2023,JP3789000001,0.00048194773486081287
2023,JP3599000001,1.7759714971329893e-05
2023,JP3635400009,0.0004992868005444889
2023,AU000000ERA9,0.00013983667514568175
2023,BMG677491539,0.0020025047006431633
2023,JP3389900006,0.0001785136379328292
2023,JP3600200004,0.00039106036875981
2023,JP3888400003,0.0002675032206211044
2023,JP3566800003,0.004275848896784047
2023,AU000000ALL7,0.002770817535353651
2023,AU000000IFL2,0.00026208169852769895
2023,JP3126340003,0.0004729559112595829
2023,JP3893600001,0.0079304712132247
2023,HK0440001847,0.0002913028618095449
2023,JP3162600005,0.00587486840269223
2023,HK0392044647,0.0008801331257263016
2023,JP3198900007,0.010241200738715019
2023,JP3326410002,0.00034460509118699843
2023,JP3463000004,0.008418286964568571
2023,KYG9431R1039,0.0015657868996701895
2023,JP3486800000,0.0012910017436818626
2023,JP3459600007,0.0003207868004289478
2023,JP3742600004,0.00038372634768392346
2023,JP3942800008,0.0014308296762638652
2023,HK0004000045,0.0013306816026287483
2023,JP3429800000,0.0016374761535864057
2023,SG1M51904654,0.0019022950859274772
2023,JP3118000003,0.0007064078883670047
2023,JP3684000007,0.0016672673012533424
2023,AU000000DOW2,0.00035193486194161626
2023,AU000000BOQ8,0.0005850761768183754
2023,JP3283650004,0.0010892033191715813
2023,JP3481800005,0.00878882718166847
2023,AU000000BWP3,0.00018851448609734828
2023,JP3268950007,0.0006623207267378443
2023,AU000000CSL8,0.017567915785669384
2023,NZFBUE0001S0,0.0004514943301422016
2023,JP3289800009,0.0
2023,KYG2108Y1052,0.005682307870014263
2023,HK0823032773,0.002923652598124735
2023,HK0019000162,0.0013421710404727036
2023,JP3271400008,0.0005031874944561196
2023,JP3215800008,0.00033880659062788306
2023,JP3320800000,0.0003149629646423851
2023,JP3249600002,0.003096125625105304
2023,JP3585800000,0.001132365946942466
2023,JP3375800004,0.0007083177861236963
2023,HK0012000102,0.002989798089267686
2023,JP3190000004,0.0009104488902588347
2023,JP3678000005,0.00021849236700263126
2023,NZCENE0001S6,0.0006407712029447884
2023,AU000000APA1,0.0015570104418072231
2023,JP3818000006,0.005028364368295097
2023,AU000000ORI1,0.0006928663319414045
2023,JP3491000000,0.0002247901398481888
2023,KYG5427W1309,5.0602081023708746e-05
2023,JP3726800000,0.00701211025512923
2023,JP3164630000,0.0009826779395833536
2023,JP3134800006,0.0009146454244297167
2023,AU000000CPU5,0.0016545013381269096
2023,JP3164800009,0.00032838721392694986
2023,AU000000BLD2,0.0003693412084746246
2023,JP3783420007,0.0012958736346019104
2023,JP3173400007,0.002663672571742763
2023,JP3837800006,0.006597064888172171
2023,JP3397200001,0.0032151472355184847
2023,JP3401400001,0.0006508348404670238
2023,AU000000LLC3,0.0007325987097063219
2023,JP3885400006,0.0012056210655219913
2023,AU000000SGM7,0.0004437746780714802
2023,JP3415400005,0.0005092011482805865
2023,JP3814000000,0.0047898054709531665
2023,HK0011000095,0.005023367770714566
2023,JP3900000005,0.0022523704534868423
2023,JP3027670003,0.0011626531680019065
2023,AU000000CBA7,0.022113485460860144
2023,HK0010000088,0.00044807147630096246
2023,JP3903000002,0.00038719519724783103
2023,JP3626800001,0.0008613715610534059
2023,JP3766550002,0.0007523602712414807
2023,AU000000TCL6,0.00518674952485741
2023,JP3711200000,0.000634683552379859
2023,HK2380027329,0.0003347616500624392
2023,JP3634200004,0.0003951325454765336
2023,JP3721400004,0.00020171579301635136
2023,JP3398000004,0.0005233211071879668
2023,JP3300600008,0.0004223260714125081
2023,JP3574200006,0.0013422734205621718
2023,SG9999000020,0.0018559719814707405
2023,JP3371200001,0.010160143660318918
2023,JP3436120004,0.000971563809864999
2023,AU000000QAN2,0.0013572048457181378
2023,HK0291001490,0.004120395305057764
2023,JP3352400000,0.0003404331842287663
2023,AU000000MAH3,0.00012646863430932747
2023,KYG0535Q1331,0.0006120394711326492
2023,JP3735400008,0.018316413998027664
2023,JP3203500008,0.0001345849325417703
2023,JP3582600007,0.00043354397403682303
2023,SG9999003735,0.00016663541454332403
2023,AU000000SBM8,0.00010817889684444278
2023,HK0002007356,0.001703032744021579
2023,JP3180400008,0.0009940848117152474
2023,JP3263000006,0.0004475988864300153
2023,JP3156400008,0.0001579214638062288
2023,JP3102000001,0.0014718911650871227
2023,JP3935600001,0.000563537894245718
2023,JP3902900004,0.01578960017951425
2023,JP3201200007,0.004149971701991671
2023,JP3505000004,0.0027746316120102455
2023,BMG8403G1033,0.00013282202074548185
2023,JP3625000009,9.084006601813545e-09
2023,JP3560800009,0.00024289394485009722
2023,BMG988031446,0.000421574865566852
2023,JP3621000003,0.0015236537518008438
2023,JP3684400009,0.00013970843203189626
2023,JP3258000003,0.0022807932888978927
2023,JP3866800000,0.003924166128847579
2023,JP3351500008,0.0007343867835179408
2023,JP3718800000,0.00035742508721840814
2023,JP3551520004,0.001485126881263374
2023,SG1J26887955,0.0011896143468898132
2023,JP3419050004,0.0007174785547994853
2023,JP3819400007,0.0003978156222565979
2023,JP3762600009,0.0022329573155885664
2023,JP3688370000,0.0008871095951796792
2023,HK0836012952,0.00014884444277469226
2023,BMG5320C1082,0.0012644238497598512
2023,JP3670800006,0.0011696230408900353
2023,JP3228600007,0.0010785631462146067
2023,AU000000GPT8,0.001065453958476263
2023,JP3165700000,0.003773505356156101
2023,SG1R50925390,0.0006066854260429288
2023,JP3756600007,0.009431471625665598
2023,JP3942400007,0.0045189749226451584
2023,JP3131430005,0.0006243270492453232
2023,JP3425000001,0.00018478872582956783
2023,SG1V61937297,0.00212171069771711
2023,JP3870000001,0.0002354592808191688
2023,JP3160400002,0.0030010547446604036
2023,JP3158800007,1.8345627934250058e-08
2023,JP3270000007,0.0009735903273710611
2023,AU000000JBH7,0.0005032970983315731
2023,JP3111200006,0.0016891989662619
2023,SG1N31909426,0.00036450630295776533
2023,JP3792600003,0.000497682479967212
2023,JP3402600005,0.0018989649783457583
2023,JP3933800009,0.0038091489270056524
2023,JP3386030005,0.000718595293163057
2023,JP3358000002,0.0029954364103258672
2023,JP3137200006,0.0016245024026042873
2023,JP3336000009,0.00039327208143279775
2023,JP3359600008,0.0008978907380190867
2023,SG2B80958517,0.0002600255075894828
2023,JP3197600004,0.0019226208481329182
2023,JP3811000003,0.00046838976184193393
2023,JP3733000008,0.0018483252601388044
2023,JP3732200005,0.00045945116965757986
2023,SG1S04926220,0.007519054506300693
2023,JP3143600009,0.008628858852527333
2023,AU000000ANN9,0.00032392310777678776
2023,SG1F60858221,0.0017446434695752714
2023,JP3116000005,0.0030330202065434373
2023,JP3676800000,0.0007207766651341167
2023,AU000000COH5,0.0017010894329947581
2023,JP3119600009,0.0027524631965731463
2023,JP3352000008,0.00029162404164530893
2023,JP3421100003,0.0001470685748656561
2023,JP3528600004,2.3591910560348156e-05
2023,JP3768600003,0.0006634769065430203
2023,AU000000IGO4,0.0013076309390079126
2023,JP3546800008,0.0036071339743940496
2023,JP3405400007,0.00039478038451933576
2023,JP3765400001,0.00040834022400259304
2023,JP3896800004,0.000538047041984478
2023,JP3404600003,0.0037504069310051735
2023,JP3205800000,0.003203945643728671
2023,HK0388045442,0.00964667476172148
2023,JP3260800002,0.0009599594389441615
2023,JP3358800005,0.0006850817083643712
2023,BMG2624N1535,0.0008624313764423172
2023,JP3108600002,0.0006227148335835894
2023,SG0531000230,0.0006988943104334354
2023,SG1B51001017,0.0013731257414715454
2023,JP3940400009,0.0006061899460415943
2023,JP3443600006,0.0011896999386886977
2023,JP3351100007,0.0023669574116571496
2023,JP3229400001,0.000592613709587248
2023,JP3166000004,0.0006712877763769293
2023,JP3982100004,0.0007937959896312919
2023,JP3868400007,0.0008035497486667336
2023,AU000000AMP6,0.0005040675250700077
2023,JP3734800000,0.0055499365451912985
2023,JP3910660004,0.007273564039307292
2023,JP3877600001,0.0036050534913870283
2023,HK0016000132,0.006923460768925667
2023,JP3362700001,0.0016586488128756411
2023,NZTELE0001S4,0.001101754568052234
2023,JP3613400005,0.0004265750877626797
2023,BMG2178K1009,0.0023746876511975944
2023,SG1R89002252,0.0009805568880803743
2023,HK0000608585,0.0013466579028783671
2023,SG1L01001701,0.01168618457628921
2023,JP3894900004,0.0007877164239385566
2023,JP3485800001,0.00012751349646310985
2023,AU000000CSR5,0.00010079757630515577
2023,JP3657400002,0.0007981086542470645
2023,AU000000ABC7,0.0
2023,SG1U68934629,0.0018240620920744726
2023,JP3571400005,0.009790274191181994
2023,JP3122400009,0.0025615071877136005
2023,JP3242800005,0.005279325025632101
2023,JP3841800000,0.00013238959967213506
2023,JP3783600004,0.0034356160035184913
2023,JP3799000009,0.0009780557848331848
2023,AU000000WOW2,0.00521926067691267
2023,JP3197800000,0.0020355804370731484
2023,JP3551200003,3.750501512168769e-09
2023,JP3305990008,0.0010240988952497023
2023,JP3931600005,0.0020624865414773006
2023,JP3449020001,5.556064838598988e-09
2023,JP3381000003,0.0030130875291465614
2023,JP3494600004,0.0006904484844125042
2023,JP3977400005,0.0007754737638560508
2023,HK0000745908,0.0007358123602131708
2023,JP3407200009,0.0001445992158970633
2023,JP3769000005,0.0004192513184459259
2023,JP3174410005,0.0002943757663098708
2023,BMG524401079,0.0008363861873367079
2023,BMG668971101,0.0008207177557309675
2023,JP3522200009,5.214724516103934e-09
2023,AU000000MND5,0.00020321604861987623
2023,KYG525621408,0.0008031422744401903
2023,JP3658850007,0.0005008374218900678
2023,JP3539220008,0.0015731108800074128
2023,AU000000RHC8,0.001969083317366429
2023,JP3595200001,0.00043111077993973607
2023,JP3939000000,0.0005546881910036297
2023,JP3209000003,0.0003159616866536424
2023,JP3143000002,0.0004392309767211527
2023,JP3200450009,0.003711189875365887
2023,JP3835620000,0.00027185436822724517
2023,JP3919800007,6.024223788264044e-05
2023,BMG2108M2182,0.00037237510387716635
2023,HK0083000502,0.00186721814216276
2023,HK0006000050,0.002019240998148075
2023,JP3280200001,0.000437670652208975
2023,JP3850200001,4.409655877102683e-09
2023,AU000000PPT9,0.0003662215471513483
2023,AU000000CQR9,0.0003632802765259881
2023,NZAIRE0001S2,0.0001891249321496326
2023,IE00BKVD2N49,0.0025599630062183255
2023,JP3194000000,0.00033848653322300247
2023,JP3493800001,0.0013693267843978526
2023,JP3277800003,0.0007025023974379515
2023,HK0293001514,0.0008408052868849145
2023,JP3240400006,0.0017876925087022355
2023,AU000000QBE9,0.0023154691627802456
2023,JP3826800009,0.0001135987008920564
2023,JP3436100006,0.014257707168423502
2023,JP3633400001,0.04015588383332694
2023,JP3511800009,0.0011000705989162795
2023,AU000000MGR9,0.0011623075342852777
2023,AU000000ORG5,0.001371663553460031
2023,AU000000ELD6,0.0003227738180090308
2023,JP3780100008,0.0005049746207532578
2023,HK0144000764,0.0013148217888581692
2023,JP3475350009,0.010342093613045842
2023,JP3605400005,4.994136396305023e-09
2023,JP3385820000,0.00019879676064262638
2023,JP3597800006,0.0007661093211223842
2023,HK0242001243,0.00015785729689664642
2023,JP3409000001,0.0018773612376490124
2023,JP3544000007,0.0002224142198838848
2023,JP3040890000,0.0003571766682678007
2023,BMG4600H1198,0.0006038441881989156
2023,JP3495000006,0.00042486958012239595
2023,JP3588600001,0.00036885117622160763
2023,JP3351600006,0.0034130114162834783
2023,JP3407400005,0.0015741576473374047
2023,JP3778630008,0.002574265891788048
2023,JP3266400005,0.002945719002973094
2023,JP3955000009,0.0008254644262246993
2023,JP3294460005,0.0024841030734377
2023,JP3675600005,0.0013675342761049077
2023,BMG507361001,0.0025766345796148274
2023,JP3906000009,0.0013548007839848874
2023,JP3305800009,2.4821776995623693e-05
2023,JP3414750004,0.0010828245355004316
2023,JP3573000001,0.001572918126353407
2023,AU000000STO6,0.0027765669694822847
2023,AU000000CIM7,0.0008959823281282333
2023,JP3519400000,0.0071172387974913895
2023,JP3165600002,0.0002095171755305903
2023,BMG2442N1048,0.0006197897710381583
2023,JP3619800000,0.0
2023,JP3304200003,0.003916144424243498
2023,AU000000IRE2,0.00019499829388798352
2023,JP3358200008,0.0006238949762173359
2023,JP3502200003,0.0013481173468859573
2023,AU000000SIG5,6.250371770038767e-05
2023,JP3219000001,0.0005965496236623596
2023,JP3834800009,0.00014246742919452835
2023,JP3902000003,0.00029384752845768947
2023,JP3973400009,0.0008719758910766122
2023,JP3659000008,0.0018231686860014289
2023,HK0308001558,0.0002763807717841628
2023,JP3493400000,0.000379055211560294
2023,HK0270001396,0.001239730345837814
2023,JP3322930003,0.0008719049874776977
2023,JP3711600001,0.001325132599408276
2023,JP3411000007,0.00020439282218178358
2023,JP3357200009,0.0015547910379858137
2023,JP3914400001,0.006663538153133134
2023,HK0014000126,0.0005827004898039161
2023,JP3665200006,0.0005329657966446692
2023,SG1S76928401,0.00015842514205113742
2023,JP3274400005,0.00012063116208562443
2023,JP3385980002,0.0009767838547347584
2023,SG1M31001969,0.006476606991416374
2023,JP3695200000,0.0008075930490720611
2023,JP3967200001,0.0013552140486639574
2023,JP3027680002,0.0009116723494919391
2023,JP3814800003,0.0020371145894874723
2023,AU000000CWY3,0.0007424876456747089
2023,AU000000SEK6,0.0009579852687858725
2023,AU000000SGP0,0.0011275906682412197
2023,BMG8063F1068,0.000616124807847756
2023,JP3771800004,0.001406730190504439
2023,JP3538800008,0.002338953976251098
2023,JP3756100008,0.002655832774559281
2023,AU000000MTS0,0.0004355291302547496
2023,JP3404200002,0.00029015671467674104
2024,JP3802400006,0.004291785621009275
2024,JP3869010003,0.0013326192575852545
2024,JP3733400000,0.0003837934511032302
2024,JP3224200000,0.0006872779076557649
2024,JP3388200002,0.003335293380154713
2024,JP3210200006,0.0015817914936708706
2024,JP3663900003,0.0010814475830250314
2024,JP3667600005,0.00044059217637705387
2024,JP3148800000,0.001141067137755156
2024,AU000000ILU1,0.0003997236325493393
2024,HK0008011667,0.0007205727113826668
2024,JP3112000009,0.0013008823968101214
2024,JP3300200007,0.0013676201180691401
2024,JP3419400001,0.0009539446100107069
2024,JP3827200001,0.00019768944772821946
2024,JP3870400003,0.0005236973559924977
2024,JP3635000007,0.0036671258597137033
2024,NZSKCE0001S2,0.00025222648951469417
2024,JP3350800003,0.0
2024,AU000000DXS1,0.0009264518874411736
2024,JP3579800008,0.0004195999475862132
2024,SGXE34184239,0.0007917198756892289
2024,AU000000SXL4,0.0
2024,JP3196000008,0.000750527455840878
2024,AU000000WBC1,0.0087802253547793
2024,NZAIAE0002S6,0.001268650650026706
2024,KYG217651051,0.0031012933990285235
2024,SG1T75931496,0.004959341707213255
2024,JP3893200000,0.0037016809974568373
2024,JP3738600000,0.0009719624697685223
2024,JP3634600005,0.004629456127173613
2024,AU0000088338,0.000835884715401796
2024,AU0000224040,0.006465943353950689
2024,JP3891600003,6.906606525708586e-05
2024,US89677Q1076,0.0037899438970335655
2024,AU000000BSL0,0.0010213768811185332
2024,JP3820000002,0.0012193434802132413
2024,AU000000BHP4,0.02546928067873761
2024,SG1T58930911,9.834982882581855e-05
2024,JP3246400000,0.0
2024,JP3862400003,0.0012764616832494564
2024,JP3223800008,0.0019070234677361205
2024,JP3830800003,0.005126976070401592
2024,JP3420600003,0.00232597847877235
2024,JP3890310000,0.0036580530507450437
2024,JP3774200004,0.0011653641840059694
2024,JP3126400005,0.0002578172737930181
2024,AU000000IAG3,0.0015658423311844664
2024,AU000000CGF5,0.0005535632580250011
2024,JP3549600009,0.00012610317015065032
2024,JP3720800006,0.00028566643875092487
2024,SGXE21576413,0.0015800453651330008
2024,JP3902400005,0.004923960259451501
2024,AU0000033359,0.00021601768823230946
2024,JP3400900001,0.0
2024,HK0688002218,0.0027562187239750058
2024,AU000000WOR2,0.0008311039865950301
2024,HK0023000190,0.0004950368374637971
2024,JP3672400003,0.0025323012496143043
2024,HK0101000591,0.0009013429565262556
2024,JP3131400008,0.000364599431478032
2024,SG1M77906915,0.001539339273506922
2024,AU000000ANZ3,0.008546938965512786
2024,JP3629000005,0.001657417342332532
2024,HK0200030994,0.00016539670461744623
2024,KYG210961051,0.0014424052373854155
2024,JP3499800005,0.001718074919521898
2024,JP3435000009,0.019987849220130326
2024,AU000000TAH8,0.00019726767344441573
2024,JP3638600001,0.0004176275717259506
2024,AU000000FLT9,0.0006072819528772528
2024,JP3421800008,0.00259138231707212
2024,JP3888300005,0.0009495004890548067
2024,JP3598600009,0.0010714106786145563
2024,JP3039710003,0.0007031479846949687
2024,AU000000BEN6,0.0005821313273255002
2024,MU0117U00026,0.0
2024,JP3726200003,0.0004159623766480738
2024,JP3613000003,0.0010432797271425994
2024,JP3292200007,0.0004880398586393709
2024,JP3743000006,0.0005697770306618093
2024,JP3276400003,0.0006376149427075943
2024,JP3452000007,0.0005334649183916829
2024,AU000000TLS2,0.005059830519596308
2024,JP3982800009,0.0012525253329769013
2024,JP3596200000,0.0007151407355043842
2024,HK0000049939,0.0034316457663000504
2024,HK0165000859,0.00028401392791905085
2024,AU000000NAB4,0.01053963085169098
2024,JP3796150005,0.000658051771805454
2024,JP3899600005,0.0028539818744501557
2024,JP3753000003,0.0028864246967824736
2024,JP3243600008,0.0006028636054309939
2024,AU000000GWA4,0.00010621845438136397
2024,JP3802300008,0.013364988853143607
2024,JP3347200002,0.0026030258725813233
2024,JP3890350006,0.011259470326998465
2024,JP3548610009,0.00019728463915312755
2024,AU000000SUN6,0.0019817914577436088
2024,HK0003000038,0.0024262875392172837
2024,JP3256000005,0.0012510121778248995
2024,HK0000139300,9.153923314453084e-05
2024,HK2388011192,0.004048233314771001
2024,AU000000MQG1,0.007792761880944446
2024,JP3269600007,0.0005871148643476833
2024,JP3526600006,0.0019841398816710662
2024,JP3942600002,0.0006204796412119419
2024,JP3535800001,0.00045322085989423503
2024,JP3456000003,0.000428143469396731
2024,AU000000BPT9,0.0003712625000268363
2024,JP3940000007,0.0011223344428095403
2024,JP3305530002,0.00045494496987236454
2024,JP3496400007,0.012447945872904757
2024,JP3762800005,0.0028404336245893285
2024,JP3368000000,0.00038060425315627127
2024,AU000000WES1,0.007023355942496402
2024,HK0066009694,0.0032979427588954403
2024,JP3788600009,0.012130630494150927
2024,JP3551500006,0.008169661717327904
2024,HK0363006039,0.00026564632066711084
2024,JP3951600000,0.003680516885510407
2024,SG1S83002349,0.0006212701553621
2024,JP3293200006,0.0005359826523775631
2024,JP3787000003,0.0009293595970045103
2024,JP3992400006,0.00025709600313847007
2024,BMG684371393,0.0001645576897098378
2024,HK0000055878,0.000555828794947756
2024,JP3944130008,0.000760162649379207
2024,AU000000SHL7,0.0017204628664449961
2024,AU000000ASX7,0.0014387140659569394
2024,JP3830000000,0.0008113841669882691
2024,JP3172100004,0.00022416715545333442
2024,JP3188220002,0.00347936276171281
2024,JP3845400005,0.0
2024,JP3898400001,0.011746721188503503
2024,JP3122800000,0.0005949709007141263
2024,JP3854600008,0.009749477733501818
2024,AU000000SWM4,7.793272694057607e-05
2024,AU000000GMG2,0.005473104371265377
2024,JP3789000001,0.00041144304536065945
2024,JP3599000001,2.713689299165676e-12
2024,JP3635400009,0.0005545847436412676
2024,AU000000ERA9,0.00017944327852955985
2024,BMG677491539,0.0016204419099188712
2024,JP3389900006,1.0821210884323323e-05
2024,JP3600200004,0.00041500630189355854
2024,JP3888400003,0.00030595319383451363
2024,JP3566800003,0.004285678305008604
2024,AU000000ALL7,0.002989890385913643
2024,AU000000IFL2,0.00010030386592512404
2024,JP3126340003,0.0005695215986273053
2024,JP3893600001,0.009673479585694447
2024,HK0440001847,0.00027091186899031773
2024,JP3162600005,0.006026269715203108
2024,HK0392044647,0.0008307473623990967
2024,JP3198900007,0.010853472562776719
2024,JP3326410002,0.0005259842960475197
2024,JP3463000004,0.007381360414751603
2024,KYG9431R1039,0.0012903240098565295
2024,JP3486800000,0.0014327981030659578
2024,JP3459600007,0.000256710033556383
2024,JP3742600004,0.00038886456358753325
2024,JP3942800008,0.0015735498947722752
2024,HK0004000045,0.001505915843062068
2024,JP3429800000,0.0015174028598536453
2024,SG1M51904654,0.0017249419014853406
2024,JP3118000003,0.0008790498176529715
2024,JP3684000007,0.002039594640218109
2024,AU000000DOW2,0.000379630708621689
2024,AU000000BOQ8,0.000434956269523048
2024,JP3283650004,0.000638233300819418
2024,JP3481800005,0.007619362806916411
2024,AU000000BWP3,0.0001435248043203137
2024,JP3268950007,0.0006519603837537671
2024,AU000000CSL8,0.015278634850373151
2024,NZFBUE0001S0,0.0003018800674648288
2024,JP3289800009,0.0006895135714696726
2024,KYG2108Y1052,0.0035374004592592357
2024,HK0823032773,0.0020921048772310777
2024,HK0019000162,0.0011615629623273928
2024,JP3271400008,0.0006193019959620135
2024,JP3215800008,0.0002837130706363817
2024,JP3320800000,0.00055253829217833
2024,JP3249600002,0.003274462679939839
2024,JP3585800000,0.0015380985801250703
2024,JP3375800004,0.0007925825261070114
2024,HK0012000102,0.0020789637863445442
2024,JP3190000004,0.0011654898669930837
2024,JP3678000005,0.00020056923660025227
2024,NZCENE0001S6,0.0006120509884470721
2024,AU000000APA1,0.001166537066899125
2024,JP3818000006,0.0049659948226693455
2024,AU000000ORI1,0.0007374095741458702
2024,JP3491000000,0.0003345798850537379
2024,KYG5427W1309,0.0
2024,JP3726800000,0.00862787213470862
2024,JP3164630000,0.0007611455561008342
2024,JP3134800006,0.000568201426023152
2024,AU000000CPU5,0.001553108419155859
2024,JP3164800009,0.0003696839855600587
2024,JP3783420007,0.0015172190695924377
2024,JP3173400007,0.0024320862666168024
2024,JP3837800006,0.007126164077061692
2024,JP3397200001,0.003822643247743055
2024,JP3401400001,0.0002901936015601739
2024,AU000000LLC3,0.0005376843595871444
2024,JP3885400006,0.0007916324266219565
2024,AU000000SGM7,0.00038498534898274414
2024,JP3415400005,0.0005905577582734547
2024,JP3814000000,0.004549862458378709
2024,HK0011000095,0.0030987215859520924
2024,JP3900000005,0.00361913509016982
2024,JP3027670003,0.0010061296439395145
2024,AU000000CBA7,0.020375706886516354
2024,HK0010000088,0.0002725875339422393
2024,JP3903000002,0.00045576171211049297
2024,JP3626800001,0.0006605368036963498
2024,JP3766550002,0.0005368227573701508
2024,AU000000TCL6,0.004380273577941843
2024,JP3711200000,0.0005182965365269489
2024,HK2380027329,2.6566445564314366e-05
2024,JP3634200004,0.0004099552906037877
2024,JP3721400004,0.0001441073947956628
2024,JP3398000004,0.0004912739709853511
2024,JP3300600008,0.00026425550028819
2024,JP3574200006,0.0012117415412833275
2024,SG9999000020,0.0016952797153166686
2024,JP3371200001,0.0129820870419799
2024,JP3436120004,0.001132964979148844
2024,AU000000QAN2,0.0009335751268560301
2024,HK0291001490,0.001919712081637862
2024,JP3352400000,0.00037317898436493174
2024,AU000000MAH3,0.00013656375776380374
2024,KYG0535Q1331,0.0007580762323558168
2024,JP3735400008,0.018515477423745312
2024,JP3203500008,0.00019824689827891809
2024,JP3582600007,0.0004997551943117117
2024,SG9999003735,0.00010190526113338368
2024,AU000000SBM8,3.9489269612682705e-05
2024,HK0002007356,0.002033432738681305
2024,JP3180400008,0.0014240069537023242
2024,JP3263000006,0.0007182715133215156
2024,JP3156400008,0.00015241559856226668
2024,JP3102000001,0.0017133827112981261
2024,JP3935600001,0.0009558127083210439
2024,JP3902900004,0.018693013331632893
2024,JP3201200007,0.0029609850918507798
2024,JP3505000004,0.0032435184287290786
2024,BMG8403G1033,0.0
2024,JP3625000009,0.0
2024,JP3560800009,0.00016974723311555107
2024,BMG988031446,0.00030588895668795887
2024,JP3621000003,0.001178875961493779
2024,JP3684400009,0.0002610552893177747
2024,JP3258000003,0.001963726149738482
2024,JP3866800000,0.0037429074857112184
2024,JP3152740001,0.0006478910021476928
2024,JP3351500008,0.0008527188330122089
2024,JP3718800000,0.000439257471141315
2024,JP3551520004,0.0012257312816922087
2024,SG1J26887955,0.0011451289201914832
2024,JP3419050004,0.0006331188113136311
2024,JP3819400007,0.0004950870744314778
2024,JP3762600009,0.0027598418400466332
2024,JP3688370000,0.0008867698180928731
2024,HK0836012952,0.0
2024,BMG5320C1082,0.0013561983246458077
2024,JP3670800006,0.0010103214703383236
2024,JP3228600007,0.0019473358883332164
2024,AU000000GPT8,0.0009357042907722732
2024,JP3165700000,0.003340972986744456
2024,SG1R50925390,0.001132814695322291
2024,JP3756600007,0.011922608667059392
2024,JP3942400007,0.0032639512344284087
2024,JP3131430005,0.00046690401090173424
2024,JP3425000001,8.744062002501419e-05
2024,SG1V61937297,0.0022979837944574425
2024,JP3870000001,0.00026296578183708123
2024,JP3160400002,0.002205749046362039
2024,JP3158800007,0.0
2024,JP3270000007,0.0007916142714018648
2024,AU000000JBH7,0.0005415255596175858
2024,JP3111200006,0.0016247396532992596
2024,SG1N31909426,0.0003202519830150839
2024,JP3792600003,0.0003032440959850716
2024,JP3402600005,0.0012229551614086084
2024,JP3933800009,0.003913178082658873
2024,JP3386030005,0.0011537534316959548
2024,JP3358000002,0.0022677505575405786
2024,JP3137200006,0.001697252982474572
2024,JP3336000009,0.00048123200934573046
2024,JP3359600008,0.0006617568962588974
2024,SG2B80958517,0.00031055400502713886
2024,JP3197600004,0.0014246425007367104
2024,JP3811000003,0.0004958723932670554
2024,JP3733000008,0.0030426101679302533
2024,JP3732200005,0.0006801540234105874
2024,SG1S04926220,0.007110283780498322
2024,JP3143600009,0.011770619299459035
2024,AU000000ANN9,0.00021935702234843673
2024,SG1F60858221,0.0016452768220211046
2024,JP3116000005,0.003209357345155725
2024,JP3676800000,0.0007661916783862884
2024,AU000000COH5,0.0020904164695040276
2024,JP3119600009,0.003348235896556228
2024,JP3352000008,0.00031767803733679626
2024,JP3421100003,0.0002398342262090107
2024,JP3528600004,0.0
2024,JP3768600003,0.0006789415465880605
2024,AU000000IGO4,0.0005454484641845739
2024,JP3546800008,0.003992320209213484
2024,JP3405400007,0.0004376723806503273
2024,JP3765400001,0.0003942217197627947
2024,JP3896800004,0.0005663957639431153
2024,JP3404600003,0.004481429801509402
2024,JP3205800000,0.003068405348153603
2024,JP3336600006,0.0005584235325889117
2024,HK0388045442,0.006195350427040361
2024,JP3260800002,0.0008312890574369549
2024,JP3358800005,0.000744386108033578
2024,BMG2624N1535,0.0004965032142428395
2024,JP3108600002,0.0005798771175532948
2024,SG0531000230,0.0005101612618972547
2024,SG1B51001017,0.0011887455313595145
2024,JP3940400009,0.0007558279533705827
2024,JP3443600006,0.0012305827800048804
2024,JP3351100007,0.0018506097209307023
2024,JP3229400001,0.0006434946799259104
2024,JP3166000004,0.0009183419172631948
2024,JP3868400007,0.001175527485098249
2024,AU000000AMP6,0.00028155798693072274
2024,JP3734800000,0.003517250583757006
2024,JP3910660004,0.00845351837697948
2024,JP3877600001,0.004534507200881286
2024,HK0016000132,0.004403649293723149
2024,JP3362700001,0.0021428512276906605
2024,NZTELE0001S4,0.0010120367830914185
2024,JP3613400005,0.00040687167235822677
2024,BMG2178K1009,0.0024023666947423795
2024,SG1R89002252,0.0007002709465303594
2024,HK0000608585,0.0005466832204648994
2024,SG1L01001701,0.010069896848706843
2024,JP3894900004,0.0008953491598533401
2024,JP3485800001,0.0003098269576957351
2024,JP3657400002,0.0007571137074383514
2024,AU000000ABC7,0.00011972978392864748
2024,SG1U68934629,0.0015894488491625918
2024,JP3571400005,0.014462557215219758
2024,JP3122400009,0.0051943114719212695
2024,JP3242800005,0.0060206646768864005
2024,JP3841800000,0.0002608861590430222
2024,JP3783600004,0.0036130471631714606
2024,JP3799000009,0.0007982942563037873
2024,AU000000WOW2,0.004743981219385455
2024,JP3197800000,0.0014819881544515664
2024,JP3551200003,0.0
2024,JP3305990008,0.0010244967377200755
2024,JP3931600005,0.0011982160637034637
2024,JP3449020001,0.0
2024,JP3381000003,0.0033096581821293377
2024,JP3494600004,0.001749722148444796
2024,JP3977400005,0.0006075112716752711
2024,HK0000745908,0.0004092294072834447
2024,JP3407200009,0.00014017916123072123
2024,JP3769000005,0.0005301733179363928
2024,JP3174410005,0.00019504705591153617
2024,BMG524401079,0.0005574052079101119
2024,BMG668971101,0.0007024310875171596
2024,JP3522200009,0.0
2024,AU000000MND5,0.00017625779214576603
2024,KYG525621408,0.0003212731493847863
2024,JP3658850007,0.00045663659846423765
2024,JP3539220008,0.0013694157304334643
2024,AU000000RHC8,0.0014163405232007875
2024,JP3595200001,0.00036225647447822893
2024,JP3939000000,0.00042842377955119827
2024,JP3209000003,0.000234752217518294
2024,JP3143000002,0.0002872580819530655
2024,JP3200450009,0.0037792142703421696
2024,JP3919800007,0.0001732010122861415
2024,BMG2108M2182,8.094604248174344e-05
2024,HK0083000502,0.0014645577346704803
2024,HK0006000050,0.0019833656510347256
2024,JP3280200001,0.0003095218670269125
2024,JP3850200001,0.0
2024,AU000000PPT9,0.00029469219214277846
2024,AU000000CQR9,0.00032638353646074347
2024,NZAIRE0001S2,7.404305745790763e-07
2024,IE00BKVD2N49,0.0030105180212068243
2024,JP3194000000,0.00031278600401446856
2024,JP3493800001,0.0015008307285852833
2024,JP3277800003,0.0005130663050710124
2024,HK0293001514,0.0007501430988313937
2024,JP3240400006,0.0019836457342658374
2024,AU000000QBE9,0.002515964476595408
2024,JP3826800009,9.305462705382813e-05
2024,JP3436100006,0.010321321986713173
2024,JP3633400001,0.05245674089873208
2024,JP3511800009,0.0011192159225740326
2024,AU000000MGR9,0.0009206662264560632
2024,AU000000ORG5,0.0013808279733313832
2024,AU000000ELD6,0.0002950513317266742
2024,JP3780100008,0.00036777966092195203
2024,HK0144000764,0.0011940386696161938
2024,JP3475350009,0.00960688823218193
2024,JP3605400005,0.0
2024,JP3385820000,0.0002539481115214752
2024,JP3597800006,0.0007744046694490256
2024,HK0242001243,1.3005909371257675e-05
2024,JP3409000001,0.0024004208415761463
2024,JP3544000007,0.0001516089287572417
2024,JP3040890000,0.00022389404882564563
2024,BMG4600H1198,0.00031340118899886017
2024,JP3495000006,0.00015936597255073454
2024,JP3588600001,0.000754755471441847
2024,JP3351600006,0.0018081437509671807
2024,JP3407400005,0.0017175372932139417
2024,JP3778630008,0.002363978494306958
2024,JP3266400005,0.0028456972799235183
2024,JP3955000009,0.0009280219897899883
2024,JP3294460005,0.002712712434548529
2024,JP3675600005,0.0015496611382859985
2024,BMG507361001,0.0017654319960231485
2024,JP3906000009,0.0015417468361283288
2024,JP3305800009,3.9224265849480094e-05
2024,JP3414750004,0.000948027614468577
2024,JP3573000001,0.001659239022096311
2024,AU000000STO6,0.002728112851461086
2024,AU000000CIM7,0.0007897233717476927
2024,JP3519400000,0.009343898058764658
2024,JP3165600002,0.00018269759329234397
2024,BMG2442N1048,0.0005889613885186024
2024,JP3619800000,0.0
2024,JP3304200003,0.004413330960615838
2024,AU000000IRE2,0.00012106915357647385
2024,JP3358200008,0.0006777262063857635
2024,JP3502200003,0.0017818998157423849
2024,AU000000SIG5,0.0001488314386200631
2024,JP3219000001,0.0005638316553194968
2024,JP3834800009,5.54852521862305e-05
2024,JP3902000003,0.0003470180498550023
2024,JP3973400009,0.0008671333298077846
2024,JP3659000008,0.0018539686227376222
2024,HK0308001558,0.00025821607339100597
2024,JP3493400000,0.000378239004630929
2024,HK0270001396,0.0005193459764583873
2024,JP3322930003,0.0008540037913136583
2024,JP3711600001,0.0019696590422149905
2024,JP3411000007,0.0002874382778175306
2024,JP3357200009,0.0013609618856197702
2024,JP3914400001,0.006809598721675175
2024,HK0014000126,0.0003294353784090811
2024,JP3665200006,0.0006664771528789804
2024,SG1S76928401,0.00015435188310191505
2024,JP3274400005,0.00014816188418959256
2024,SG1M31001969,0.005878360427718007
2024,JP3695200000,0.0007089987038505013
2024,JP3967200001,0.0014410624587144075
2024,JP3027680002,0.0007589444891733089
2024,JP3814800003,0.002378601246361226
2024,AU000000CWY3,0.0006640711391202273
2024,AU000000SEK6,0.000821056286675681
2024,AU000000SGP0,0.0011040975957664018
2024,BMG8063F1068,0.00041933977469575575
2024,JP3771800004,0.0009717774965077829
2024,JP3538800008,0.003247008171243101
2024,JP3756100008,0.002502811883592689
2024,AU000000MTS0,0.0003167252597021908
2024,JP3404200002,0.0003885646116855384
