ReferenceWeight,CandidateWeight,DeltaWeight,AbsDeltaWeight,ChangeType,Year,ISIN
0.0012463693558365174,0.0006599010006003522,-0.0005864683552361652,0.0005864683552361652,Underweighted,2014,JP3551200003
0.0014948378756375156,0.0017717394049822062,0.00027690152934469066,0.00027690152934469066,Overweighted,2014,JP3246400000
0.0013162773125879788,0.0010723869769492984,-0.00024389033563868034,0.00024389033563868034,Underweighted,2014,JP3605400005
0.0015800681242797078,0.0013490642731525462,-0.0002310038511271616,0.0002310038511271616,Underweighted,2014,JP3522200009
0.000563263809642017,0.00034571968234523677,-0.00021754412729678023,0.00021754412729678023,Underweighted,2014,JP3223800008
0.0006956912395118654,0.00051505261625911,-0.0001806386232527554,0.0001806386232527554,Underweighted,2014,JP3158800007
0.0004770193902041056,0.0003152732470507792,-0.00016174614315332637,0.00016174614315332637,Underweighted,2014,JP3595200001
0.0007906941044446088,0.0006291990210530539,-0.00016149508339155484,0.00016149508339155484,Underweighted,2014,JP3845400005
0.0012003326520111759,0.001049679192485519,-0.00015065345952565683,0.00015065345952565683,Underweighted,2014,AU000000QAN2
0.0006493220206715341,0.0004991170259701824,-0.0001502049947013517,0.0001502049947013517,Underweighted,2014,JP3850200001
0.00034063835680602823,0.00021352969147052627,-0.00012710866533550196,0.00012710866533550196,Underweighted,2014,JP3686800008
0.0013005360517783602,0.001183259734237778,-0.00011727631754058208,0.00011727631754058208,Underweighted,2014,JP3753000003
0.0010888536680856865,0.0009727901721632037,-0.00011606349592248278,0.00011606349592248278,Underweighted,2014,JP3449020001
0.001354958784281745,0.0012461917485348173,-0.00010876703574692784,0.00010876703574692784,Underweighted,2014,JP3903000002
0.0012820216157437268,0.0011801142283972485,-0.00010190738734647828,0.00010190738734647828,Underweighted,2014,JP3362700001
0.00024080404870548263,0.00034139006274706065,0.00010058601404157802,0.00010058601404157802,Overweighted,2014,AU000000ERA9
0.0013197786956958214,0.0012256590261033428,-9.411966959247862e-05,9.411966959247862e-05,Underweighted,2014,JP3289800009
0.008718882858348546,0.00880080530372756,8.192244537901482e-05,8.192244537901482e-05,Overweighted,2014,JP3304200003
0.004017732374019978,0.003939760065834114,-7.797230818586392e-05,7.797230818586392e-05,Underweighted,2014,IE00BKVD2N49
0.00252591040956842,0.0024486935345440996,-7.721687502432054e-05,7.721687502432054e-05,Underweighted,2014,HK0293001514
0.0006640856873370823,0.0005886323136371063,-7.545337369997609e-05,7.545337369997609e-05,Underweighted,2014,AU000000BSL0
0.0007430048009947678,0.0006698397557226789,-7.316504527208896e-05,7.316504527208896e-05,Underweighted,2014,AU000000OZL8
0.0016860905368092142,0.0017590830273215203,7.299249051230614e-05,7.299249051230614e-05,Overweighted,2014,JP3351600006
0.00196045532597762,0.0020307728891741155,7.031756319649538e-05,7.031756319649538e-05,Overweighted,2014,JP3027680002
0.0027945692410796005,0.0028615780296598354,6.700878858023488e-05,6.700878858023488e-05,Overweighted,2014,JP3818000006
0.003879695415847251,0.003813834569139316,-6.586084670793515e-05,6.586084670793515e-05,Underweighted,2014,HK0019000162
0.002655870578027044,0.002721535530805175,6.566495277813113e-05,6.566495277813113e-05,Overweighted,2014,JP3973400009
0.00043262863570296375,0.000496972769814333,6.434413411136923e-05,6.434413411136923e-05,Overweighted,2014,JP3891600003
0.007027119615383606,0.007091228588275592,6.410897289198594e-05,6.410897289198594e-05,Overweighted,2014,JP3762600009
0.0014605555775920643,0.0015234083162755001,6.285273868343578e-05,6.285273868343578e-05,Overweighted,2014,BMG677491539
0.009427365950487071,0.009490218460727486,6.285251024041455e-05,6.285251024041455e-05,Overweighted,2014,AU000000CSL8
0.007141917099158694,0.007079623904158182,-6.229319500051199e-05,6.229319500051199e-05,Underweighted,2014,HK0002007356
0.003998579509156564,0.004059576684303487,6.099717514692314e-05,6.099717514692314e-05,Overweighted,2014,JP3573000001
0.0016868154195418918,0.0017477303035695682,6.0914884027676386e-05,6.0914884027676386e-05,Overweighted,2014,JP3224200000
0.0007999612979123752,0.0008605562191275161,6.059492121514092e-05,6.059492121514092e-05,Overweighted,2014,JP3888300005
0.0009231082337138576,0.0009823660894399554,5.925785572609779e-05,5.925785572609779e-05,Overweighted,2014,JP3613400005
0.0012789392015547711,0.0013380836411335207,5.914443957874961e-05,5.914443957874961e-05,Overweighted,2014,JP3977400005
0.0025283776709796447,0.0025872210118945242,5.884334091487949e-05,5.884334091487949e-05,Overweighted,2014,JP3180400008
0.004729141598290412,0.004670327256521384,-5.8814341769027924e-05,5.8814341769027924e-05,Underweighted,2014,AU000000ORG5
0.0005875773075380731,0.0006463676145711327,5.8790307033059646e-05,5.8790307033059646e-05,Overweighted,2014,JP3493400000
0.0030753914718391084,0.003017101871610774,-5.828960022833448e-05,5.828960022833448e-05,Underweighted,2014,JP3526600006
0.0033626944202407687,0.003304815631786836,-5.787878845393271e-05,5.787878845393271e-05,Underweighted,2014,JP3684000007
0.001243117358989917,0.001300867731332148,5.7750372342231125e-05,5.7750372342231125e-05,Overweighted,2014,JP3134800006
0.0003376789731726187,0.00039535015101635663,5.7671177843737916e-05,5.7671177843737916e-05,Overweighted,2014,JP3126400005
0.0011044552725890094,0.0011616880845981752,5.7232812009165796e-05,5.7232812009165796e-05,Overweighted,2014,JP3174410005
0.0014832929543170687,0.0015398422013550624,5.6549247037993716e-05,5.6549247037993716e-05,Overweighted,2014,BMG2442N1048
0.00285144593439361,0.0027955316192798613,-5.591431511374869e-05,5.591431511374869e-05,Underweighted,2014,JP3228600007
0.0039237636307838525,0.003868631926162993,-5.513170462085942e-05,5.513170462085942e-05,Underweighted,2014,JP3200450009
0.0004770094147536559,0.0005319651433226503,5.495572856899439e-05,5.495572856899439e-05,Overweighted,2014,JP3827200001
0.007910269519746136,0.007965065477535553,5.4795957789417066e-05,5.4795957789417066e-05,Overweighted,2014,HK0066009694
0.001860501312471678,0.001914814484155165,5.431317168348715e-05,5.431317168348715e-05,Overweighted,2014,JP3197800000
0.002056409183853234,0.0021106267960011586,5.421761214792443e-05,5.421761214792443e-05,Overweighted,2014,JP3197600004
0.0006729006603844626,0.0007265285028733024,5.362784248883975e-05,5.362784248883975e-05,Overweighted,2014,JP3357200009
0.0010794202171104253,0.0011326667082554459,5.324649114502055e-05,5.324649114502055e-05,Overweighted,2014,JP3743000006
0.0003718781424643225,0.00042296815204006995,5.1090009575747476e-05,5.1090009575747476e-05,Overweighted,2014,BMG684371393
0.0007310475610557336,0.0006805482144886382,-5.049934656709541e-05,5.049934656709541e-05,Underweighted,2014,JP3368000000
0.0013476168527507698,0.0013980319056911634,5.041505294039366e-05,5.041505294039366e-05,Overweighted,2014,JP3359600008
0.0006747095420660073,0.0007245757067304795,4.9866164664472135e-05,4.9866164664472135e-05,Overweighted,2014,AU000000SGM7
0.0005067129810426971,0.0005560542585304443,4.9341277487747136e-05,4.9341277487747136e-05,Overweighted,2014,JP3665200006
0.00045290207616689347,0.00040362235718613534,-4.927971898075812e-05,4.927971898075812e-05,Underweighted,2014,AU000000CQR9
0.0039025425225272022,0.003951708436301838,4.916591377463614e-05,4.916591377463614e-05,Overweighted,2014,JP3475350009
0.0033943232484666013,0.0034431365428554965,4.881329438889519e-05,4.881329438889519e-05,Overweighted,2014,JP3814000000
0.000906718568625009,0.0009550383813163181,4.8319812691309115e-05,4.8319812691309115e-05,Overweighted,2014,JP3350800003
0.013498134469397925,0.01354595756643401,4.7823097036084686e-05,4.7823097036084686e-05,Overweighted,2014,AU000000WOW2
0.0007868834823728253,0.0007399855756939703,-4.6897906678854996e-05,4.6897906678854996e-05,Underweighted,2014,AU000000TAH8
0.0057744091982112325,0.005820733590518974,4.6324392307741345e-05,4.6324392307741345e-05,Overweighted,2014,JP3902400005
0.0026268952196208304,0.0025811973114736996,-4.569790814713077e-05,4.569790814713077e-05,Underweighted,2014,SG1R50925390
0.0005314820245092894,0.0005770980731947344,4.561604868544506e-05,4.561604868544506e-05,Overweighted,2014,JP3165600002
0.0059245098011277905,0.0059694704166116256,4.4960615483835044e-05,4.4960615483835044e-05,Overweighted,2014,JP3566800003
0.011109815447882147,0.011064934054293181,-4.4881393588965326e-05,4.4881393588965326e-05,Underweighted,2014,JP3551500006
0.002128741175063971,0.002173520845331239,4.47796702672679e-05,4.47796702672679e-05,Overweighted,2014,AU000000WOR2
0.0012928416543314958,0.0012487395441903623,-4.410211014113348e-05,4.410211014113348e-05,Underweighted,2014,AU000000BEN6
0.003544872746653395,0.003588869432323438,4.399668567004302e-05,4.399668567004302e-05,Overweighted,2014,JP3634600005
0.002762484867283232,0.002805919982801541,4.343511551830898e-05,4.343511551830898e-05,Overweighted,2014,JP3539220008
0.0005754737609924435,0.0006179458200433433,4.24720590508998e-05,4.24720590508998e-05,Overweighted,2014,AU000000PPT9
0.0008465134000109509,0.0008886368007503564,4.212340073940545e-05,4.212340073940545e-05,Overweighted,2014,JP3358800005
0.00011998471800892907,7.865718792736302e-05,-4.132753008156605e-05,4.132753008156605e-05,Underweighted,2014,AU000000MAH3
0.015898995957279123,0.015939784433797642,4.0788476518519023e-05,4.0788476518519023e-05,Overweighted,2014,JP3242800005
0.00558656814109333,0.005546505649411553,-4.0062491681776453e-05,4.0062491681776453e-05,Underweighted,2014,SG1U68934629
0.0033855215760198202,0.003425202100809397,3.968052478957665e-05,3.968052478957665e-05,Overweighted,2014,JP3502200003
0.001813240953391174,0.0017740541877346453,-3.918676565652871e-05,3.918676565652871e-05,Underweighted,2014,AU0000088338
0.001807491768782,0.0018465671524801972,3.907538369819731e-05,3.907538369819731e-05,Overweighted,2014,NZFBUE0001S0
0.004831878762471819,0.004870937116175337,3.905835370351853e-05,3.905835370351853e-05,Overweighted,2014,AU000000SUN6
0.0003629966664139442,0.00040179547762990344,3.879881121595925e-05,3.879881121595925e-05,Overweighted,2014,AU000000IVC8
0.0036035283952976006,0.003641800546408008,3.827215111040739e-05,3.827215111040739e-05,Overweighted,2014,JP3814800003
0.006068625133774531,0.006106850039778088,3.8224906003557664e-05,3.8224906003557664e-05,Overweighted,2014,JP3900000005
0.010157396015596936,0.01011924006815844,-3.81559474384955e-05,3.81559474384955e-05,Underweighted,2014,AU0000224040
0.002660346230128807,0.0026984412522488297,3.8095022120022536e-05,3.8095022120022536e-05,Overweighted,2014,SGXE34184239
0.021262855516782714,0.02130090335353021,3.8047836747497066e-05,3.8047836747497066e-05,Overweighted,2014,JP3726800000
0.0030636304157589185,0.0030256164521401973,-3.801396361872121e-05,3.801396361872121e-05,Underweighted,2014,JP3621000003
0.0018859520117189995,0.0019237226429107276,3.777063119172813e-05,3.777063119172813e-05,Overweighted,2014,AU000000SHL7
0.0016594328080574798,0.0016969913217409448,3.755851368346494e-05,3.755851368346494e-05,Overweighted,2014,AU000000APA1
0.013158699816946161,0.013121642551548574,-3.705726539758765e-05,3.705726539758765e-05,Underweighted,2014,AU000000WES1
0.004608428672398655,0.004644715923132953,3.628725073429734e-05,3.628725073429734e-05,Overweighted,2014,AU000000MQG1
0.0025946445883169673,0.0026296616960892107,3.501710777224342e-05,3.501710777224342e-05,Overweighted,2014,JP3659000008
0.007021230774468135,0.007055687636088126,3.445686161999105e-05,3.445686161999105e-05,Overweighted,2014,JP3830800003
0.002446186609574459,0.002411849288008491,-3.433732156596803e-05,3.433732156596803e-05,Underweighted,2014,AU000000CIM7
0.0011095061756667048,0.0011438166372177748,3.431046155107e-05,3.431046155107e-05,Overweighted,2014,JP3443600006
0.02286123191778776,0.02289511914136371,3.388722357594923e-05,3.388722357594923e-05,Overweighted,2014,JP3854600008
0.0012397556321883697,0.0012060556647673377,-3.3699967421032054e-05,3.3699967421032054e-05,Underweighted,2014,NZTELE0001S4
0.05564794060366751,0.05568105478361971,3.311417995219973e-05,3.311417995219973e-05,Overweighted,2014,JP3633400001
0.002719041780574811,0.0026862197027111307,-3.2822077863680407e-05,3.2822077863680407e-05,Underweighted,2014,JP3734800000
0.0018029629142778385,0.0018356212522070033,3.2658337929164765e-05,3.2658337929164765e-05,Overweighted,2014,JP3495000006
0.0004339819718139724,0.0004015376387993732,-3.24443330145992e-05,3.24443330145992e-05,Underweighted,2014,AU000000CWY3
0.0023400478167897062,0.0023720207175794246,3.197290078971833e-05,3.197290078971833e-05,Overweighted,2014,AU000000GPT8
0.00024473437618266236,0.0002767066704437399,3.197229426107754e-05,3.197229426107754e-05,Overweighted,2014,AU000000SBM8
0.0026355173339595167,0.002667436944346359,3.191961038684224e-05,3.191961038684224e-05,Overweighted,2014,AU000000SGP0
0.010423856922859033,0.010455629107465331,3.1772184606298354e-05,3.1772184606298354e-05,Overweighted,2014,HK0011000095
0.0008871932869448064,0.0009189552953453125,3.176200840050605e-05,3.176200840050605e-05,Overweighted,2014,JP3711600001
0.0008421341772635349,0.0008738750717066119,3.174089444307694e-05,3.174089444307694e-05,Overweighted,2014,AU000000MND5
0.0012316622167235173,0.0011999703039272153,-3.169191279630201e-05,3.169191279630201e-05,Underweighted,2014,JP3982800009
0.003571533800555279,0.0035398829505735438,-3.1650849981735424e-05,3.1650849981735424e-05,Underweighted,2014,SG1V61937297
0.042115743296134024,0.04214658710117046,3.084380503643597e-05,3.084380503643597e-05,Overweighted,2014,AU000000BHP4
0.0014188714953129397,0.0013881236925265322,-3.074780278640747e-05,3.074780278640747e-05,Underweighted,2014,JP3688370000
0.0018835379527101734,0.0019142412190386018,3.0703266328428475e-05,3.0703266328428475e-05,Overweighted,2014,AU000000MGR9
0.0005331978019866368,0.0005638276626855177,3.062986069888088e-05,3.062986069888088e-05,Overweighted,2014,JP3166000004
0.0010726369108046327,0.0011032251791200866,3.058826831545385e-05,3.058826831545385e-05,Overweighted,2014,JP3786200000
0.0037624040694597396,0.003732279934897874,-3.012413456186542e-05,3.012413456186542e-05,Underweighted,2014,JP3481800005
0.00044873898817922086,0.0004781875479255723,2.9448559746351436e-05,2.9448559746351436e-05,Overweighted,2014,JP3678000005
0.0006137761655691216,0.0006431566144139421,2.9380448844820543e-05,2.9380448844820543e-05,Overweighted,2014,JP3820000002
0.009023812427694818,0.009053083840172256,2.9271412477438474e-05,2.9271412477438474e-05,Overweighted,2014,JP3893600001
0.0008949375616439195,0.0009241807448382099,2.9243183194290444e-05,2.9243183194290444e-05,Overweighted,2014,JP3738600000
0.0016423714626383518,0.0016135399046748097,-2.883155796354212e-05,2.883155796354212e-05,Underweighted,2014,JP3419400001
0.0003096413071086766,0.0003384536517865712,2.8812344677894592e-05,2.8812344677894592e-05,Overweighted,2014,JP3375800004
0.00160484049289645,0.001576599689148666,-2.8240803747783946e-05,2.8240803747783946e-05,Underweighted,2014,JP3401400001
0.001003503714038098,0.0010315426832041336,2.8038969166035597e-05,2.8038969166035597e-05,Overweighted,2014,JP3596200000
0.008251120686161757,0.008223716313427783,-2.7404372733973864e-05,2.7404372733973864e-05,Underweighted,2014,HK0003000038
0.0025699520233038223,0.0025972964543706967,2.7344431066874363e-05,2.7344431066874363e-05,Overweighted,2014,JP3551520004
0.005401324026242497,0.00537438436547855,-2.693966076394716e-05,2.693966076394716e-05,Underweighted,2014,AU000000AMP6
0.0020954298208622907,0.0020685723398979577,-2.6857480964332953e-05,2.6857480964332953e-05,Underweighted,2014,AU000000LLC3
0.010998120329196913,0.01102440731375804,2.6286984561127436e-05,2.6286984561127436e-05,Overweighted,2014,JP3496400007
0.001166465997734462,0.0011922644818871029,2.5798484152640775e-05,2.5798484152640775e-05,Overweighted,2014,AU000000MTS0
0.0008901493454280659,0.0008647038469392963,-2.54454984887696e-05,2.54454984887696e-05,Underweighted,2014,HK0200030994
0.002434448829545318,0.0024597035423888363,2.5254712843518316e-05,2.5254712843518316e-05,Overweighted,2014,JP3982100004
0.022679622192050768,0.02265463299807443,-2.498919397633803e-05,2.498919397633803e-05,Underweighted,2014,AU000000NAB4
0.0030259830657617705,0.0030507062385585295,2.472317279675904e-05,2.472317279675904e-05,Overweighted,2014,JP3402600005
0.006009939558778976,0.005985860071648722,-2.4079487130254304e-05,2.4079487130254304e-05,Underweighted,2014,JP3592200004
0.001668310958957708,0.0016919003129354428,2.3589353977734786e-05,2.3589353977734786e-05,Overweighted,2014,JP3787000003
0.0006855561818549754,0.0006625699397155366,-2.298624213943883e-05,2.298624213943883e-05,Underweighted,2014,AU000000DOW2
0.0003525590200934135,0.0003297843508403443,-2.2774669253069178e-05,2.2774669253069178e-05,Underweighted,2014,JP3452000007
0.003411843464606415,0.003433575509548081,2.1732044941666275e-05,2.1732044941666275e-05,Overweighted,2014,JP3116000005
0.0361988414385492,0.036177122564140705,-2.171887440849396e-05,2.171887440849396e-05,Underweighted,2014,AU000000CBA7
0.0008340374366485327,0.0008555240849718532,2.1486648323320516e-05,2.1486648323320516e-05,Overweighted,2014,JP3405400007
0.0006864373466446985,0.0007071823702636127,2.074502361891419e-05,2.074502361891419e-05,Overweighted,2014,JP3421100003
0.002371673319865389,0.0023923870258565887,2.0713705991199857e-05,2.0713705991199857e-05,Overweighted,2014,JP3626800001
0.0005745526944009216,0.000595200943560171,2.0648249159249395e-05,2.0648249159249395e-05,Overweighted,2014,JP3293200006
0.000864948032441987,0.000885533634058845,2.058560161685805e-05,2.058560161685805e-05,Overweighted,2014,JP3270000007
0.0022726204220500693,0.002293075066480157,2.0454644430087897e-05,2.0454644430087897e-05,Overweighted,2014,JP3429800000
0.013269118077973832,0.013289349657407684,2.0231579433852356e-05,2.0231579433852356e-05,Overweighted,2014,JP3463000004
0.0021773016678530853,0.002157345090660992,-1.9956577192093393e-05,1.9956577192093393e-05,Underweighted,2014,AU000000ASX7
0.0003809258760221956,0.0004007386405480328,1.981276452583719e-05,1.981276452583719e-05,Overweighted,2014,AU000000IGO4
0.0026842274585053764,0.0026652172718075306,-1.9010186697845845e-05,1.9010186697845845e-05,Underweighted,2014,JP3111200006
0.006904338446098613,0.006923299183226932,1.896073712831861e-05,1.896073712831861e-05,Overweighted,2014,JP3294460005
0.0043725591465156215,0.004391222912269785,1.8663765754163564e-05,1.8663765754163564e-05,Overweighted,2014,JP3890310000
0.0025388020166995755,0.002557372931510136,1.857091481056051e-05,1.857091481056051e-05,Overweighted,2014,JP3571400005
0.0049455390448956416,0.004927087073564094,-1.845197133154737e-05,1.845197133154737e-05,Underweighted,2014,AU000000QBE9
0.0004639715010159048,0.0004823596447005474,1.8388143684642622e-05,1.8388143684642622e-05,Overweighted,2014,JP3320800000
0.001418336146138806,0.0014000965918656999,-1.8239554273106117e-05,1.8239554273106117e-05,Underweighted,2014,JP3300600008
0.003616579609635951,0.0035983825303801953,-1.8197079255755783e-05,1.8197079255755783e-05,Underweighted,2014,JP3505000004
0.004060763142109811,0.004078858151869648,1.8095009759837126e-05,1.8095009759837126e-05,Overweighted,2014,JP3258000003
0.0010287881557779243,0.0010467910174127043,1.8002861634780053e-05,1.8002861634780053e-05,Overweighted,2014,JP3210200006
0.011220709205381254,0.011238623444360137,1.791423897888264e-05,1.791423897888264e-05,Overweighted,2014,JP3898400001
0.0009725731673437442,0.0009904566730753886,1.7883505731644393e-05,1.7883505731644393e-05,Overweighted,2014,JP3830000000
0.0010707182991681414,0.0010530747223225303,-1.764357684561112e-05,1.764357684561112e-05,Underweighted,2014,NZCENE0001S6
0.0033087704602598684,0.0033261915246532805,1.7421064393412147e-05,1.7421064393412147e-05,Overweighted,2014,SG1F60858221
0.0008546766436289513,0.000837357453421926,-1.7319190207025275e-05,1.7319190207025275e-05,Underweighted,2014,JP3870400003
0.0016261912820089467,0.001608921800092388,-1.726948191655862e-05,1.726948191655862e-05,Underweighted,2014,JP3385980002
0.003154935713724975,0.0031719686274634053,1.703291373843013e-05,1.703291373843013e-05,Overweighted,2014,AU000000TCL6
0.0009700394029295218,0.0009860690181315809,1.6029615202059087e-05,1.6029615202059087e-05,Overweighted,2014,JP3229400001
0.0008587965046646752,0.000874723337673003,1.592683300832788e-05,1.592683300832788e-05,Overweighted,2014,JP3769000005
0.0002757513767809134,0.000291661899673098,1.5910522892184577e-05,1.5910522892184577e-05,Overweighted,2014,JP3194000000
0.0010739603205642922,0.0010580911168648881,-1.5869203699404085e-05,1.5869203699404085e-05,Underweighted,2014,JP3528600004
0.003603704628255545,0.0036194721185140166,1.5767490258471704e-05,1.5767490258471704e-05,Overweighted,2014,JP3951600000
0.0029254405006792963,0.0029410965597992333,1.5656059119936987e-05,1.5656059119936987e-05,Overweighted,2014,JP3119600009
0.002585985897326632,0.002601599504751838,1.561360742520588e-05,1.561360742520588e-05,Overweighted,2014,BMG524401079
0.003630744749274518,0.003646273409243621,1.5528659969103135e-05,1.5528659969103135e-05,Overweighted,2014,AU000000IAG3
0.02000890149345428,0.0199934192675822,-1.5482225872078675e-05,1.5482225872078675e-05,Underweighted,2014,AU000000TLS2
0.0010314316501470935,0.0010160397273472146,-1.5391922799878844e-05,1.5391922799878844e-05,Underweighted,2014,JP3778630008
0.007289251177150536,0.0073045224351255935,1.5271257975057843e-05,1.5271257975057843e-05,Overweighted,2014,HK0388045442
0.00493122094835018,0.004946450260443667,1.5229312093487622e-05,1.5229312093487622e-05,Overweighted,2014,JP3205800000
0.0013782148844301335,0.0013933493360928824,1.5134451662748849e-05,1.5134451662748849e-05,Overweighted,2014,SG9999000020
0.0004840886594227893,0.0004988115250363266,1.4722865613537336e-05,1.4722865613537336e-05,Overweighted,2014,JP3385820000
0.0185569613799006,0.01857148694930263,1.4525569402030342e-05,1.4525569402030342e-05,Overweighted,2014,JP3890350006
0.0012072057373710156,0.001221549729785806,1.4343992414790315e-05,1.4343992414790315e-05,Overweighted,2014,JP3190000004
0.0004668045289436181,0.00048108695846166413,1.4282429518046032e-05,1.4282429518046032e-05,Overweighted,2014,JP3619800000
0.0049232439131405735,0.004936953890083037,1.3709976942463328e-05,1.3709976942463328e-05,Overweighted,2014,JP3435000009
0.0003653807990714212,0.0003522400319011216,-1.314076717029959e-05,1.314076717029959e-05,Underweighted,2014,JP3811000003
0.0005970340345643838,0.000583979195815547,-1.3054838748836743e-05,1.3054838748836743e-05,Underweighted,2014,JP3870000001
0.0007052443958925231,0.0006925307362428159,-1.2713659649707279e-05,1.2713659649707279e-05,Underweighted,2014,JP3414750004
0.0037216709801234857,0.003734073489562247,1.2402509438761474e-05,1.2402509438761474e-05,Overweighted,2014,JP3519400000
0.0016331009440204354,0.0016454572130171002,1.2356268996664829e-05,1.2356268996664829e-05,Overweighted,2014,JP3269600007
0.0028529755034625635,0.0028652038764372468,1.2228372974683235e-05,1.2228372974683235e-05,Overweighted,2014,SG1R89002252
0.0003552124899130323,0.00036735683659277525,1.2144346679742975e-05,1.2144346679742975e-05,Overweighted,2014,AU000000CSR5
0.008900662166743185,0.008912779375962599,1.2117209219413352e-05,1.2117209219413352e-05,Overweighted,2014,JP3783600004
0.0012930777399921384,0.001280986330668313,-1.2091409323825367e-05,1.2091409323825367e-05,Underweighted,2014,AU000000BLD2
0.0007784143249410344,0.0007663261685761783,-1.2088156364856118e-05,1.2088156364856118e-05,Underweighted,2014,JP3209000003
0.0007618051999422926,0.0007728022012593847,1.0997001317092055e-05,1.0997001317092055e-05,Overweighted,2014,JP3535800001
0.0025105315901251405,0.0025211817477877457,1.0650157662605263e-05,1.0650157662605263e-05,Overweighted,2014,BMG8063F1068
0.0014314006610777565,0.00144200317150746,1.060251042970346e-05,1.060251042970346e-05,Overweighted,2014,JP3629000005
0.0027676854021176727,0.0027782069252053464,1.0521523087673752e-05,1.0521523087673752e-05,Overweighted,2014,JP3868400007
0.0004429000245159995,0.00045323780186316874,1.0337777347169238e-05,1.0337777347169238e-05,Overweighted,2014,AU000000BWP3
0.015176500682408927,0.015186744152046199,1.0243469637271838e-05,1.0243469637271838e-05,Overweighted,2014,JP3672400003
0.009458183442076327,0.0094683657481526,1.0182306076272907e-05,1.0182306076272907e-05,Overweighted,2014,JP3788600009
0.0023284829445683604,0.0023185172919082332,-9.965652660127132e-06,9.965652660127132e-06,Underweighted,2014,JP3260800002
0.0019619350177943248,0.001971707024960299,9.772007165974317e-06,9.772007165974317e-06,Overweighted,2014,JP3792600003
0.0013182258505758189,0.0013085355585894058,-9.690291986413045e-06,9.690291986413045e-06,Underweighted,2014,JP3720800006
0.006258670765441817,0.006249706783928107,-8.96398151370957e-06,8.96398151370957e-06,Underweighted,2014,AU000000NCM7
0.003242413763868499,0.0032512405914063105,8.826827537811686e-06,8.826827537811686e-06,Overweighted,2014,AU000000ORI1
0.007897028771849241,0.007888475481198975,-8.553290650265694e-06,8.553290650265694e-06,Underweighted,2014,JP3942400007
0.008626180997319533,0.008634536564210154,8.355566890621072e-06,8.355566890621072e-06,Overweighted,2014,JP3371200001
0.0010068853917405444,0.0010149738312417627,8.08843950121825e-06,8.08843950121825e-06,Overweighted,2014,JP3634200004
0.0007735330045209838,0.0007815406438470317,8.007639326047919e-06,8.007639326047919e-06,Overweighted,2014,JP3635400009
0.000721131963308737,0.0007290315910878674,7.899627779130451e-06,7.899627779130451e-06,Overweighted,2014,JP3638600001
0.004149631105015992,0.004142146868534611,-7.484236481381662e-06,7.484236481381662e-06,Underweighted,2014,JP3877600001
0.0009934251839337563,0.0009860306972901093,-7.394486643647015e-06,7.394486643647015e-06,Underweighted,2014,JP3955000009
0.0014215648669343571,0.0014142287145177878,-7.336152416569314e-06,7.336152416569314e-06,Underweighted,2014,JP3942800008
0.0006364869410929268,0.0006292600596256692,-7.226881467257626e-06,7.226881467257626e-06,Underweighted,2014,JP3491000000
0.002569290318423993,0.0025764949817406544,7.204663316661385e-06,7.204663316661385e-06,Overweighted,2014,JP3112000009
0.0011884552156757394,0.00119546887970433,7.013664028590735e-06,7.013664028590735e-06,Overweighted,2014,JP3819400007
0.0024108834904329893,0.002417796256100455,6.912765667465605e-06,6.912765667465605e-06,Overweighted,2014,JP3667600005
0.001848570673733843,0.0018417471172659074,-6.823556467935518e-06,6.823556467935518e-06,Underweighted,2014,JP3493800001
0.0017759360938594654,0.0017827219680964894,6.785874237023957e-06,6.785874237023957e-06,Overweighted,2014,JP3256000005
1.903315945801768e-05,1.2363388667700626e-05,-6.669770790317056e-06,6.669770790317056e-06,Underweighted,2014,AU0000038911
0.0022632434986273563,0.002269667394744843,6.423896117486831e-06,6.423896117486831e-06,Overweighted,2014,JP3733000008
0.0008547697478331484,0.0008484098667227631,-6.359881110385335e-06,6.359881110385335e-06,Underweighted,2014,JP3164800009
0.004521216634267124,0.0045275598839448275,6.343249677703659e-06,6.343249677703659e-06,Overweighted,2014,JP3914400001
0.0002709066330125116,0.00027705088811685164,6.144255104340024e-06,6.144255104340024e-06,Overweighted,2014,AU000000SIG5
0.000611997210238926,0.0006178134948110415,5.816284572115506e-06,5.816284572115506e-06,Overweighted,2014,JP3215800008
0.00026026947768298706,0.0002659528818430118,5.6834041600247625e-06,5.6834041600247625e-06,Overweighted,2014,AU000000GWA4
0.0007389747190130911,0.0007335118357481257,-5.462883264965423e-06,5.462883264965423e-06,Underweighted,2014,JP3544000007
0.0029646539963970467,0.0029699608232510873,5.306826854040592e-06,5.306826854040592e-06,Overweighted,2014,JP3407400005
0.003709201667061367,0.003714466546391468,5.264879330100971e-06,5.264879330100971e-06,Overweighted,2014,JP3657400002
0.004995196837234222,0.005000433826371553,5.236989137330679e-06,5.236989137330679e-06,Overweighted,2014,SGXE21576413
0.025370164110690804,0.025365125036430104,-5.039074260700105e-06,5.039074260700105e-06,Underweighted,2014,AU000000ANZ3
0.002423053539981617,0.002418108313123342,-4.94522685827491e-06,4.94522685827491e-06,Underweighted,2014,JP3420600003
0.007360535746064055,0.00736547009541737,4.934349353315215e-06,4.934349353315215e-06,Overweighted,2014,JP3910660004
0.0006684117076821,0.0006636730185109923,-4.738689171107776e-06,4.738689171107776e-06,Underweighted,2014,JP3148800000
0.03037474452164804,0.030379432190179394,4.6876685313550215e-06,4.6876685313550215e-06,Overweighted,2014,AU000000WBC1
0.006129305798860024,0.006124670958145853,-4.634840714170911e-06,4.634840714170911e-06,Underweighted,2014,HK0006000050
0.001052981948268584,0.0010572883989449769,4.306450676392834e-06,4.306450676392834e-06,Overweighted,2014,NZAIAE0002S6
0.0006514999940197174,0.0006557581840565934,4.258190036876032e-06,4.258190036876032e-06,Overweighted,2014,JP3582600007
0.0007946576834232875,0.0007904875269873784,-4.1701564359091035e-06,4.1701564359091035e-06,Underweighted,2014,JP3456000003
0.0009218646275577957,0.0009182956165525872,-3.5690110052084964e-06,3.5690110052084964e-06,Underweighted,2014,JP3118000003
0.0015993406945485182,0.0016022449749456956,2.904280397177453e-06,2.904280397177453e-06,Overweighted,2014,AU000000COH5
0.0008827774875457415,0.0008855218543206684,2.74436677492689e-06,2.74436677492689e-06,Overweighted,2014,JP3122400009
0.0020850354014937083,0.0020869863836348863,1.950982141177976e-06,1.950982141177976e-06,Overweighted,2014,JP3201200007
0.0022386806144700576,0.0022368412506131364,-1.8393638569211626e-06,1.8393638569211626e-06,Underweighted,2014,SG1J26887955
0.026180626232776553,0.026179017879753127,-1.6083530234266286e-06,1.6083530234266286e-06,Underweighted,2014,JP3902900004
0.0017738046726133807,0.0017753639812104784,1.559308597097681e-06,1.559308597097681e-06,Overweighted,2014,AU000000DXS1
0.003986731999172476,0.003985204645234938,-1.5273539375375636e-06,1.5273539375375636e-06,Underweighted,2014,HK0823032773
0.0004793336947084348,0.00047789640039133235,-1.437294317102448e-06,1.437294317102448e-06,Underweighted,2014,JP3888400003
0.002542649215423008,0.0025414393796954586,-1.2098357275495096e-06,1.2098357275495096e-06,Underweighted,2014,JP3940000007
0.0029946967280013777,0.002995739629894731,1.0429018933531126e-06,1.0429018933531126e-06,Overweighted,2014,JP3388200002
0.0027246612843281393,0.0027236321881767803,-1.0290961513590574e-06,1.0290961513590574e-06,Underweighted,2014,HK0010000088
0.004871009129435821,0.004872020399028564,1.0112695927426418e-06,1.0112695927426418e-06,Overweighted,2014,JP3266400005
0.005214121397953375,0.005215109354319171,9.879563657964885e-07,9.879563657964885e-07,Overweighted,2014,JP3866800000
0.002871327007139852,0.0028720414696786155,7.144625387635502e-07,7.144625387635502e-07,Overweighted,2014,JP3165700000
0.003946038811638021,0.003946298669569768,2.5985793174632815e-07,2.5985793174632815e-07,Overweighted,2014,AU000000STO6
0.0014692725193662245,0.0009750739358350231,-0.0004941985835312014,0.0004941985835312014,Underweighted,2015,JP3551200003
0.0014591410163657544,0.0011242240680507248,-0.0003349169483150296,0.0003349169483150296,Underweighted,2015,JP3522200009
0.0016135746799437439,0.0013299935962692141,-0.00028358108367452974,0.00028358108367452974,Underweighted,2015,JP3605400005
0.0006410969597539693,0.00036380353653346176,-0.00027729342322050754,0.00027729342322050754,Underweighted,2015,AU000000QAN2
0.0007915977192136326,0.0005240275788064924,-0.0002675701404071402,0.0002675701404071402,Underweighted,2015,JP3845400005
0.0006388556929660412,0.00037814230651034563,-0.0002607133864556956,0.0002607133864556956,Underweighted,2015,JP3850200001
0.0006770518867673911,0.0004390571754056857,-0.00023799471136170538,0.00023799471136170538,Underweighted,2015,JP3223800008
0.0027041738775506912,0.002488713912610906,-0.00021545996493978507,0.00021545996493978507,Underweighted,2015,JP3526600006
0.0006725510322096175,0.00047243411808498475,-0.00020011691412463278,0.00020011691412463278,Underweighted,2015,JP3158800007
0.002898831256928919,0.002730501241078541,-0.00016833001585037782,0.00016833001585037782,Underweighted,2015,JP3228600007
0.0015132978389143785,0.001366124049749718,-0.0001471737891646605,0.0001471737891646605,Underweighted,2015,JP3362700001
0.0008267312555377457,0.0006886964419675349,-0.00013803481357021086,0.00013803481357021086,Underweighted,2015,AU000000BSL0
0.0016769439028999683,0.001542483358711232,-0.00013446054418873627,0.00013446054418873627,Underweighted,2015,JP3753000003
0.0013885930219947908,0.0012637871622279179,-0.0001248058597668729,0.0001248058597668729,Underweighted,2015,JP3449020001
0.0015687859861490201,0.0014532068009562818,-0.0001155791851927383,0.0001155791851927383,Underweighted,2015,JP3289800009
0.0007686659568466858,0.0006550108865632192,-0.0001136550702834666,0.0001136550702834666,Underweighted,2015,JP3595200001
0.00035967141001366976,0.00024940121505164295,-0.00011027019496202681,0.00011027019496202681,Underweighted,2015,JP3686800008
0.0016215870560357369,0.0017172073824450087,9.562032640927183e-05,9.562032640927183e-05,Overweighted,2015,JP3246400000
0.0013600855741309004,0.0012657557748553111,-9.432979927558927e-05,9.432979927558927e-05,Underweighted,2015,JP3903000002
0.0024907741336706903,0.002405428540276885,-8.534559339380514e-05,8.534559339380514e-05,Underweighted,2015,HK0293001514
0.0029844329914422325,0.002911818174955898,-7.261481648633463e-05,7.261481648633463e-05,Underweighted,2015,HK0019000162
0.0007973840960026292,0.0007326989955889981,-6.468510041363106e-05,6.468510041363106e-05,Underweighted,2015,BMG677491539
0.005822374464967785,0.005762460670133298,-5.99137948344864e-05,5.99137948344864e-05,Underweighted,2015,HK0002007356
0.0027300797459822728,0.0026734337559048064,-5.6645990077466325e-05,5.6645990077466325e-05,Underweighted,2015,SG1V61937297
0.0006320677691655455,0.0005758425804854452,-5.622518868010032e-05,5.622518868010032e-05,Underweighted,2015,JP3368000000
0.0020123949748184823,0.002062517911578188,5.012293675970593e-05,5.012293675970593e-05,Overweighted,2015,JP3260800002
0.0009586667533208398,0.0009085579456793698,-5.0108807641469967e-05,5.0108807641469967e-05,Underweighted,2015,JP3350800003
0.0022564243469678368,0.0023053544423412256,4.8930095373388854e-05,4.8930095373388854e-05,Overweighted,2015,JP3982100004
0.0005378246381810655,0.0005856426101366527,4.7817971955587215e-05,4.7817971955587215e-05,Overweighted,2015,JP3535800001
0.0012424099072737241,0.0012899789533803848,4.756904610666072e-05,4.756904610666072e-05,Overweighted,2015,JP3977400005
0.007007403056875375,0.0070545348303592045,4.713177348382967e-05,4.713177348382967e-05,Overweighted,2015,JP3566800003
0.00421579840011659,0.004168928357816829,-4.687004229976099e-05,4.687004229976099e-05,Underweighted,2015,AU000000ORG5
0.0020518492093781785,0.0020985022508572056,4.665304147902704e-05,4.665304147902704e-05,Overweighted,2015,JP3351600006
0.0018956384105541753,0.0019416868665158434,4.6048455961668084e-05,4.6048455961668084e-05,Overweighted,2015,JP3027680002
0.003109635528370584,0.003155027794661235,4.539226629065099e-05,4.539226629065099e-05,Overweighted,2015,JP3197600004
0.003527882171072022,0.00357323116198683,4.534899091480785e-05,4.534899091480785e-05,Overweighted,2015,JP3951600000
0.0008768788365433871,0.0009217814835198406,4.4902646976453515e-05,4.4902646976453515e-05,Overweighted,2015,JP3769000005
0.0011993922417310415,0.0012438216134881114,4.4429371757069916e-05,4.4429371757069916e-05,Overweighted,2015,JP3743000006
0.01510972600959328,0.015153931416812162,4.4205407218882165e-05,4.4205407218882165e-05,Overweighted,2015,JP3496400007
4.412608494870143e-05,0.0,-4.412608494870143e-05,4.412608494870143e-05,Removed,2015,AU000000MAH3
0.00041129688356066963,0.00045438897854309943,4.30920949824298e-05,4.30920949824298e-05,Overweighted,2015,JP3665200006
0.0012888139009741887,0.0013318200233836826,4.3006122409493946e-05,4.3006122409493946e-05,Overweighted,2015,JP3358800005
0.003796021955425026,0.0038387044567112696,4.268250128624347e-05,4.268250128624347e-05,Overweighted,2015,JP3573000001
0.0024537962851668652,0.0024961642501016264,4.2367964934761186e-05,4.2367964934761186e-05,Overweighted,2015,JP3659000008
0.004083307165881993,0.004124735907853895,4.142874197190279e-05,4.142874197190279e-05,Overweighted,2015,JP3116000005
0.0015267607071268777,0.0015679631626191854,4.1202455492307666e-05,4.1202455492307666e-05,Overweighted,2015,JP3443600006
0.009087521541352514,0.00912853046189356,4.1008920541044797e-05,4.1008920541044797e-05,Overweighted,2015,JP3783600004
0.0025489646257381877,0.0025899451329850286,4.098050724684081e-05,4.098050724684081e-05,Overweighted,2015,JP3626800001
0.005083693848526347,0.005124469985786371,4.077613726002471e-05,4.077613726002471e-05,Overweighted,2015,JP3205800000
0.00028656153167121883,0.00024579455476613627,-4.076697690508257e-05,4.076697690508257e-05,Underweighted,2015,AU000000OZL8
0.003572811325728114,0.0036133635327537084,4.055220702559427e-05,4.055220702559427e-05,Overweighted,2015,JP3475350009
0.011323551581949,0.011363772518517461,4.022093656846047e-05,4.022093656846047e-05,Overweighted,2015,JP3463000004
0.001922032838503561,0.0019616587218032064,3.9625883299645396e-05,3.9625883299645396e-05,Overweighted,2015,JP3419050004
0.003924171116945136,0.003963186448995627,3.901533205049115e-05,3.901533205049115e-05,Overweighted,2015,JP3519400000
0.0045147327015762065,0.004553164410111171,3.8431708534964436e-05,3.8431708534964436e-05,Overweighted,2015,JP3890310000
0.0013033149581620225,0.0013417046567264794,3.838969856445693e-05,3.838969856445693e-05,Overweighted,2015,JP3190000004
0.0006672165729745901,0.0007050049573866671,3.778838441207701e-05,3.778838441207701e-05,Overweighted,2015,JP3293200006
0.002111871799637442,0.0021488748955589706,3.7003095921528395e-05,3.7003095921528395e-05,Overweighted,2015,JP3495000006
0.002605814632628709,0.002642205362920679,3.6390730291969986e-05,3.6390730291969986e-05,Overweighted,2015,JP3973400009
0.0027293957626573465,0.0027656541948114528,3.625843215410629e-05,3.625843215410629e-05,Overweighted,2015,JP3197800000
0.0018408769956022681,0.0018769523674915232,3.6075371889255064e-05,3.6075371889255064e-05,Overweighted,2015,JP3414750004
0.0023103613177334484,0.0023462206607357348,3.585934300228636e-05,3.585934300228636e-05,Overweighted,2015,JP3762800005
0.0017750710820509936,0.001810638865712781,3.556778366178739e-05,3.556778366178739e-05,Overweighted,2015,JP3359600008
0.0029103643150460903,0.002945831178667869,3.546686362177875e-05,3.546686362177875e-05,Overweighted,2015,JP3420600003
0.006880624915502105,0.006915411592306902,3.4786676804797294e-05,3.4786676804797294e-05,Overweighted,2015,JP3910660004
0.002569667335305151,0.002604188088858002,3.4520753552850884e-05,3.4520753552850884e-05,Overweighted,2015,JP3180400008
0.0022263107596891644,0.002192232951964325,-3.407780772483925e-05,3.407780772483925e-05,Underweighted,2015,SG1R50925390
0.00407705055055711,0.004111109584175575,3.405903361846513e-05,3.405903361846513e-05,Overweighted,2015,JP3258000003
0.000479884532866443,0.00044600924616617916,-3.387528670026384e-05,3.387528670026384e-05,Underweighted,2015,AU000000CWY3
0.0010077089684174486,0.0009738435856336381,-3.386538278381051e-05,3.386538278381051e-05,Underweighted,2015,AU000000BLD2
0.0008115950709767664,0.0008454349568827964,3.3839885906029985e-05,3.3839885906029985e-05,Overweighted,2015,JP3357200009
0.0034311382260557802,0.003464955545992367,3.381731993658656e-05,3.381731993658656e-05,Overweighted,2015,JP3551520004
0.003013456480296804,0.003047204842601139,3.374836230433508e-05,3.374836230433508e-05,Overweighted,2015,JP3940000007
0.008688572999604353,0.008722001354648535,3.342835504418183e-05,3.342835504418183e-05,Overweighted,2015,JP3942400007
0.06063038272738864,0.06066372959160756,3.334686421892219e-05,3.334686421892219e-05,Overweighted,2015,JP3633400001
0.0007855579021747751,0.0008188472062393627,3.328930406458757e-05,3.328930406458757e-05,Overweighted,2015,JP3270000007
0.012046372335043711,0.012079201049435212,3.282871439150119e-05,3.282871439150119e-05,Overweighted,2015,JP3242800005
0.0011414765643923094,0.0011740724242853154,3.259585989300604e-05,3.259585989300604e-05,Overweighted,2015,JP3210200006
0.003074807341745099,0.003107243189319044,3.2435847573944986e-05,3.2435847573944986e-05,Overweighted,2015,JP3165700000
0.002218408309488677,0.0022506778138851984,3.226950439652121e-05,3.226950439652121e-05,Overweighted,2015,JP3224200000
0.0015929757892743134,0.00162515525286908,3.2179463594766543e-05,3.2179463594766543e-05,Overweighted,2015,JP3738600000
0.004549533406728815,0.004581515849441399,3.198244271258345e-05,3.198244271258345e-05,Overweighted,2015,JP3634600005
0.0011880301794451016,0.0012197421507935948,3.17119713484932e-05,3.17119713484932e-05,Overweighted,2015,JP3613400005
0.0009312188689111879,0.0009628133014095635,3.159443249837557e-05,3.159443249837557e-05,Overweighted,2015,JP3711600001
0.0016715911226830233,0.0017028256758818377,3.123455319881444e-05,3.123455319881444e-05,Overweighted,2015,JP3596200000
0.000764348312108089,0.0007331716736128584,-3.117663849523059e-05,3.117663849523059e-05,Underweighted,2015,JP3888300005
0.002692744638331053,0.0027236596721852244,3.0915033854171485e-05,3.0915033854171485e-05,Overweighted,2015,JP3119600009
0.0031899058571458563,0.003220670956725726,3.076509957986983e-05,3.076509957986983e-05,Overweighted,2015,HK0823032773
0.018908129692667603,0.018938695537696885,3.056584502928242e-05,3.056584502928242e-05,Overweighted,2015,JP3726800000
0.009127623117273302,0.009158179572626532,3.055645535323011e-05,3.055645535323011e-05,Overweighted,2015,AU000000CSL8
0.025926751297470563,0.025957075451865066,3.0324154394502367e-05,3.0324154394502367e-05,Overweighted,2015,JP3902900004
0.0048692956111318336,0.004899144858964618,2.984924783278487e-05,2.984924783278487e-05,Overweighted,2015,JP3502200003
0.0018611858040580023,0.0018909952149673058,2.9809410909303544e-05,2.9809410909303544e-05,Overweighted,2015,JP3419400001
0.0025462744948932764,0.0025759041937333032,2.9629698840026846e-05,2.9629698840026846e-05,Overweighted,2015,JP3539220008
0.0011534554330694773,0.0011830108777961031,2.955544472662587e-05,2.955544472662587e-05,Overweighted,2015,JP3229400001
0.006663796094506513,0.0066932361273533926,2.944003284687923e-05,2.944003284687923e-05,Overweighted,2015,JP3900000005
0.0018497351903594603,0.001879132185658141,2.9396995298680605e-05,2.9396995298680605e-05,Overweighted,2015,JP3256000005
0.019790599482192868,0.01981992632600949,2.93268438166204e-05,2.93268438166204e-05,Overweighted,2015,JP3890350006
0.002705590700152324,0.0027346059652046404,2.9015265052316323e-05,2.9015265052316323e-05,Overweighted,2015,JP3546800008
0.006311520254193609,0.0063404766046452074,2.8956350451598417e-05,2.8956350451598417e-05,Overweighted,2015,JP3914400001
0.00034658412193048284,0.00031764002972103965,-2.8944092209443192e-05,2.8944092209443192e-05,Underweighted,2015,AU000000CQR9
0.0015248766994863444,0.0015537355963767031,2.8858896890358735e-05,2.8858896890358735e-05,Overweighted,2015,JP3688370000
0.0006750426857504201,0.000703827313083782,2.8784627333361813e-05,2.8784627333361813e-05,Overweighted,2015,JP3870000001
0.008080777477982729,0.008109363933623184,2.858645564045477e-05,2.858645564045477e-05,Overweighted,2015,JP3762600009
0.0004562229847197758,0.0004845307603716314,2.8307775651855555e-05,2.8307775651855555e-05,Overweighted,2015,JP3320800000
0.0009328127943380251,0.0009610605890339281,2.8247794695902958e-05,2.8247794695902958e-05,Overweighted,2015,JP3456000003
0.003223723336268884,0.0032519684608836178,2.824512461473399e-05,2.824512461473399e-05,Overweighted,2015,JP3388200002
0.0051286810196251795,0.005100854777993487,-2.7826241631692845e-05,2.7826241631692845e-05,Underweighted,2015,IE00BKVD2N49
0.0021250781741030942,0.0021527691588828736,2.7690984779779344e-05,2.7690984779779344e-05,Overweighted,2015,JP3493800001
0.004657343224823328,0.004684953551766389,2.7610326943061127e-05,2.7610326943061127e-05,Overweighted,2015,JP3814000000
0.0015671218302914986,0.001594346889584892,2.7225059293393408e-05,2.7225059293393408e-05,Overweighted,2015,JP3629000005
0.0009306203835018776,0.000957701525324472,2.7081141822594447e-05,2.7081141822594447e-05,Overweighted,2015,JP3209000003
0.0006510360924443036,0.0006779324322831049,2.68963398388013e-05,2.68963398388013e-05,Overweighted,2015,JP3385820000
0.007473174326671242,0.007499932853874138,2.6758527202895913e-05,2.6758527202895913e-05,Overweighted,2015,JP3371200001
0.0003195820480808276,0.0003457585851692995,2.6176537088471884e-05,2.6176537088471884e-05,Overweighted,2015,JP3375800004
0.0010788004852519699,0.0011048798689601853,2.6079383708215408e-05,2.6079383708215408e-05,Overweighted,2015,JP3118000003
0.0008178883282654851,0.0008437331138891567,2.5844785623671605e-05,2.5844785623671605e-05,Overweighted,2015,JP3493400000
0.007699023177764298,0.007724864515758808,2.5841337994509522e-05,2.5841337994509522e-05,Overweighted,2015,JP3902400005
0.001517697928071605,0.0015435374570589781,2.583952898737316e-05,2.583952898737316e-05,Overweighted,2015,JP3778630008
0.006259781801258116,0.00628537817481795,2.5596373559834233e-05,2.5596373559834233e-05,Overweighted,2015,HK0066009694
0.000537027675467647,0.0005621883827009301,2.5160707233283096e-05,2.5160707233283096e-05,Overweighted,2015,JP3827200001
0.002784664058108976,0.0028094789749323365,2.481491682336046e-05,2.481491682336046e-05,Overweighted,2015,SG1F60858221
0.0017081628560876732,0.0017329452256503335,2.4782369562660308e-05,2.4782369562660308e-05,Overweighted,2015,JP3982800009
0.0038218789679048274,0.0038464526444909114,2.457367658608399e-05,2.457367658608399e-05,Overweighted,2015,JP3505000004
0.00912891169300151,0.009153385159206131,2.4473466204620598e-05,2.4473466204620598e-05,Overweighted,2015,JP3830800003
0.0037517126606571483,0.0037760852290503076,2.4372568393159297e-05,2.4372568393159297e-05,Overweighted,2015,JP3818000006
0.020790787687533112,0.020814960505496638,2.417281796352616e-05,2.417281796352616e-05,Overweighted,2015,JP3854600008
0.004436215080071057,0.00446003709795914,2.3822017888083108e-05,2.3822017888083108e-05,Overweighted,2015,JP3397200001
0.0017864423048278924,0.0018100914664660056,2.3649161638113203e-05,2.3649161638113203e-05,Overweighted,2015,AU000000SHL7
0.00017861125271533747,0.00020187111565094054,2.3259862935603076e-05,2.3259862935603076e-05,Overweighted,2015,AU000000SIG5
0.0065017744909176235,0.006525017201934567,2.3242711016943814e-05,2.3242711016943814e-05,Overweighted,2015,JP3814800003
0.005725053409021136,0.005747661940768717,2.2608531747580346e-05,2.2608531747580346e-05,Overweighted,2015,JP3266400005
0.00913524464575105,0.00915770608963412,2.2461443883068852e-05,2.2461443883068852e-05,Overweighted,2015,HK0011000095
0.00206767243076107,0.0020900486156861364,2.2376184925066312e-05,2.2376184925066312e-05,Overweighted,2015,JP3134800006
0.002746483131792557,0.0027684717820380604,2.1988650245503404e-05,2.1988650245503404e-05,Overweighted,2015,AU000000TCL6
0.0005684054104986384,0.0005466356689834556,-2.176974151518274e-05,2.176974151518274e-05,Underweighted,2015,AU000000DOW2
0.008425807369947197,0.008447309906466994,2.1502536519796972e-05,2.1502536519796972e-05,Overweighted,2015,JP3866800000
0.0003117009723592445,0.00033317672320599766,2.1475750846753174e-05,2.1475750846753174e-05,Overweighted,2015,AU000000IVC8
0.0015027052578689807,0.0015238997447460086,2.119448687702783e-05,2.119448687702783e-05,Overweighted,2015,JP3894900004
0.01145234197783623,0.011473409392548086,2.1067414711856483e-05,2.1067414711856483e-05,Overweighted,2015,AU000000WOW2
0.0006208278467590568,0.0006414670861727602,2.063923941370341e-05,2.063923941370341e-05,Overweighted,2015,JP3635400009
0.0007169641458750291,0.0007375865190204265,2.0622373145397373e-05,2.0622373145397373e-05,Overweighted,2015,AU000000MTS0
0.0009034320463360595,0.0009237367255094521,2.0304679173392616e-05,2.0304679173392616e-05,Overweighted,2015,JP3166000004
0.003715882927020164,0.0037361322171886096,2.0249290168445656e-05,2.0249290168445656e-05,Overweighted,2015,JP3877600001
0.008323139640777575,0.008302900902326452,-2.0238738451123714e-05,2.0238738451123714e-05,Underweighted,2015,AU0000224040
0.000491170257727726,0.0005113266216175448,2.015636388981879e-05,2.015636388981879e-05,Overweighted,2015,JP3891600003
0.00047502947265826124,0.0004951729836681094,2.014351100984818e-05,2.014351100984818e-05,Overweighted,2015,JP3678000005
0.0009033099064566084,0.0009234367914545445,2.012688499793613e-05,2.012688499793613e-05,Overweighted,2015,JP3870400003
0.0011089598749854364,0.0011290595183133102,2.0099643327873814e-05,2.0099643327873814e-05,Overweighted,2015,JP3830000000
0.0006615584430590171,0.0006815448971081493,1.9986454049132217e-05,1.9986454049132217e-05,Overweighted,2015,JP3165600002
0.005349149609028414,0.005369036452836559,1.9886843808145094e-05,1.9886843808145094e-05,Overweighted,2015,JP3294460005
0.006270499575679952,0.006290330031002591,1.9830455322639162e-05,1.9830455322639162e-05,Overweighted,2015,JP3304200003
0.0014082728100713515,0.001427809472739822,1.9536662668470563e-05,1.9536662668470563e-05,Overweighted,2015,JP3942800008
0.0012014777801726694,0.0012209194834165915,1.9441703243922113e-05,1.9441703243922113e-05,Overweighted,2015,JP3582600007
0.006007743106513755,0.006027159340624666,1.941623411091161e-05,1.941623411091161e-05,Overweighted,2015,HK0003000038
0.0028932280899590986,0.0029124390629582855,1.9210972999186837e-05,1.9210972999186837e-05,Overweighted,2015,JP3571400005
0.0003655677126941723,0.00034643566526827404,-1.913204742589827e-05,1.913204742589827e-05,Underweighted,2015,BMG684371393
0.0038475527705654515,0.0038663310428590568,1.877827229360531e-05,1.877827229360531e-05,Overweighted,2015,JP3407400005
0.007546009390284928,0.007564755972889767,1.8746582604839412e-05,1.8746582604839412e-05,Overweighted,2015,JP3893600001
0.0030412280353870006,0.00305992557931299,1.8697543925989563e-05,1.8697543925989563e-05,Overweighted,2015,JP3201200007
0.0008599410887605039,0.0008783190745590045,1.837798579850064e-05,1.837798579850064e-05,Overweighted,2015,JP3164800009
0.0006515154914711493,0.0006697028411810201,1.8187349709870783e-05,1.8187349709870783e-05,Overweighted,2015,JP3421100003
0.0005029140071369507,0.0005208893944741196,1.7975387337168893e-05,1.7975387337168893e-05,Overweighted,2015,JP3194000000
0.009334534180057462,0.009352480686135426,1.7946506077963845e-05,1.7946506077963845e-05,Overweighted,2015,JP3898400001
0.0007292972202026053,0.0007466543174796755,1.735709727707015e-05,1.735709727707015e-05,Overweighted,2015,JP3126400005
0.0008550921355462946,0.0008721727118860609,1.7080576339766323e-05,1.7080576339766323e-05,Overweighted,2015,JP3634200004
0.0003745694218097195,0.00039143853747829514,1.686911566857566e-05,1.686911566857566e-05,Overweighted,2015,AU000000BWP3
0.017239793597771953,0.017256503232700664,1.670963492871047e-05,1.670963492871047e-05,Overweighted,2015,AU000000TLS2
0.0002473973793252189,0.0002638275134188847,1.6430134093665808e-05,1.6430134093665808e-05,Overweighted,2015,AU000000GWA4
0.0017411955864852272,0.0017571098050195128,1.5914218534285622e-05,1.5914218534285622e-05,Overweighted,2015,JP3300600008
0.0006415427703139659,0.0006572843558122263,1.574158549826044e-05,1.574158549826044e-05,Overweighted,2015,JP3122400009
0.013903402329703388,0.013919142212652662,1.5739882949273448e-05,1.5739882949273448e-05,Overweighted,2015,JP3551500006
0.0008780941283439257,0.0008936547528075653,1.556062446363962e-05,1.556062446363962e-05,Overweighted,2015,AU000000COH5
0.0022703391327343046,0.002285862079072501,1.5522946338196626e-05,1.5522946338196626e-05,Overweighted,2015,AU000000SGP0
0.00046725832282818407,0.0004826293439220409,1.537102109385683e-05,1.537102109385683e-05,Overweighted,2015,JP3619800000
0.0009284524006416202,0.0009437687799479913,1.5316379306371062e-05,1.5316379306371062e-05,Overweighted,2015,JP3405400007
0.0025956342736764585,0.0026107636763673674,1.512940269090884e-05,1.512940269090884e-05,Overweighted,2015,JP3792600003
0.01147133167559389,0.011486449492934432,1.5117817340542725e-05,1.5117817340542725e-05,Overweighted,2015,JP3788600009
0.0018898184452983296,0.001904861672298945,1.5043227000615311e-05,1.5043227000615311e-05,Overweighted,2015,HK0010000088
0.003927355914301824,0.003942222649197508,1.4866734895683902e-05,1.4866734895683902e-05,Overweighted,2015,SGXE21576413
0.0020267952666057684,0.0020412972020580973,1.4501935452328977e-05,1.4501935452328977e-05,Overweighted,2015,JP3786200000
0.010083074538267591,0.010097337487219879,1.4262948952287538e-05,1.4262948952287538e-05,Overweighted,2015,HK0016000132
0.0023407772012137627,0.002355020036235386,1.4242835021623275e-05,1.4242835021623275e-05,Overweighted,2015,JP3733000008
0.0014011764830752418,0.0013871903073052357,-1.3986175770006092e-05,1.3986175770006092e-05,Underweighted,2015,AU0000088338
0.004952109502896675,0.004966091312756838,1.3981809860163022e-05,1.3981809860163022e-05,Overweighted,2015,JP3435000009
0.0033259025059207002,0.0033398027063627,1.3900200441999654e-05,1.3900200441999654e-05,Overweighted,2015,JP3621000003
0.0016480669819007386,0.0016618666995053093,1.3799717604570704e-05,1.3799717604570704e-05,Overweighted,2015,BMG668971101
0.004160496516198112,0.004174053089525803,1.3556573327691383e-05,1.3556573327691383e-05,Overweighted,2015,AU000000SUN6
0.001325486399779386,0.0013386397121945045,1.3153312415118421e-05,1.3153312415118421e-05,Overweighted,2015,JP3385980002
0.0020827964013341044,0.0020697021892158245,-1.3094212118279925e-05,1.3094212118279925e-05,Underweighted,2015,JP3112000009
0.005431123789122029,0.005444134441736149,1.3010652614119794e-05,1.3010652614119794e-05,Overweighted,2015,JP3592200004
0.0013557862503742212,0.0013687108067902043,1.2924556415983045e-05,1.2924556415983045e-05,Overweighted,2015,AU000000APA1
0.0051152914353403516,0.005128206048291542,1.2914612951190826e-05,1.2914612951190826e-05,Overweighted,2015,JP3481800005
0.0029857917976011264,0.0029985586559378723,1.2766858336745856e-05,1.2766858336745856e-05,Overweighted,2015,JP3667600005
0.0016414989098832548,0.0016542535003230658,1.2754590439810996e-05,1.2754590439810996e-05,Overweighted,2015,AU000000GPT8
0.0012855924616536655,0.001298193881328654,1.2601419674988443e-05,1.2601419674988443e-05,Overweighted,2015,JP3955000009
0.0020986654251717906,0.0021111181050718526,1.2452679900062068e-05,1.2452679900062068e-05,Overweighted,2015,JP3657400002
0.0011373146480000125,0.0011497633595635623,1.2448711563549809e-05,1.2448711563549809e-05,Overweighted,2015,BMG2442N1048
0.0023152591268994385,0.0023273663482284044,1.2107221328965922e-05,1.2107221328965922e-05,Overweighted,2015,JP3402600005
0.0034008536429458763,0.0034128124652942665,1.1958822348390186e-05,1.1958822348390186e-05,Overweighted,2015,AU000000IAG3
0.0011920730094549335,0.0012039455206642807,1.1872511209347217e-05,1.1872511209347217e-05,Overweighted,2015,NZAIAE0002S6
0.0005303649450435887,0.0005185514318298368,-1.1813513213751936e-05,1.1813513213751936e-05,Underweighted,2015,HK0242001243
0.0008434644190225485,0.0008551015606384724,1.1637141615923954e-05,1.1637141615923954e-05,Overweighted,2015,JP3148800000
0.001589158918041466,0.001600760602129358,1.1601684087891992e-05,1.1601684087891992e-05,Overweighted,2015,BMG8063F1068
0.0019450439917921513,0.001956577733725023,1.1533741932871896e-05,1.1533741932871896e-05,Overweighted,2015,JP3720800006
0.003523882090019998,0.0035127227579182093,-1.1159332101788513e-05,1.1159332101788513e-05,Underweighted,2015,AU000000STO6
0.0006765602737526003,0.0006875923319147892,1.1032058162188836e-05,1.1032058162188836e-05,Overweighted,2015,JP3215800008
0.0022846142311451537,0.0022954584974289294,1.0844266283775716e-05,1.0844266283775716e-05,Overweighted,2015,JP3684000007
0.0009702395068988328,0.0009806724299735333,1.0432923074700441e-05,1.0432923074700441e-05,Overweighted,2015,JP3820000002
0.0009284707216235379,0.0009182545038658782,-1.0216217757659627e-05,1.0216217757659627e-05,Underweighted,2015,NZCENE0001S6
0.004893366327874662,0.004903286407044479,9.920079169816604e-06,9.920079169816604e-06,Overweighted,2015,HK0006000050
0.0013266161936643088,0.0013364235505736047,9.80735690929587e-06,9.80735690929587e-06,Overweighted,2015,JP3269600007
0.004980885658495358,0.00499024729751576,9.361639020401963e-06,9.361639020401963e-06,Overweighted,2015,JP3734800000
0.0005845736770409797,0.0005936888923920745,9.115215351094782e-06,9.115215351094782e-06,Overweighted,2015,AU000000PPT9
0.0005103828607653864,0.0005193931538172964,9.010293051910047e-06,9.010293051910047e-06,Overweighted,2015,JP3811000003
3.939316461997074e-05,3.060201365108782e-05,-8.79115096888292e-06,8.79115096888292e-06,Underweighted,2015,AU000000SBM8
3.745419403368429e-05,2.8866569011983904e-05,-8.587625021700388e-06,8.587625021700388e-06,Underweighted,2015,AU0000038911
0.004463149976987014,0.0044545962862428505,-8.55369074416381e-06,8.55369074416381e-06,Underweighted,2015,SG1U68934629
0.0022587144697075448,0.0022506054282444795,-8.109041463065254e-06,8.109041463065254e-06,Underweighted,2015,JP3429800000
0.0012662424512516228,0.0012743315513658747,8.089100114251927e-06,8.089100114251927e-06,Overweighted,2015,AU000000BEN6
0.0018572590069336487,0.001865239362138562,7.980355204913322e-06,7.980355204913322e-06,Overweighted,2015,AU000000ASX7
0.0023348320425814794,0.002326978885236,-7.853157345479467e-06,7.853157345479467e-06,Underweighted,2015,AU000000ORI1
0.0017453544493805377,0.0017528257118183195,7.471262437781789e-06,7.471262437781789e-06,Overweighted,2015,SG1J26887955
0.001272770827808285,0.0012801503968776341,7.379569069349218e-06,7.379569069349218e-06,Overweighted,2015,JP3787000003
0.001630643728097037,0.0016233881770673405,-7.255551029696546e-06,7.255551029696546e-06,Underweighted,2015,AU000000LLC3
0.00017131644841511962,0.0001785672349733218,7.250786558202183e-06,7.250786558202183e-06,Overweighted,2015,AU000000ERA9
0.006020751003675299,0.006013546467302557,-7.204536372742466e-06,7.204536372742466e-06,Underweighted,2015,JP3200450009
0.0006498910310744494,0.000657041343666647,7.150312592197608e-06,7.150312592197608e-06,Overweighted,2015,JP3491000000
0.0018969269862823847,0.001903927282256515,7.000295974130249e-06,7.000295974130249e-06,Overweighted,2015,SG1R89002252
0.001065078069795637,0.001058105242867737,-6.9728269279001245e-06,6.9728269279001245e-06,Underweighted,2015,AU000000WOR2
0.003278093903606548,0.0032848906763812296,6.796772774681804e-06,6.796772774681804e-06,Overweighted,2015,JP3111200006
0.0012333104862546163,0.0012400600911916808,6.749604937064538e-06,6.749604937064538e-06,Overweighted,2015,JP3528600004
0.00020902713619565125,0.00020240547184669888,-6.621664348952373e-06,6.621664348952373e-06,Underweighted,2015,AU000000IGO4
0.0046503659842096826,0.00464406217435164,-6.303809858042644e-06,6.303809858042644e-06,Underweighted,2015,AU000000MQG1
0.0021017341896429997,0.002107907636803717,6.173447160717251e-06,6.173447160717251e-06,Overweighted,2015,JP3401400001
0.001651499112513315,0.0016574183191369767,5.91920662366182e-06,5.91920662366182e-06,Overweighted,2015,AU000000MGR9
0.0038229568523409836,0.0038288508498017493,5.893997460765764e-06,5.893997460765764e-06,Overweighted,2015,AU000000QBE9
0.0015300859653449345,0.001535960622365129,5.87465702019444e-06,5.87465702019444e-06,Overweighted,2015,NZFBUE0001S0
0.011901511384517704,0.011907321969776999,5.810585259294343e-06,5.810585259294343e-06,Overweighted,2015,JP3672400003
0.006315798203471384,0.006321508326665363,5.71012319397924e-06,5.71012319397924e-06,Overweighted,2015,HK0004000045
0.02202165232270172,0.022027353438137765,5.7011154360464555e-06,5.7011154360464555e-06,Overweighted,2015,AU000000ANZ3
0.0010619757168575789,0.001067452094533014,5.476377675435115e-06,5.476377675435115e-06,Overweighted,2015,NZTELE0001S4
0.003373827141120331,0.0033792857866163243,5.458645495993314e-06,5.458645495993314e-06,Overweighted,2015,AU000000AMP6
0.001251344439455573,0.0012566519677685377,5.3075283129647415e-06,5.3075283129647415e-06,Overweighted,2015,AU000000DXS1
0.0004363599868240383,0.00044150179009979225,5.141803275753921e-06,5.141803275753921e-06,Overweighted,2015,JP3452000007
0.0007008447352844681,0.0007057588885259028,4.914153241434693e-06,4.914153241434693e-06,Overweighted,2015,JP3544000007
0.0322638323749363,0.03226854276360096,4.710388664654064e-06,4.710388664654064e-06,Overweighted,2015,AU000000CBA7
0.0014917920596400239,0.0014875944857055115,-4.197573934512384e-06,4.197573934512384e-06,Underweighted,2015,SG9999000020
0.004350668308503496,0.004354861945428282,4.193636924785908e-06,4.193636924785908e-06,Overweighted,2015,JP3868400007
0.02592065957098294,0.02592484269252495,4.183121542010448e-06,4.183121542010448e-06,Overweighted,2015,AU000000WBC1
0.03148538301374558,0.031481389265382936,-3.9937483626434345e-06,3.9937483626434345e-06,Underweighted,2015,AU000000BHP4
0.0014172042887562143,0.0014211708065433725,3.966517787158197e-06,3.966517787158197e-06,Overweighted,2015,BMG524401079
0.0017073017699375428,0.0017035162239631492,-3.7855459743935897e-06,3.7855459743935897e-06,Underweighted,2015,HK0200030994
0.0004952314087194755,0.0004917471365272056,-3.4842721922699127e-06,3.4842721922699127e-06,Underweighted,2015,AU000000BPT9
0.0014652174753684473,0.0014620010867164516,-3.216388651995682e-06,3.216388651995682e-06,Underweighted,2015,AU000000CIM7
0.0007041364050356757,0.0007070341860899931,2.8977810543173287e-06,2.8977810543173287e-06,Overweighted,2015,AU000000TAH8
0.0005703474345819111,0.0005730673948652708,2.7199602833597597e-06,2.7199602833597597e-06,Overweighted,2015,AU000000SGM7
0.00047861733161713775,0.0004810882673442426,2.470935727104872e-06,2.470935727104872e-06,Overweighted,2015,JP3888400003
0.0019887731221326366,0.001986393316732295,-2.379805400341741e-06,2.379805400341741e-06,Underweighted,2015,SGXE34184239
0.000856173073479437,0.0008539847801227081,-2.1882933567288557e-06,2.1882933567288557e-06,Underweighted,2015,JP3638600001
0.0015342845237010666,0.0015364633709810426,2.1788472799760296e-06,2.1788472799760296e-06,Overweighted,2015,JP3174410005
0.02099611703887838,0.020998087685533823,1.9706466554414437e-06,1.9706466554414437e-06,Overweighted,2015,AU000000NAB4
0.01297649194503984,0.012974892975202908,-1.5989698369314742e-06,1.5989698369314742e-06,Underweighted,2015,AU000000WES1
0.00038516810984908997,0.0003867170490544705,1.5489392053805477e-06,1.5489392053805477e-06,Overweighted,2015,AU000000MND5
0.00556840290663111,0.005567333450319618,-1.0694563114914402e-06,1.0694563114914402e-06,Underweighted,2015,HK0388045442
0.0004029394623092271,0.00040192277571537906,-1.0166865938480247e-06,1.0166865938480247e-06,Underweighted,2015,AU000000CSR5
0.002000263431292,0.0020008702483681443,6.068170761443746e-07,6.068170761443746e-07,Overweighted,2015,AU000000NCM7
0.0018244614115434038,0.0008812603855593021,-0.0009432010259841018,0.0009432010259841018,Underweighted,2016,JP3585800000
0.001826342308138694,0.0009191219519726844,-0.0009072203561660095,0.0009072203561660095,Underweighted,2016,JP3551200003
0.0012140704179126583,0.0020117116786857697,0.0007976412607731114,0.0007976412607731114,Overweighted,2016,JP3246400000
0.0014228554639152597,0.000733960643903274,-0.0006888948200119857,0.0006888948200119857,Underweighted,2016,JP3522200009
0.0010058598601506152,0.00045652654444569183,-0.0005493333157049234,0.0005493333157049234,Underweighted,2016,JP3449020001
0.00045436219706520415,0.0,-0.00045436219706520415,0.00045436219706520415,Removed,2016,JP3850200001
0.00044525876802250743,0.0,-0.00044525876802250743,0.00044525876802250743,Removed,2016,JP3158800007
0.0011592537443051332,0.0007293138453286996,-0.0004299398989764336,0.0004299398989764336,Underweighted,2016,JP3362700001
0.0007589348712928561,0.00033385977947919564,-0.0004250750918136604,0.0004250750918136604,Underweighted,2016,JP3223800008
0.0008253738839209113,0.00040917929964160907,-0.00041619458427930223,0.00041619458427930223,Underweighted,2016,JP3845400005
0.0026401767119199246,0.002338467376155365,-0.00030170933576455965,0.00030170933576455965,Underweighted,2016,AU000000ORG5
0.0013939156187971237,0.0010928293384149083,-0.0003010862803822154,0.0003010862803822154,Underweighted,2016,JP3753000003
0.005684945053141282,0.005980383210438224,0.00029543815729694226,0.00029543815729694226,Overweighted,2016,JP3762600009
0.0006135451550284274,0.0003274467665475865,-0.00028609838848084096,0.00028609838848084096,Underweighted,2016,AU000000BSL0
0.0009296407376195899,0.0012040765579767233,0.0002744358203571334,0.0002744358203571334,Overweighted,2016,JP3359600008
0.00267542764179612,0.002411863189791446,-0.0002635644520046737,0.0002635644520046737,Underweighted,2016,JP3526600006
0.003371171568590232,0.0031104800623868016,-0.00026069150620343026,0.00026069150620343026,Underweighted,2016,HK0019000162
0.0016925997885590507,0.0019453781761131297,0.00025277838755407905,0.00025277838755407905,Overweighted,2016,JP3351600006
0.0005218949469204767,0.00027489037327007535,-0.0002470045736504013,0.0002470045736504013,Underweighted,2016,JP3368000000
0.0002510209795344337,1.5006548778611002e-05,-0.00023601443075582266,0.00023601443075582266,Underweighted,2016,AU000000OZL8
0.0015892195248854647,0.001354210239152838,-0.0002350092857326268,0.0002350092857326268,Underweighted,2016,SG1R50925390
0.00014535657271208863,0.0003762537328903233,0.00023089716017823467,0.00023089716017823467,Overweighted,2016,AU000000ERA9
0.00033123666208511373,0.0005522420117877036,0.00022100534970258989,0.00022100534970258989,Overweighted,2016,JP3827200001
0.0005533840836060912,0.0007739351767334908,0.0002205510931273996,0.0002205510931273996,Overweighted,2016,JP3678000005
0.00021920869321350494,1.6048741361605587e-18,-0.00021920869321350334,0.00021920869321350334,Underweighted,2016,JP3686800008
0.00291409988612124,0.0031226494278372373,0.0002085495417159973,0.0002085495417159973,Overweighted,2016,JP3659000008
0.010934411448163024,0.01072607448596133,-0.00020833696220169326,0.00020833696220169326,Underweighted,2016,JP3551500006
0.0019389668609524212,0.0021410215007044145,0.00020205463975199326,0.00020205463975199326,Overweighted,2016,JP3027670003
0.00116451804520179,0.0009683629344731394,-0.00019615511072865058,0.00019615511072865058,Underweighted,2016,JP3903000002
0.009789221617900794,0.009981164306839072,0.00019194268893827846,0.00019194268893827846,Overweighted,2016,JP3566800003
0.001680286958864772,0.0018700035523406629,0.00018971659347589076,0.00018971659347589076,Overweighted,2016,JP3027680002
0.0022078715489369342,0.002395020845929993,0.0001871492969930588,0.0001871492969930588,Overweighted,2016,JP3134800006
0.0011905964969679131,0.0010068087293711077,-0.0001837877675968055,0.0001837877675968055,Underweighted,2016,AU000000QAN2
0.006210101878004545,0.006028715870889159,-0.00018138600711538593,0.00018138600711538593,Underweighted,2016,HK0002007356
0.002393889736444709,0.002575097210536991,0.000181207474092282,0.000181207474092282,Overweighted,2016,JP3197800000
0.007864547913894963,0.00804271442768769,0.00017816651379272755,0.00017816651379272755,Overweighted,2016,JP3814800003
0.0004243838539737508,0.0006014804044168988,0.000177096550443148,0.000177096550443148,Overweighted,2016,JP3665200006
0.017015863865797492,0.017190019212628454,0.000174155346830962,0.000174155346830962,Overweighted,2016,JP3496400007
0.0003543487659168147,0.00018054168819343748,-0.00017380707772337724,0.00017380707772337724,Underweighted,2016,AU000000CQR9
0.0012363428850850813,0.0010648857645157133,-0.00017145712056936793,0.00017145712056936793,Underweighted,2016,NZTELE0001S4
0.0007897666608570623,0.0009571289309850154,0.0001673622701279531,0.0001673622701279531,Overweighted,2016,JP3350800003
0.008687416697651515,0.008849432845354685,0.00016201614770317008,0.00016201614770317008,Overweighted,2016,JP3783600004
0.0061656177068389875,0.006004779816164959,-0.00016083789067402807,0.00016083789067402807,Underweighted,2016,AU0000224040
0.00136799736086731,0.0015243854809156507,0.00015638812004834077,0.00015638812004834077,Overweighted,2016,JP3743000006
0.004260192120854561,0.004416186256970656,0.00015599413611609454,0.00015599413611609454,Overweighted,2016,JP3890310000
0.0002699901393236452,0.00042393909334104683,0.00015394895401740164,0.00015394895401740164,Overweighted,2016,JP3375800004
0.002519680565425468,0.00236667795053835,-0.00015300261488711796,0.00015300261488711796,Underweighted,2016,HK0293001514
0.00017742295960095672,0.00032684758989709163,0.00014942463029613492,0.00014942463029613492,Overweighted,2016,AU000000GWA4
0.005381640119790631,0.0055295079454785725,0.00014786782568794194,0.00014786782568794194,Overweighted,2016,JP3304200003
0.0013074247570034198,0.00145513356232036,0.00014770880531694017,0.00014770880531694017,Overweighted,2016,JP3830000000
0.00045101469827887273,0.0005980981092947466,0.00014708341101587384,0.00014708341101587384,Overweighted,2016,JP3663900003
0.00347771151758689,0.0036223640240488704,0.00014465250646198032,0.00014465250646198032,Overweighted,2016,JP3502200003
0.00223678377442812,0.002380602820768736,0.0001438190463406157,0.0001438190463406157,Overweighted,2016,JP3224200000
0.0008445115234345175,0.0009861430413629832,0.00014163151792846577,0.00014163151792846577,Overweighted,2016,JP3357200009
0.00047895195093872634,0.00034083789182920416,-0.00013811405910952218,0.00013811405910952218,Underweighted,2016,JP3491000000
0.001709359378192268,0.001571441761600605,-0.00013791761659166291,0.00013791761659166291,Underweighted,2016,BMG988031446
0.0008593985023605294,0.0009972193731118712,0.00013782087075134178,0.00013782087075134178,Overweighted,2016,JP3888300005
0.0026562402869540038,0.002793565465099111,0.00013732517814510738,0.00013732517814510738,Overweighted,2016,JP3429800000
0.001509650141605413,0.0016462839754112573,0.0001366338338058444,0.0001366338338058444,Overweighted,2016,AU000000CIM7
0.00048408091566332827,0.0006171452910908718,0.00013306437542754356,0.00013306437542754356,Overweighted,2016,AU000000SGM7
0.007377075308042183,0.00750876538542874,0.00013169007738655664,0.00013169007738655664,Overweighted,2016,JP3910660004
0.0019642471054996916,0.0020945968925335794,0.0001303497870338878,0.0001303497870338878,Overweighted,2016,JP3973400009
0.0069996531057713975,0.007129565860905564,0.0001299127551341664,0.0001299127551341664,Overweighted,2016,JP3902400005
0.004409813163967718,0.00453676266775209,0.0001269495037843722,0.0001269495037843722,Overweighted,2016,JP3116000005
0.007432314561942042,0.007558851415635046,0.00012653685369300345,0.00012653685369300345,Overweighted,2016,JP3435000009
0.009016761415290559,0.00914284587234101,0.00012608445705045157,0.00012608445705045157,Overweighted,2016,AU000000CSL8
0.0011690007106557633,0.0012950589835135798,0.0001260582728578165,0.0001260582728578165,Overweighted,2016,BMG2442N1048
0.001762529922033577,0.0016381284954087717,-0.00012440142662480526,0.00012440142662480526,Underweighted,2016,JP3605400005
0.0009133120141667917,0.0007892633755317793,-0.00012404863863501236,0.00012404863863501236,Underweighted,2016,JP3595200001
0.0009691727096730239,0.001091860680898989,0.000122687971225965,0.000122687971225965,Overweighted,2016,JP3977400005
0.0034586125455510135,0.003577807808075113,0.00011919526252409957,0.00011919526252409957,Overweighted,2016,JP3571400005
0.0004989540847758653,0.0006153718410833986,0.00011641775630753337,0.00011641775630753337,Overweighted,2016,JP3166000004
0.0036026654718710658,0.003717955560171913,0.0001152900883008472,0.0001152900883008472,Overweighted,2016,JP3258000003
0.0023526149659307345,0.0022384156369751208,-0.00011419932895561377,0.00011419932895561377,Underweighted,2016,JP3228600007
0.009289778665727916,0.009403460730122135,0.00011368206439421949,0.00011368206439421949,Overweighted,2016,HK0011000095
0.004919939387844831,0.005033592656744893,0.00011365326890006196,0.00011365326890006196,Overweighted,2016,JP3397200001
0.003483627641679565,0.0035972298665705293,0.00011360222489096433,0.00011360222489096433,Overweighted,2016,JP3197600004
0.0014969672089100055,0.0016104726780866974,0.00011350546917669193,0.00011350546917669193,Overweighted,2016,JP3358800005
0.0016367225212766483,0.0015246320728996717,-0.00011209044837697663,0.00011209044837697663,Underweighted,2016,JP3419400001
0.00044313758067275285,0.0005547332427510601,0.00011159566207830725,0.00011159566207830725,Overweighted,2016,JP3293200006
0.0004185809703515706,0.00030732511764552055,-0.00011125585270605002,0.00011125585270605002,Underweighted,2016,JP3452000007
0.00475165300083891,0.004862164684823813,0.00011051168398490234,0.00011051168398490234,Overweighted,2016,JP3814000000
0.0004006668803118464,0.0005091236452233137,0.00010845676491146728,0.00010845676491146728,Overweighted,2016,AU000000BWP3
0.002242083980839812,0.002346800732550047,0.00010471675171023521,0.00010471675171023521,Overweighted,2016,AU000000SGP0
0.0008591250680537251,0.0007544648486536455,-0.00010466021940007961,0.00010466021940007961,Underweighted,2016,JP3870000001
0.0013069358896064059,0.0014113835629037009,0.000104447673297295,0.000104447673297295,Overweighted,2016,SGXE34184239
0.015121773374713316,0.01522579578131147,0.00010402240659815494,0.00010402240659815494,Overweighted,2016,JP3726800000
0.0017469883579488516,0.0016447568338878108,-0.00010223152406104081,0.00010223152406104081,Underweighted,2016,JP3112000009
0.0017453615619215008,0.0016445731432688808,-0.00010078841865262004,0.00010078841865262004,Underweighted,2016,JP3626800001
0.000452848641508348,0.0005535860351058216,0.00010073739359747356,0.00010073739359747356,Overweighted,2016,JP3320800000
0.0007571147378768557,0.000857131075991286,0.0001000163381144303,0.0001000163381144303,Overweighted,2016,JP3613400005
0.001759370236710505,0.0016594701929218668,-9.990004378863829e-05,9.990004378863829e-05,Underweighted,2016,JP3289800009
0.004846868902786097,0.004946080510745765,9.921160795966881e-05,9.921160795966881e-05,Overweighted,2016,JP3951600000
0.0003758064540942149,0.00047479701116433503,9.899055707012015e-05,9.899055707012015e-05,Overweighted,2016,JP3891600003
0.0005059556602076724,0.00040728709139599623,-9.866856881167614e-05,9.866856881167614e-05,Underweighted,2016,JP3549600009
0.0005628907592022569,0.00046423520436651423,-9.865555483574263e-05,9.865555483574263e-05,Underweighted,2016,JP3528600004
0.002390028512597109,0.0024875495234201427,9.75210108230336e-05,9.75210108230336e-05,Overweighted,2016,JP3538800008
0.0007839416815333221,0.0006879669939141787,-9.597468761914335e-05,9.597468761914335e-05,Underweighted,2016,JP3955000009
0.0032971399205136416,0.0032014971696340327,-9.564275087960887e-05,9.564275087960887e-05,Underweighted,2016,JP3201200007
0.0004843239683804876,0.000579863826456858,9.553985807637044e-05,9.553985807637044e-05,Overweighted,2016,AU000000PPT9
0.011663061398505283,0.011757312830927756,9.425143242247289e-05,9.425143242247289e-05,Overweighted,2016,JP3242800005
0.008872134000729948,0.008966233548758567,9.409954802861928e-05,9.409954802861928e-05,Overweighted,2016,JP3830800003
0.0030922823854633197,0.0029981945730026853,-9.408781246063444e-05,9.408781246063444e-05,Underweighted,2016,SG1V61937297
0.005241633468818743,0.005148330442044146,-9.33030267745976e-05,9.33030267745976e-05,Underweighted,2016,IE00BKVD2N49
0.01314789254333349,0.01324101810964377,9.312556631027938e-05,9.312556631027938e-05,Overweighted,2016,JP3890350006
0.0008528056974075812,0.0009456167040389136,9.281100663133235e-05,9.281100663133235e-05,Overweighted,2016,HK0200030994
0.0018238372079743353,0.0019162902459096765,9.245303793534122e-05,9.245303793534122e-05,Overweighted,2016,JP3982100004
0.06166911133969053,0.061760274959363315,9.116361967278358e-05,9.116361967278358e-05,Overweighted,2016,JP3633400001
0.0005231129724689686,0.0006135381594498571,9.042518698088855e-05,9.042518698088855e-05,Overweighted,2016,JP3385820000
0.007985582643114943,0.00807590674708113,9.032410396618736e-05,9.032410396618736e-05,Overweighted,2016,JP3371200001
0.006673222258775571,0.006583304197411967,-8.99180613636039e-05,8.99180613636039e-05,Underweighted,2016,HK0003000038
0.000654869640870912,0.000744659437367596,8.978979649668399e-05,8.978979649668399e-05,Overweighted,2016,JP3493400000
0.010673800934151574,0.010584839172930058,-8.896176122151662e-05,8.896176122151662e-05,Underweighted,2016,AU000000WES1
0.00025245443817313503,0.000340564079346067,8.810964117293197e-05,8.810964117293197e-05,Overweighted,2016,AU000000IGO4
0.012826441515076734,0.012914445487490466,8.800397241373256e-05,8.800397241373256e-05,Overweighted,2016,HK0016000132
0.003049082526950935,0.002961145793395487,-8.793673355544799e-05,8.793673355544799e-05,Underweighted,2016,JP3684000007
0.0010264254343775327,0.0011135690141265357,8.714357974900296e-05,8.714357974900296e-05,Overweighted,2016,AU000000COH5
0.00030987288063934334,0.00039697820093484177,8.710532029549843e-05,8.710532029549843e-05,Overweighted,2016,AU000000IVC8
0.001826347832064084,0.0019113389683104837,8.499113624639977e-05,8.499113624639977e-05,Overweighted,2016,JP3443600006
0.015784536704966518,0.01586875103708383,8.421433211731194e-05,8.421433211731194e-05,Overweighted,2016,JP3854600008
0.0001618841574789264,0.00024607124304081604,8.418708556188963e-05,8.418708556188963e-05,Overweighted,2016,AU000000MND5
0.0011546550764179701,0.001070795081646998,-8.385999477097212e-05,8.385999477097212e-05,Underweighted,2016,JP3495000006
0.0006984092207947807,0.0007802108528081255,8.180163201334481e-05,8.180163201334481e-05,Overweighted,2016,JP3635400009
0.009857864676759453,0.009777443783811552,-8.042089294790083e-05,8.042089294790083e-05,Underweighted,2016,JP3942400007
0.0013176633527137585,0.001237630873427366,-8.003247928639254e-05,8.003247928639254e-05,Underweighted,2016,AU000000BEN6
0.00028302384128131694,0.0002032113653562465,-7.981247592507045e-05,7.981247592507045e-05,Underweighted,2016,AU000000BPT9
0.003947974333887169,0.003870128093913532,-7.784623997363679e-05,7.784623997363679e-05,Underweighted,2016,JP3111200006
0.01079723304699081,0.01071940794312092,-7.782510386989024e-05,7.782510386989024e-05,Underweighted,2016,JP3672400003
0.00046372525060123026,0.0005411107419731698,7.738549137193952e-05,7.738549137193952e-05,Overweighted,2016,JP3156400008
0.0029070513573236176,0.00298379869935718,7.674734203356234e-05,7.674734203356234e-05,Overweighted,2016,JP3165700000
0.00262047010809115,0.0026967438520194807,7.62737439283308e-05,7.62737439283308e-05,Overweighted,2016,SGXE21576413
0.0006283409891855047,0.0007036265174397834,7.528552825427867e-05,7.528552825427867e-05,Overweighted,2016,JP3165600002
0.0032397960510401978,0.0031656301413836426,-7.416590965655511e-05,7.416590965655511e-05,Underweighted,2016,SG1U68934629
0.00041309295047661966,0.00048725871088378675,7.416576040716709e-05,7.416576040716709e-05,Overweighted,2016,JP3811000003
0.0014618212336162202,0.0015344984114340214,7.267717781780122e-05,7.267717781780122e-05,Overweighted,2016,JP3711600001
0.018627394525333112,0.018556535619044856,-7.085890628825628e-05,7.085890628825628e-05,Underweighted,2016,AU000000NAB4
0.0009763648605307856,0.0010464989217677607,7.013406123697514e-05,7.013406123697514e-05,Overweighted,2016,JP3419050004
0.0020988347856640025,0.0021676295471241194,6.879476146011681e-05,6.879476146011681e-05,Overweighted,2016,JP3942800008
0.007060554383195992,0.007128732916875804,6.817853367981248e-05,6.817853367981248e-05,Overweighted,2016,HK0066009694
0.0010954524060507963,0.00116357422992785,6.81218238770538e-05,6.81218238770538e-05,Overweighted,2016,JP3787000003
0.0005053839339298088,0.00043770575783876194,-6.767817609104685e-05,6.767817609104685e-05,Underweighted,2016,AU000000WOR2
0.002016636013898318,0.0019495357329283244,-6.710028096999342e-05,6.710028096999342e-05,Underweighted,2016,JP3982800009
0.0008099068928289508,0.0008763308590088681,6.642396617991724e-05,6.642396617991724e-05,Overweighted,2016,JP3582600007
0.00216271898279919,0.0022270531755663606,6.433419276717081e-05,6.433419276717081e-05,Overweighted,2016,SG1F60858221
0.00033349870953231295,0.0003975580586313423,6.405934909902935e-05,6.405934909902935e-05,Overweighted,2016,JP3619800000
0.003206412207945818,0.0032702130949924914,6.380088704667324e-05,6.380088704667324e-05,Overweighted,2016,JP3551520004
0.001791881299593267,0.001728461143789499,-6.342015580376812e-05,6.342015580376812e-05,Underweighted,2016,JP3720800006
0.0021172239332872657,0.002179054663824267,6.183073053700125e-05,6.183073053700125e-05,Overweighted,2016,JP3762800005
0.001172635453562374,0.001111104892190552,-6.153056137182204e-05,6.153056137182204e-05,Underweighted,2016,NZFBUE0001S0
0.0003883568125802628,0.0003269646056425966,-6.139220693766623e-05,6.139220693766623e-05,Underweighted,2016,AU000000DOW2
0.000875625033193613,0.0008146548414471621,-6.097019174645089e-05,6.097019174645089e-05,Underweighted,2016,JP3820000002
0.0004847686443743815,0.0005439011835333799,5.913253915899836e-05,5.913253915899836e-05,Overweighted,2016,JP3194000000
0.0013067563620312314,0.0013654156818461746,5.865931981494316e-05,5.865931981494316e-05,Overweighted,2016,JP3229400001
0.000703770190385762,0.0007619050197011638,5.8134829315401775e-05,5.8134829315401775e-05,Overweighted,2016,JP3638600001
0.00415467409805505,0.004211980375894061,5.730627783901137e-05,5.730627783901137e-05,Overweighted,2016,JP3573000001
0.00019623744947924865,0.000139363324882562,-5.6874124596686644e-05,5.6874124596686644e-05,Underweighted,2016,AU000000SIG5
0.0004584167583014538,0.0004018406291584448,-5.6576129143009026e-05,5.6576129143009026e-05,Underweighted,2016,JP3535800001
0.00255588161046874,0.002611824063031833,5.59424525630927e-05,5.59424525630927e-05,Overweighted,2016,JP3388200002
0.001835824126070605,0.001782608851513429,-5.321527455717594e-05,5.321527455717594e-05,Underweighted,2016,JP3256000005
0.0008990243811455932,0.0008459090145560679,-5.311536658952529e-05,5.311536658952529e-05,Underweighted,2016,JP3358200008
0.0007775449759317185,0.0007254615461274247,-5.2083429804293795e-05,5.2083429804293795e-05,Underweighted,2016,JP3243600008
0.00045867914475747817,0.00040670057129287994,-5.197857346459823e-05,5.197857346459823e-05,Underweighted,2016,NZSKCE0001S2
0.0017593398551208604,0.0018108785828270437,5.153872770618335e-05,5.153872770618335e-05,Overweighted,2016,HK0010000088
2.35236362732549e-05,7.497293256873644e-05,5.144929629548154e-05,5.144929629548154e-05,Overweighted,2016,AU000000SBM8
0.0023088710007674366,0.0023602061877065644,5.1335186939127815e-05,5.1335186939127815e-05,Overweighted,2016,JP3180400008
0.0003346946393792449,0.0003856439081377444,5.094926875849951e-05,5.094926875849951e-05,Overweighted,2016,JP3888400003
0.0020046711915036085,0.002055246661018885,5.057546951527667e-05,5.057546951527667e-05,Overweighted,2016,AU000000APA1
0.007454045684426247,0.0075035870515669885,4.954136714074159e-05,4.954136714074159e-05,Overweighted,2016,HK0388045442
0.0029463899919884022,0.0028969215269102817,-4.946846507812054e-05,4.946846507812054e-05,Underweighted,2016,HK0000608585
0.000893188353971073,0.0008439088464202329,-4.927950755084006e-05,4.927950755084006e-05,Underweighted,2016,JP3870400003
0.0026902952869832667,0.0027395284384866964,4.923315150342968e-05,4.923315150342968e-05,Overweighted,2016,JP3877600001
0.006916228022569136,0.006867111653728432,-4.911636884070373e-05,4.911636884070373e-05,Underweighted,2016,JP3914400001
0.0011588836413040041,0.0012077688357262598,4.888519442225567e-05,4.888519442225567e-05,Overweighted,2016,JP3596200000
0.01993416193521512,0.019885439759655284,-4.8722175559835074e-05,4.8722175559835074e-05,Underweighted,2016,AU000000ANZ3
0.03140199123866213,0.03135350070968886,-4.849052897326622e-05,4.849052897326622e-05,Underweighted,2016,AU000000CBA7
0.0014128461111086053,0.001460717634995685,4.787152388707966e-05,4.787152388707966e-05,Overweighted,2016,BMG524401079
0.0011256710398967142,0.001173212888584534,4.7541848687819794e-05,4.7541848687819794e-05,Overweighted,2016,JP3174410005
0.0013059332971481234,0.001352913435813095,4.698013866497172e-05,4.698013866497172e-05,Overweighted,2016,BMG8063F1068
0.004104094275221645,0.0041508633510161244,4.6769075794479524e-05,4.6769075794479524e-05,Overweighted,2016,AU000000SUN6
0.00019458579578764286,0.00014799895411318737,-4.658684167445549e-05,4.658684167445549e-05,Underweighted,2016,BMG684371393
0.009984475808660626,0.010030706133563277,4.623032490265119e-05,4.623032490265119e-05,Overweighted,2016,JP3788600009
0.00309231552901566,0.003046955855709818,-4.535967330584166e-05,4.535967330584166e-05,Underweighted,2016,AU000000QBE9
0.0016151460687033636,0.0015701455043249193,-4.500056437844427e-05,4.500056437844427e-05,Underweighted,2016,AU000000ASX7
0.000384763499114077,0.00034022595814300937,-4.453754097106762e-05,4.453754097106762e-05,Underweighted,2016,HK0242001243
0.0017469635002845968,0.0017905120273136038,4.354852702900705e-05,4.354852702900705e-05,Overweighted,2016,AU000000GPT8
0.0007620503652128081,0.0008053303078937045,4.327994268089636e-05,4.327994268089636e-05,Overweighted,2016,JP3270000007
0.004773787369876584,0.004816684449399088,4.289707952250411e-05,4.289707952250411e-05,Overweighted,2016,JP3634600005
0.020531386652678837,0.02057325989840909,4.187324573025342e-05,4.187324573025342e-05,Overweighted,2016,AU000000BHP4
0.006112527259915833,0.006154265991564319,4.1738731648486085e-05,4.1738731648486085e-05,Overweighted,2016,JP3205800000
0.0015571752336981568,0.0015162419242919648,-4.0933309406192015e-05,4.0933309406192015e-05,Underweighted,2016,JP3894900004
0.003415818695554793,0.003456751501341868,4.0932805787074686e-05,4.0932805787074686e-05,Overweighted,2016,JP3868400007
0.0009293811131262605,0.0009701569215747213,4.077580844846079e-05,4.077580844846079e-05,Overweighted,2016,JP3769000005
0.006431937197740988,0.006471341161082952,3.9403963341963846e-05,3.9403963341963846e-05,Overweighted,2016,JP3893600001
0.0010704041663699053,0.001031436509706356,-3.896765666354927e-05,3.896765666354927e-05,Underweighted,2016,JP3126400005
0.0004846443560531068,0.0005233951688634931,3.875081281038632e-05,3.875081281038632e-05,Overweighted,2016,JP3421100003
0.0029361016809495537,0.0029745624583266636,3.8460777377109876e-05,3.8460777377109876e-05,Overweighted,2016,JP3347200002
0.0019275516691340153,0.0019652409267362694,3.768925760225402e-05,3.768925760225402e-05,Overweighted,2016,JP3786200000
0.01342508864332837,0.013462644380132763,3.755573680439342e-05,3.755573680439342e-05,Overweighted,2016,SG1T75931496
0.003344278337829086,0.0033811112605541525,3.683292272506659e-05,3.683292272506659e-05,Overweighted,2016,JP3818000006
0.003370911944096903,0.0033341731338430956,-3.6738810253807326e-05,3.6738810253807326e-05,Underweighted,2016,JP3505000004
0.0010534291436464787,0.0010174748542441001,-3.5954289402378515e-05,3.5954289402378515e-05,Underweighted,2016,NZCENE0001S6
0.0012609961641005883,0.0012256110873809863,-3.5385076719602e-05,3.5385076719602e-05,Underweighted,2016,JP3190000004
0.001073608043096097,0.0010388530093047694,-3.475503379132762e-05,3.475503379132762e-05,Underweighted,2016,NZAIAE0002S6
0.002253372122374248,0.0022879166788379083,3.4544556463660375e-05,3.4544556463660375e-05,Overweighted,2016,JP3792600003
0.005227895466373848,0.005262208490825298,3.431302445144977e-05,3.431302445144977e-05,Overweighted,2016,JP3900000005
0.0014040796415146978,0.001370306869708702,-3.3772771805995905e-05,3.3772771805995905e-05,Underweighted,2016,JP3657400002
0.0018726963280487608,0.0018392511830278063,-3.344514502095445e-05,3.344514502095445e-05,Underweighted,2016,JP3260800002
0.007785798833535323,0.007752433499454435,-3.336533408088843e-05,3.336533408088843e-05,Underweighted,2016,JP3866800000
0.001955778927876843,0.0019239606951491658,-3.181823272767727e-05,3.181823272767727e-05,Underweighted,2016,AU0000088338
0.0038290248865019074,0.0038598513584679923,3.0826471966084994e-05,3.0826471966084994e-05,Overweighted,2016,AU000000TCL6
0.0007656077731639589,0.0007354168501959227,-3.0190922968036235e-05,3.0190922968036235e-05,Underweighted,2016,AU000000TAH8
0.0005946201866423358,0.0005648587155439564,-2.9761471098379384e-05,2.9761471098379384e-05,Underweighted,2016,NZAIRE0001S2
0.0029216897596070802,0.002951331837742028,2.9642078134947594e-05,2.9642078134947594e-05,Overweighted,2016,JP3475350009
0.0012649015793513084,0.001235394908121209,-2.9506671230099387e-05,2.9506671230099387e-05,Underweighted,2016,JP3778630008
0.0013845249456341479,0.0014140040831259746,2.947913749182674e-05,2.947913749182674e-05,Overweighted,2016,JP3164800009
0.00427225637390629,0.004242879386726465,-2.9376987179825093e-05,2.9376987179825093e-05,Underweighted,2016,JP3160400002
0.00262444181044655,0.0026522677168515046,2.782590640495455e-05,2.782590640495455e-05,Overweighted,2016,JP3546800008
0.002072905479883409,0.0020453300185644214,-2.757546131898752e-05,2.757546131898752e-05,Underweighted,2016,AU000000LLC3
0.0032485210911936805,0.003275093196465082,2.6572105271401286e-05,2.6572105271401286e-05,Overweighted,2016,JP3119600009
0.00044258795009644925,0.0004682938368779994,2.5705886781550154e-05,2.5705886781550154e-05,Overweighted,2016,AU000000CSR5
0.0044518557601109015,0.004426207314277543,-2.564844583335859e-05,2.564844583335859e-05,Underweighted,2016,JP3294460005
0.0017705865672148714,0.0017450074875613166,-2.557907965355477e-05,2.557907965355477e-05,Underweighted,2016,SG9999000020
0.0013475174074839373,0.0013234977427116822,-2.4019664772255162e-05,2.4019664772255162e-05,Underweighted,2016,JP3118000003
0.017241623934523522,0.01721863194489642,-2.299198962710247e-05,2.299198962710247e-05,Underweighted,2016,AU000000TLS2
0.005128340521032828,0.005105771611841043,-2.2568909191784947e-05,2.2568909191784947e-05,Underweighted,2016,JP3266400005
0.0002780523084303296,0.00025585370334794716,-2.219860508238244e-05,2.219860508238244e-05,Underweighted,2016,AU000000CWY3
0.001170362358264395,0.0011486585646530367,-2.1703793611358357e-05,2.1703793611358357e-05,Underweighted,2016,JP3209000003
0.00188072259164041,0.0019018468013544695,2.1124209714059455e-05,2.1124209714059455e-05,Overweighted,2016,SG1R89002252
0.0011653328241968128,0.0011861293882243413,2.0796564027528467e-05,2.0796564027528467e-05,Overweighted,2016,JP3385980002
0.0009483557968408622,0.0009282168773088166,-2.0138919532045616e-05,2.0138919532045616e-05,Underweighted,2016,AU000000BLD2
0.005672367075028283,0.0056921298569780135,1.9762781949730218e-05,1.9762781949730218e-05,Overweighted,2016,JP3481800005
0.0015215155333431027,0.0015410214454587591,1.9505912115656398e-05,1.9505912115656398e-05,Overweighted,2016,AU000000DXS1
0.01095395785815549,0.010972390887640028,1.8433029484538066e-05,1.8433029484538066e-05,Overweighted,2016,JP3463000004
0.001491689098199874,0.0014733076604161264,-1.838143778374766e-05,1.838143778374766e-05,Underweighted,2016,AU000000ORI1
0.000816469316192254,0.0008344766740289069,1.8007357836652893e-05,1.8007357836652893e-05,Overweighted,2016,JP3544000007
0.0046732491658161455,0.004655539098260472,-1.7710067555673503e-05,1.7710067555673503e-05,Underweighted,2016,JP3592200004
0.005245367642382374,0.005262977464356234,1.760982197386053e-05,1.760982197386053e-05,Overweighted,2016,JP3967200001
2.9370711298554963e-05,1.2182756126282978e-05,-1.7187955172271986e-05,1.7187955172271986e-05,Underweighted,2016,AU0000038911
0.0055282202419766014,0.005511141475892245,-1.7078766084356774e-05,1.7078766084356774e-05,Underweighted,2016,JP3734800000
0.00172807996133893,0.0017110085529044741,-1.7071408434455974e-05,1.7071408434455974e-05,Underweighted,2016,SG1J26887955
0.0024161042024005374,0.0024330504052454205,1.694620284488314e-05,1.694620284488314e-05,Overweighted,2016,JP3486800000
0.0024833552320609204,0.0025002072876433887,1.685205558246824e-05,1.685205558246824e-05,Overweighted,2016,JP3420600003
0.0006310836181416327,0.0006146585460292433,-1.6425072112389335e-05,1.6425072112389335e-05,Underweighted,2016,JP3148800000
0.0007825579382231307,0.0007663204112228011,-1.623752700032966e-05,1.623752700032966e-05,Underweighted,2016,AU000000CGF5
0.001993946490358951,0.001977734544006803,-1.6211946352148038e-05,1.6211946352148038e-05,Underweighted,2016,JP3733000008
0.007897290981644104,0.007913467836433733,1.6176854789629394e-05,1.6176854789629394e-05,Overweighted,2016,JP3898400001
1.5803950540749625e-05,0.0,-1.5803950540749625e-05,1.5803950540749625e-05,Removed,2016,AU000000MAH3
0.0014257306670807477,0.001440378009162551,1.4647342081803216e-05,1.4647342081803216e-05,Overweighted,2016,JP3300600008
0.004660160224604574,0.004645669266075315,-1.4490958529258385e-05,1.4490958529258385e-05,Underweighted,2016,JP3519400000
0.00279464776152549,0.0027807277637396524,-1.3919997785837718e-05,1.3919997785837718e-05,Underweighted,2016,JP3940000007
0.0017489162079099567,0.0017350257586678127,-1.3890449242144045e-05,1.3890449242144045e-05,Underweighted,2016,JP3493800001
0.0005919162251639377,0.0005787567246327964,-1.3159500531141274e-05,1.3159500531141274e-05,Underweighted,2016,JP3215800008
0.004302494341491073,0.004315491669806985,1.2997328315912486e-05,1.2997328315912486e-05,Overweighted,2016,HK0823032773
0.0208584582750199,0.02084582940887954,-1.2628866140357992e-05,1.2628866140357992e-05,Underweighted,2016,JP3902900004
0.002100362151034334,0.0020878280256747916,-1.2534125359542434e-05,1.2534125359542434e-05,Underweighted,2016,JP3539220008
0.0007912912642646984,0.000778797173394469,-1.2494090870229357e-05,1.2494090870229357e-05,Underweighted,2016,JP3634200004
0.001948415535331992,0.0019364404743665057,-1.1975060965486355e-05,1.1975060965486355e-05,Underweighted,2016,BMG668971101
0.001758646602484417,0.0017706098185954827,1.196321611106571e-05,1.196321611106571e-05,Overweighted,2016,JP3738600000
0.001308040674684403,0.0012965227313705603,-1.1517943313842788e-05,1.1517943313842788e-05,Underweighted,2016,JP3629000005
0.001697190170558129,0.0016858666773130677,-1.1323493245061263e-05,1.1323493245061263e-05,Underweighted,2016,AU000000STO6
0.00390622174382696,0.003895217366483499,-1.1004377343461387e-05,1.1004377343461387e-05,Underweighted,2016,JP3621000003
0.004680010450493488,0.004690776445658365,1.0765995164876974e-05,1.0765995164876974e-05,Overweighted,2016,JP3837800006
0.001136945371617675,0.001127715503214806,-9.229868402869067e-06,9.229868402869067e-06,Underweighted,2016,BMG677491539
0.001642787791354853,0.0016516130744657499,8.825283110896988e-06,8.825283110896988e-06,Overweighted,2016,AU000000SHL7
0.0015610336955830617,0.0015689223817598658,7.888686176804128e-06,7.888686176804128e-06,Overweighted,2016,AU000000MGR9
0.006215468371520916,0.00620765275017146,-7.81562134945582e-06,7.81562134945582e-06,Underweighted,2016,HK0006000050
0.006780908422290651,0.006788657323641322,7.748901350671314e-06,7.748901350671314e-06,Overweighted,2016,HK0004000045
0.0041933305279341715,0.004185944111061005,-7.386416873166914e-06,7.386416873166914e-06,Underweighted,2016,JP3200450009
0.006038893334467322,0.006046043909977853,7.150575510530763e-06,7.150575510530763e-06,Overweighted,2016,HK0012000102
0.023484167826343452,0.023477389154527416,-6.778671816035781e-06,6.778671816035781e-06,Underweighted,2016,AU000000WBC1
0.001445509081939592,0.0014520504374827216,6.541355543129542e-06,6.541355543129542e-06,Overweighted,2016,JP3667600005
0.0008784256633663358,0.0008838909217231017,5.465258356765956e-06,5.465258356765956e-06,Overweighted,2016,JP3456000003
0.0019847242969203696,0.0019795016354801835,-5.222661440186082e-06,5.222661440186082e-06,Underweighted,2016,JP3401400001
0.008776086748011568,0.008770867344425053,-5.219403586515653e-06,5.219403586515653e-06,Underweighted,2016,AU000000WOW2
0.0037049381885039595,0.003699870845165611,-5.067343338348296e-06,5.067343338348296e-06,Underweighted,2016,AU000000AMP6
0.0023358084229317022,0.0023311244021511006,-4.684020780601657e-06,4.684020780601657e-06,Underweighted,2016,JP3402600005
0.0009582242895500719,0.0009548395962429961,-3.3846933070757514e-06,3.3846933070757514e-06,Underweighted,2016,JP3405400007
0.00286118896677326,0.00285832598698605,-2.862979787210309e-06,2.862979787210309e-06,Underweighted,2016,JP3407400005
0.0020426316067835913,0.002045432087923135,2.800481139543856e-06,2.800481139543856e-06,Overweighted,2016,JP3414750004
0.0023027063000322116,0.0023047058449855314,1.9995449533198074e-06,1.9995449533198074e-06,Overweighted,2016,AU000000NCM7
0.001343686565225982,0.0013453475438185989,1.660978592616779e-06,1.660978592616779e-06,Overweighted,2016,JP3269600007
0.0017189792942589285,0.001717527226240826,-1.452068018102529e-06,1.452068018102529e-06,Underweighted,2016,JP3688370000
0.0006825306972612662,0.0006838887155861829,1.3580183249166941e-06,1.3580183249166941e-06,Overweighted,2016,JP3122400009
0.0002847058765625676,0.00028354340169401175,-1.1624748685558546e-06,1.1624748685558546e-06,Underweighted,2016,AU000000MTS0
0.0032618889906374468,0.0032627107109729817,8.21720335534952e-07,8.21720335534952e-07,Overweighted,2016,AU000000IAG3
0.010338802478875881,0.01033816240895473,-6.400699211518701e-07,6.400699211518701e-07,Underweighted,2016,HK2388011192
0.0043724023792640395,0.004371901617402204,-5.00761861835404e-07,5.00761861835404e-07,Underweighted,2016,AU000000MQG1
0.001160532533032915,0.0011603967743991513,-1.3575863376373044e-07,1.3575863376373044e-07,Underweighted,2016,JP3210200006
0.004728805779293181,0.003081975204630195,-0.0016468305746629862,0.0016468305746629862,Underweighted,2017,JP3381000003
0.001752306697651673,0.00014451390193420503,-0.0016077927957174679,0.0016077927957174679,Underweighted,2017,JP3551200003
0.002378642634164347,0.0007881505076342954,-0.0015904921265300518,0.0015904921265300518,Underweighted,2017,JP3585800000
0.0021529238888640567,0.0007609769321972104,-0.0013919469566668462,0.0013919469566668462,Underweighted,2017,JP3386030005
0.0014208125209277537,0.0003065173535416778,-0.0011142951673860759,0.0011142951673860759,Underweighted,2017,JP3522200009
0.0013669712508955535,0.0002530124517069308,-0.0011139587991886228,0.0011139587991886228,Underweighted,2017,AU000000ORG5
0.0009644358953401332,1.770673958859064e-08,-0.0009644181886005447,0.0009644181886005447,Underweighted,2017,JP3449020001
0.0009419541247835669,3.521150222265867e-08,-0.0009419189132813442,0.0009419189132813442,Underweighted,2017,JP3753000003
0.0008408497275670432,2.5389141452386108e-08,-0.0008408243384255908,0.0008408243384255908,Underweighted,2017,SG1R50925390
0.001663841732049998,0.000908679135398511,-0.000755162596651487,0.000755162596651487,Underweighted,2017,HK0293001514
0.0029068205181142105,0.0021707569763718087,-0.0007360635417424017,0.0007360635417424017,Underweighted,2017,JP3526600006
0.002367188926617456,0.0017024394737400663,-0.0006647494528773897,0.0006647494528773897,Underweighted,2017,HK0019000162
0.0008484173557676677,0.00021032556185986352,-0.0006380917939078042,0.0006380917939078042,Underweighted,2017,JP3845400005
0.0006376790870369117,5.800633670472748e-09,-0.0006376732864032412,0.0006376732864032412,Underweighted,2017,JP3362700001
0.0007680810952565831,0.00016425953012189293,-0.0006038215651346902,0.0006038215651346902,Underweighted,2017,JP3595200001
0.005875014003428883,0.006471167080714155,0.0005961530772852722,0.0005961530772852722,Overweighted,2017,JP3762600009
0.0005638463433834126,6.306485735202904e-08,-0.0005637832785260606,0.0005637832785260606,Underweighted,2017,JP3158800007
0.00907905049339333,0.009642544438944764,0.000563493945551434,0.000563493945551434,Overweighted,2017,JP3802300008
0.002080196715437092,0.0026427690264010785,0.0005625723109639867,0.0005625723109639867,Overweighted,2017,JP3973400009
0.0009331841889615868,0.0014819432972388124,0.0005487591082772256,0.0005487591082772256,Overweighted,2017,JP3350800003
0.0010878147686957482,0.0016306961028533034,0.0005428813341575552,0.0005428813341575552,Overweighted,2017,HK0291001490
0.0004931395995454382,0.0010320313571206242,0.000538891757575186,0.000538891757575186,Overweighted,2017,JP3678000005
0.002280459706271439,0.0028050467216846485,0.0005245870154132093,0.0005245870154132093,Overweighted,2017,JP3351600006
0.0010849458139578928,0.0005655733403929388,-0.000519372473564954,0.000519372473564954,Underweighted,2017,JP3903000002
0.0009463183632528094,0.000431470035746045,-0.0005148483275067644,0.0005148483275067644,Underweighted,2017,JP3289800009
0.0006317311192181594,0.0001181158345378937,-0.0005136152846802657,0.0005136152846802657,Underweighted,2017,BMG677491539
0.0005097203890178802,9.429864291749598e-08,-0.0005096260903749626,0.0005096260903749626,Underweighted,2017,AU000000BSL0
0.0005591366142183783,0.001060091762622981,0.0005009551484046027,0.0005009551484046027,Overweighted,2017,JP3359600008
0.0013747765766948827,0.0018669352279991908,0.0004921586513043081,0.0004921586513043081,Overweighted,2017,JP3224200000
0.005916613847127787,0.005439256755005707,-0.00047735709212207936,0.00047735709212207936,Underweighted,2017,HK0002007356
0.00027247883803154064,0.0007489056421541145,0.0004764268041225739,0.0004764268041225739,Overweighted,2017,AU000000SGM7
0.0010412813178609372,0.0015154531000506177,0.00047417178218968044,0.00047417178218968044,Overweighted,2017,JP3711200000
0.007812288127830806,0.008282243443149904,0.0004699553153190974,0.0004699553153190974,Overweighted,2017,JP3435000009
0.004229157135039025,0.0046874505600995875,0.0004582934250605625,0.0004582934250605625,Overweighted,2017,JP3551520004
0.0040479292995800244,0.004503406446666903,0.0004554771470868784,0.0004554771470868784,Overweighted,2017,JP3304200003
0.0008781212638290667,0.0013295503548788742,0.0004514290910498075,0.0004514290910498075,Overweighted,2017,JP3134800006
0.0004507630927623946,1.7777259237009274e-07,-0.0004505853201700245,0.0004505853201700245,Underweighted,2017,JP3368000000
0.00023891096202840564,0.0006828474374115886,0.00044393647538318293,0.00044393647538318293,Overweighted,2017,JP3375800004
0.0004109211057236797,0.0008504093363478707,0.00043948823062419095,0.00043948823062419095,Overweighted,2017,JP3827200001
0.0004361308708142186,1.9543399926785632e-08,-0.0004361113274142918,0.0004361113274142918,Underweighted,2017,JP3223800008
0.004333793829129324,0.003910216827324357,-0.00042357700180496727,0.00042357700180496727,Underweighted,2017,AU0000224040
0.0003055879023906641,0.0007211703526699318,0.0004155824502792677,0.0004155824502792677,Overweighted,2017,JP3891600003
0.0025363190598726095,0.0021327545298949267,-0.00040356452997768275,0.00040356452997768275,Underweighted,2017,SG1V61937297
0.0010761427110291169,0.0014767558870538494,0.0004006131760247325,0.0004006131760247325,Overweighted,2017,JP3613400005
0.0015446280945228493,0.0011496891895230656,-0.0003949389049997837,0.0003949389049997837,Underweighted,2017,BMG988031446
0.0008118837876318555,0.00042064909835488656,-0.0003912346892769689,0.0003912346892769689,Underweighted,2017,JP3955000009
0.008631377469414097,0.009018206122283904,0.00038682865286980735,0.00038682865286980735,Overweighted,2017,JP3814800003
0.010378852825175816,0.010752068233253927,0.0003732154080781109,0.0003732154080781109,Overweighted,2017,JP3783600004
0.0005794376475031067,0.00021240675745408093,-0.00036703089004902576,0.00036703089004902576,Underweighted,2017,JP3850200001
0.001536745378807663,0.0019033931517596111,0.0003666477729519482,0.0003666477729519482,Overweighted,2017,JP3197800000
0.003438881717484774,0.003805441643568545,0.0003665599260837711,0.0003665599260837711,Overweighted,2017,JP3659000008
0.0023439830075625097,0.001989548961775999,-0.0003544340457865107,0.0003544340457865107,Underweighted,2017,IE00BKVD2N49
0.0005392667533219981,0.0008910803674486526,0.00035181361412665445,0.00035181361412665445,Overweighted,2017,JP3322930003
0.010407553428256637,0.010056288784438365,-0.0003512646438182717,0.0003512646438182717,Underweighted,2017,JP3551500006
0.0017579423418814294,0.00210682712926655,0.0003488847873851207,0.0003488847873851207,Overweighted,2017,JP3358800005
0.007695589662569023,0.008043107742960938,0.00034751808039191513,0.00034751808039191513,Overweighted,2017,JP3910660004
0.008696785767941407,0.009041380090119863,0.00034459432217845594,0.00034459432217845594,Overweighted,2017,HK0011000095
0.0023809919708957317,0.0020428935421586466,-0.0003380984287370851,0.0003380984287370851,Underweighted,2017,JP3256000005
0.00016544305654966283,0.0005003269931470925,0.00033488393659742967,0.00033488393659742967,Overweighted,2017,JP3560800009
0.0018285053615899544,0.0015038431211322467,-0.00032466224045770765,0.00032466224045770765,Underweighted,2017,JP3605400005
0.0014925667925553688,0.0018161547556727353,0.0003235879631173664,0.0003235879631173664,Overweighted,2017,JP3738600000
0.010700369230605267,0.011023592459836095,0.000323223229230828,0.000323223229230828,Overweighted,2017,JP3566800003
0.0003803576168111506,0.000702354882081239,0.00032199726527008837,0.00032199726527008837,Overweighted,2017,AU000000PPT9
0.0015991188870631383,0.0012776390183093034,-0.0003214798687538349,0.0003214798687538349,Underweighted,2017,AU000000QAN2
0.001192338141837828,0.0015136372458690078,0.00032129910403117987,0.00032129910403117987,Overweighted,2017,JP3743000006
0.00039257969566548263,0.0007092195125232663,0.0003166398168577837,0.0003166398168577837,Overweighted,2017,JP3385820000
0.0005535147896164536,0.0008678144183967659,0.0003142996287803123,0.0003142996287803123,Overweighted,2017,JP3638600001
0.0003929611173936368,0.0007001381669665688,0.000307177049572932,0.000307177049572932,Overweighted,2017,AU000000BWP3
0.012271000336856195,0.011964315192984765,-0.00030668514387142964,0.00030668514387142964,Underweighted,2017,JP3672400003
0.004774200492794662,0.005078632428473906,0.0003044319356792441,0.0003044319356792441,Overweighted,2017,JP3890310000
0.0009807568758093397,0.0012796187268716676,0.0002988618510623279,0.0002988618510623279,Overweighted,2017,HK0010000088
0.0002383581769151387,0.0005369735449385842,0.0002986153680234455,0.0002986153680234455,Overweighted,2017,JP3888400003
0.0007334905667939043,0.0010274503179697298,0.00029395975117582553,0.00029395975117582553,Overweighted,2017,JP3663900003
0.008546900848404643,0.00883869434441539,0.0002917934960107466,0.0002917934960107466,Overweighted,2017,HK0016000132
0.0007656654243116066,0.0004740309774242863,-0.00029163444688732026,0.00029163444688732026,Underweighted,2017,JP3243600008
0.0011144092604950208,0.0008250293810683259,-0.00028937987942669486,0.00028937987942669486,Underweighted,2017,NZTELE0001S4
0.005728672436468159,0.006014666017192105,0.0002859935807239455,0.0002859935807239455,Overweighted,2017,JP3197600004
0.0005642139454837352,0.0008439326920274382,0.00027971874654370303,0.00027971874654370303,Overweighted,2017,JP3166000004
0.019821984177720152,0.020100708588727274,0.0002787244110071217,0.0002787244110071217,Overweighted,2017,JP3496400007
0.005806142506166954,0.006083140163538063,0.0002769976573711091,0.0002769976573711091,Overweighted,2017,JP3902400005
0.011872420158786198,0.012147502055141998,0.0002750818963558003,0.0002750818963558003,Overweighted,2017,JP3890350006
0.0020863215744920892,0.00235752706729615,0.00027120549280406064,0.00027120549280406064,Overweighted,2017,JP3443600006
0.0009146133730813839,0.0011857840217534283,0.0002711706486720444,0.0002711706486720444,Overweighted,2017,BMG8063F1068
0.0045867621165881075,0.004857777585539877,0.00027101546895176923,0.00027101546895176923,Overweighted,2017,JP3397200001
0.0017236420256032158,0.0014539703174685358,-0.00026967170813468,0.00026967170813468,Underweighted,2017,JP3419400001
0.006920007273325407,0.0071810682520921975,0.0002610609787667903,0.0002610609787667903,Overweighted,2017,JP3898400001
0.0019461656729488229,0.0022071003080944922,0.00026093463514566934,0.00026093463514566934,Overweighted,2017,JP3942800008
0.005613607451216079,0.005873441065785634,0.0002598336145695551,0.0002598336145695551,Overweighted,2017,JP3814000000
0.0007548363639427073,0.000496473127470231,-0.0002583632364724763,0.0002583632364724763,Underweighted,2017,AU000000TAH8
0.00969161931666009,0.009949930913032635,0.000258311596372544,0.000258311596372544,Overweighted,2017,AU000000CSL8
0.0055371047554655,0.005794720768624883,0.0002576160131593829,0.0002576160131593829,Overweighted,2017,JP3893600001
0.005318259893048684,0.005572587313508834,0.0002543274204601497,0.0002543274204601497,Overweighted,2017,JP3143600009
0.004411064896187343,0.00466368148435285,0.00025261658816550653,0.00025261658816550653,Overweighted,2017,JP3634600005
0.002228108192119494,0.002480163077391201,0.0002520548852717073,0.0002520548852717073,Overweighted,2017,JP3877600001
0.003473115699549395,0.003718374923952391,0.000245259224402996,0.000245259224402996,Overweighted,2017,JP3951600000
0.00933524980983916,0.009580183997186171,0.00024493418734701164,0.00024493418734701164,Overweighted,2017,AU000000BHP4
0.007462328164398206,0.007704140485881814,0.00024181232148360807,0.00024181232148360807,Overweighted,2017,JP3205800000
0.0002436925532581647,1.9657261813337908e-06,-0.0002417268270768309,0.0002417268270768309,Underweighted,2017,AU000000CWY3
0.005729341306455212,0.005488423818199716,-0.00024091748825549528,0.00024091748825549528,Underweighted,2017,JP3734800000
0.0030517469551849708,0.00329245104563668,0.00024070409045170906,0.00024070409045170906,Overweighted,2017,JP3502200003
0.0008797353963598063,0.0011187260038516898,0.00023899060749188353,0.00023899060749188353,Overweighted,2017,BMG524401079
0.006351279837391847,0.0065894499055685115,0.0002381700681766642,0.0002381700681766642,Overweighted,2017,JP3866800000
0.0002593695390704151,2.2860061661831485e-05,-0.00023650947740858362,0.00023650947740858362,Underweighted,2017,AU000000DOW2
0.0006963240597034014,0.0004599503141825626,-0.0002363737455208388,0.0002363737455208388,Underweighted,2017,JP3405400007
3.530085733322686e-05,0.00027068818756887736,0.0002353873302356505,0.0002353873302356505,Overweighted,2017,AU000000ERA9
0.0015741274720923399,0.0018082390594791075,0.00023411158738676765,0.00023411158738676765,Overweighted,2017,AU000000CIM7
0.000590612198567798,0.0008245820415962846,0.00023396984302848664,0.00023396984302848664,Overweighted,2017,SGXE34184239
0.001505228335574748,0.0012713698256396767,-0.00023385850993507136,0.00023385850993507136,Underweighted,2017,JP3720800006
0.0016440851921018375,0.0018770847169378012,0.00023299952483596376,0.00023299952483596376,Overweighted,2017,SG1F60858221
0.010806694683216598,0.011039226751656103,0.00023253206843950464,0.00023253206843950464,Overweighted,2017,JP3463000004
0.001904886444615614,0.0021348293120718683,0.0002299428674562543,0.0002299428674562543,Overweighted,2017,JP3027680002
0.00025422587359146627,0.0004811381171922124,0.00022691224360074614,0.00022691224360074614,Overweighted,2017,AU000000IVC8
0.002300672293938045,0.002524807016287794,0.000224134722349749,0.000224134722349749,Overweighted,2017,JP3982100004
0.0019926272617189094,0.0022154447026986527,0.00022281744097974333,0.00022281744097974333,Overweighted,2017,JP3027670003
0.005298953872967837,0.005077945988471612,-0.00022100788449622502,0.00022100788449622502,Underweighted,2017,JP3160400002
0.0003946001252544733,0.0001747451880820295,-0.0002198549371724438,0.0002198549371724438,Underweighted,2017,JP3452000007
0.0028457488188004787,0.0026283752523267624,-0.00021737356647371633,0.00021737356647371633,Underweighted,2017,JP3407400005
0.025590119943424437,0.02580486782638575,0.00021474788296131295,0.00021474788296131295,Overweighted,2017,JP3735400008
0.001228211131763286,0.0010140046362650944,-0.0002142064954981915,0.0002142064954981915,Underweighted,2017,JP3495000006
0.001073939862352748,0.0012874094849385975,0.0002134696225858496,0.0002134696225858496,Overweighted,2017,AU000000COH5
0.0013929604429957988,0.0011798069031631936,-0.00021315353983260526,0.00021315353983260526,Underweighted,2017,JP3778630008
0.004348058448977177,0.004559006777433429,0.0002109483284562525,0.0002109483284562525,Overweighted,2017,JP3116000005
0.001615376297244319,0.001826048445990761,0.0002106721487464421,0.0002106721487464421,Overweighted,2017,SGXE21576413
0.001664922426946435,0.0014564699102552134,-0.00020845251669122152,0.00020845251669122152,Underweighted,2017,JP3657400002
0.000890840849285339,0.0006832563155681845,-0.0002075845337171546,0.0002075845337171546,Underweighted,2017,NZFBUE0001S0
0.00022466016180838392,1.7494664836657067e-05,-0.00020716549697172686,0.00020716549697172686,Underweighted,2017,AU000000OZL8
0.0004953065171894446,0.0006999061854776094,0.0002045996682881648,0.0002045996682881648,Overweighted,2017,JP3320800000
0.002067076360773701,0.0022701612156247565,0.00020308485485105547,0.00020308485485105547,Overweighted,2017,JP3538800008
0.001393927816944016,0.0011939851438454792,-0.0001999426730985368,0.0001999426730985368,Underweighted,2017,JP3246400000
0.0009355584010230682,0.0011338344695513902,0.00019827606852832196,0.00019827606852832196,Overweighted,2017,JP3215800008
0.0019498776249844104,0.0017519234472603217,-0.00019795417772408867,0.00019795417772408867,Underweighted,2017,JP3592200004
0.0009781200908190566,0.0007803923702634461,-0.00019772772055561048,0.00019772772055561048,Underweighted,2017,JP3670800006
0.0007083526637680901,0.0009037796464877446,0.00019542698271965452,0.00019542698271965452,Overweighted,2017,JP3769000005
0.0055707251460543955,0.005375739482382795,-0.00019498566367160027,0.00019498566367160027,Underweighted,2017,HK0003000038
0.004839954282017765,0.005034182006566786,0.00019422772454902142,0.00019422772454902142,Overweighted,2017,HK0012000102
0.0017243385348459318,0.0015316731458517503,-0.00019266538899418155,0.00019266538899418155,Underweighted,2017,SG1U68934629
0.010336874323674325,0.010528693331929054,0.00019181900825472956,0.00019181900825472956,Overweighted,2017,JP3242800005
0.0033106410990579762,0.0034993737945863104,0.0001887326955283342,0.0001887326955283342,Overweighted,2017,JP3388200002
0.0006704592442536413,0.0008585676420585349,0.0001881083978048936,0.0001881083978048936,Overweighted,2017,JP3665200006
0.021908233890147517,0.022094483018769574,0.0001862491286220569,0.0001862491286220569,Overweighted,2017,JP3726800000
0.0019920440734244125,0.001807905439461888,-0.00018413863396252454,0.00018413863396252454,Underweighted,2017,AU000000NCM7
0.008144335089667993,0.008326685023492462,0.0001823499338244692,0.0001823499338244692,Overweighted,2017,JP3830800003
0.0006648705867585126,0.0008458881320918231,0.00018101754533331052,0.00018101754533331052,Overweighted,2017,JP3493400000
0.02595390229861428,0.025773957746055023,-0.00017994455255925662,0.00017994455255925662,Underweighted,2017,AU000000CBA7
0.001328303932222531,0.0015048051199363745,0.00017650118771384352,0.00017650118771384352,Overweighted,2017,JP3357200009
0.00017652087021953234,2.17855351310802e-07,-0.00017630301486822153,0.00017630301486822153,Underweighted,2017,JP3686800008
0.0005478128111731051,0.0007224639173215066,0.00017465110614840154,0.00017465110614840154,Overweighted,2017,JP3156400008
0.0009615448291977472,0.0011356678818862063,0.00017412305268845916,0.00017412305268845916,Overweighted,2017,HK0165000859
0.002210620835061294,0.0023845012339836725,0.0001738803989223786,0.0001738803989223786,Overweighted,2017,JP3401400001
0.0005076391530664301,0.0006803190194040946,0.0001726798663376645,0.0001726798663376645,Overweighted,2017,HK0200030994
0.0007877878845445496,0.0009598520252526158,0.00017206414070806628,0.00017206414070806628,Overweighted,2017,JP3830000000
0.0020428256778546802,0.002214304633503898,0.00017147895564921783,0.00017147895564921783,Overweighted,2017,HK0023000190
0.00086374608695856,0.0010303461854053986,0.0001666000984468386,0.0001666000984468386,Overweighted,2017,JP3787000003
0.0016401935849044381,0.0018052243587143011,0.000165030773809863,0.000165030773809863,Overweighted,2017,JP3792600003
0.0008011044779231501,0.0006374639194490483,-0.00016364055847410187,0.00016364055847410187,Underweighted,2017,AU000000BLD2
0.0005091372007233834,0.0006726109262197045,0.00016347372549632103,0.00016347372549632103,Overweighted,2017,JP3122400009
0.003421515973151493,0.0032603404562188557,-0.00016117551693263727,0.00016117551693263727,Underweighted,2017,JP3546800008
0.0031575997765244572,0.0033181715745684947,0.00016057179804403751,0.00016057179804403751,Overweighted,2017,JP3573000001
0.00380012678900472,0.003639604977667688,-0.00016052181133703212,0.00016052181133703212,Underweighted,2017,JP3201200007
0.0029200763051303513,0.003079371391543164,0.0001592950864128125,0.0001592950864128125,Overweighted,2017,AU000000SUN6
0.0005017602833868362,0.0006606882268896942,0.000158927943502858,0.000158927943502858,Overweighted,2017,JP3165600002
0.00010762726155307345,0.00026224520153097917,0.00015461793997790572,0.00015461793997790572,Overweighted,2017,AU000000GWA4
0.002721242263813799,0.002874031141366956,0.00015278887755315693,0.00015278887755315693,Overweighted,2017,JP3429800000
0.0008367314784732045,0.0006847890044095424,-0.0001519424740636621,0.0001519424740636621,Underweighted,2017,JP3456000003
0.0029709739944344055,0.00312078103063876,0.00014980703620435468,0.00014980703620435468,Overweighted,2017,JP3228600007
0.05603625534033261,0.05618539146726096,0.00014913612692835088,0.00014913612692835088,Overweighted,2017,JP3633400001
0.0005079791159110893,0.0006555998073871982,0.0001476206914761089,0.0001476206914761089,Overweighted,2017,JP3528600004
0.002116675005061577,0.00197067167833395,-0.00014600332672762718,0.00014600332672762718,Underweighted,2017,HK0083000502
0.008877836712164163,0.008732111396105104,-0.00014572531605905846,0.00014572531605905846,Underweighted,2017,JP3942400007
0.0038435176564706086,0.0036978975710164706,-0.00014562008545413807,0.00014562008545413807,Underweighted,2017,JP3621000003
0.0005972511477781339,0.00045190454788069626,-0.0001453465998974377,0.0001453465998974377,Underweighted,2017,NZCENE0001S6
0.0012412292211807223,0.0010969365935788852,-0.0001442926276018371,0.0001442926276018371,Underweighted,2017,JP3870400003
0.0011687756763848246,0.0010245743964999387,-0.00014420127988488594,0.00014420127988488594,Underweighted,2017,JP3269600007
0.0019801702491914386,0.0018381495277237487,-0.00014202072146768992,0.00014202072146768992,Underweighted,2017,JP3112000009
0.0006203409819592941,0.000761272296610243,0.00014093131465094891,0.00014093131465094891,Overweighted,2017,JP3582600007
0.0012321386699930476,0.0013728197609240381,0.00014068109093099052,0.00014068109093099052,Overweighted,2017,SG1R89002252
0.01329805296590164,0.01343741411020092,0.00013936114429928016,0.00013936114429928016,Overweighted,2017,KYG217651051
0.004272492723993587,0.004133229161774445,-0.00013926356221914162,0.00013926356221914162,Underweighted,2017,JP3119600009
0.0028587447968133842,0.002995479323019777,0.0001367345262063926,0.0001367345262063926,Overweighted,2017,JP3486800000
0.004669538923374266,0.004534100507364083,-0.00013543841601018278,0.00013543841601018278,Underweighted,2017,JP3519400000
0.0005257732687071521,0.00039151957203474927,-0.00013425369667240285,0.00013425369667240285,Underweighted,2017,JP3148800000
0.0009415561195020146,0.0008086878213247865,-0.0001328682981772281,0.0001328682981772281,Underweighted,2017,JP3544000007
0.0009588527656961372,0.0008271461002691645,-0.00013170666542697274,0.00013170666542697274,Underweighted,2017,AU000000ORI1
0.00537885343323944,0.005247504067328448,-0.00013134936591099183,0.00013134936591099183,Underweighted,2017,JP3200450009
0.003596439294393684,0.00346591161290185,-0.00013052768149183396,0.00013052768149183396,Underweighted,2017,JP3258000003
0.0019388467980491686,0.0018089406371369697,-0.00012990616091219888,0.00012990616091219888,Underweighted,2017,AU0000088338
0.001506812064924258,0.0013769240082830677,-0.00012988805664119031,0.00012988805664119031,Underweighted,2017,BMG668971101
0.0011394144950936508,0.0010102990494892086,-0.0001291154456044422,0.0001291154456044422,Underweighted,2017,JP3358200008
0.00048532874589497636,0.000358410222666019,-0.00012691852322895735,0.00012691852322895735,Underweighted,2017,JP3491000000
0.0046772005250441465,0.0045522532626154355,-0.00012494726242871096,0.00012494726242871096,Underweighted,2017,AU000000MQG1
0.002243660801281259,0.002119039005926835,-0.00012462179535442392,0.00012462179535442392,Underweighted,2017,JP3260800002
0.0028608011574347376,0.0029845350504711537,0.0001237338930364161,0.0001237338930364161,Overweighted,2017,JP3571400005
0.00100442713435943,0.0008819632469518935,-0.00012246388740753652,0.00012246388740753652,Underweighted,2017,AU000000STO6
0.001619538769147219,0.0017418545850055327,0.00012231581585831364,0.00012231581585831364,Overweighted,2017,JP3402600005
0.0007335983598909914,0.0008546770444095379,0.0001210786845185465,0.0001210786845185465,Overweighted,2017,JP3819400007
0.007359507369404988,0.007479558603661893,0.00012005123425690503,0.00012005123425690503,Overweighted,2017,HK0066009694
0.0014375978408921043,0.001317985849315367,-0.00011961199157673732,0.00011961199157673732,Underweighted,2017,SG1J26887955
0.00032337652733559425,0.0004427268462622617,0.00011935031892666747,0.00011935031892666747,Overweighted,2017,JP3619800000
0.0035277446883680012,0.003646227258240161,0.00011848256987215993,0.00011848256987215993,Overweighted,2017,HK0823032773
0.0006568828418718052,0.0005389699035103481,-0.00011791293836145719,0.00011791293836145719,Underweighted,2017,JP3742600004
0.001047176771093929,0.0011649061019973358,0.00011772933090340668,0.00011772933090340668,Overweighted,2017,JP3711600001
0.0033626609421419616,0.003246075880687944,-0.00011658506145401744,0.00011658506145401744,Underweighted,2017,JP3294460005
0.0025512912446654444,0.002667310889104521,0.00011601964443907651,0.00011601964443907651,Overweighted,2017,JP3762800005
0.014343013068691369,0.014227134759429131,-0.00011587830926223716,0.00011587830926223716,Underweighted,2017,AU000000NAB4
0.0018241383591951457,0.0017103254346790598,-0.0001138129245160859,0.0001138129245160859,Underweighted,2017,JP3190000004
0.004149511855919524,0.004261223941298422,0.00011171208537889745,0.00011171208537889745,Overweighted,2017,JP3967200001
0.004104913152981147,0.004214844732925966,0.00010993157994481934,0.00010993157994481934,Overweighted,2017,JP3475350009
0.004517039330251748,0.004626962172357914,0.00010992284210616533,0.00010992284210616533,Overweighted,2017,JP3347200002
0.00015432654792186466,4.497371376899168e-05,-0.00010935283415287297,0.00010935283415287297,Underweighted,2017,AU000000SBM8
0.0019758916924147527,0.002084910551611558,0.00010901885919680507,0.00010901885919680507,Overweighted,2017,JP3539220008
0.0011580544091130123,0.0012662502993817768,0.00010819589026876447,0.00010819589026876447,Overweighted,2017,JP3888300005
0.0007781113811368117,0.0008830351760920143,0.00010492379495520262,0.00010492379495520262,Overweighted,2017,JP3634200004
0.000591999689202098,0.0004873050593368216,-0.00010469462986527643,0.00010469462986527643,Underweighted,2017,NZAIRE0001S2
0.0010833814320873473,0.0011857290014479166,0.00010234756936056935,0.00010234756936056935,Overweighted,2017,JP3229400001
0.0018798176397289584,0.001981170634944341,0.00010135299521538263,0.00010135299521538263,Overweighted,2017,JP3733000008
0.00309426995002303,0.0031948244029422713,0.00010055445291924127,0.00010055445291924127,Overweighted,2017,AU000000AMP6
0.003835947264344418,0.003935419602222901,9.947233787848276e-05,9.947233787848276e-05,Overweighted,2017,JP3165700000
0.00027462917212214903,0.0003737852868400556,9.915611471790654e-05,9.915611471790654e-05,Overweighted,2017,JP3194000000
9.532779278288401e-05,9.52465539882266e-08,-9.523254622889579e-05,9.523254622889579e-05,Underweighted,2017,BMG684371393
0.0012933540934362286,0.0011981806099504767,-9.517348348575191e-05,9.517348348575191e-05,Underweighted,2017,JP3786200000
0.003855645761855685,0.003950357892402082,9.471213054639688e-05,9.471213054639688e-05,Overweighted,2017,HK0004000045
0.004296298414896428,0.004389901581046028,9.360316614960042e-05,9.360316614960042e-05,Overweighted,2017,AU000000TCL6
0.001161091963310414,0.0012537783506142675,9.268638730385351e-05,9.268638730385351e-05,Overweighted,2017,JP3300600008
0.0002201908941676207,0.0003121593763514935,9.19684821838728e-05,9.19684821838728e-05,Overweighted,2017,AU000000IGO4
0.0004769070646943545,0.0005686289668877255,9.172190219337102e-05,9.172190219337102e-05,Overweighted,2017,JP3811000003
0.0054420588830903826,0.005533245244681173,9.118636159079034e-05,9.118636159079034e-05,Overweighted,2017,JP3481800005
0.0012954491490155104,0.0013856690201979895,9.021987118247913e-05,9.021987118247913e-05,Overweighted,2017,JP3688370000
0.0018669294548131394,0.001957111219461982,9.018176464884267e-05,9.018176464884267e-05,Overweighted,2017,AU000000APA1
0.0005802917005031042,0.0006693428447087081,8.905114420560388e-05,8.905114420560388e-05,Overweighted,2017,JP3765400001
0.014109641013497898,0.014198516336282774,8.887532278487563e-05,8.887532278487563e-05,Overweighted,2017,JP3854600008
0.00011218221088639304,0.0002007151773419541,8.853296645556106e-05,8.853296645556106e-05,Overweighted,2017,AU000000MND5
0.009394201578243512,0.009308528362206449,-8.567321603706289e-05,8.567321603706289e-05,Underweighted,2017,AU000000WES1
0.0009325761253369931,0.0008498877409902399,-8.268838434675324e-05,8.268838434675324e-05,Underweighted,2017,AU000000BEN6
0.0010705347060550236,0.0011522562829593547,8.172157690433104e-05,8.172157690433104e-05,Overweighted,2017,JP3667600005
0.0028905133572728354,0.00280890694948245,-8.160640779038535e-05,8.160640779038535e-05,Underweighted,2017,AU000000QBE9
0.0007120203929946163,0.0006314913035037092,-8.052908949090706e-05,8.052908949090706e-05,Underweighted,2017,JP3820000002
0.000551535818910958,0.0004719056753262671,-7.963014358469087e-05,7.963014358469087e-05,Underweighted,2017,JP3549600009
0.00083707420524343,0.0007577112594518993,-7.936294579153074e-05,7.936294579153074e-05,Underweighted,2017,AU000000CGF5
0.002430065469326004,0.0023511726516643582,-7.889281766164597e-05,7.889281766164597e-05,Underweighted,2017,JP3111200006
0.0021585678248705123,0.002237143509340579,7.857568447006656e-05,7.857568447006656e-05,Overweighted,2017,JP3818000006
0.0007290848694411668,0.000806849267816296,7.776439837512924e-05,7.776439837512924e-05,Overweighted,2017,JP3270000007
0.0014048591425588697,0.0013273960825572176,-7.746306000165214e-05,7.746306000165214e-05,Underweighted,2017,AU000000DXS1
0.0010938567099837559,0.0010175966723569834,-7.626003762677244e-05,7.626003762677244e-05,Underweighted,2017,JP3870000001
0.0015681048782832964,0.0016411818265361503,7.307694825285389e-05,7.307694825285389e-05,Overweighted,2017,JP3596200000
0.0001705701384752137,9.797255848791323e-05,-7.259757998730048e-05,7.259757998730048e-05,Underweighted,2017,AU000000SIG5
0.00774987039676627,0.007821635977859686,7.176558109341612e-05,7.176558109341612e-05,Overweighted,2017,HK0688002218
0.004420542396954305,0.004491958338992117,7.141594203781236e-05,7.141594203781236e-05,Overweighted,2017,JP3837800006
0.0012998078596336202,0.001230722419608078,-6.908544002554224e-05,6.908544002554224e-05,Underweighted,2017,JP3942600002
0.0024867812219471924,0.0025558283289150554,6.904710696786298e-05,6.904710696786298e-05,Overweighted,2017,AU000000IAG3
0.005369229444417463,0.0054352977623872145,6.606831796975195e-05,6.606831796975195e-05,Overweighted,2017,HK0006000050
0.0015283762121928012,0.0014624278325981006,-6.594837959470064e-05,6.594837959470064e-05,Underweighted,2017,SG9999000020
0.0004989853021182361,0.0005641030855733498,6.511778345511367e-05,6.511778345511367e-05,Overweighted,2017,NZSKCE0001S2
0.005979509737315298,0.00591741853196584,-6.209120534945815e-05,6.209120534945815e-05,Underweighted,2017,AU000000WOW2
0.00597279063426354,0.006034271147412183,6.148051314864341e-05,6.148051314864341e-05,Overweighted,2017,JP3371200001
2.1423187064660306e-05,8.177142324752993e-05,6.034823618286963e-05,6.034823618286963e-05,Overweighted,2017,AU000000MAH3
0.0009305170007900738,0.0009900804358791663,5.9563435089092466e-05,5.9563435089092466e-05,Overweighted,2017,BMG2442N1048
0.002015647997760911,0.002074760344854992,5.911234709408096e-05,5.911234709408096e-05,Overweighted,2017,HK0000608585
0.0010487881396991023,0.0009897519682509003,-5.903617144820193e-05,5.903617144820193e-05,Underweighted,2017,JP3118000003
0.0017375307515740475,0.0016802699442809983,-5.72608072930492e-05,5.72608072930492e-05,Underweighted,2017,JP3210200006
0.0015259992362057536,0.0015821909369901676,5.619170078441393e-05,5.619170078441393e-05,Overweighted,2017,JP3209000003
0.0010474697472039605,0.0009931242188562432,-5.434552834771727e-05,5.434552834771727e-05,Underweighted,2017,JP3126400005
0.0003183130156980691,0.00037225580232067365,5.394278662260453e-05,5.394278662260453e-05,Overweighted,2017,AU000000MTS0
0.0014865607822997235,0.0014331703773737543,-5.339040492596922e-05,5.339040492596922e-05,Underweighted,2017,AU000000SHL7
0.00027312559661406293,0.000221007632066722,-5.211796454734094e-05,5.211796454734094e-05,Underweighted,2017,HK0242001243
0.013361626017852905,0.01331796047102628,-4.3665546826623935e-05,4.3665546826623935e-05,Underweighted,2017,AU000000TLS2
0.0013285499215979347,0.0013721543543839185,4.360443278598374e-05,4.360443278598374e-05,Overweighted,2017,JP3977400005
0.00039671729223828564,0.00035428800110044945,-4.2429291137836193e-05,4.2429291137836193e-05,Underweighted,2017,JP3421100003
0.0017791637623797473,0.0018208578195172552,4.169405713750794e-05,4.169405713750794e-05,Overweighted,2017,JP3414750004
0.0005595898980112572,0.0006003934654653241,4.080356745406687e-05,4.080356745406687e-05,Overweighted,2017,JP3352400000
0.0005554854685452502,0.0005157610047690372,-3.972446377621306e-05,3.972446377621306e-05,Underweighted,2017,JP3535800001
0.008063841285399628,0.008024409554426454,-3.9431730973173845e-05,3.9431730973173845e-05,Underweighted,2017,JP3914400001
9.772135232332986e-05,5.895168247345073e-05,-3.876966984987913e-05,3.876966984987913e-05,Underweighted,2017,AU000000BPT9
0.0008926843876380843,0.0008559675431890364,-3.671684444904791e-05,3.671684444904791e-05,Underweighted,2017,JP3385980002
0.019690822089969737,0.019654248519004564,-3.6573570965172525e-05,3.6573570965172525e-05,Underweighted,2017,AU000000WBC1
0.0035993801111962637,0.003635297248817413,3.591713762114918e-05,3.591713762114918e-05,Overweighted,2017,JP3900000005
0.0008758327334601417,0.0009106575459775252,3.4824812517383484e-05,3.4824812517383484e-05,Overweighted,2017,JP3040890000
0.006581064317200216,0.0066141578225654115,3.3093505365195536e-05,3.3093505365195536e-05,Overweighted,2017,JP3788600009
0.007225672565631929,0.007255961641601263,3.028907596933344e-05,3.028907596933344e-05,Overweighted,2017,HK0388045442
0.0007055168761370308,0.0006763876019792518,-2.912927415777897e-05,2.912927415777897e-05,Underweighted,2017,JP3419050004
0.0013844171490702583,0.0013577792932669011,-2.6637855803357145e-05,2.6637855803357145e-05,Underweighted,2017,AU000000MGR9
0.0019129267040880818,0.0018870585366753982,-2.5868167412683614e-05,2.5868167412683614e-05,Underweighted,2017,AU000000SGP0
0.007398003324692898,0.0073746341407209875,-2.336918397191027e-05,2.336918397191027e-05,Underweighted,2017,HK2388011192
0.00016197156603834644,0.0001389778828752216,-2.2993683163124854e-05,2.2993683163124854e-05,Underweighted,2017,AU000000WOR2
0.010802037468637324,0.010824478300323882,2.244083168655847e-05,2.244083168655847e-05,Overweighted,2017,SG1T75931496
0.0014387172307464698,0.0014162980179156992,-2.241921283077067e-05,2.241921283077067e-05,Underweighted,2017,JP3982800009
0.001179217787174437,0.0011581569763637633,-2.106081081067364e-05,2.106081081067364e-05,Underweighted,2017,NZAIAE0002S6
0.005028741453900691,0.005048221301029751,1.9479847129059806e-05,1.9479847129059806e-05,Overweighted,2017,JP3266400005
0.0003289679487562894,0.000310466869042141,-1.85010797141484e-05,1.85010797141484e-05,Underweighted,2017,AU000000CQR9
0.0018887395914570866,0.001870453069496074,-1.828652196101256e-05,1.828652196101256e-05,Underweighted,2017,JP3626800001
0.0017203225509980476,0.0017375566445894837,1.723409359143612e-05,1.723409359143612e-05,Overweighted,2017,AU000000GPT8
0.004544772559384351,0.004561363295297761,1.659073591340956e-05,1.659073591340956e-05,Overweighted,2017,KYG2108Y1052
0.005478893719112925,0.005462460853906593,-1.643286520633218e-05,1.643286520633218e-05,Underweighted,2017,JP3505000004
0.0015501034310697586,0.0015647818436063368,1.4678412536578206e-05,1.4678412536578206e-05,Overweighted,2017,AU000000ASX7
0.013868648815518043,0.013854190210111694,-1.4458605406348496e-05,1.4458605406348496e-05,Underweighted,2017,AU000000ANZ3
0.0007064649026062835,0.0006922041910819846,-1.4260711524298887e-05,1.4260711524298887e-05,Underweighted,2017,JP3293200006
0.0004928383316587078,0.0005067509795182363,1.3912647859528541e-05,1.3912647859528541e-05,Overweighted,2017,HK0000745908
0.0024432189910961913,0.002431713088847,-1.1505902249191353e-05,1.1505902249191353e-05,Underweighted,2017,AU000000RHC8
0.0017469944327131775,0.0017356724208905687,-1.1322011822608889e-05,1.1322011822608889e-05,Underweighted,2017,JP3493800001
0.0008468142789391936,0.0008568925400438664,1.0078261104672884e-05,1.0078261104672884e-05,Overweighted,2017,JP3164800009
0.002692909262833302,0.002683039185103724,-9.870077729577913e-06,9.870077729577913e-06,Underweighted,2017,JP3684000007
2.844908585428313e-05,1.931915485359602e-05,-9.12993100068711e-06,9.12993100068711e-06,Underweighted,2017,AU0000038911
0.0007959138257095736,0.0008049948165829526,9.080990873378968e-06,9.080990873378968e-06,Overweighted,2017,JP3835620000
0.0002661577402613332,0.0002570938082433236,-9.063932018009608e-06,9.063932018009608e-06,Underweighted,2017,AU000000CSR5
0.00146405413641306,0.0014558362469746207,-8.217889438439383e-06,8.217889438439383e-06,Underweighted,2017,AU000000LLC3
0.002577813874399992,0.0025855441751747236,7.730300774731573e-06,7.730300774731573e-06,Overweighted,2017,JP3940000007
0.0017055797720272182,0.001713245130220847,7.665358193628853e-06,7.665358193628853e-06,Overweighted,2017,JP3629000005
0.0008461592285799722,0.0008535334022460216,7.3741736660494104e-06,7.3741736660494104e-06,Overweighted,2017,KYG0535Q1331
0.0010446754184563962,0.0010384890923178357,-6.186326138560424e-06,6.186326138560424e-06,Underweighted,2017,JP3635400009
0.002949824436000812,0.0029449339246862666,-4.890511314545407e-06,4.890511314545407e-06,Underweighted,2017,JP3868400007
0.018835884633791086,0.01883184222727228,-4.04240651880744e-06,4.04240651880744e-06,Underweighted,2017,JP3902900004
0.0014037977951413972,0.0014010911502135603,-2.706644927836935e-06,2.706644927836935e-06,Underweighted,2017,JP3894900004
0.002218970654197191,0.0022207409345524507,1.7702803552597374e-06,1.7702803552597374e-06,Overweighted,2017,JP3180400008
0.003211687035932061,0.0032133010827974846,1.6140468654234769e-06,1.6140468654234769e-06,Overweighted,2017,JP3420600003
0.0011620206423007024,0.0011610383164491014,-9.823258516009764e-07,9.823258516009764e-07,Underweighted,2017,JP3174410005
0.0014327575487576459,9.447897145232795e-12,-0.0014327575393097488,0.0014327575393097488,Underweighted,2018,JP3585800000
0.0010271432621683555,1.002879745860818e-11,-0.001027143252139558,0.001027143252139558,Underweighted,2018,JP3551200003
0.0009554442862777233,2.3872336416725706e-12,-0.0009554442838904896,0.0009554442838904896,Underweighted,2018,JP3522200009
0.0009426942191015516,2.962404483739559e-11,-0.0009426941894775067,0.0009426941894775067,Underweighted,2018,SG1R50925390
0.000864899416701366,1.9735228166531506e-11,-0.0008648993969661378,0.0008648993969661378,Underweighted,2018,JP3362700001
0.0008269903384654514,2.5880991233564093e-11,-0.0008269903125844602,0.0008269903125844602,Underweighted,2018,JP3753000003
0.0012366560482696,0.0005053053646560455,-0.0007313506836135544,0.0007313506836135544,Underweighted,2018,HK0293001514
0.001054269573312822,0.000375791911325026,-0.000678477661987796,0.000678477661987796,Underweighted,2018,JP3449020001
0.002615829202558065,0.001966119074064413,-0.0006497101284936519,0.0006497101284936519,Underweighted,2018,JP3386030005
0.00538975970539284,0.004809384890341631,-0.0005803748150512086,0.0005803748150512086,Underweighted,2018,JP3381000003
0.0005650146591309728,5.8097715015853677e-11,-0.0005650146010332577,0.0005650146010332577,Underweighted,2018,JP3158800007
0.0008261445396166748,0.0002633393184591664,-0.0005628052211575084,0.0005628052211575084,Underweighted,2018,JP3289800009
0.002346414231691805,0.0018148194212662572,-0.0005315948104255477,0.0005315948104255477,Underweighted,2018,JP3526600006
0.000531014479994515,3.086937690866926e-11,-0.000531014449125138,0.000531014449125138,Underweighted,2018,JP3223800008
0.005745240550274394,0.006256622862700101,0.0005113823124257072,0.0005113823124257072,Overweighted,2018,JP3762600009
0.002254000193388869,0.0017546247352301049,-0.0004993754581587642,0.0004993754581587642,Underweighted,2018,AU000000ORG5
0.00049526195517689,5.909075509760383e-13,-0.0004952619545859825,0.0004952619545859825,Underweighted,2018,JP3845400005
0.002141039317859023,0.001679412654086409,-0.00046162666377261383,0.00046162666377261383,Underweighted,2018,HK0019000162
0.0014350940096658686,0.0018846607766493154,0.0004495667669834468,0.0004495667669834468,Overweighted,2018,JP3973400009
0.0010844800128561424,0.000651494804158666,-0.0004329852086974765,0.0004329852086974765,Underweighted,2018,AU000000QAN2
0.0021432426004954768,0.002549614327455126,0.00040637172695964915,0.00040637172695964915,Overweighted,2018,JP3197800000
0.00039038523438949423,1.0774622212207458e-11,-0.00039038522361487205,0.00039038522361487205,Underweighted,2018,JP3400900001
0.0069855788609353535,0.007368455781061063,0.0003828769201257099,0.0003828769201257099,Overweighted,2018,JP3814800003
0.0026044483014741114,0.0029850763566063258,0.0003806280551322144,0.0003806280551322144,Overweighted,2018,JP3351600006
0.0004025161394249869,2.4246581377032428e-05,-0.0003782695580479545,0.0003782695580479545,Underweighted,2018,JP3528600004
0.0005715567496739965,0.00019699257970895196,-0.0003745641699650445,0.0003745641699650445,Underweighted,2018,JP3368000000
0.00019551972172189832,0.0005621148638026541,0.00036659514208075585,0.00036659514208075585,Overweighted,2018,JP3375800004
0.0032207786515323815,0.003584700760540746,0.00036392210900836443,0.00036392210900836443,Overweighted,2018,JP3359600008
0.00036375892587938753,1.3889983999567175e-11,-0.00036375891198940353,0.00036375891198940353,Underweighted,2018,JP3850200001
0.00197787957971601,0.001627278433050974,-0.0003506011466650361,0.0003506011466650361,Underweighted,2018,SG1V61937297
0.00576649066223468,0.005427548202447996,-0.0003389424597866845,0.0003389424597866845,Underweighted,2018,HK0002007356
0.0005668908372402757,0.0008982450059006203,0.00033135416866034455,0.00033135416866034455,Overweighted,2018,JP3827200001
0.000993168784101888,0.0013188188379343409,0.00032565005383245285,0.00032565005383245285,Overweighted,2018,JP3711200000
0.0014527015790702354,0.0011290577061536283,-0.00032364387291660703,0.00032364387291660703,Underweighted,2018,JP3605400005
0.0003946259109379186,0.0007123504408394564,0.00031772452990153777,0.00031772452990153777,Overweighted,2018,JP3678000005
0.001201426890695417,0.0015189123411815991,0.00031748545048618216,0.00031748545048618216,Overweighted,2018,JP3224200000
0.00553947544746994,0.005853461430775336,0.00031398598330539644,0.00031398598330539644,Overweighted,2018,JP3933800009
0.0010029608917682497,0.0013158768329993842,0.00031291594123113446,0.00031291594123113446,Overweighted,2018,JP3134800006
0.005604436070101257,0.005915743255988241,0.000311307185886984,0.000311307185886984,Overweighted,2018,JP3304200003
0.001367902066867198,0.0010575548781057657,-0.00031034718876143236,0.00031034718876143236,Underweighted,2018,BMG988031446
0.0003052960010338372,3.8656261169998563e-07,-0.00030490943842213726,0.00030490943842213726,Underweighted,2018,AU000000CQR9
0.00774648707553354,0.008048727833214586,0.000302240757681046,0.000302240757681046,Overweighted,2018,JP3802300008
0.0011313774562059901,0.0008319339911999525,-0.0002994434650060376,0.0002994434650060376,Underweighted,2018,AU000000BSL0
0.0015414964394263337,0.0018390891513031674,0.0002975927118768337,0.0002975927118768337,Overweighted,2018,HK0291001490
0.008234449926833143,0.00852252415925088,0.0002880742324177371,0.0002880742324177371,Overweighted,2018,JP3783600004
0.0009259955329904833,0.0012125390073223729,0.0002865434743318895,0.0002865434743318895,Overweighted,2018,JP3613400005
0.0029190480898444917,0.003203455050781331,0.0002844069609368393,0.0002844069609368393,Overweighted,2018,JP3659000008
0.0004048011981932288,0.000688568109036189,0.0002837669108429602,0.0002837669108429602,Overweighted,2018,AU000000SGM7
0.008845647072276046,0.009128233962771383,0.0002825868904953368,0.0002825868904953368,Overweighted,2018,JP3435000009
0.0005467809182032022,0.0008287366794292172,0.0002819557612260149,0.0002819557612260149,Overweighted,2018,AU000000ILU1
0.0019065801386406835,0.00218356722812998,0.00027698708948929664,0.00027698708948929664,Overweighted,2018,JP3443600006
0.0045092130099891065,0.00478196467497432,0.0002727516649852135,0.0002727516649852135,Overweighted,2018,JP3397200001
0.003056859563594196,0.0033282043188828836,0.0002713447552886877,0.0002713447552886877,Overweighted,2018,JP3551520004
0.015578208244999048,0.015848340828126323,0.00027013258312727495,0.00027013258312727495,Overweighted,2018,AU000000BHP4
0.0018354302310634838,0.0021020382269914305,0.00026660799592794675,0.00026660799592794675,Overweighted,2018,HK0000055878
0.0012216326046297276,0.0014857350339738183,0.00026410242934409066,0.00026410242934409066,Overweighted,2018,JP3830000000
0.0011064591006197941,0.0013687117972035771,0.000262252696583783,0.000262252696583783,Overweighted,2018,HK0008011667
0.00045704212764018185,0.0007139648857374025,0.0002569227580972206,0.0002569227580972206,Overweighted,2018,BMG4600H1198
0.007817419692246275,0.008068937410092082,0.0002515177178458068,0.0002515177178458068,Overweighted,2018,JP3566800003
0.00037270757115788076,0.0006199102637762231,0.0002472026926183423,0.0002472026926183423,Overweighted,2018,JP3888400003
0.0018701874235342057,0.001624065585809105,-0.00024612183772510063,0.00024612183772510063,Underweighted,2018,JP3256000005
0.0005233111683801045,0.000768604910309067,0.00024529374192896255,0.00024529374192896255,Overweighted,2018,SGXE34184239
0.004491962919103697,0.0047372457192602305,0.00024528280015653336,0.00024528280015653336,Overweighted,2018,JP3814000000
0.0010833491657765626,0.0013270093094989229,0.00024366014372236033,0.00024366014372236033,Overweighted,2018,JP3894900004
0.0039858574488517455,0.004228868514863154,0.0002430110660114086,0.0002430110660114086,Overweighted,2018,JP3116000005
0.0010356806903270015,0.0007949767959469108,-0.0002407038943800907,0.0002407038943800907,Underweighted,2018,JP3903000002
0.0007876606919973375,0.0005492287997512468,-0.0002384318922460907,0.0002384318922460907,Underweighted,2018,BMG677491539
0.000995946836121765,0.0007578134667568594,-0.0002381333693649057,0.0002381333693649057,Underweighted,2018,JP3955000009
0.0003988105124245456,0.0006363795837438243,0.0002375690713192787,0.0002375690713192787,Overweighted,2018,JP3385820000
0.001156337868088534,0.0013930427001537075,0.0002367048320651736,0.0002367048320651736,Overweighted,2018,JP3738600000
0.0031221309355263073,0.0028867627536395104,-0.00023536818188679698,0.00023536818188679698,Underweighted,2018,IE00BKVD2N49
0.004982872047608569,0.005214602892214376,0.0002317308446058066,0.0002317308446058066,Overweighted,2018,JP3890310000
0.0012824810560625732,0.001514061801060486,0.00023158074499791286,0.00023158074499791286,Overweighted,2018,JP3743000006
0.0029237700773400103,0.003153099547252649,0.00022932946991263865,0.00022932946991263865,Overweighted,2018,JP3388200002
0.0004054086780293667,0.00018085309644732194,-0.00022455558158204476,0.00022455558158204476,Underweighted,2018,NZAIRE0001S2
6.547464403112685e-05,0.0002883729049228398,0.00022289826089171293,0.00022289826089171293,Overweighted,2018,AU000000ERA9
0.0016813289518616506,0.0019035585042410127,0.0002222295523793621,0.0002222295523793621,Overweighted,2018,JP3358800005
0.003286891149391453,0.0035088759618183136,0.00022198481242686075,0.00022198481242686075,Overweighted,2018,JP3951600000
0.003231907214838246,0.0030107910625554748,-0.0002211161522827714,0.0002211161522827714,Underweighted,2018,JP3546800008
0.0025882005523183305,0.002809006312548292,0.00022080576022996158,0.00022080576022996158,Overweighted,2018,JP3502200003
0.012783543988064703,0.01300197205811582,0.00021842807005111736,0.00021842807005111736,Overweighted,2018,JP3890350006
0.0003256255473962836,0.0005433293302269484,0.0002177037828306648,0.0002177037828306648,Overweighted,2018,JP3721400004
0.0048675583559441415,0.004655094091035915,-0.0002124642649082263,0.0002124642649082263,Underweighted,2018,AU0000224040
0.002864283782616658,0.0030735904415647984,0.00020930665894814023,0.00020930665894814023,Overweighted,2018,JP3197600004
0.00033647840831497837,0.0005453869298700019,0.0002089085215550235,0.0002089085215550235,Overweighted,2018,AU000000BWP3
0.00012641889036120975,0.00033188809001770533,0.00020546919965649558,0.00020546919965649558,Overweighted,2018,AU000000GWA4
0.0005133414896847179,0.0003098186386511053,-0.00020352285103361254,0.00020352285103361254,Underweighted,2018,AU000000OZL8
0.0017071842282720437,0.0019093734111836921,0.00020218918291164847,0.00020218918291164847,Overweighted,2018,JP3982100004
0.001017876858206344,0.0008160282056790602,-0.00020184865252728375,0.00020184865252728375,Underweighted,2018,JP3405400007
0.009758460292822336,0.009562475378207121,-0.0001959849146152149,0.0001959849146152149,Underweighted,2018,JP3672400003
0.0005039605991382034,0.00031302358532413676,-0.0001909370138140666,0.0001909370138140666,Underweighted,2018,SG1T58930911
0.0021206630422784117,0.001929765558345949,-0.00019089748393246266,0.00019089748393246266,Underweighted,2018,JP3592200004
0.0019454915586062257,0.002135274795678559,0.00018978323707233334,0.00018978323707233334,Overweighted,2018,SGXE21576413
0.00031258575906749223,0.000502007986026802,0.00018942222695930982,0.00018942222695930982,Overweighted,2018,JP3891600003
0.0004129297456929358,0.0005980015777472539,0.0001850718320543181,0.0001850718320543181,Overweighted,2018,JP3156400008
0.0006138677202610028,0.0007953612834985225,0.00018149356323751969,0.00018149356323751969,Overweighted,2018,JP3638600001
0.009346397374126353,0.009527858517865863,0.0001814611437395107,0.0001814611437395107,Overweighted,2018,HK0016000132
0.008208412406471908,0.008027461308588264,-0.00018095109788364427,0.00018095109788364427,Underweighted,2018,JP3551500006
0.0004428948568408929,0.0002624623918620727,-0.00018043246497882016,0.00018043246497882016,Underweighted,2018,AU000000WOR2
0.002752470109392749,0.002572109612780018,-0.00018036049661273104,0.00018036049661273104,Underweighted,2018,JP3201200007
0.002376676073375106,0.0025566214236536597,0.0001799453502785535,0.0001799453502785535,Overweighted,2018,JP3635000007
0.0011432303223934041,0.0009673640078433611,-0.00017586631455004302,0.00017586631455004302,Underweighted,2018,KYG0535Q1331
0.0006945246872737612,0.0005186689546921884,-0.0001758557325815728,0.0001758557325815728,Underweighted,2018,JP3243600008
0.00740715818491053,0.00758281602640924,0.0001756578414987102,0.0001756578414987102,Overweighted,2018,JP3910660004
0.0014256313429875664,0.001251707654279598,-0.00017392368870796835,0.00017392368870796835,Underweighted,2018,JP3778630008
0.0015678610643147196,0.0013955206999651565,-0.0001723403643495631,0.0001723403643495631,Underweighted,2018,JP3495000006
0.00029653894554981824,0.0004677334517961243,0.00017119450624630605,0.00017119450624630605,Overweighted,2018,JP3194000000
0.001942610702306387,0.0017716036242220864,-0.00017100707808430067,0.00017100707808430067,Underweighted,2018,JP3419400001
0.0023625521671848996,0.002533481786720764,0.00017092961953586424,0.00017092961953586424,Overweighted,2018,JP3228600007
0.0032928164142547057,0.0031220615170609294,-0.00017075489719377626,0.00017075489719377626,Underweighted,2018,JP3294460005
0.0001704775337075666,8.826237468879451e-11,-0.00017047744544519192,0.00017047744544519192,Underweighted,2018,BMG684371393
0.0017036631816833522,0.0018732496523204694,0.00016958647063711717,0.00016958647063711717,Overweighted,2018,SG1F60858221
0.003729295349441619,0.0038965225407146115,0.0001672271912729925,0.0001672271912729925,Overweighted,2018,JP3347200002
0.0006901788699844668,0.0008572900645702611,0.00016711119458579426,0.00016711119458579426,Overweighted,2018,JP3493400000
0.0011043656316460264,0.000937544283540562,-0.00016682134810546442,0.00016682134810546442,Underweighted,2018,NZTELE0001S4
0.009153368319732619,0.009319997510458169,0.00016662919072554967,0.00016662919072554967,Overweighted,2018,HK0011000095
0.0003872356850852099,0.0005536848579475326,0.0001664491728623227,0.0001664491728623227,Overweighted,2018,AU000000PPT9
0.0008414390127219011,0.0006784875924166718,-0.00016295142030522936,0.00016295142030522936,Underweighted,2018,JP3870000001
0.0024686298288791216,0.002631412148551252,0.00016278231967213055,0.00016278231967213055,Overweighted,2018,JP3429800000
0.005349703419582269,0.005511763580743166,0.0001620601611608966,0.0001620601611608966,Overweighted,2018,JP3143600009
0.0058635262202140805,0.006025250587483756,0.00016172436726967585,0.00016172436726967585,Overweighted,2018,JP3205800000
0.0009133506065551817,0.0007519422845049305,-0.0001614083220502512,0.0001614083220502512,Underweighted,2018,JP3126340003
0.001246408436100522,0.001407161553386972,0.0001607531172864499,0.0001607531172864499,Overweighted,2018,HK0010000088
0.00015981158966152964,6.163064389491556e-11,-0.00015981152803088574,0.00015981152803088574,Underweighted,2018,JP3686800008
0.001671527498351656,0.0015118240199755622,-0.00015970347837609392,0.00015970347837609392,Underweighted,2018,JP3720800006
0.00032391058508964807,0.0001654513165181213,-0.00015845926857152676,0.00015845926857152676,Underweighted,2018,AU000000CWY3
0.003707545234846973,0.0038612396163505195,0.00015369438150354643,0.00015369438150354643,Overweighted,2018,JP3404600003
0.008978112723467737,0.00913143736274862,0.00015332463928088326,0.00015332463928088326,Overweighted,2018,JP3242800005
0.0006742442065903875,0.0005225558998202146,-0.00015168830677017293,0.00015168830677017293,Underweighted,2018,AU000000TAH8
0.00047422913408106857,0.0006253276862791682,0.00015109855219809965,0.00015109855219809965,Overweighted,2018,JP3320800000
0.0030853246668390744,0.0029344253807825917,-0.00015089928605648267,0.00015089928605648267,Underweighted,2018,AU000000QBE9
0.000945152175977002,0.0010954765402675826,0.00015032436429058063,0.00015032436429058063,Overweighted,2018,BMG524401079
0.0007357328483120863,0.0008857301553749223,0.000149997307062836,0.000149997307062836,Overweighted,2018,JP3166000004
0.0008797686539212958,0.0010293814231816035,0.00014961276926030772,0.00014961276926030772,Overweighted,2018,JP3164800009
0.0012945979423326169,0.0011486968190451733,-0.00014590112328744355,0.00014590112328744355,Underweighted,2018,JP3670800006
0.0016900252593620559,0.0018339277581889614,0.00014390249882690557,0.00014390249882690557,Overweighted,2018,JP3942800008
0.0007042350188083351,0.0008455043451829946,0.00014126932637465947,0.00014126932637465947,Overweighted,2018,JP3769000005
0.0021068358666235494,0.0022475709238618767,0.00014073505723832726,0.00014073505723832726,Overweighted,2018,JP3762800005
0.0011672748415999248,0.001307550164789051,0.00014027532318912632,0.00014027532318912632,Overweighted,2018,JP3787000003
0.0012214783982097848,0.001083547357103921,-0.00013793104110586393,0.00013793104110586393,Underweighted,2018,JP3595200001
0.002089924562569833,0.0022276112436240836,0.00013768668105425047,0.00013768668105425047,Overweighted,2018,JP3538800008
0.0023379048410640574,0.0024753572245686866,0.00013745238350462924,0.00013745238350462924,Overweighted,2018,JP3573000001
0.006586560403489977,0.006722453394610605,0.00013589299112062858,0.00013589299112062858,Overweighted,2018,JP3788600009
0.00246003398919777,0.002594689485502883,0.0001346554963051129,0.0001346554963051129,Overweighted,2018,JP3877600001
0.021165380205449447,0.02129846754254463,0.0001330873370951821,0.0001330873370951821,Overweighted,2018,JP3735400008
0.00617908629401774,0.006311704462061816,0.0001326181680440762,0.0001326181680440762,Overweighted,2018,JP3893600001
0.00018839585241272707,0.00032073006468938414,0.00013233421227665706,0.00013233421227665706,Overweighted,2018,JP3560800009
0.003923097772395974,0.0040544407812988575,0.00013134300890288355,0.00013134300890288355,Overweighted,2018,JP3837800006
0.001396385861799342,0.001527529104160379,0.00013114324236103707,0.00013114324236103707,Overweighted,2018,SG1R89002252
0.0013916264909292922,0.0015224604681501064,0.00013083397722081416,0.00013083397722081416,Overweighted,2018,NZAIAE0002S6
0.00043778968975642613,0.0005685959966497147,0.00013080630689328853,0.00013080630689328853,Overweighted,2018,JP3811000003
0.00035912572389838174,0.0004897243083715621,0.00013059858447318036,0.00013059858447318036,Overweighted,2018,HK0308001558
0.006557569596540747,0.006427528117025945,-0.000130041479514802,0.000130041479514802,Underweighted,2018,JP3942400007
0.0027389957393350282,0.0026093187600801557,-0.0001296769792548725,0.0001296769792548725,Underweighted,2018,JP3407400005
0.0007774480213674957,0.0006481304782657888,-0.00012931754310170694,0.00012931754310170694,Underweighted,2018,JP3870400003
0.004691424250377768,0.004563991967296113,-0.0001274322830816547,0.0001274322830816547,Underweighted,2018,JP3249600002
0.0007024663179008104,0.0008297333025393893,0.0001272669846385789,0.0001272669846385789,Overweighted,2018,JP3665200006
0.000704737357903603,0.0008315518495464722,0.00012681449164286915,0.00012681449164286915,Overweighted,2018,BMG2442N1048
0.00025928641282911433,0.00013312725316019382,-0.0001261591596689205,0.0001261591596689205,Underweighted,2018,AU000000BPT9
0.0038052630394115744,0.0036794827712448826,-0.0001257802681666918,0.0001257802681666918,Underweighted,2018,JP3160400002
0.002028223302905486,0.002151982119298395,0.0001237588163929093,0.0001237588163929093,Overweighted,2018,AU000000CIM7
0.001652366182443321,0.001529896149249873,-0.00012247003319344795,0.00012247003319344795,Underweighted,2018,JP3982800009
0.0020780086119378967,0.0021989281436220072,0.00012091953168411052,0.00012091953168411052,Overweighted,2018,JP3401400001
0.0007940018469022541,0.0009142155981764603,0.00012021375127420624,0.00012021375127420624,Overweighted,2018,JP3209000003
0.0004978367350977515,0.0003782211731715996,-0.00011961556192615193,0.00011961556192615193,Underweighted,2018,JP3274400005
0.007587860071552479,0.0077070715652362565,0.00011921149368377716,0.00011921149368377716,Overweighted,2018,HK0688002218
0.003911116400858608,0.0040299326363675975,0.0001188162355089898,0.0001188162355089898,Overweighted,2018,JP3421800008
0.00017406400120168858,0.0002924452381285784,0.00011838123692688981,0.00011838123692688981,Overweighted,2018,AU000000MND5
0.0005814446522375953,0.0004632540742114437,-0.00011819057802615158,0.00011819057802615158,Underweighted,2018,NZCENE0001S6
0.0018927342712985553,0.0020097697850507733,0.000117035513752218,0.000117035513752218,Overweighted,2018,JP3027670003
0.007989927610483087,0.008106859420461764,0.00011693180997867682,0.00011693180997867682,Overweighted,2018,JP3463000004
0.0017333152070696074,0.0018498643762412251,0.00011654916917161777,0.00011654916917161777,Overweighted,2018,JP3027680002
0.003770671735665336,0.003884707970931576,0.00011403623526623973,0.00011403623526623973,Overweighted,2018,JP3475350009
0.014561471579715915,0.01444811926654395,-0.00011335231317196465,0.00011335231317196465,Underweighted,2018,AU000000NAB4
0.0036093414464134616,0.003721177432866017,0.00011183598645255529,0.00011183598645255529,Overweighted,2018,JP3634600005
0.04360365263139412,0.04371527263786663,0.0001116200064725098,0.0001116200064725098,Overweighted,2018,JP3633400001
0.0011239241459087594,0.001013087598162181,-0.00011083654774657835,0.00011083654774657835,Underweighted,2018,AU000000CGF5
0.0015029518438233827,0.0013922147300044327,-0.00011073711381895,0.00011073711381895,Underweighted,2018,JP3657400002
0.0027100656803694142,0.0028188469988888972,0.00010878131851948299,0.00010878131851948299,Overweighted,2018,HK0023000190
0.0018729748213977154,0.0019808886340262357,0.00010791381262852031,0.00010791381262852031,Overweighted,2018,JP3402600005
0.012863577120014966,0.012971134881113058,0.00010755776109809198,0.00010755776109809198,Overweighted,2018,JP3854600008
0.0013364556395034277,0.001229195840849981,-0.00010725979865344672,0.00010725979865344672,Underweighted,2018,SG1J26887955
0.015025672623578892,0.015129530677293626,0.00010385805371473412,0.00010385805371473412,Overweighted,2018,JP3726800000
0.0012511841621969293,0.0013547620191885093,0.00010357785699158001,0.00010357785699158001,Overweighted,2018,JP3688370000
0.005123564377658111,0.005023720884465624,-9.984349319248735e-05,9.984349319248735e-05,Underweighted,2018,AU000000MQG1
0.00430950868678058,0.004210000226405105,-9.950846037547548e-05,9.950846037547548e-05,Underweighted,2018,JP3519400000
0.0011278447273127571,0.0012272202575560889,9.937553024333174e-05,9.937553024333174e-05,Overweighted,2018,JP3888300005
0.003054983385484893,0.003153392272627365,9.840888714247225e-05,9.840888714247225e-05,Overweighted,2018,AU000000SUN6
0.0011789220992274153,0.0012770293028663187,9.810720363890332e-05,9.810720363890332e-05,Overweighted,2018,JP3357200009
0.0003386676721859831,0.0004348205606184485,9.615288843246541e-05,9.615288843246541e-05,Overweighted,2018,JP3619800000
0.0074053497641675655,0.007501135877025883,9.578611285831779e-05,9.578611285831779e-05,Overweighted,2018,JP3902400005
0.001209167585684359,0.001115009450013824,-9.415813567053492e-05,9.415813567053492e-05,Underweighted,2018,JP3246400000
0.00103092365591786,0.001124614047520459,9.36903916025991e-05,9.36903916025991e-05,Overweighted,2018,JP3977400005
0.003404660461470422,0.0033121675687665677,-9.249289270385442e-05,9.249289270385442e-05,Underweighted,2018,JP3900000005
0.005957045404526605,0.0060494669277363754,9.24215232097703e-05,9.24215232097703e-05,Overweighted,2018,JP3866800000
0.0007341113444417796,0.0006423633039346687,-9.17480405071109e-05,9.17480405071109e-05,Underweighted,2018,JP3634200004
0.0007594689546787215,0.0008512034254145647,9.173447073584321e-05,9.173447073584321e-05,Overweighted,2018,JP3663900003
0.0007026532347734683,0.0007937782777734312,9.112504299996292e-05,9.112504299996292e-05,Overweighted,2018,JP3215800008
0.001304763883744294,0.001395345911938299,9.058202819400515e-05,9.058202819400515e-05,Overweighted,2018,AU000000COH5
0.0010684846014784493,0.001158904456187593,9.041985470914374e-05,9.041985470914374e-05,Overweighted,2018,JP3322930003
0.005048342018717879,0.005136255944756447,8.79139260385681e-05,8.79139260385681e-05,Overweighted,2018,BMG2178K1009
0.0019783375260540217,0.002065100252500286,8.676272644626446e-05,8.676272644626446e-05,Overweighted,2018,JP3414750004
0.009158760871508798,0.009245394407795442,8.663353628664446e-05,8.663353628664446e-05,Overweighted,2018,AU000000CSL8
0.00024369053626672728,0.0003299603568185109,8.626982055178362e-05,8.626982055178362e-05,Overweighted,2018,HK0242001243
0.008682732662528397,0.008768944417763509,8.621175523511153e-05,8.621175523511153e-05,Overweighted,2018,JP3898400001
0.002061791236773923,0.001975701859418702,-8.608937735522099e-05,8.608937735522099e-05,Underweighted,2018,JP3112000009
0.006905024698202557,0.0068205409152703,-8.4483782932257e-05,8.4483782932257e-05,Underweighted,2018,HK0388045442
0.0016445460477834994,0.0015600819280058792,-8.446411977762014e-05,8.446411977762014e-05,Underweighted,2018,HK0144000764
0.00026112754402479385,0.0003442922244179463,8.316468039315246e-05,8.316468039315246e-05,Overweighted,2018,AU000000IVC8
0.0009184557736396484,0.001001076924274435,8.262115063478661e-05,8.262115063478661e-05,Overweighted,2018,SG1P66918738
0.0004514089203904567,0.00036897728428864437,-8.243163610181233e-05,8.243163610181233e-05,Underweighted,2018,JP3148800000
0.01621550599524771,0.016296537792927647,8.103179767993823e-05,8.103179767993823e-05,Overweighted,2018,JP3496400007
0.00023088439402875824,0.0003117060332539397,8.082163922518149e-05,8.082163922518149e-05,Overweighted,2018,AU000000SIG5
0.003927899199562371,0.004008673220520119,8.077402095774729e-05,8.077402095774729e-05,Overweighted,2018,JP3571400005
0.0015033910984741286,0.0015834538394204592,8.006274094633065e-05,8.006274094633065e-05,Overweighted,2018,JP3792600003
0.0015999336632018938,0.0016786605224594936,7.872685925759985e-05,7.872685925759985e-05,Overweighted,2018,JP3190000004
0.0006772629140838113,0.0005986641480090068,-7.859876607480454e-05,7.859876607480454e-05,Underweighted,2018,HK0363006039
0.025349876551335564,0.025272818483522145,-7.705806781341945e-05,7.705806781341945e-05,Underweighted,2018,AU000000CBA7
0.0011646907158354303,0.0012415164424144601,7.682572657902978e-05,7.682572657902978e-05,Overweighted,2018,JP3711600001
0.002603803438263442,0.002680355409432563,7.655197116912104e-05,7.655197116912104e-05,Overweighted,2018,HK0000608585
0.001695913140850777,0.001619719952408365,-7.619318844241207e-05,7.619318844241207e-05,Underweighted,2018,JP3260800002
0.0046582908982382605,0.004732548988859097,7.425809062083615e-05,7.425809062083615e-05,Overweighted,2018,JP3266400005
0.0012237751392825678,0.0011517169338759506,-7.205820540661712e-05,7.205820540661712e-05,Underweighted,2018,JP3336000009
0.0002194614366484571,0.00029023366704570994,7.077223039725285e-05,7.077223039725285e-05,Overweighted,2018,AU000000SBM8
0.0005217200385016046,0.0005893672902103388,6.764725170873415e-05,6.764725170873415e-05,Overweighted,2018,JP3765400001
0.0032703256415521536,0.003336671426702048,6.634578514989452e-05,6.634578514989452e-05,Overweighted,2018,JP3165700000
0.001118498883679866,0.0010524144608207002,-6.608442285916576e-05,6.608442285916576e-05,Underweighted,2018,JP3358200008
0.001026678306447619,0.0010920112765788964,6.533297013127737e-05,6.533297013127737e-05,Overweighted,2018,JP3667600005
0.004649136644399844,0.0047134803415078115,6.43436971079674e-05,6.43436971079674e-05,Overweighted,2018,JP3198900007
0.00053840937876904,0.00047408070685087404,-6.432867191816596e-05,6.432867191816596e-05,Underweighted,2018,JP3549600009
0.0015644288032405404,0.0015023079784772663,-6.21208247632741e-05,6.21208247632741e-05,Underweighted,2018,AU000000DXS1
0.00556777933491215,0.005505663082099598,-6.211625281255222e-05,6.211625281255222e-05,Underweighted,2018,HK0003000038
0.003233026379613285,0.0032949321368769082,6.190575726362302e-05,6.190575726362302e-05,Overweighted,2018,JP3967200001
0.00033201576798027287,0.00027044148661185265,-6.157428136842021e-05,6.157428136842021e-05,Underweighted,2018,JP3452000007
0.002424470717713711,0.0023631731897711837,-6.129752794252746e-05,6.129752794252746e-05,Underweighted,2018,HK0083000502
0.001320109758989501,0.0012589166712196245,-6.119308776987662e-05,6.119308776987662e-05,Underweighted,2018,JP3269600007
0.0009464816222337807,0.000885991096957983,-6.049052527579764e-05,6.049052527579764e-05,Underweighted,2018,BMG8063F1068
0.00053872480099165,0.00048047735265770907,-5.8247448333940976e-05,5.8247448333940976e-05,Underweighted,2018,AU000000DOW2
0.010686738548120155,0.010744322346969115,5.758379884896088e-05,5.758379884896088e-05,Overweighted,2018,KYG217651051
0.0014476174401339427,0.0013904836520503376,-5.713378808360511e-05,5.713378808360511e-05,Underweighted,2018,JP3675600005
0.0011000221508176403,0.0011569135374773663,5.689138665972604e-05,5.689138665972604e-05,Overweighted,2018,JP3300600008
0.0006592184264896068,0.0007148207238735867,5.5602297383979937e-05,5.5602297383979937e-05,Overweighted,2018,JP3582600007
0.004698723354255056,0.004754120444298456,5.539709004340025e-05,5.539709004340025e-05,Overweighted,2018,HK0012000102
0.002754867318284586,0.002699706033592636,-5.516128469194989e-05,5.516128469194989e-05,Underweighted,2018,JP3119600009
0.002543221343374134,0.00259714576867511,5.3924425300976193e-05,5.3924425300976193e-05,Overweighted,2018,JP3486800000
0.0029180410751930477,0.0029714918282172467,5.345075302419901e-05,5.345075302419901e-05,Overweighted,2018,JP3818000006
0.001560882055581858,0.0016139575178628195,5.3075462280961425e-05,5.3075462280961425e-05,Overweighted,2018,JP3493800001
0.0010589658597383498,0.0010065461461279165,-5.241971361043328e-05,5.241971361043328e-05,Underweighted,2018,AU000000BEN6
0.0018902809873449216,0.001838367565527149,-5.1913421817772554e-05,5.1913421817772554e-05,Underweighted,2018,SG1U68934629
0.02125136663979386,0.021200615455972946,-5.075118382091501e-05,5.075118382091501e-05,Underweighted,2018,JP3902900004
0.0030464786677789624,0.0029959162294242846,-5.056243835467773e-05,5.056243835467773e-05,Underweighted,2018,AU000000NCM7
0.006907573777053428,0.006957930217490771,5.035644043734338e-05,5.035644043734338e-05,Overweighted,2018,JP3914400001
0.0018680495618031818,0.00191828614318047,5.023658137728827e-05,5.023658137728827e-05,Overweighted,2018,AU000000SGP0
0.00029220247410415674,0.0002420094521367227,-5.019302196743403e-05,5.019302196743403e-05,Underweighted,2018,JP3421100003
0.0009760004693482673,0.0010254543420039114,4.945387265564412e-05,4.945387265564412e-05,Overweighted,2018,JP3419050004
0.0012013357687199963,0.001152577436374138,-4.875833234585839e-05,4.875833234585839e-05,Underweighted,2018,NZFBUE0001S0
0.002663651884427569,0.0027114301768838144,4.7778292456245475e-05,4.7778292456245475e-05,Overweighted,2018,JP3420600003
0.0026899627707150653,0.0027376176426468146,4.76548719317493e-05,4.76548719317493e-05,Overweighted,2018,AU000000AMP6
0.0005757039677860919,0.0006213909324931239,4.5686964707032e-05,4.5686964707032e-05,Overweighted,2018,JP3742600004
0.0011965787343108548,0.0011512059361638216,-4.537279814703318e-05,4.537279814703318e-05,Underweighted,2018,AU000000BLD2
0.006913057450805026,0.006958138477175911,4.508102637088441e-05,4.508102637088441e-05,Overweighted,2018,JP3830800003
0.0007092981295964538,0.0007542611334787741,4.4963003882320324e-05,4.4963003882320324e-05,Overweighted,2018,JP3456000003
0.0008676494311903442,0.0009125524558605246,4.4903024670180395e-05,4.4903024670180395e-05,Overweighted,2018,JP3040890000
0.003339917129703569,0.0033846187618004203,4.470163209685128e-05,4.470163209685128e-05,Overweighted,2018,JP3684000007
0.0016670531757124094,0.001711064256900539,4.401108118812962e-05,4.401108118812962e-05,Overweighted,2018,AU000000APA1
0.0008904626354982314,0.0008473302522472707,-4.313238325096068e-05,4.313238325096068e-05,Underweighted,2018,JP3122400009
0.0004369018346113015,0.00039390955506476754,-4.2992279546533976e-05,4.2992279546533976e-05,Underweighted,2018,HK0000745908
0.0004279765539418905,0.0003856241340969955,-4.235241984489502e-05,4.235241984489502e-05,Underweighted,2018,NZSKCE0001S2
0.0005599328566555882,0.000602180070461544,4.224721380595572e-05,4.224721380595572e-05,Overweighted,2018,JP3165600002
0.000747109076474223,0.000789352404678853,4.224332820463e-05,4.224332820463e-05,Overweighted,2018,JP3293200006
3.909600037729171e-05,1.161808775928981e-08,-3.908438228953242e-05,3.908438228953242e-05,Underweighted,2018,AU0000038911
0.0007459572012464691,0.0007069527967513866,-3.900440449508254e-05,3.900440449508254e-05,Underweighted,2018,HK0165000859
0.0005062807048200685,0.0004674113150403389,-3.886938977972962e-05,3.886938977972962e-05,Underweighted,2018,JP3350800003
0.001605202382549936,0.0015671825589145506,-3.80198236353854e-05,3.80198236353854e-05,Underweighted,2018,JP3695200000
0.0004975353316405908,0.0005353443452107082,3.7809013570117445e-05,3.7809013570117445e-05,Overweighted,2018,JP3491000000
0.003317367945478311,0.003281407602000792,-3.596034347751881e-05,3.596034347751881e-05,Underweighted,2018,JP3621000003
0.00039455815357158013,0.00036012593258218415,-3.4432220989395984e-05,3.4432220989395984e-05,Underweighted,2018,AU000000CSR5
0.0009704794122221369,0.0009371895950308316,-3.3289817191305224e-05,3.3289817191305224e-05,Underweighted,2018,JP3544000007
0.0013774091263027565,0.001410691698595668,3.328257229291156e-05,3.328257229291156e-05,Overweighted,2018,JP3942600002
0.0011893684159480793,0.001157704250321983,-3.166416562609621e-05,3.166416562609621e-05,Underweighted,2018,JP3799000009
3.182026110908598e-05,1.2474242098387106e-06,-3.0572836899247275e-05,3.0572836899247275e-05,Underweighted,2018,AU000000MAH3
0.0013310233678918097,0.0013005426717999041,-3.0480696091905518e-05,3.0480696091905518e-05,Underweighted,2018,AU0000088338
0.0006898704571445814,0.0007203017949885135,3.0431337843932118e-05,3.0431337843932118e-05,Overweighted,2018,JP3835620000
0.0030417730355098015,0.00301156579014613,-3.020724536367163e-05,3.020724536367163e-05,Underweighted,2018,JP3111200006
0.0015814592668005761,0.0016114557101828003,2.999644338222418e-05,2.999644338222418e-05,Overweighted,2018,JP3629000005
0.01927372537909049,0.019244284185174963,-2.9441193915527575e-05,2.9441193915527575e-05,Underweighted,2018,AU000000WBC1
0.0014932695498197075,0.0015227081738226696,2.9438624002962053e-05,2.9438624002962053e-05,Overweighted,2018,AU000000GPT8
0.0015787606544515789,0.0016070295592211029,2.826890476952397e-05,2.826890476952397e-05,Overweighted,2018,AU000000SHL7
0.0013558459285807685,0.001384053133568104,2.820720498733541e-05,2.820720498733541e-05,Overweighted,2018,AU000000MGR9
0.0006552884992419761,0.0006828512779071383,2.756277866516226e-05,2.756277866516226e-05,Overweighted,2018,JP3270000007
0.001644499318565335,0.0016172055795827646,-2.7293738982570297e-05,2.7293738982570297e-05,Underweighted,2018,BMG668971101
0.0004104484242084032,0.0004375469058283796,2.7098481619976407e-05,2.7098481619976407e-05,Overweighted,2018,AU000000IGO4
0.0005308649464963887,0.0005574839043135443,2.661895781715562e-05,2.661895781715562e-05,Overweighted,2018,HK0200030994
0.009821458288290749,0.009846444171076153,2.4985882785403743e-05,2.4985882785403743e-05,Overweighted,2018,HK2388011192
0.0070593245765815885,0.00708389393574882,2.4569359167231873e-05,2.4569359167231873e-05,Overweighted,2018,HK0066009694
0.00047868943795486586,0.0005026664548236836,2.3977016868817762e-05,2.3977016868817762e-05,Overweighted,2018,JP3352400000
0.0007628124302383883,0.0007395541001869477,-2.3258330051440564e-05,2.3258330051440564e-05,Underweighted,2018,JP3131430005
0.0024370712513917567,0.0024600920871207005,2.3020835728943846e-05,2.3020835728943846e-05,Overweighted,2018,AU000000RHC8
0.0015705456578982676,0.0015932926672189544,2.2747009320686845e-05,2.2747009320686845e-05,Overweighted,2018,JP3596200000
0.0013048246317279078,0.0013271519900222922,2.2327358294384333e-05,2.2327358294384333e-05,Overweighted,2018,JP3229400001
0.008733249283825082,0.008710938051069097,-2.2311232755985178e-05,2.2311232755985178e-05,Underweighted,2018,JP3371200001
0.0019315615786714019,0.0019109350600338558,-2.062651863754604e-05,2.062651863754604e-05,Underweighted,2018,JP3940000007
0.0017384554210676975,0.0017184077460654958,-2.0047675002201736e-05,2.0047675002201736e-05,Underweighted,2018,AU000000ASX7
0.0035159928237472374,0.003495973199747011,-2.0019624000226516e-05,2.0019624000226516e-05,Underweighted,2018,JP3258000003
0.0014236874075119251,0.001443526582494974,1.9839174983048895e-05,1.9839174983048895e-05,Overweighted,2018,JP3733000008
0.00037277766498512743,0.00035297448971496236,-1.9803175270165067e-05,1.9803175270165067e-05,Underweighted,2018,AU000000MTS0
0.0008584554575164876,0.0008777643378112167,1.9308880294729037e-05,1.9308880294729037e-05,Overweighted,2018,SG1N31909426
0.0009485143432239344,0.0009296691007035253,-1.884524252040911e-05,1.884524252040911e-05,Underweighted,2018,JP3635400009
0.001850126570176205,0.0018681890189134304,1.8062448737225442e-05,1.8062448737225442e-05,Overweighted,2018,JP3180400008
0.005843841537062303,0.005826084810636178,-1.7756726426125698e-05,1.7756726426125698e-05,Underweighted,2018,AU000000WOW2
0.0009326264090480196,0.0009501051042053266,1.747869515730696e-05,1.747869515730696e-05,Overweighted,2018,JP3385980002
0.0016853663563110594,0.001702481454501792,1.711509819073251e-05,1.711509819073251e-05,Overweighted,2018,JP3210200006
0.0015132392812022876,0.001496410650592947,-1.6828630609340553e-05,1.6828630609340553e-05,Underweighted,2018,AU000000LLC3
0.008244636896392994,0.008228156832923814,-1.6480063469180573e-05,1.6480063469180573e-05,Underweighted,2018,AU000000WES1
0.004163496235243014,0.0041485129641682,-1.4983271074814168e-05,1.4983271074814168e-05,Underweighted,2018,JP3505000004
0.006801278824494741,0.006786371111197692,-1.4907713297048798e-05,1.4907713297048798e-05,Underweighted,2018,JP3481800005
0.00402792075458248,0.004042658993211742,1.4738238629262435e-05,1.4738238629262435e-05,Overweighted,2018,KYG2108Y1052
0.0037669427440558127,0.0037522526292958916,-1.4690114759921113e-05,1.4690114759921113e-05,Underweighted,2018,AU000000TCL6
0.0019333069149698441,0.0019197957197031623,-1.3511195266681852e-05,1.3511195266681852e-05,Underweighted,2018,SG9999000020
0.00480707205595207,0.004819742654489282,1.2670598537212197e-05,1.2670598537212197e-05,Overweighted,2018,HK0006000050
0.0017169366161029656,0.0017295340968181902,1.2597480715224613e-05,1.2597480715224613e-05,Overweighted,2018,JP3626800001
0.006611247449446259,0.00659888606652769,-1.2361382918569044e-05,1.2361382918569044e-05,Underweighted,2018,JP3734800000
0.0008714508530880226,0.0008592890988892499,-1.216175419877267e-05,1.216175419877267e-05,Underweighted,2018,JP3118000003
0.002399881803115575,0.002389717264165379,-1.0164538950195676e-05,1.0164538950195676e-05,Underweighted,2018,JP3539220008
0.0024971860540994205,0.0025068777816519387,9.691727552518271e-06,9.691727552518271e-06,Overweighted,2018,AU000000IAG3
0.0012831422744996003,0.001274130583015091,-9.011691484509367e-06,9.011691484509367e-06,Underweighted,2018,JP3126400005
0.0014398346888486527,0.0014337248815624237,-6.109807286228987e-06,6.109807286228987e-06,Underweighted,2018,AU000000STO6
0.0007891209800649767,0.0007951065686756377,5.98558861066099e-06,5.98558861066099e-06,Overweighted,2018,JP3819400007
0.0010394213642410661,0.0010450269410006434,5.60557675957727e-06,5.60557675957727e-06,Overweighted,2018,JP3820000002
0.002026484975989768,0.0020320837058424484,5.59872985268035e-06,5.59872985268035e-06,Overweighted,2018,JP3868400007
0.004702802815000812,0.0046981531731046305,-4.64964189618184e-06,4.64964189618184e-06,Underweighted,2018,JP3200450009
0.00048536470676965827,0.0004810750793242157,-4.289627445442593e-06,4.289627445442593e-06,Underweighted,2018,JP3535800001
0.015478887628251404,0.01547480670348638,-4.080924765025029e-06,4.080924765025029e-06,Underweighted,2018,AU000000ANZ3
0.0010477391650743394,0.0010447479558264655,-2.9912092478739504e-06,2.9912092478739504e-06,Underweighted,2018,JP3174410005
0.005322885521277688,0.0053202486672289245,-2.6368540487634387e-06,2.6368540487634387e-06,Underweighted,2018,HK0004000045
0.0006674661334956332,0.000664843681208432,-2.622452287201157e-06,2.622452287201157e-06,Underweighted,2018,BMG2108M2182
0.001267259013245502,0.0012661008849364677,-1.1581283090344226e-06,1.1581283090344226e-06,Underweighted,2018,AU000000ORI1
0.010479952411898806,0.010478946142504948,-1.0062693938574924e-06,1.0062693938574924e-06,Underweighted,2018,SG1T75931496
0.003525081656680224,0.003524386471772077,-6.951849081467294e-07,6.951849081467294e-07,Underweighted,2018,HK0823032773
0.0013985517610612644,0.0013980270366960455,-5.247243652188593e-07,5.247243652188593e-07,Underweighted,2018,JP3786200000
0.010731217754429992,0.010731331750890036,1.139964600441884e-07,1.139964600441884e-07,Overweighted,2018,AU000000TLS2
0.0011878058954146325,0.00019646869515633835,-0.0009913372002582942,0.0009913372002582942,Underweighted,2019,JP3585800000
0.0009171328446201309,2.2148598217328077e-18,-0.0009171328446201287,0.0009171328446201287,Underweighted,2019,JP3551200003
0.0008832174887222224,5.478525209357319e-18,-0.0008832174887222168,0.0008832174887222168,Underweighted,2019,SG1R50925390
0.00076203776330044,7.546434534087747e-05,-0.0006865734179595626,0.0006865734179595626,Underweighted,2019,JP3753000003
0.00097758216148289,0.00039583116454573134,-0.0005817509969371587,0.0005817509969371587,Underweighted,2019,JP3449020001
0.0005707238343900814,6.4113500340278096e-18,-0.000570723834390075,0.000570723834390075,Underweighted,2019,JP3158800007
0.0007739257517274934,0.00021767241283994723,-0.0005562533388875461,0.0005562533388875461,Underweighted,2019,JP3362700001
0.0017484779637571503,0.0013021333860484875,-0.0004463445777086628,0.0004463445777086628,Underweighted,2019,JP3526600006
0.00043772365555917926,5.1429114703338776e-18,-0.0004377236555591741,0.0004377236555591741,Underweighted,2019,JP3223800008
0.004407786112217554,0.003993907950482589,-0.00041387816173496517,0.00041387816173496517,Underweighted,2019,JP3381000003
0.0004605906475773158,6.965580661110263e-05,-0.0003909348409662132,0.0003909348409662132,Underweighted,2019,JP3528600004
0.0016572290281751988,0.0012901105237061116,-0.0003671185044690872,0.0003671185044690872,Underweighted,2019,HK0019000162
0.0003609983993744432,5.830943102762973e-18,-0.00036099839937443735,0.00036099839937443735,Underweighted,2019,JP3400900001
0.0011438716283427494,0.0007836101597635344,-0.000360261468579215,0.000360261468579215,Underweighted,2019,HK0293001514
0.0007424051510600922,0.0003831471505784682,-0.000359258000481624,0.000359258000481624,Underweighted,2019,JP3522200009
0.004251104870611804,0.00458070301948727,0.0003295981488754653,0.0003295981488754653,Overweighted,2019,JP3762600009
0.00030780088322113924,1.9642510792121024e-18,-0.0003078008832211373,0.0003078008832211373,Underweighted,2019,JP3845400005
0.0007302232940414904,0.00042401355836194234,-0.00030620973567954804,0.00030620973567954804,Underweighted,2019,JP3289800009
0.0015064288089419284,0.0017862548923699736,0.00027982608342804523,0.00027982608342804523,Overweighted,2019,JP3973400009
0.002706126343325124,0.0024305451476387707,-0.0002755811956863534,0.0002755811956863534,Underweighted,2019,JP3386030005
0.002412847314230445,0.0026771072918415476,0.0002642599776111025,0.0002642599776111025,Overweighted,2019,JP3197800000
0.000626755996025838,0.0003627271603519082,-0.00026402883567392977,0.00026402883567392977,Underweighted,2019,AU000000ABC7
0.0013387868164526438,0.001090087588083639,-0.0002486992283690047,0.0002486992283690047,Underweighted,2019,BMG988031446
0.00024634949271390704,2.4743481759894746e-18,-0.00024634949271390454,0.00024634949271390454,Underweighted,2019,JP3850200001
0.004710855893641838,0.004469473484019601,-0.00024138240962223723,0.00024138240962223723,Underweighted,2019,HK0002007356
0.0024461676318622365,0.0022085065730058483,-0.0002376610588563882,0.0002376610588563882,Underweighted,2019,AU000000ORG5
0.0038865015614963153,0.004122168629563226,0.00023566706806691078,0.00023566706806691078,Overweighted,2019,JP3351600006
0.001233572734324495,0.0014667997184896798,0.0002332269841651849,0.0002332269841651849,Overweighted,2019,JP3224200000
0.014341873303667511,0.01456736892124889,0.0002254956175813793,0.0002254956175813793,Overweighted,2019,AU000000BHP4
0.001200913164705999,0.0009755821688705413,-0.00022533099583545765,0.00022533099583545765,Underweighted,2019,AU000000BSL0
0.002760269349729497,0.002981702006939105,0.00022143265720960762,0.00022143265720960762,Overweighted,2019,JP3388200002
0.002094275508284288,0.0018782272925822686,-0.00021604821570201933,0.00021604821570201933,Underweighted,2019,JP3256000005
0.0006359389331940409,0.0008493596278375451,0.00021342069464350426,0.00021342069464350426,Overweighted,2019,JP3613400005
0.00037056829394269754,0.0005836230077586722,0.00021305471381597466,0.00021305471381597466,Overweighted,2019,JP3156400008
0.003225923298381071,0.0034368402947715596,0.00021091699639048857,0.00021091699639048857,Overweighted,2019,JP3359600008
0.006750223607075425,0.006961089424514586,0.00021086581743916082,0.00021086581743916082,Overweighted,2019,JP3304200003
0.0004856078085447951,0.0006944325825566117,0.00020882477401181659,0.00020882477401181659,Overweighted,2019,AU000000SGM7
0.0020643702722350265,0.002270080421476307,0.00020571014924128037,0.00020571014924128037,Overweighted,2019,JP3443600006
0.0016806965342717173,0.0018848056634681379,0.00020410912919642055,0.00020410912919642055,Overweighted,2019,JP3787000003
0.00224476725675997,0.0024468492464428614,0.00020208198968289142,0.00020208198968289142,Overweighted,2019,HK0291001490
0.0010192147621327686,0.001220491879970835,0.00020127711783806627,0.00020127711783806627,Overweighted,2019,JP3738600000
0.00020160845596833192,0.0004008481119399408,0.00019923965597160888,0.00019923965597160888,Overweighted,2019,JP3375800004
0.0004603314591301115,0.0006573333451215679,0.0001970018859914564,0.0001970018859914564,Overweighted,2019,JP3678000005
0.0013481303774472832,0.0011514201735794351,-0.00019671020386784806,0.00019671020386784806,Underweighted,2019,AU000000QAN2
0.004992511598568933,0.005187920754913795,0.0001954091563448621,0.0001954091563448621,Overweighted,2019,JP3397200001
0.0021762411168065134,0.0023706315168619345,0.0001943904000554211,0.0001943904000554211,Overweighted,2019,JP3228600007
0.004639781675714457,0.004832284063772991,0.00019250238805853387,0.00019250238805853387,Overweighted,2019,JP3814800003
0.01148069751079157,0.011671301488419354,0.00019060397762778354,0.00019060397762778354,Overweighted,2019,JP3435000009
0.0014642212480042375,0.0016526205002310352,0.00018839925222679773,0.00018839925222679773,Overweighted,2019,JP3358800005
0.0008069430744139614,0.0009933909266427012,0.0001864478522287398,0.0001864478522287398,Overweighted,2019,SGXE34184239
0.001879817146201039,0.0016996187507049444,-0.00018019839549609454,0.00018019839549609454,Underweighted,2019,SG1V61937297
0.0006317371599161234,0.0008096161807493371,0.00017787902083321377,0.00017787902083321377,Overweighted,2019,AU000000ILU1
0.007216269988939315,0.007392453424228014,0.00017618343528869908,0.00017618343528869908,Overweighted,2019,JP3566800003
0.0006840439439410069,0.0005081386000474655,-0.00017590534389354143,0.00017590534389354143,Underweighted,2019,MU0117U00026
0.006871220805421712,0.007044035188722628,0.00017281438330091648,0.00017281438330091648,Overweighted,2019,JP3783600004
0.002334424556243596,0.0025060093456674153,0.00017158478942381908,0.00017158478942381908,Overweighted,2019,JP3551520004
0.0002746612673940888,0.00044619188906465097,0.00017153062167056218,0.00017153062167056218,Overweighted,2019,AU000000BWP3
0.00022236908553524491,5.1136131407647336e-05,-0.00017123295412759757,0.00017123295412759757,Underweighted,2019,AU000000CQR9
0.0008899691652448187,0.0010607892137121859,0.00017082004846736719,0.00017082004846736719,Overweighted,2019,JP3711200000
0.0034503385124326266,0.00328094490908126,-0.00016939360335136659,0.00016939360335136659,Underweighted,2019,JP3592200004
0.0007562918109638264,0.000925129653346055,0.00016883784238222856,0.00016883784238222856,Overweighted,2019,JP3485800001
0.0007980740838156116,0.0009661401383144012,0.00016806605449878951,0.00016806605449878951,Overweighted,2019,HK0008011667
0.004926641227563943,0.005094483689185608,0.00016784246162166502,0.00016784246162166502,Overweighted,2019,JP3933800009
0.0006820982053162197,0.0008479096891888823,0.00016581148387266262,0.00016581148387266262,Overweighted,2019,JP3493400000
0.0028013580196943975,0.002965731993397935,0.00016437397370353771,0.00016437397370353771,Overweighted,2019,HK0000055878
0.0035482715895192407,0.0037122815397528544,0.0001640099502336137,0.0001640099502336137,Overweighted,2019,JP3837800006
0.0009338468489232979,0.0007716200093271341,-0.00016222683959616377,0.00016222683959616377,Underweighted,2019,JP3404200002
0.0030304641795861993,0.003190426769776024,0.00015996259018982457,0.00015996259018982457,Overweighted,2019,JP3951600000
0.002594197090089478,0.0027537334060206415,0.00015953631593116366,0.00015953631593116366,Overweighted,2019,JP3659000008
0.0007235391525368275,0.0005654797003839991,-0.00015805945215282842,0.00015805945215282842,Underweighted,2019,JP3870000001
0.003309520698958231,0.0034671736518616185,0.00015765295290338759,0.00015765295290338759,Overweighted,2019,JP3409000001
0.0025258534772115175,0.0026810599108258743,0.00015520643361435684,0.00015520643361435684,Overweighted,2019,JP3429800000
0.003683792467262742,0.0038387980991543805,0.00015500563189163857,0.00015500563189163857,Overweighted,2019,JP3890310000
0.003949298176549952,0.004102554533392305,0.0001532563568423526,0.0001532563568423526,Overweighted,2019,JP3814000000
0.0007507320362442188,0.0008998039859504575,0.00014907194970623864,0.00014907194970623864,Overweighted,2019,JP3166000004
0.002695996090635097,0.002844216523573117,0.00014822043293801976,0.00014822043293801976,Overweighted,2019,JP3635000007
0.011776119407752573,0.011922028250338456,0.00014590884258588316,0.00014590884258588316,Overweighted,2019,JP3890350006
0.0009527475275909068,0.0010985015547985732,0.00014575402720766635,0.00014575402720766635,Overweighted,2019,JP3134800006
0.00014460707556169172,6.92238476272949e-18,-0.0001446070755616848,0.0001446070755616848,Underweighted,2019,JP3686800008
0.000954233297985444,0.0008100887491590792,-0.0001441445488263648,0.0001441445488263648,Underweighted,2019,JP3246400000
0.000757407051395107,0.0008998802562401437,0.00014247320484503672,0.00014247320484503672,Overweighted,2019,JP3663900003
0.002226200602640519,0.0023680235952233068,0.00014182299258278788,0.00014182299258278788,Overweighted,2019,SGXE21576413
0.00821388084641638,0.008354672784708509,0.00014079193829212924,0.00014079193829212924,Overweighted,2019,HK0011000095
0.0004766347775134126,0.000614908877239583,0.00013827409972617038,0.00013827409972617038,Overweighted,2019,JP3638600001
0.0008996065948310066,0.001037136423212875,0.00013752982838186848,0.00013752982838186848,Overweighted,2019,JP3894900004
0.0005937076437365355,0.0007265375355126551,0.00013282989177611964,0.00013282989177611964,Overweighted,2019,SG1P66918738
0.001957765333791598,0.0020902942490046736,0.0001325289152130757,0.0001325289152130757,Overweighted,2019,JP3283650004
0.0014477317520039305,0.0015797703290195005,0.00013203857701557,0.00013203857701557,Overweighted,2019,SG1F60858221
0.008186552892673121,0.008055901104419366,-0.00013065178825375466,0.00013065178825375466,Underweighted,2019,JP3672400003
0.00223704636146649,0.0023675432480450113,0.00013049688657852145,0.00013049688657852145,Overweighted,2019,JP3502200003
0.0005500581189024264,0.0006795088560065326,0.0001294507371041062,0.0001294507371041062,Overweighted,2019,BMG2442N1048
0.007062854156714188,0.007191545592317287,0.00012869143560309895,0.00012869143560309895,Overweighted,2019,JP3788600009
6.303207498102745e-05,0.0001914485958960444,0.00012841652091501697,0.00012841652091501697,Overweighted,2019,AU000000ERA9
0.0050920107579633025,0.004963930029323592,-0.00012808072863971023,0.00012808072863971023,Underweighted,2019,JP3942400007
0.0007581992189027594,0.0006303968512510678,-0.00012780236765169164,0.00012780236765169164,Underweighted,2019,JP3243600008
0.002691454816996757,0.0025649355319708874,-0.0001265192850258695,0.0001265192850258695,Underweighted,2019,IE00BKVD2N49
0.001471370833551415,0.0015969777654568798,0.0001256069319054648,0.0001256069319054648,Overweighted,2019,AU000000SGP0
0.00036756207300927873,0.0004911748900066233,0.0001236128169973446,0.0001236128169973446,Overweighted,2019,HK0308001558
0.0016380527336235908,0.0015147815948047796,-0.00012327113881881115,0.00012327113881881115,Underweighted,2019,JP3720800006
0.006466487093487677,0.006588399663424964,0.00012191256993728753,0.00012191256993728753,Overweighted,2019,JP3910660004
0.000605542699311695,0.0004840726599544812,-0.00012147003935721376,0.00012147003935721376,Underweighted,2019,JP3560800009
0.0005784392538712966,0.0006996579727528631,0.00012121871888156645,0.00012121871888156645,Overweighted,2019,JP3040890000
0.0033972231334632955,0.0032762345194983482,-0.00012098861396494728,0.00012098861396494728,Underweighted,2019,JP3546800008
0.008527852970060038,0.008648666566617167,0.00012081359655712921,0.00012081359655712921,Overweighted,2019,JP3802300008
0.000418291823101877,0.000538649733936298,0.00012035791083442099,0.00012035791083442099,Overweighted,2019,JP3721400004
0.00026670856271472887,0.0003868740171703471,0.00012016545445561825,0.00012016545445561825,Overweighted,2019,JP3891600003
0.016299886874281785,0.01641991521691705,0.0001200283426352651,0.0001200283426352651,Overweighted,2019,JP3436100006
0.0025039557039642645,0.0026238718974852483,0.00011991619352098382,0.00011991619352098382,Overweighted,2019,JP3197600004
0.0013082409103683911,0.0014271637024031326,0.00011892279203474143,0.00011892279203474143,Overweighted,2019,AU000000GPT8
0.011650266989198093,0.011533388571606757,-0.00011687841759133559,0.00011687841759133559,Underweighted,2019,AU000000NAB4
0.0021250075919855465,0.002241151869070181,0.00011614427708463463,0.00011614427708463463,Overweighted,2019,JP3762800005
0.004567504604359559,0.004680686783473833,0.0001131821791142745,0.0001131821791142745,Overweighted,2019,JP3116000005
0.0007127919583316241,0.0008249839287189245,0.00011219197038730045,0.00011219197038730045,Overweighted,2019,JP3827200001
0.00127081373353794,0.0013828180013953004,0.00011200426785736039,0.00011200426785736039,Overweighted,2019,BMG524401079
0.0003617540614669966,0.00047283026285470186,0.00011107620138770528,0.00011107620138770528,Overweighted,2019,AU000000PPT9
0.0012288069523832947,0.0013378199443667008,0.00010901299198340614,0.00010901299198340614,Overweighted,2019,JP3830000000
0.0005997219108741281,0.0007084802173467598,0.0001087583064726317,0.0001087583064726317,Overweighted,2019,JP3888400003
0.001214173756740782,0.001105710160082412,-0.00010846359665837011,0.00010846359665837011,Underweighted,2019,AU000000CGF5
0.00046932821868130855,0.0003610908625345681,-0.00010823735614674048,0.00010823735614674048,Underweighted,2019,NZAIRE0001S2
0.00046681117031021886,0.0003609732215113292,-0.00010583794879888967,0.00010583794879888967,Underweighted,2019,AU000000BPT9
0.0014278271744210937,0.0013235142941801998,-0.00010431288024089391,0.00010431288024089391,Underweighted,2019,JP3657400002
0.004180780838964712,0.0040767633058212795,-0.0001040175331434327,0.0001040175331434327,Underweighted,2019,AU0000224040
0.0009326239175174748,0.001036418058757727,0.00010379414124025228,0.00010379414124025228,Overweighted,2019,HK0010000088
0.001042182144042428,0.0009393629205836957,-0.00010281922345873229,0.00010281922345873229,Underweighted,2019,KYG0535Q1331
0.006642182180547844,0.0067444529334158565,0.00010227075286801252,0.00010227075286801252,Overweighted,2019,JP3205800000
0.0012355896585087257,0.001337607505129257,0.00010201784662053131,0.00010201784662053131,Overweighted,2019,JP3982100004
0.00831170623252845,0.008210188089740117,-0.00010151814278833333,0.00010151814278833333,Underweighted,2019,HK0000049939
0.0005071149738504867,0.00040603388934437097,-0.00010108108450611575,0.00010108108450611575,Underweighted,2019,SG1T58930911
0.0005877499599923466,0.000487545898055734,-0.00010020406193661264,0.00010020406193661264,Underweighted,2019,JP3634200004
0.009011712169221581,0.009111721425182361,0.00010000925596078021,0.00010000925596078021,Overweighted,2019,HK0016000132
0.00046842653492835837,0.0005684342337487566,0.00010000769882039824,0.00010000769882039824,Overweighted,2019,JP3491000000
0.0001845293975141729,8.458371308624688e-05,-9.994568442792602e-05,9.994568442792602e-05,Underweighted,2019,BMG684371393
0.001596303315645395,0.001696148441541944,9.984512589654914e-05,9.984512589654914e-05,Overweighted,2019,JP3190000004
0.000417610997110277,0.0005174220583612374,9.981106125096041e-05,9.981106125096041e-05,Overweighted,2019,AU000000IGO4
0.002132140750095929,0.0022313730150416854,9.923226494575619e-05,9.923226494575619e-05,Overweighted,2019,JP3942800008
0.0011494569568529266,0.0012483649223973003,9.89079655443737e-05,9.89079655443737e-05,Overweighted,2019,JP3888300005
0.0022340784712189254,0.002135795102068198,-9.828336915072757e-05,9.828336915072757e-05,Underweighted,2019,JP3982800009
0.0013611956655112856,0.00145907415826883,9.787849275754443e-05,9.787849275754443e-05,Overweighted,2019,JP3027670003
0.0001333561066281194,3.744407352692167e-05,-9.591203310119773e-05,9.591203310119773e-05,Underweighted,2019,AU000000ELD6
0.0022793397101296643,0.0023750210384679256,9.568132833826133e-05,9.568132833826133e-05,Overweighted,2019,AU000000CIM7
0.00040348157619613304,0.0004988911196453571,9.540954344922407e-05,9.540954344922407e-05,Overweighted,2019,JP3385820000
0.001731366050429402,0.0016369221992502546,-9.444385117914739e-05,9.444385117914739e-05,Underweighted,2019,JP3419400001
0.0004243298187592841,0.0005186913738281827,9.436155506889856e-05,9.436155506889856e-05,Overweighted,2019,BMG4600H1198
0.00048160864032067817,0.0005753100394585601,9.370139913788194e-05,9.370139913788194e-05,Overweighted,2019,JP3165600002
0.0010296188054360396,0.0009359789702447354,-9.363983519130421e-05,9.363983519130421e-05,Underweighted,2019,JP3955000009
0.0001086474164182283,0.0002016845006398593,9.303708422163101e-05,9.303708422163101e-05,Overweighted,2019,AU000000GWA4
0.00033262639075934777,0.0004254929841234295,9.286659336408171e-05,9.286659336408171e-05,Overweighted,2019,JP3389900006
0.0008859371421471125,0.0009770791530519204,9.114201090480788e-05,9.114201090480788e-05,Overweighted,2019,JP3977400005
0.003987072154823846,0.004077897169240809,9.082501441696339e-05,9.082501441696339e-05,Overweighted,2019,JP3634600005
0.00517934266250511,0.005088889312508026,-9.045334999708415e-05,9.045334999708415e-05,Underweighted,2019,AU000000MQG1
0.0007271842182344822,0.0008168146585902339,8.96304403557517e-05,8.96304403557517e-05,Overweighted,2019,JP3164800009
0.0010638900891311652,0.0011530613345343557,8.917124540319048e-05,8.917124540319048e-05,Overweighted,2019,NZAIAE0002S6
0.0023912908666143696,0.0023025402167319497,-8.875064988241987e-05,8.875064988241987e-05,Underweighted,2019,JP3201200007
0.0008760441746552303,0.0007893563001429301,-8.668787451230015e-05,8.668787451230015e-05,Underweighted,2019,NZTELE0001S4
0.0035037185556614264,0.003417065715763044,-8.665283989838261e-05,8.665283989838261e-05,Underweighted,2019,JP3294460005
0.0013814105391224654,0.0012970777196911595,-8.433281943130591e-05,8.433281943130591e-05,Underweighted,2019,AU000000BLD2
0.000603540377293504,0.0005195008799878459,-8.403949730565808e-05,8.403949730565808e-05,Underweighted,2019,AU000000WOR2
0.002404770491139748,0.002488321728884518,8.355123774477034e-05,8.355123774477034e-05,Overweighted,2019,JP3877600001
0.002973683656940909,0.00289070945694228,-8.297419999862918e-05,8.297419999862918e-05,Underweighted,2019,JP3351100007
0.00043842638479983876,0.0005210949108559652,8.266852605612649e-05,8.266852605612649e-05,Overweighted,2019,JP3320800000
0.00022541363715451789,0.00030636570572398035,8.095206856946247e-05,8.095206856946247e-05,Overweighted,2019,JP3194000000
0.001346642781781991,0.0012662809888068353,-8.036179297515574e-05,8.036179297515574e-05,Underweighted,2019,AU000000LLC3
0.0012823348425432465,0.0012022860949038895,-8.004874763935699e-05,8.004874763935699e-05,Underweighted,2019,JP3368000000
0.00068162728546144,0.0007611083871835295,7.948110172208947e-05,7.948110172208947e-05,Overweighted,2019,JP3665200006
0.004234029462699155,0.004154680856805379,-7.934860589377604e-05,7.934860589377604e-05,Underweighted,2019,JP3258000003
0.0005772144971947185,0.0004979426912768721,-7.927180591784635e-05,7.927180591784635e-05,Underweighted,2019,HK0363006039
0.0012135422130595658,0.0012916410828827695,7.809886982320367e-05,7.809886982320367e-05,Overweighted,2019,JP3229400001
0.0020803249639041303,0.0021584038358360555,7.807887193192519e-05,7.807887193192519e-05,Overweighted,2019,JP3573000001
0.002187844362995793,0.0022646116003138565,7.676723731806336e-05,7.676723731806336e-05,Overweighted,2019,JP3538800008
0.018230280447832006,0.01830644969150783,7.61692436758235e-05,7.61692436758235e-05,Overweighted,2019,JP3735400008
0.009655023370994905,0.009730787710766813,7.576433977190752e-05,7.576433977190752e-05,Overweighted,2019,AU000000CSL8
0.006431681005461347,0.006506952688757081,7.527168329573338e-05,7.527168329573338e-05,Overweighted,2019,JP3481800005
0.0024523461733677756,0.0023780059330906545,-7.434024027712111e-05,7.434024027712111e-05,Underweighted,2019,JP3407400005
0.00028163745221954523,0.000355028328755275,7.339087653572974e-05,7.339087653572974e-05,Overweighted,2019,AU000000SBM8
0.015640571698528973,0.015567955683093581,-7.261601543539185e-05,7.261601543539185e-05,Underweighted,2019,AU000000WBC1
0.009467484102005803,0.009539677370476743,7.219326847093983e-05,7.219326847093983e-05,Overweighted,2019,SG1L01001701
0.002132976724101701,0.0022050900025179644,7.211327841626352e-05,7.211327841626352e-05,Overweighted,2019,HK0023000190
0.001712448944324998,0.0016412498592688278,-7.119908505617031e-05,7.119908505617031e-05,Underweighted,2019,SG9999000020
0.001326782010697273,0.0013979624190097989,7.118040831252583e-05,7.118040831252583e-05,Overweighted,2019,JP3293200006
0.001226346487405609,0.0011556083680719378,-7.07381193336713e-05,7.07381193336713e-05,Underweighted,2019,JP3336000009
0.0011173449684609184,0.0010477514506089572,-6.959351785196114e-05,6.959351785196114e-05,Underweighted,2019,JP3670800006
0.0015181433966472606,0.001448571874483448,-6.957152216381267e-05,6.957152216381267e-05,Underweighted,2019,AU000000TAH8
0.0010566638422122793,0.0009871810566135378,-6.948278559874149e-05,6.948278559874149e-05,Underweighted,2019,JP3495000006
0.0042806067218242195,0.004349911228115399,6.930450629117919e-05,6.930450629117919e-05,Overweighted,2019,BMG2178K1009
0.0007474355972607614,0.0008155195688393902,6.808397157862878e-05,6.808397157862878e-05,Overweighted,2019,JP3122400009
0.0033938974901477586,0.0034619020100445145,6.800451989675584e-05,6.800451989675584e-05,Overweighted,2019,JP3347200002
0.0010722297512105764,0.001004227366571888,-6.800238463868847e-05,6.800238463868847e-05,Underweighted,2019,JP3766550002
0.0011456111113722263,0.0012133735699779284,6.77624586057021e-05,6.77624586057021e-05,Overweighted,2019,AU000000MGR9
0.0006238830198575313,0.00069157394276007,6.76909229025387e-05,6.76909229025387e-05,Overweighted,2019,JP3582600007
0.00040604060579458673,0.00033923668900102385,-6.680391679356288e-05,6.680391679356288e-05,Underweighted,2019,AU000000OZL8
0.0007512704911169319,0.0006849317870371003,-6.633870407983164e-05,6.633870407983164e-05,Underweighted,2019,JP3635400009
0.00836170769958982,0.00829724562920062,-6.446207038919918e-05,6.446207038919918e-05,Underweighted,2019,HK0388045442
0.01197436206444876,0.012038812342298496,6.445027784973689e-05,6.445027784973689e-05,Overweighted,2019,JP3496400007
0.04114626638357326,0.04121049955532795,6.423317175469068e-05,6.423317175469068e-05,Overweighted,2019,JP3633400001
0.0025063194295919375,0.002570242356572634,6.392292698069674e-05,6.392292698069674e-05,Overweighted,2019,JP3402600005
0.0011243065511203352,0.0011881180852485822,6.381153412824705e-05,6.381153412824705e-05,Overweighted,2019,JP3676800000
0.0010209305166424308,0.0009590384843321969,-6.189203231023394e-05,6.189203231023394e-05,Underweighted,2019,JP3126400005
0.0012102402982638435,0.0012719258556567407,6.168555739289715e-05,6.168555739289715e-05,Overweighted,2019,JP3027680002
0.005183969723868933,0.005245027685875041,6.105796200610823e-05,6.105796200610823e-05,Overweighted,2019,KYG2108Y1052
0.0014320946574461898,0.0014923473907022572,6.0252733256067415e-05,6.0252733256067415e-05,Overweighted,2019,JP3733000008
0.006033341216981936,0.006092621721431821,5.928050444988474e-05,5.928050444988474e-05,Overweighted,2019,JP3893600001
0.0012680612252394608,0.0013272418079988534,5.918058275939265e-05,5.918058275939265e-05,Overweighted,2019,JP3174410005
0.006770924002707424,0.006829817123798852,5.889312109142852e-05,5.889312109142852e-05,Overweighted,2019,JP3830800003
0.0017353962482563531,0.0017936161611542335,5.8219912897880316e-05,5.8219912897880316e-05,Overweighted,2019,JP3596200000
0.0006732930991942936,0.0007313033968856698,5.8010297691376265e-05,5.8010297691376265e-05,Overweighted,2019,JP3209000003
0.0011281962030991546,0.0011861180196554568,5.792181655630223e-05,5.792181655630223e-05,Overweighted,2019,JP3820000002
0.001515586192319562,0.0014582411193193895,-5.734507300017241e-05,5.734507300017241e-05,Underweighted,2019,BMG8063F1068
0.004002484741078727,0.004059734554485374,5.724981340664726e-05,5.724981340664726e-05,Overweighted,2019,JP3404600003
0.003019472399099831,0.0030762776684556833,5.680526935585234e-05,5.680526935585234e-05,Overweighted,2019,JP3165700000
0.0007385885099114712,0.0007951847501042052,5.659624019273399e-05,5.659624019273399e-05,Overweighted,2019,HK0165000859
0.0022762732552613313,0.0022197502286592386,-5.6523026602092654e-05,5.6523026602092654e-05,Underweighted,2019,HK0004000045
0.0004829447385133088,0.0004270419344492301,-5.59028040640787e-05,5.59028040640787e-05,Underweighted,2019,JP3535800001
0.0002516519042570653,0.00030629044010216735,5.463853584510204e-05,5.463853584510204e-05,Overweighted,2019,AU000000IVC8
0.0012884787039044413,0.001234675584976454,-5.3803118927987304e-05,5.3803118927987304e-05,Underweighted,2019,JP3778630008
0.0008264150628278728,0.0008801104149283046,5.36953521004318e-05,5.36953521004318e-05,Overweighted,2019,HK0200030994
0.009090118499771637,0.009036639706738037,-5.347879303359976e-05,5.347879303359976e-05,Underweighted,2019,JP3551500006
0.006549022186485449,0.006602053168993305,5.303098250785537e-05,5.303098250785537e-05,Overweighted,2019,JP3198900007
0.0013750184409385962,0.0013233581803478488,-5.166026059074736e-05,5.166026059074736e-05,Underweighted,2019,JP3595200001
0.001352908936283768,0.001301260805774066,-5.164813050970206e-05,5.164813050970206e-05,Underweighted,2019,AU0000088338
0.0010534185108099607,0.0010018214414003895,-5.1597069409571204e-05,5.1597069409571204e-05,Underweighted,2019,SG1S83002349
0.0005930213419326705,0.0005414417100572965,-5.157963187537402e-05,5.157963187537402e-05,Underweighted,2019,AU000000DOW2
0.0010896720385449726,0.0010386851335668712,-5.09869049781014e-05,5.09869049781014e-05,Underweighted,2019,JP3126340003
0.0012154331935617041,0.0012660147696292852,5.058157606758107e-05,5.058157606758107e-05,Overweighted,2019,JP3695200000
0.001912659242895031,0.0019632308718923234,5.057162899729231e-05,5.057162899729231e-05,Overweighted,2019,JP3210200006
0.0008881785746342033,0.0008380036246089313,-5.0174950025271936e-05,5.0174950025271936e-05,Underweighted,2019,JP3903000002
0.0006572544450704616,0.0007070189648783087,4.976451980784704e-05,4.976451980784704e-05,Overweighted,2019,JP3419050004
0.0025661317269612158,0.0025164369141098056,-4.969481285141018e-05,4.969481285141018e-05,Underweighted,2019,AU000000NCM7
0.0027361283187243984,0.0026865377305349317,-4.9590588189466715e-05,4.9590588189466715e-05,Underweighted,2019,JP3684000007
0.0006408197071928034,0.000689772404348812,4.8952697156008597e-05,4.8952697156008597e-05,Overweighted,2019,SG1N31909426
0.008287459335819565,0.008336259726436956,4.880039061739075e-05,4.880039061739075e-05,Overweighted,2019,JP3898400001
0.0014631498140710761,0.0015117738879015005,4.8624073830424346e-05,4.8624073830424346e-05,Overweighted,2019,JP3792600003
0.0014609594891651244,0.0015092789645249516,4.831947535982725e-05,4.831947535982725e-05,Overweighted,2019,AU000000COH5
0.009679688254706676,0.009727913469380668,4.822521467399109e-05,4.822521467399109e-05,Overweighted,2019,JP3242800005
0.0014710295079202376,0.0015189727246436421,4.7943216723404574e-05,4.7943216723404574e-05,Overweighted,2019,JP3942600002
0.004375245185198131,0.004328498352452882,-4.674683274524891e-05,4.674683274524891e-05,Underweighted,2019,JP3249600002
0.0045452600296688635,0.0045900376206552745,4.4777590986411035e-05,4.4777590986411035e-05,Overweighted,2019,JP3266400005
0.006002528821367459,0.006047066280173667,4.453745880620731e-05,4.453745880620731e-05,Overweighted,2019,JP3143600009
0.00235197635982329,0.0023957415625531307,4.376520272984059e-05,4.376520272984059e-05,Overweighted,2019,JP3967200001
0.0013388799052611467,0.0012953530876366225,-4.3526817624524186e-05,4.3526817624524186e-05,Underweighted,2019,AU000000APA1
0.000601450442279075,0.0005581384709793879,-4.3311971299687143e-05,4.3311971299687143e-05,Underweighted,2019,JP3118000003
0.001270685964585093,0.0013139850595261012,4.3299094941008295e-05,4.3299094941008295e-05,Overweighted,2019,JP3688370000
0.008684862760401682,0.008641719576332594,-4.314318406908879e-05,4.314318406908879e-05,Underweighted,2019,JP3371200001
0.001377887766565393,0.0014208820652665932,4.299429870120025e-05,4.299429870120025e-05,Overweighted,2019,BMG668971101
0.00045704779704193883,0.0004142544384973607,-4.279335854457815e-05,4.279335854457815e-05,Underweighted,2019,JP3350800003
0.0022031273550270716,0.002160501208093139,-4.2626146933932504e-05,4.2626146933932504e-05,Underweighted,2019,HK0083000502
0.0007998902282167967,0.0008423280347319676,4.2437806515170824e-05,4.2437806515170824e-05,Overweighted,2019,JP3935600001
0.0005820879701104613,0.0006235100719573693,4.142210184690802e-05,4.142210184690802e-05,Overweighted,2019,JP3600200004
0.0003683195603725871,0.0003269440240360345,-4.137553633655255e-05,4.137553633655255e-05,Underweighted,2019,NZSKCE0001S2
0.0005839880769663745,0.0006253599992874877,4.137192232111326e-05,4.137192232111326e-05,Overweighted,2019,JP3769000005
0.0005947571744206373,0.0005536907478214703,-4.106642659916699e-05,4.106642659916699e-05,Underweighted,2019,BMG2108M2182
0.003296679919197089,0.00333737273585906,4.0692816661970846e-05,4.0692816661970846e-05,Overweighted,2019,JP3421800008
0.0006421010472627852,0.0006818238941293146,3.972284686652933e-05,3.972284686652933e-05,Overweighted,2019,JP3549600009
0.00023346125591313573,0.0002730175357121957,3.955627979905998e-05,3.955627979905998e-05,Overweighted,2019,HK0242001243
0.0010131037556451632,0.0009741665634281047,-3.8937192217058524e-05,3.8937192217058524e-05,Underweighted,2019,JP3405400007
0.0006235946270782475,0.0006624342105190663,3.883958344081881e-05,3.883958344081881e-05,Overweighted,2019,JP3765400001
0.0014109306430424306,0.0014496041857755117,3.867354273308105e-05,3.867354273308105e-05,Overweighted,2019,JP3357200009
0.0009620728358779966,0.0009238526198746317,-3.8220216003364877e-05,3.8220216003364877e-05,Underweighted,2019,JP3385980002
0.0012224513596145246,0.0012606064349909704,3.815507537644576e-05,3.815507537644576e-05,Overweighted,2019,JP3711600001
0.006041907212634963,0.006079906602417065,3.7999389782102794e-05,3.7999389782102794e-05,Overweighted,2019,JP3914400001
0.0012064291329274873,0.0011691184669374143,-3.731066599007302e-05,3.731066599007302e-05,Underweighted,2019,JP3269600007
0.004797718703599622,0.00476047917399273,-3.723952960689187e-05,3.723952960689187e-05,Underweighted,2019,JP3505000004
0.008523402959959446,0.008486191337064663,-3.7211622894783164e-05,3.7211622894783164e-05,Underweighted,2019,JP3463000004
0.000277514165584091,0.00024163974575048202,-3.587441983360899e-05,3.587441983360899e-05,Underweighted,2019,HK0000139300
0.00037350697985818283,0.0003377838131248707,-3.5723166733312144e-05,3.5723166733312144e-05,Underweighted,2019,AU000000CSR5
0.0009517618813832284,0.0009873208426403157,3.555896125708726e-05,3.555896125708726e-05,Overweighted,2019,JP3743000006
0.004607472558080914,0.004642354316499228,3.488175841831389e-05,3.488175841831389e-05,Overweighted,2019,JP3475350009
0.006656295174025193,0.006621482207258921,-3.4812966766272456e-05,3.4812966766272456e-05,Underweighted,2019,JP3866800000
3.401392051867624e-05,4.2171775169929976e-16,-3.401392051825452e-05,3.401392051825452e-05,Underweighted,2019,AU0000038911
0.00036935813943215915,0.0003354324862359628,-3.392565319619632e-05,3.392565319619632e-05,Underweighted,2019,JP3452000007
0.0003053897005538373,0.00033929299859491687,3.390329804107956e-05,3.390329804107956e-05,Overweighted,2019,JP3619800000
0.0013194590244283743,0.0013532446467175428,3.378562228916848e-05,3.378562228916848e-05,Overweighted,2019,JP3493800001
0.0013979255889133419,0.0014310580446709879,3.3132455757645986e-05,3.3132455757645986e-05,Overweighted,2019,AU000000DXS1
0.0021301877103881224,0.0020972534804924586,-3.293422989566379e-05,3.293422989566379e-05,Underweighted,2019,AU000000QBE9
0.0038416820381082764,0.0038092921188546277,-3.238991925364875e-05,3.238991925364875e-05,Underweighted,2019,AU000000TCL6
0.0054882752135943244,0.005456253960420885,-3.202125317343981e-05,3.202125317343981e-05,Underweighted,2019,JP3571400005
0.011651666971867147,0.011683278377697646,3.161140583049851e-05,3.161140583049851e-05,Overweighted,2019,JP3854600008
0.0004919926056456445,0.0005235535251725661,3.156091952692154e-05,3.156091952692154e-05,Overweighted,2019,HK0000745908
0.0034441490193025575,0.0034126266050194757,-3.152241428308177e-05,3.152241428308177e-05,Underweighted,2019,HK0006000050
0.0016211635033279478,0.0016514518348764709,3.028833154852307e-05,3.028833154852307e-05,Overweighted,2019,AU000000STO6
0.01943098735694269,0.019400898107737218,-3.0089249205472735e-05,3.0089249205472735e-05,Underweighted,2019,JP3902900004
0.006326304474236007,0.006356035859777085,2.9731385541078084e-05,2.9731385541078084e-05,Overweighted,2019,AU000000TLS2
0.0008308741992822397,0.0008015821034299304,-2.929209585230926e-05,2.929209585230926e-05,Underweighted,2019,AU000000BEN6
7.027657460746297e-05,9.935713667486129e-05,2.908056206739832e-05,2.908056206739832e-05,Overweighted,2019,AU000000MAH3
0.0011866085177993787,0.0011577815618398811,-2.8826955959497568e-05,2.8826955959497568e-05,Underweighted,2019,JP3605400005
0.0023128425548369514,0.0022840905465803967,-2.8752008256554672e-05,2.8752008256554672e-05,Underweighted,2019,JP3900000005
0.0016775661949269612,0.0017059553698879225,2.8389174960961275e-05,2.8389174960961275e-05,Overweighted,2019,SG1R89002252
0.0015767053835493915,0.0016031995966967487,2.649421314735714e-05,2.649421314735714e-05,Overweighted,2019,JP3414750004
0.009470740385032652,0.009445186350812537,-2.5554034220115138e-05,2.5554034220115138e-05,Underweighted,2019,KYG217651051
0.007926181670019614,0.007951294190572571,2.5112520552957387e-05,2.5112520552957387e-05,Overweighted,2019,HK0688002218
0.001598528320695691,0.0015734984082303553,-2.502991246533569e-05,2.502991246533569e-05,Underweighted,2019,JP3675600005
0.0015104060739169858,0.0014854307057946545,-2.4975368122331226e-05,2.4975368122331226e-05,Underweighted,2019,AU000000SHL7
0.0015943630528328727,0.0016192709392633617,2.4907886430488918e-05,2.4907886430488918e-05,Overweighted,2019,JP3626800001
0.0008753816013711798,0.0008999127249522171,2.4531123581037276e-05,2.4531123581037276e-05,Overweighted,2019,JP3268950007
0.0016182704491813364,0.0016418579952766567,2.3587546095320266e-05,2.3587546095320266e-05,Overweighted,2019,JP3868400007
0.0010675552328071245,0.0010446254287825869,-2.292980402453758e-05,2.292980402453758e-05,Underweighted,2019,BMG677491539
0.007255456726777547,0.007278342612684853,2.2885885907305246e-05,2.2885885907305246e-05,Overweighted,2019,AU000000WES1
0.0018530020935399241,0.0018301478156290052,-2.285427791091899e-05,2.285427791091899e-05,Underweighted,2019,JP3112000009
0.0022664551238704028,0.002244287777386585,-2.2167346483817785e-05,2.2167346483817785e-05,Underweighted,2019,JP3420600003
0.0011043946724544785,0.0010826251445613473,-2.176952789313116e-05,2.176952789313116e-05,Underweighted,2019,HK0014000126
0.00045250469813284386,0.0004311782485029054,-2.132644962993843e-05,2.132644962993843e-05,Underweighted,2019,AU000000MTS0
0.012399522381401549,0.01242055937134465,2.103698994310177e-05,2.103698994310177e-05,Overweighted,2019,AU000000ANZ3
0.005247403358416052,0.0052269465229884534,-2.045683542759892e-05,2.045683542759892e-05,Underweighted,2019,JP3519400000
0.000861933006448636,0.0008823464268762581,2.041342042762213e-05,2.041342042762213e-05,Overweighted,2019,JP3300600008
0.0044862654535978074,0.004466078761056782,-2.0186692541025557e-05,2.0186692541025557e-05,Underweighted,2019,JP3200450009
0.0015654252102837397,0.0015452512003361972,-2.0174009947542546e-05,2.0174009947542546e-05,Underweighted,2019,AU000000ASX7
0.0023320060724932746,0.002352092186867693,2.0086114374418245e-05,2.0086114374418245e-05,Overweighted,2019,JP3818000006
0.007276761287029439,0.007296672288021376,1.9911000991937496e-05,1.9911000991937496e-05,Overweighted,2019,JP3902400005
0.0004948455038356468,0.00047531658467442876,-1.9528919161217997e-05,1.9528919161217997e-05,Underweighted,2019,JP3274400005
0.00259410582655173,0.002612710435629136,1.860460907740589e-05,1.860460907740589e-05,Overweighted,2019,AU000000SUN6
0.004802267278320981,0.004784434158992303,-1.7833119328677233e-05,1.7833119328677233e-05,Underweighted,2019,JP3899600005
0.00979539581840509,0.009812912710417183,1.751689201209307e-05,1.751689201209307e-05,Overweighted,2019,HK2388011192
0.0002962834247573428,0.00027881853047161185,-1.746489428573094e-05,1.746489428573094e-05,Underweighted,2019,JP3421100003
0.005040043474298842,0.005057411242882217,1.7367768583375666e-05,1.7367768583375666e-05,Overweighted,2019,HK0003000038
0.0009081999695453575,0.0008909110776074576,-1.728889193789991e-05,1.728889193789991e-05,Underweighted,2019,JP3131430005
0.011961782298405575,0.011944662150923586,-1.7120147481989104e-05,1.7120147481989104e-05,Underweighted,2019,JP3726800000
0.020523640062630515,0.020506649414222387,-1.699064840812725e-05,1.699064840812725e-05,Underweighted,2019,AU000000CBA7
0.0025324043739510683,0.0025493401037748795,1.6935729823811235e-05,1.6935729823811235e-05,Overweighted,2019,AU000000IAG3
0.0008071237762187024,0.000791230132793493,-1.5893643425209385e-05,1.5893643425209385e-05,Underweighted,2019,JP3870400003
0.0010053536560196037,0.001021130317951656,1.5776661932052254e-05,1.5776661932052254e-05,Overweighted,2019,JP3667600005
0.0007409650124344288,0.0007253606723948311,-1.5604340039597725e-05,1.5604340039597725e-05,Underweighted,2019,NZFBUE0001S0
0.0006753848594794775,0.0006603919796358922,-1.4992879843585272e-05,1.4992879843585272e-05,Underweighted,2019,JP3270000007
0.0007788448564121101,0.0007639229401457331,-1.4921916266376995e-05,1.4921916266376995e-05,Underweighted,2019,JP3358200008
0.000523724937720621,0.0005088270360930545,-1.4897901627566488e-05,1.4897901627566488e-05,Underweighted,2019,JP3326410002
0.006197170218864109,0.006211038620167663,1.3868401303553969e-05,1.3868401303553969e-05,Overweighted,2019,HK0066009694
0.0020153927820671896,0.002029249219157274,1.3856437090084203e-05,1.3856437090084203e-05,Overweighted,2019,AU000000RHC8
0.0013729960409421006,0.0013594809701162505,-1.3515070825850144e-05,1.3515070825850144e-05,Underweighted,2019,JP3260800002
0.008570681123054416,0.008583995132448214,1.331400939379862e-05,1.331400939379862e-05,Overweighted,2019,JP3734800000
0.005238287956265782,0.005250972767224604,1.2684810958821582e-05,1.2684810958821582e-05,Overweighted,2019,AU000000WOW2
0.0004317897003348048,0.0004198512808847911,-1.1938419450013696e-05,1.1938419450013696e-05,Underweighted,2019,AU000000CWY3
0.0009619450669251493,0.0009737611818020233,1.181611487687396e-05,1.181611487687396e-05,Overweighted,2019,KYG5427W1309
0.0024214005329881868,0.0024096149728326144,-1.1785560155572368e-05,1.1785560155572368e-05,Underweighted,2019,JP3486800000
0.0030904243238866294,0.0031021359777823887,1.171165389575934e-05,1.171165389575934e-05,Overweighted,2019,JP3160400002
0.0014707119108088747,0.0014823481674674614,1.1636256658586726e-05,1.1636256658586726e-05,Overweighted,2019,JP3173400007
0.0015540409965850554,0.00154249084825765,-1.1550148327405408e-05,1.1550148327405408e-05,Underweighted,2019,JP3180400008
0.001210269502595923,0.0012216718264875218,1.1402323891598854e-05,1.1402323891598854e-05,Overweighted,2019,SG1J26887955
0.00044337651908728975,0.00043286979236504424,-1.0506726722245502e-05,1.0506726722245502e-05,Underweighted,2019,JP3352400000
0.007887321655646519,0.00789751469347855,1.0193037832031265e-05,1.0193037832031265e-05,Overweighted,2019,SG1T75931496
0.003317750844792345,0.0033278657471549626,1.0114902362617657e-05,1.0114902362617657e-05,Overweighted,2019,JP3111200006
0.0029391805638599037,0.002929278558580011,-9.902005279892843e-06,9.902005279892843e-06,Underweighted,2019,JP3621000003
0.001411724635820838,0.0014213238034605884,9.599167639750281e-06,9.599167639750281e-06,Overweighted,2019,JP3322930003
0.0010799962782729307,0.0010891909848136077,9.194706540677005e-06,9.194706540677005e-06,Overweighted,2019,JP3799000009
0.0029130299097535946,0.002922160555037167,9.130645283572224e-06,9.130645283572224e-06,Overweighted,2019,HK0000608585
0.0019432161006038133,0.001934720923431563,-8.495177172250252e-06,8.495177172250252e-06,Underweighted,2019,JP3119600009
0.00218889206840914,0.002180582066860571,-8.310001548569087e-06,8.310001548569087e-06,Underweighted,2019,JP3539220008
0.0022334213737471398,0.002241092876803924,7.671503056784056e-06,7.671503056784056e-06,Overweighted,2019,AU000000AMP6
0.0019391658247985574,0.0019316188136085195,-7.547011190037938e-06,7.547011190037938e-06,Underweighted,2019,JP3940000007
0.00013385805608573333,0.00014127135730490745,7.4133012191741204e-06,7.4133012191741204e-06,Overweighted,2019,AU000000SIG5
0.000493976674956286,0.0004868135622991703,-7.163112657115704e-06,7.163112657115704e-06,Underweighted,2019,JP3742600004
0.0007072248825289966,0.0007003321708616036,-6.892711667392973e-06,6.892711667392973e-06,Underweighted,2019,JP3819400007
0.0005914753376032196,0.0005983301626824045,6.854825079184918e-06,6.854825079184918e-06,Overweighted,2019,JP3215800008
0.0014793016349817156,0.0014724470776409351,-6.854557340780446e-06,6.854557340780446e-06,Underweighted,2019,HK0144000764
0.0005259170878973277,0.0005327515856996482,6.834497802320465e-06,6.834497802320465e-06,Overweighted,2019,JP3811000003
0.003466583422151769,0.003472223563430957,5.6401412791879e-06,5.6401412791879e-06,Overweighted,2019,HK0823032773
0.0005213192308655839,0.0005161398818167452,-5.179349048838782e-06,5.179349048838782e-06,Underweighted,2019,NZCENE0001S6
0.0010517885440257816,0.0010471241351369912,-4.664408888790375e-06,4.664408888790375e-06,Underweighted,2019,AU000000ORI1
0.0002556145670660831,0.0002512665060305353,-4.348061035547811e-06,4.348061035547811e-06,Underweighted,2019,AU000000MND5
0.0010957355879929493,0.0010916867962273051,-4.048791765644136e-06,4.048791765644136e-06,Underweighted,2019,JP3786200000
0.0007124506327004466,0.0007084855120024048,-3.965120698041819e-06,3.965120698041819e-06,Underweighted,2019,JP3835620000
0.002192038835190691,0.00218898904588272,-3.04978930797074e-06,3.04978930797074e-06,Underweighted,2019,SG1U68934629
0.001207400176969126,0.0012098070916614365,2.4069146923105453e-06,2.4069146923105453e-06,Overweighted,2019,JP3629000005
0.00502353024977872,0.005025502330352759,1.9720805740390188e-06,1.9720805740390188e-06,Overweighted,2019,HK0012000102
0.0006836898414145447,0.000681853058784629,-1.8367826299156955e-06,1.8367826299156955e-06,Underweighted,2019,JP3456000003
0.0007950751639652127,0.0007936710178197174,-1.4041461454953252e-06,1.4041461454953252e-06,Underweighted,2019,JP3544000007
0.00039456695382890925,0.00039528728249851565,7.20328669606403e-07,7.20328669606403e-07,Overweighted,2019,JP3148800000
0.0021871525853796635,0.0021875792282928597,4.266429131961902e-07,4.266429131961902e-07,Overweighted,2019,JP3401400001
0.0010146319746919695,0.0045325669315081285,0.0035179349568161588,0.0035179349568161588,Overweighted,2020,JP3305990008
0.0034164326653653475,0.002120342949508171,-0.0012960897158571763,0.0012960897158571763,Underweighted,2020,JP3381000003
0.0020795439709847523,0.0009115113222714929,-0.0011680326487132596,0.0011680326487132596,Underweighted,2020,JP3386030005
0.0019340247534830105,0.0008162593778164497,-0.0011177653756665607,0.0011177653756665607,Underweighted,2020,JP3585800000
0.000909108454530736,2.6457583048152725e-12,-0.0009091084518849777,0.0009091084518849777,Underweighted,2020,JP3551200003
0.000859680165576191,0.0,-0.000859680165576191,0.000859680165576191,Removed,2020,JP3449020001
0.001202350673304286,0.0003891418368514958,-0.0008132088364527902,0.0008132088364527902,Underweighted,2020,HK0293001514
0.0022861099843080866,0.0015006323965559652,-0.0007854775877521214,0.0007854775877521214,Underweighted,2020,JP3526600006
0.0017797082694180615,0.0010975835865348156,-0.0006821246828832459,0.0006821246828832459,Underweighted,2020,AU000000ORG5
0.0007291724877910826,4.772737561548993e-05,-0.0006814451121755927,0.0006814451121755927,Underweighted,2020,JP3903000002
0.0006783663376325508,2.938873254141868e-11,-0.0006783663082438183,0.0006783663082438183,Underweighted,2020,SG1R50925390
0.0016995759119913909,0.0010293526440637126,-0.0006702232679276783,0.0006702232679276783,Underweighted,2020,SG1V61937297
0.01268549359670871,0.013349073430117413,0.0006635798334087041,0.0006635798334087041,Overweighted,2020,JP3435000009
0.00368121232186173,0.0043189241127278895,0.0006377117908661595,0.0006377117908661595,Overweighted,2020,US89677Q1076
0.0015495915506167867,0.0021483757165886522,0.0005987841659718656,0.0005987841659718656,Overweighted,2020,JP3973400009
0.0005494013084864879,0.0011385242857445525,0.0005891229772580646,0.0005891229772580646,Overweighted,2020,JP3166000004
0.0005758824507613804,4.389371813097029e-11,-0.0005758824068676623,0.0005758824068676623,Underweighted,2020,JP3362700001
0.00025698699766980046,0.0008320624504015208,0.0005750754527317204,0.0005750754527317204,Overweighted,2020,JP3579800008
0.0005681572952214489,1.021659777190541e-06,-0.0005671356354442583,0.0005671356354442583,Underweighted,2020,JP3118000003
0.0005602038197413755,7.385459727304187e-11,-0.0005602037458867782,0.0005602037458867782,Underweighted,2020,JP3289800009
0.0009615545374767218,0.0004093624578326568,-0.000552192079644065,0.000552192079644065,Underweighted,2020,AU000000BSL0
0.0005491531346385076,0.0,-0.0005491531346385076,0.0005491531346385076,Removed,2020,JP3753000003
0.0004065603831521493,0.0009369533793573028,0.0005303929962051535,0.0005303929962051535,Overweighted,2020,BMG4600H1198
0.014856456871726278,0.015385875575957768,0.0005294187042314893,0.0005294187042314893,Overweighted,2020,AU000000BHP4
0.0009833739821911518,0.00047736477779986963,-0.0005060092043912822,0.0005060092043912822,Underweighted,2020,JP3522200009
0.000377138877126386,0.0008806413471995499,0.0005035024700731638,0.0005035024700731638,Overweighted,2020,JP3718800000
0.002721287790218543,0.0032171972327881483,0.0004959094425696052,0.0004959094425696052,Overweighted,2020,JP3228600007
0.0020841838292465927,0.001603238176716196,-0.00048094565253039667,0.00048094565253039667,Underweighted,2020,HK0019000162
0.002425605526171651,0.0028987392003358013,0.00047313367416415043,0.00047313367416415043,Overweighted,2020,JP3137200006
0.00047075799414769936,0.0,-0.00047075799414769936,0.00047075799414769936,Removed,2020,JP3158800007
0.0012461622917313404,0.0007771207466539073,-0.00046904154507743307,0.00046904154507743307,Underweighted,2020,AU000000QAN2
0.0004887436492585292,0.0009303221738546771,0.00044157852459614786,0.00044157852459614786,Overweighted,2020,SGXE34184239
0.00042279889437319784,0.0,-0.00042279889437319784,0.00042279889437319784,Removed,2020,AU000000ABC7
0.0019823650482880097,0.0024033785761801893,0.00042101352789217965,0.00042101352789217965,Overweighted,2020,HK0000055878
0.0009973511333094037,0.0005835917073009914,-0.00041375942600841234,0.00041375942600841234,Underweighted,2020,JP3368000000
0.00274468164982456,0.002333948568183185,-0.000410733081641375,0.000410733081641375,Underweighted,2020,JP3294460005
0.004329809710081345,0.004735636517947305,0.0004058268078659605,0.0004058268078659605,Overweighted,2020,JP3814000000
0.0012674159000723752,0.001665201047333046,0.0003977851472606708,0.0003977851472606708,Overweighted,2020,JP3293200006
0.0009504303929148519,0.0013457190493109902,0.00039528865639613833,0.00039528865639613833,Overweighted,2020,JP3134800006
0.00048151484141455847,0.00010639851906488826,-0.0003751163223496702,0.0003751163223496702,Underweighted,2020,MU0117U00026
0.0005985099495248344,0.0009692988402775089,0.00037078889075267446,0.00037078889075267446,Overweighted,2020,JP3493400000
0.001717750179226686,0.0020837465181141046,0.0003659963388874185,0.0003659963388874185,Overweighted,2020,SG1F60858221
0.006990844860791833,0.0066254953012188054,-0.0003653495595730277,0.0003653495595730277,Underweighted,2020,HK0000049939
0.00461476689311392,0.004976750944606683,0.00036198405149276327,0.00036198405149276327,Overweighted,2020,JP3837800006
0.0009003409688292872,0.0012621558558108196,0.0003618148869815324,0.0003618148869815324,Overweighted,2020,JP3613400005
0.0003026172340548546,0.0006596231772594524,0.0003570059432045978,0.0003570059432045978,Overweighted,2020,AU000000SGM7
0.0007095330021573117,0.0003544319420620565,-0.0003551010600952552,0.0003551010600952552,Underweighted,2020,JP3404200002
0.00035264908180768776,0.0,-0.00035264908180768776,0.00035264908180768776,Removed,2020,JP3400900001
0.003010142295359801,0.00336181990253357,0.00035167760717376905,0.00035167760717376905,Overweighted,2020,JP3756100008
0.00034476509500504883,1.4999322012372314e-11,-0.00034476508000572684,0.00034476508000572684,Underweighted,2020,JP3845400005
0.0009025030593928919,0.0005595371106092658,-0.0003429659487836261,0.0003429659487836261,Underweighted,2020,JP3499800005
0.0003370419248559012,0.0,-0.0003370419248559012,0.0003370419248559012,Removed,2020,JP3625000009
0.0009291430329304916,0.0012656822445677091,0.0003365392116372176,0.0003365392116372176,Overweighted,2020,JP3663900003
0.0011788118801710483,0.0008497970984886096,-0.0003290147816824387,0.0003290147816824387,Underweighted,2020,JP3414750004
0.0008217611869955815,0.0004936881421025845,-0.000328073044892997,0.000328073044892997,Underweighted,2020,BMG677491539
0.0013181386638179856,0.0009904788274901315,-0.0003276598363278541,0.0003276598363278541,Underweighted,2020,JP3605400005
0.005781849084534027,0.0054554624275149986,-0.0003263866570190283,0.0003263866570190283,Underweighted,2020,HK0002007356
0.00463611580021258,0.004318261578138402,-0.00031785422207417785,0.00031785422207417785,Underweighted,2020,JP3160400002
0.00047977563908791236,0.0001627162556775134,-0.000317059383410399,0.000317059383410399,Underweighted,2020,JP3870000001
0.00218078103244367,0.0018659882303274007,-0.0003147928021162692,0.0003147928021162692,Underweighted,2020,JP3256000005
0.0018126081800971167,0.0021205168779059413,0.0003079086978088246,0.0003079086978088246,Overweighted,2020,JP3283650004
0.00030638749115337164,2.3480590988566998e-11,-0.00030638746767278063,0.00030638746767278063,Underweighted,2020,JP3850200001
0.0017962545162106057,0.0021023768785078563,0.0003061223622972506,0.0003061223622972506,Overweighted,2020,JP3197800000
0.002099088157860899,0.002400771041557169,0.00030168288369626997,0.00030168288369626997,Overweighted,2020,JP3443600006
0.00121889692009683,0.0015192801637339797,0.0003003832436371497,0.0003003832436371497,Overweighted,2020,BMG524401079
0.0006708556042972744,0.00038062220875817015,-0.0002902333955391042,0.0002902333955391042,Underweighted,2020,JP3977400005
0.0009164107218337092,0.0006290794716410832,-0.000287331250192626,0.000287331250192626,Underweighted,2020,JP3595200001
0.0035394117412981246,0.0038254102916946454,0.0002859985503965209,0.0002859985503965209,Overweighted,2020,JP3814800003
0.004830644389213476,0.005115347150128502,0.0002847027609150258,0.0002847027609150258,Overweighted,2020,JP3351600006
0.0003089625430000155,0.000593607421752884,0.00028464487875286856,0.00028464487875286856,Overweighted,2020,JP3156400008
0.0004334266912391072,0.0001547380495720255,-0.0002786886416670817,0.0002786886416670817,Underweighted,2020,BMG2108M2182
0.0010070775627594485,0.0007322538984253993,-0.00027482366433404925,0.00027482366433404925,Underweighted,2020,JP3511800009
0.001956819025072307,0.0022307948491154654,0.00027397582404315845,0.00027397582404315845,Overweighted,2020,SGXE21576413
0.0027589784488590108,0.0030308529720518293,0.00027187452319281857,0.00027187452319281857,Overweighted,2020,JP3551520004
0.00020722317767278602,0.00047455833301049026,0.00026733515533770423,0.00026733515533770423,Overweighted,2020,AU000000MND5
0.0051119424970314286,0.005377849481286627,0.0002659069842551988,0.0002659069842551988,Overweighted,2020,JP3397200001
0.0004129414291314194,0.0001482566810770285,-0.00026468474805439095,0.00026468474805439095,Underweighted,2020,NZAIRE0001S2
0.008875322201873268,0.00913476267504473,0.00025944047317146175,0.00025944047317146175,Overweighted,2020,JP3566800003
0.0008058323967368125,0.0010611976422717352,0.0002553652455349227,0.0002553652455349227,Overweighted,2020,JP3224200000
0.0010142190134089302,0.0007592757881752612,-0.00025494322523366905,0.00025494322523366905,Underweighted,2020,NZTELE0001S4
0.00396565528868129,0.00421778816706266,0.0002521328783813698,0.0002521328783813698,Overweighted,2020,JP3347200002
0.012690715174470216,0.012941770004779463,0.00025105483030924726,0.00025105483030924726,Overweighted,2020,AU000000CSL8
0.0026894560197811947,0.0029381711561395304,0.0002487151363583357,0.0002487151363583357,Overweighted,2020,JP3762600009
0.006839500506730297,0.0070871842937114266,0.00024768378698112985,0.00024768378698112985,Overweighted,2020,JP3205800000
0.004331850691807136,0.004084647120218598,-0.00024720357158853744,0.00024720357158853744,Underweighted,2020,JP3546800008
0.0005481108044769902,0.000793323620623966,0.0002452128161469758,0.0002452128161469758,Overweighted,2020,JP3164800009
0.00025975860320404467,0.0005046786646255665,0.0002449200614215219,0.0002449200614215219,Overweighted,2020,JP3619800000
0.001695061133348933,0.0019390543942864652,0.0002439932609375323,0.0002439932609375323,Overweighted,2020,JP3502200003
0.0005808379861578515,0.00033785025664875986,-0.00024298772950909165,0.00024298772950909165,Underweighted,2020,NZFBUE0001S0
0.00023548521548078522,1.588723969631222e-11,-0.00023548519959354553,0.00023548519959354553,Underweighted,2020,JP3223800008
0.01418879179041864,0.013955631712566221,-0.00023316007785241857,0.00023316007785241857,Underweighted,2020,JP3902900004
0.007075811644777161,0.006843391372585221,-0.00023242027219193967,0.00023242027219193967,Underweighted,2020,JP3371200001
0.0035829612881417123,0.0038137583884693673,0.00023079710032765507,0.00023079710032765507,Overweighted,2020,JP3409000001
0.000353995176759133,0.0005828681739077597,0.00022887299714862666,0.00022887299714862666,Overweighted,2020,JP3320800000
0.016882538239683716,0.017110092567835803,0.0002275543281520867,0.0002275543281520867,Overweighted,2020,JP3436100006
0.0027909630943867146,0.0030184225980430103,0.00022745950365629566,0.00022745950365629566,Overweighted,2020,JP3659000008
0.0010356930001269716,0.00080868591627034,-0.0002270070838566316,0.0002270070838566316,Underweighted,2020,JP3720800006
0.009529494567413914,0.009755629403349017,0.0002261348359351035,0.0002261348359351035,Overweighted,2020,HK0016000132
0.0013705172434773207,0.0015959823143503013,0.00022546507087298066,0.00022546507087298066,Overweighted,2020,JP3598600009
0.0013520292844981785,0.001126748566782143,-0.00022528071771603549,0.00022528071771603549,Underweighted,2020,JP3657400002
0.0007535630135705887,0.0009781850932819743,0.00022462207971138556,0.00022462207971138556,Overweighted,2020,JP3131430005
0.006806860682243924,0.006582789059015903,-0.00022407162322802144,0.00022407162322802144,Underweighted,2020,JP3519400000
0.007899941402977867,0.007675941476630953,-0.000223999926346914,0.000223999926346914,Underweighted,2020,JP3756600007
0.00034820577723344804,0.0005717003870091595,0.00022349460977571145,0.00022349460977571145,Overweighted,2020,JP3491000000
0.002531680984970792,0.0023087647917758433,-0.00022291619319494884,0.00022291619319494884,Underweighted,2020,IE00BKVD2N49
0.0008344756295753094,0.0006133601517171419,-0.00022111547785816756,0.00022111547785816756,Underweighted,2020,AU000000BLD2
0.0037730167917066114,0.003992769707506178,0.00021975291579956653,0.00021975291579956653,Overweighted,2020,JP3951600000
0.0013315638762983293,0.0011146214748268752,-0.0002169424014714541,0.0002169424014714541,Underweighted,2020,JP3675600005
0.0016856702349413576,0.001470147854943283,-0.00021552237999807457,0.00021552237999807457,Underweighted,2020,JP3119600009
0.0003887692963381359,0.00017335510090403684,-0.00021541419543409906,0.00021541419543409906,Underweighted,2020,JP3638600001
0.001500725127254069,0.0012857712927036894,-0.0002149538345503797,0.0002149538345503797,Underweighted,2020,JP3112000009
0.00021444801473518923,0.0,-0.00021444801473518923,0.00021444801473518923,Removed,2020,JP3421100003
0.0005630191038728643,0.0003501520868653567,-0.0002128670170075076,0.0002128670170075076,Underweighted,2020,JP3243600008
0.006082506737885228,0.005870634343664647,-0.00021187239422058163,0.00021187239422058163,Underweighted,2020,JP3942400007
8.091063061393689e-05,0.0002921116957459065,0.0002112010651319696,0.0002112010651319696,Overweighted,2020,AU000000SIG5
0.0008861891033220573,0.0010964842560626286,0.00021029515274057127,0.00021029515274057127,Overweighted,2020,JP3820000002
0.0004062943407871144,0.0006124828930733959,0.00020618855228628143,0.00020618855228628143,Overweighted,2020,JP3148800000
0.007727460578631542,0.007522222967207727,-0.00020523761142381483,0.00020523761142381483,Underweighted,2020,KYG217651051
0.000761254417467195,0.0009635059998618292,0.00020225158239463423,0.00020225158239463423,Overweighted,2020,SG1N31909426
0.00353344167121111,0.003735277364712607,0.00020183569350149672,0.00020183569350149672,Overweighted,2020,JP3388200002
0.0003300473931244238,0.0001291242753380548,-0.00020092311778636897,0.00020092311778636897,Underweighted,2020,JP3274400005
0.00022006269987189604,0.0004203300484029472,0.00020026734853105115,0.00020026734853105115,Overweighted,2020,JP3194000000
0.0005296744656582281,0.00033001933422283287,-0.0001996551314353952,0.0001996551314353952,Underweighted,2020,AU000000CWY3
0.008979370576682107,0.009173532625289154,0.00019416204860704667,0.00019416204860704667,Overweighted,2020,JP3898400001
0.00033877517101019573,0.0005322112894632922,0.00019343611845309646,0.00019343611845309646,Overweighted,2020,AU000000BWP3
0.001597439468507393,0.0014042305617541903,-0.00019320890675320274,0.00019320890675320274,Underweighted,2020,JP3180400008
0.00221003576564359,0.0020180818072320027,-0.00019195395841158742,0.00019195395841158742,Underweighted,2020,JP3407400005
0.0002993016314458375,0.0004885278643086079,0.00018922623286277037,0.00018922623286277037,Overweighted,2020,JP3678000005
0.003948162010484852,0.004135517115063794,0.00018735510457894115,0.00018735510457894115,Overweighted,2020,JP3200450009
0.0020136071576625568,0.0022005126616310086,0.00018690550396845184,0.00018690550396845184,Overweighted,2020,JP3538800008
0.007014056064445736,0.007200406228381905,0.00018635016393616852,0.00018635016393616852,Overweighted,2020,JP3783600004
0.0003385766319318115,0.0005242995720939693,0.0001857229401621578,0.0001857229401621578,Overweighted,2020,JP3385820000
0.0009492947493864938,0.0007649333244598446,-0.00018436142492664917,0.00018436142492664917,Underweighted,2020,AU000000ORI1
0.007611825463208198,0.0077952268567516,0.00018340139354340156,0.00018340139354340156,Overweighted,2020,JP3242800005
0.002207631457404357,0.002390644008353308,0.00018301255094895115,0.00018301255094895115,Overweighted,2020,JP3635000007
0.0007497609902195302,0.0009314767950564313,0.00018171580483690105,0.00018171580483690105,Overweighted,2020,JP3040890000
0.0005481505122926671,0.0003674118280918126,-0.0001807386842008545,0.0001807386842008545,Underweighted,2020,JP3549600009
0.0008870666460485157,0.001067661843973994,0.00018059519792547817,0.00018059519792547817,Overweighted,2020,JP3600200004
0.009077587858758798,0.009257584660289492,0.00017999680153069422,0.00017999680153069422,Overweighted,2020,SG1L01001701
0.0006561279754627301,0.000834828126195303,0.00017870015073257297,0.00017870015073257297,Overweighted,2020,BMG2442N1048
0.0015144441775704212,0.0013372193263343896,-0.00017722485123603166,0.00017722485123603166,Underweighted,2020,JP3419400001
0.0003222984128950861,0.00014542025318077843,-0.0001768781597143077,0.0001768781597143077,Underweighted,2020,AU000000MTS0
0.0006378881903315682,0.0008138441228918188,0.00017595593256025058,0.00017595593256025058,Overweighted,2020,HK0165000859
0.00017383684625168913,9.269383199708434e-11,-0.00017383675355785714,0.00017383675355785714,Underweighted,2020,BMG684371393
0.00045220650266347424,0.00027867932320691213,-0.0001735271794565621,0.0001735271794565621,Underweighted,2020,AU000000OZL8
0.0007036165376214608,0.0008768596682971111,0.00017324313067565032,0.00017324313067565032,Overweighted,2020,HK0200030994
0.007073375570285386,0.006901561132042165,-0.0001718144382432214,0.0001718144382432214,Underweighted,2020,JP3734800000
0.005262347761252208,0.0054340686368645474,0.00017172087561233979,0.00017172087561233979,Overweighted,2020,AU000000WES1
0.003632586130783858,0.0038039607161411775,0.00017137458535731965,0.00017137458535731965,Overweighted,2020,JP3592200004
0.0013325605424718181,0.0015012204753962152,0.00016865993292439706,0.00016865993292439706,Overweighted,2020,JP3358800005
0.0002221592725396338,0.00039042423432162466,0.00016826496178199086,0.00016826496178199086,Overweighted,2020,JP3389900006
0.0025835056406014354,0.002416160650327793,-0.00016734499027364243,0.00016734499027364243,Underweighted,2020,JP3358000002
0.002088456390213422,0.0022548756840049893,0.00016641929379156714,0.00016641929379156714,Overweighted,2020,JP3967200001
0.00016528775353646293,0.0,-0.00016528775353646293,0.00016528775353646293,Removed,2020,BMG8403G1033
0.0006844317064771899,0.0008479953795276062,0.00016356367305041632,0.00016356367305041632,Overweighted,2020,JP3819400007
0.0022626148697720934,0.002099123501389016,-0.0001634913683830775,0.0001634913683830775,Underweighted,2020,JP3102000001
0.0011889611978580517,0.0013523644389549462,0.00016340324109689452,0.00016340324109689452,Overweighted,2020,JP3766550002
0.0004465620366650097,0.0006093792338676463,0.00016281719720263665,0.00016281719720263665,Overweighted,2020,JP3535800001
0.002377183830344514,0.0022154373091185626,-0.00016174652122595123,0.00016174652122595123,Underweighted,2020,JP3621000003
0.00040615734882302925,0.00024778438086060637,-0.00015837296796242288,0.00015837296796242288,Underweighted,2020,JP3494600004
0.0009367947290114209,0.0010929289431379663,0.00015613421412654543,0.00015613421412654543,Overweighted,2020,AU000000WOR2
0.0019950437538336285,0.0021504751485559095,0.00015543139472228105,0.00015543139472228105,Overweighted,2020,JP3862400003
0.0011471429117779753,0.000992119852577697,-0.00015502305920027815,0.00015502305920027815,Underweighted,2020,JP3174410005
0.004703313336682516,0.004857806478091601,0.0001544931414090853,0.0001544931414090853,Overweighted,2020,JP3304200003
0.0002615533964726384,0.00041484061336295887,0.00015328721689032048,0.00015328721689032048,Overweighted,2020,AU000000CQR9
0.00015310341029602098,6.790362530666946e-07,-0.0001524243740429543,0.0001524243740429543,Underweighted,2020,JP3528600004
0.002305429822025659,0.0024569348883527937,0.00015150506632713489,0.00015150506632713489,Overweighted,2020,JP3197600004
0.0011451694333388357,0.0009940603387675307,-0.00015110909457130496,0.00015110909457130496,Underweighted,2020,JP3268950007
0.002835007003535479,0.0026840584231920864,-0.0001509485803433924,0.0001509485803433924,Underweighted,2020,HK0006000050
0.00010462612352693657,0.00025494349278071585,0.00015031736925377926,0.00015031736925377926,Overweighted,2020,AU000000ELD6
0.004544380819045133,0.004693359455888708,0.0001489786368435754,0.0001489786368435754,Overweighted,2020,HK0823032773
0.00019509243998350783,0.0003433927555814529,0.00014830031559794508,0.00014830031559794508,Overweighted,2020,AU000000IVC8
0.0006634858337076507,0.0008116155930393802,0.00014812975933172954,0.00014812975933172954,Overweighted,2020,JP3711200000
0.001503194953389169,0.0016505174744332492,0.00014732252104408014,0.00014732252104408014,Overweighted,2020,AU000000GPT8
0.005798963153090749,0.005945277781041611,0.00014631462795086213,0.00014631462795086213,Overweighted,2020,JP3830800003
0.00014600960902535142,4.183567846271811e-12,-0.00014600960484178357,0.00014600960484178357,Underweighted,2020,JP3686800008
0.0009863262582867258,0.0008419544557932234,-0.00014437180249350244,0.00014437180249350244,Underweighted,2020,AU000000LLC3
0.0012104411407484444,0.0013545140886255008,0.00014407294787705644,0.00014407294787705644,Overweighted,2020,SG1R89002252
0.0002545648209135125,0.00011221073969545141,-0.00014235408121806108,0.00014235408121806108,Underweighted,2020,JP3811000003
0.0020640420397445096,0.0022056463779260263,0.00014160433818151668,0.00014160433818151668,Overweighted,2020,JP3486800000
0.001592618939684223,0.0014512473195540808,-0.00014137162013014228,0.00014137162013014228,Underweighted,2020,JP3539220008
0.0005381203180526944,0.0003971217680250544,-0.00014099855002764,0.00014099855002764,Underweighted,2020,JP3215800008
0.0009854606279049705,0.000844976852836063,-0.00014048377506890744,0.00014048377506890744,Underweighted,2020,JP3955000009
0.005349498475099762,0.005209251420294266,-0.00014024705480549567,0.00014024705480549567,Underweighted,2020,JP3902400005
0.0007561400508080164,0.0006169521046747728,-0.00013918794613324362,0.00013918794613324362,Underweighted,2020,JP3667600005
0.0001622421640740484,2.4964937464017893e-05,-0.0001372772266100305,0.0001372772266100305,Underweighted,2020,HK0000139300
0.0004810224645001655,0.00034391758889620665,-0.00013710487560395884,0.00013710487560395884,Underweighted,2020,JP3452000007
0.0051287210345456824,0.00499183261323693,-0.00013688842130875258,0.00013688842130875258,Underweighted,2020,JP3475350009
0.00036670564855729326,0.0005019786402670565,0.00013527299170976328,0.00013527299170976328,Overweighted,2020,AU000000IGO4
0.0007746379367410778,0.0006398795871136257,-0.0001347583496274521,0.0001347583496274521,Underweighted,2020,KYG5427W1309
0.0003623040371895142,0.00022776526980447398,-0.00013453876738504022,0.00013453876738504022,Underweighted,2020,SG1T58930911
0.005941593627002001,0.00580716785797417,-0.00013442576902783065,0.00013442576902783065,Underweighted,2020,JP3788600009
0.012409548102443995,0.012541559146805726,0.0001320110443617309,0.0001320110443617309,Overweighted,2020,JP3496400007
0.0013607729455102214,0.0012290068108651508,-0.00013176613464507066,0.00013176613464507066,Underweighted,2020,JP3357200009
0.0008607105833930054,0.0007290230914007159,-0.0001316874919922896,0.0001316874919922896,Underweighted,2020,KYG0535Q1331
0.0007885237598832729,0.0009188875467657777,0.00013036378688250478,0.00013036378688250478,Overweighted,2020,JP3894900004
0.0021806738213413423,0.0020519110754867406,-0.00012876274585460175,0.00012876274585460175,Underweighted,2020,SG1B51001017
0.0038202810047067676,0.0036921159114952497,-0.0001281650932115179,0.0001281650932115179,Underweighted,2020,JP3266400005
0.0008703079624421006,0.0009984684831092717,0.00012816052066717115,0.00012816052066717115,Overweighted,2020,JP3738600000
0.00017995383525670812,0.0003074826010490339,0.00012752876579232575,0.00012752876579232575,Overweighted,2020,JP3891600003
0.00018917796083844077,0.00031628857757609244,0.00012711061673765167,0.00012711061673765167,Overweighted,2020,JP3375800004
0.006839113355527449,0.006965766120667276,0.00012665276513982703,0.00012665276513982703,Overweighted,2020,JP3914400001
0.017794064900189175,0.017920498720723908,0.00012643382053473262,0.00012643382053473262,Overweighted,2020,AU000000CBA7
0.0006202380662632077,0.0004939721469019413,-0.00012626591936126634,0.00012626591936126634,Underweighted,2020,JP3560800009
0.006657037137522812,0.006782576129100305,0.00012553899157749342,0.00012553899157749342,Overweighted,2020,HK0003000038
0.012499599472226744,0.01237407880106841,-0.00012552067115833426,0.00012552067115833426,Underweighted,2020,JP3463000004
0.01030726346542111,0.010432390556643429,0.0001251270912223188,0.0001251270912223188,Overweighted,2020,AU000000ANZ3
0.00026707675363328847,0.00039199469110645744,0.00012491793747316897,0.00012491793747316897,Overweighted,2020,JP3721400004
0.0009956377410629475,0.0008707799033352236,-0.00012485783772772392,0.00012485783772772392,Underweighted,2020,JP3888300005
0.0018069716556617878,0.001931526039339879,0.00012455438367809128,0.00012455438367809128,Overweighted,2020,JP3027670003
0.0008980339447384622,0.0010224243028560361,0.00012439035811757395,0.00012439035811757395,Overweighted,2020,JP3122400009
0.0007485221063704124,0.0008725913854216242,0.0001240692790512118,0.0001240692790512118,Overweighted,2020,JP3665200006
0.0010975200545266135,0.0009735320495931955,-0.00012398800493341805,0.00012398800493341805,Underweighted,2020,HK0014000126
0.001303113226365865,0.001179999867080378,-0.000123113359285487,0.000123113359285487,Underweighted,2020,AU000000SGP0
0.0009199526589920842,0.001042563054813523,0.00012261039582143866,0.00012261039582143866,Overweighted,2020,HK0008011667
0.0008521019289542638,0.0009745092866763523,0.00012240735772208844,0.00012240735772208844,Overweighted,2020,JP3935600001
0.0021212868122150426,0.0022435218759075636,0.00012223506369252093,0.00012223506369252093,Overweighted,2020,JP3940000007
0.0007536503707650778,0.0008757280787917043,0.00012207770802662643,0.00012207770802662643,Overweighted,2020,KYG525621408
0.0009063428051688435,0.0010279510647018633,0.0001216082595330198,0.0001216082595330198,Overweighted,2020,JP3126400005
0.0027339724519365133,0.0028522245970783863,0.00011825214514187303,0.00011825214514187303,Overweighted,2020,JP3818000006
0.010016056272201,0.010130792000766374,0.00011473572856537419,0.00011473572856537419,Overweighted,2020,JP3890350006
0.0032471701594796315,0.003359913017502036,0.0001127428580224043,0.0001127428580224043,Overweighted,2020,JP3634600005
0.001530841520054177,0.0014183763377158519,-0.00011246518233832517,0.00011246518233832517,Underweighted,2020,JP3670800006
0.002740885582645853,0.002630510213984464,-0.0001103753686613894,0.0001103753686613894,Underweighted,2020,AU000000NCM7
0.0008032196224652757,0.0009130460709193578,0.00010982644845408207,0.00010982644845408207,Overweighted,2020,JP3143000002
0.0005411381120441351,0.00043152728777346604,-0.00010961082427066903,0.00010961082427066903,Underweighted,2020,JP3634200004
0.002082867515156905,0.002192360765318935,0.00010949325016202998,0.00010949325016202998,Overweighted,2020,AU000000CIM7
0.002369843840616648,0.0024789152594530146,0.00010907141883636671,0.00010907141883636671,Overweighted,2020,JP3573000001
0.0018896115616484515,0.0019979713583983994,0.00010835979674994785,0.00010835979674994785,Overweighted,2020,JP3684000007
0.004570103542040597,0.004463768296388921,-0.00010633524565167602,0.00010633524565167602,Underweighted,2020,AU0000224040
0.0006349577535346166,0.0005291099552638678,-0.00010584779827074872,0.00010584779827074872,Underweighted,2020,AU000000CGF5
0.0095208700298489,0.009415185440673062,-0.00010568458917583831,0.00010568458917583831,Underweighted,2020,AU000000NAB4
0.039417783834975635,0.03952194256889591,0.0001041587339202718,0.0001041587339202718,Overweighted,2020,JP3633400001
0.00036028489476234635,0.00046436009691193787,0.00010407520214959152,0.00010407520214959152,Overweighted,2020,JP3172100004
0.0018612998890708563,0.0019651950397294913,0.00010389515065863499,0.00010389515065863499,Overweighted,2020,JP3495000006
0.0017961770859700355,0.0018997529511878965,0.00010357586521786096,0.00010357586521786096,Overweighted,2020,AU000000ASX7
0.0034785495868194303,0.003581974662717847,0.00010342507589841676,0.00010342507589841676,Overweighted,2020,JP3890310000
0.00163117721409723,0.0017341915930386411,0.00010301437894141125,0.00010301437894141125,Overweighted,2020,JP3402600005
0.00010249976999744117,0.0,-0.00010249976999744117,0.00010249976999744117,Removed,2020,SG9999003735
0.0004560859562551026,0.0005576819012701445,0.00010159594501504192,0.00010159594501504192,Overweighted,2020,HK0363006039
0.0030488931526788405,0.002950189510067708,-9.870364261113261e-05,9.870364261113261e-05,Underweighted,2020,JP3111200006
0.0007311380246670867,0.0006326228006729619,-9.851522399412487e-05,9.851522399412487e-05,Underweighted,2020,JP3485800001
0.00142735699622795,0.0015257191638419492,9.836216761399913e-05,9.836216761399913e-05,Overweighted,2020,HK0392044647
0.0012180213627611557,0.0013156450843764456,9.76237216152899e-05,9.76237216152899e-05,Overweighted,2020,JP3982100004
0.0003484420387367253,0.0002515456424796461,-9.68963962570792e-05,9.68963962570792e-05,Underweighted,2020,JP3796150005
0.003207944793763254,0.0031115856963787178,-9.635909738453605e-05,9.635909738453605e-05,Underweighted,2020,HK0000608585
0.0008158447224597306,0.0009120784569368116,9.623373447708097e-05,9.623373447708097e-05,Overweighted,2020,JP3799000009
0.0016155283639389827,0.0017117448055623602,9.62164416233775e-05,9.62164416233775e-05,Overweighted,2020,AU000000COH5
0.001321047261316315,0.0014169197372092077,9.587247589289269e-05,9.587247589289269e-05,Overweighted,2020,HK0144000764
0.0008439479290050225,0.0009396336325838448,9.568570357882235e-05,9.568570357882235e-05,Overweighted,2020,JP3743000006
0.006733931322581036,0.006828181120329178,9.424979774814209e-05,9.424979774814209e-05,Overweighted,2020,HK0066009694
0.004861950031093106,0.004768520851028877,-9.342918006422906e-05,9.342918006422906e-05,Underweighted,2020,JP3899600005
0.0005821761395461614,0.000675559649710861,9.33835101646996e-05,9.33835101646996e-05,Overweighted,2020,JP3635400009
0.0018156339156516928,0.0017227749311681977,-9.285898448349508e-05,9.285898448349508e-05,Underweighted,2020,HK0004000045
0.0010680052351340096,0.0009771584641818194,-9.084677095219022e-05,9.084677095219022e-05,Underweighted,2020,JP3269600007
0.005656009060481732,0.005745778333076787,8.9769272595055e-05,8.9769272595055e-05,Overweighted,2020,JP3143600009
0.010669982449284448,0.010580413184128765,-8.956926515568328e-05,8.956926515568328e-05,Underweighted,2020,JP3854600008
0.001906080378200426,0.001994630346625728,8.854996842530202e-05,8.854996842530202e-05,Overweighted,2020,JP3778630008
0.0027025238619204466,0.0027903543010264734,8.783043910602683e-05,8.783043910602683e-05,Overweighted,2020,JP3933800009
0.005709449824210423,0.005797012599874556,8.756277566413298e-05,8.756277566413298e-05,Overweighted,2020,AU000000MQG1
0.00865870018422977,0.00874513269322811,8.643250899833914e-05,8.643250899833914e-05,Overweighted,2020,HK0011000095
0.0009578875206989647,0.0010428314703069318,8.49439496079671e-05,8.49439496079671e-05,Overweighted,2020,JP3695200000
0.001472322126700417,0.001556703080097833,8.438095339741614e-05,8.438095339741614e-05,Overweighted,2020,JP3942800008
0.0018332641858122153,0.001749770654751381,-8.349353106083422e-05,8.349353106083422e-05,Underweighted,2020,JP3173400007
0.004136053438095364,0.004053146663228512,-8.290677486685188e-05,8.290677486685188e-05,Underweighted,2020,JP3249600002
0.004700309440426561,0.0047831251334751355,8.281569304857423e-05,8.281569304857423e-05,Overweighted,2020,AU000000TCL6
0.0017375941601111924,0.0018193042004174213,8.171004030622887e-05,8.171004030622887e-05,Overweighted,2020,JP3733000008
0.0012281508265403202,0.0011473055563760378,-8.08452701642824e-05,8.08452701642824e-05,Underweighted,2020,JP3676800000
0.005588529598520489,0.005508707266257929,-7.982233226256057e-05,7.982233226256057e-05,Underweighted,2020,AU000000WOW2
0.0005167118492305199,0.0005965155404051255,7.980369117460565e-05,7.980369117460565e-05,Overweighted,2020,JP3582600007
0.007089181266315557,0.007010734275363331,-7.84469909522259e-05,7.84469909522259e-05,Underweighted,2020,JP3672400003
0.0014768607300322811,0.0015540940538836818,7.723332385140068e-05,7.723332385140068e-05,Overweighted,2020,JP3210200006
0.000616120365777518,0.0006921726571213442,7.605229134382619e-05,7.605229134382619e-05,Overweighted,2020,AU000000DOW2
0.001599190583178742,0.0016745581409462248,7.536755776748282e-05,7.536755776748282e-05,Overweighted,2020,JP3027680002
7.45236284623153e-05,0.0,-7.45236284623153e-05,7.45236284623153e-05,Removed,2020,AU000000MAH3
0.005278244785258435,0.005203824415237996,-7.442037002043916e-05,7.442037002043916e-05,Underweighted,2020,AU000000TLS2
0.00030921667302034737,0.00038362046734430604,7.440379432395867e-05,7.440379432395867e-05,Overweighted,2020,HK0308001558
0.002623789219605601,0.0026977618512207535,7.397263161515238e-05,7.397263161515238e-05,Overweighted,2020,JP3877600001
0.005322286709016416,0.005395992548196325,7.370583917990902e-05,7.370583917990902e-05,Overweighted,2020,KYG2108Y1052
0.0032968605200176435,0.0032247286210730867,-7.213189894455683e-05,7.213189894455683e-05,Underweighted,2020,JP3165700000
0.0007005649919866947,0.0007724750964531544,7.191010446645969e-05,7.191010446645969e-05,Overweighted,2020,JP3209000003
0.007051317878676894,0.006980040874696516,-7.127700398037833e-05,7.127700398037833e-05,Underweighted,2020,JP3551500006
0.0047339717411666125,0.004663105088359642,-7.08666528069701e-05,7.08666528069701e-05,Underweighted,2020,JP3893200000
0.0013380422064260074,0.0012681365130966977,-6.990569332930964e-05,6.990569332930964e-05,Underweighted,2020,JP3596200000
0.0005300457337348066,0.0005996762638420004,6.963053010719381e-05,6.963053010719381e-05,Overweighted,2020,JP3733400000
0.0020323075534555697,0.0021014477173911085,6.914016393553884e-05,6.914016393553884e-05,Overweighted,2020,JP3420600003
0.001657108403124998,0.001588059603596402,-6.904879952859605e-05,6.904879952859605e-05,Underweighted,2020,AU000000RHC8
0.0008009880432242366,0.0008695452441450146,6.855720092077808e-05,6.855720092077808e-05,Overweighted,2020,HK0010000088
0.0010605421511775453,0.0011286504092978395,6.810825812029412e-05,6.810825812029412e-05,Overweighted,2020,JP3787000003
0.000725295019590238,0.0007928829684710879,6.75879488808499e-05,6.75879488808499e-05,Overweighted,2020,JP3385980002
0.0013773767686354969,0.0014436232929172755,6.624652428177864e-05,6.624652428177864e-05,Overweighted,2020,JP3868400007
0.002452916561794189,0.002386840194072427,-6.607636772176231e-05,6.607636772176231e-05,Underweighted,2020,AU000000SUN6
0.0005203808513990609,0.00058596347525997,6.558262386090912e-05,6.558262386090912e-05,Overweighted,2020,AU000000ILU1
0.001676783625792878,0.001611804512489621,-6.497911330325713e-05,6.497911330325713e-05,Underweighted,2020,JP3401400001
0.0004518928109196271,0.0005143784275381144,6.248561661848732e-05,6.248561661848732e-05,Overweighted,2020,JP3742600004
0.0009387662220597767,0.001000488496499558,6.172227443978129e-05,6.172227443978129e-05,Overweighted,2020,JP3229400001
0.0042230989262313735,0.004284503301188527,6.140437495715315e-05,6.140437495715315e-05,Overweighted,2020,JP3505000004
0.001366337995877332,0.001427055896871685,6.071790099435297e-05,6.071790099435297e-05,Overweighted,2020,JP3711600001
0.0005359522713167383,0.00047581146561776014,-6.014080569897816e-05,6.014080569897816e-05,Underweighted,2020,JP3835620000
0.004949894901254197,0.0050093810420652205,5.948614081102352e-05,5.948614081102352e-05,Overweighted,2020,HK0012000102
0.00036336820664965386,0.00042183786639611224,5.846965974645838e-05,5.846965974645838e-05,Overweighted,2020,NZSKCE0001S2
0.0009480935879622692,0.001005111245003776,5.701765704150695e-05,5.701765704150695e-05,Overweighted,2020,AU000000AMP6
0.00079057863934455,0.0007336674677462748,-5.691117159827518e-05,5.691117159827518e-05,Underweighted,2020,JP3322930003
0.0005838954879649691,0.0006397337501097548,5.58382621447857e-05,5.58382621447857e-05,Overweighted,2020,SG1P66918738
0.00029232496823141464,0.0002379900468440319,-5.4334921387382744e-05,5.4334921387382744e-05,Underweighted,2020,AU000000IRE2
0.00023729986265721737,0.00029145995663222975,5.416009397501238e-05,5.416009397501238e-05,Overweighted,2020,HK0242001243
0.00978328111514016,0.00972925562534459,-5.4025489795569634e-05,5.4025489795569634e-05,Underweighted,2020,JP3802300008
0.0011309083713384944,0.001076967651030063,-5.3940720308431325e-05,5.3940720308431325e-05,Underweighted,2020,JP3336000009
0.0023809560728338145,0.0023272335609382804,-5.372251189553418e-05,5.372251189553418e-05,Underweighted,2020,AU000000IAG3
0.0015421483205681607,0.0015928193924517014,5.067107188354075e-05,5.067107188354075e-05,Overweighted,2020,JP3982800009
0.0004286260163237758,0.000378863647764749,-4.976236855902679e-05,4.976236855902679e-05,Underweighted,2020,JP3769000005
0.0023434619678809475,0.00239278034486151,4.931837698056267e-05,4.931837698056267e-05,Overweighted,2020,HK0291001490
0.001645666596037713,0.0016949010730796525,4.9234477041939584e-05,4.9234477041939584e-05,Overweighted,2020,JP3260800002
0.0012536154487338854,0.0013027472471238948,4.913179839000949e-05,4.913179839000949e-05,Overweighted,2020,JP3688370000
0.0014814191872719838,0.0015302127053189998,4.8793518047015975e-05,4.8793518047015975e-05,Overweighted,2020,JP3493800001
0.0025455767350669066,0.0024968788509946963,-4.8697884072210294e-05,4.8697884072210294e-05,Underweighted,2020,JP3429800000
0.0009105538190213737,0.0008620032442713007,-4.855057475007291e-05,4.855057475007291e-05,Underweighted,2020,JP3626800001
0.0002187106487480992,0.00026676680187414026,4.805615312604105e-05,4.805615312604105e-05,Overweighted,2020,AU000000PPT9
0.0013555334992316607,0.00140307702735925,4.754352812758934e-05,4.754352812758934e-05,Overweighted,2020,JP3190000004
0.0020504341713120525,0.0020029246513661295,-4.7509519945922955e-05,4.7509519945922955e-05,Underweighted,2020,AU000000QBE9
0.007708230083499243,0.007753892198425503,4.5662114926259614e-05,4.5662114926259614e-05,Overweighted,2020,HK0388045442
0.00038146702903516286,0.00042706861563829654,4.5601586603133675e-05,4.5601586603133675e-05,Overweighted,2020,JP3276400003
0.0007570592867409356,0.0007117240492339312,-4.533523750700438e-05,4.533523750700438e-05,Underweighted,2020,AU000000BEN6
0.0017699103658997983,0.0018145388065762818,4.4628440676483484e-05,4.4628440676483484e-05,Overweighted,2020,BMG668971101
0.0017886028201296762,0.001744592110996456,-4.401070913322017e-05,4.401070913322017e-05,Underweighted,2020,JP3774200004
0.001528798552937603,0.0014851053062084377,-4.369324672916534e-05,4.369324672916534e-05,Underweighted,2020,AU000000SHL7
0.007552400731657007,0.007508990541790233,-4.3410189866774015e-05,4.3410189866774015e-05,Underweighted,2020,JP3198900007
0.00026053489100052714,0.000303084884108446,4.254999310791889e-05,4.254999310791889e-05,Overweighted,2020,JP3888400003
0.000779932973961586,0.0007376645801763219,-4.226839378526409e-05,4.226839378526409e-05,Underweighted,2020,JP3613000003
0.0015777126256791328,0.0015355930111805624,-4.2119614498570485e-05,4.2119614498570485e-05,Underweighted,2020,AU000000APA1
0.001021435908908198,0.0009794317038895482,-4.200420501864984e-05,4.200420501864984e-05,Underweighted,2020,AU0000088338
0.004619853464302125,0.00466185175272679,4.1998288424664916e-05,4.1998288424664916e-05,Overweighted,2020,JP3571400005
0.006179925892866816,0.006138535241377281,-4.1390651489535586e-05,4.1390651489535586e-05,Underweighted,2020,JP3481800005
0.000582585130047633,0.0005420051503681641,-4.057997967946885e-05,4.057997967946885e-05,Underweighted,2020,JP3270000007
0.00040599256138797033,0.00044650924525510034,4.0516683867130015e-05,4.0516683867130015e-05,Overweighted,2020,JP3827200001
0.0023702270210379296,0.002329972618538649,-4.025440249928042e-05,4.025440249928042e-05,Underweighted,2020,KYG210961051
0.005468361835937634,0.005507721335677709,3.935949974007494e-05,3.935949974007494e-05,Overweighted,2020,JP3893600001
0.0004723899853720179,0.0005117344857997717,3.9344500427753836e-05,3.9344500427753836e-05,Overweighted,2020,JP3456000003
0.0011249938921934273,0.001164010768698403,3.9016876504975595e-05,3.9016876504975595e-05,Overweighted,2020,JP3246400000
0.000375461221914039,0.00033702779341343743,-3.843342850060158e-05,3.843342850060158e-05,Underweighted,2020,AU000000SBM8
0.004684360796259954,0.00464733064624773,-3.703015001222439e-05,3.703015001222439e-05,Underweighted,2020,JP3866800000
0.0012650671827750895,0.0013015628817202283,3.649569894513885e-05,3.649569894513885e-05,Overweighted,2020,AU000000MGR9
0.001085748672569211,0.0011221304784003962,3.6381805831185244e-05,3.6381805831185244e-05,Overweighted,2020,JP3792600003
0.0009731035556663341,0.0009371191715672543,-3.598438409907988e-05,3.598438409907988e-05,Underweighted,2020,SG9999000020
0.001995395168002368,0.0020313112061827463,3.5916038180378116e-05,3.5916038180378116e-05,Overweighted,2020,JP3762800005
0.0007647685591545963,0.0008001695391954194,3.540098004082312e-05,3.540098004082312e-05,Overweighted,2020,JP3765400001
0.012210433260732425,0.012245667612650175,3.5234351917750456e-05,3.5234351917750456e-05,Overweighted,2020,AU000000WBC1
0.002565297621722815,0.002530254730389438,-3.5042891333376784e-05,3.5042891333376784e-05,Underweighted,2020,JP3900000005
0.0013534170726560845,0.0013185078743184842,-3.490919833760032e-05,3.490919833760032e-05,Underweighted,2020,AU000000TAH8
0.0011964064132974613,0.0012309170521035756,3.451063880611431e-05,3.451063880611431e-05,Overweighted,2020,SG1J26887955
0.0008377237288976759,0.000871580220261424,3.385649136374805e-05,3.385649136374805e-05,Overweighted,2020,JP3786200000
0.008094505729012871,0.008127274242519897,3.276851350702582e-05,3.276851350702582e-05,Overweighted,2020,HK0688002218
0.0008810509119734727,0.0009131152198703923,3.20643078969196e-05,3.20643078969196e-05,Overweighted,2020,JP3830000000
0.0012798543733331489,0.0013116033712197955,3.174899788664664e-05,3.174899788664664e-05,Overweighted,2020,SG1M51904654
0.0009403505639052831,0.0009720890553950122,3.173849148972914e-05,3.173849148972914e-05,Overweighted,2020,JP3939000000
0.0002100047101609495,0.00017952642291315857,-3.0478287247790917e-05,3.0478287247790917e-05,Underweighted,2020,AU000000CSR5
0.0009717515045425374,0.0009418551178527252,-2.9896386689812183e-05,2.9896386689812183e-05,Underweighted,2020,JP3300600008
0.0016155204223758473,0.0016452987555834108,2.977833320756359e-05,2.977833320756359e-05,Overweighted,2020,SG1U68934629
9.859847710719049e-05,0.00012835663032117317,2.9758153213982688e-05,2.9758153213982688e-05,Overweighted,2020,JP3826800009
0.016607936854979667,0.01663742856838235,2.9491713402683695e-05,2.9491713402683695e-05,Overweighted,2020,JP3735400008
0.00010877360487438375,0.0001367772009064952,2.8003596032111452e-05,2.8003596032111452e-05,Overweighted,2020,AU000000GWA4
0.0016855411845404075,0.0017129198176361626,2.7378633095755068e-05,2.7378633095755068e-05,Overweighted,2020,AU000000DXS1
0.0008231708144521098,0.0008505006024058568,2.7329787953746937e-05,2.7329787953746937e-05,Overweighted,2020,SG1S83002349
0.0006311914672176671,0.0006578436389191564,2.6652171701489237e-05,2.6652171701489237e-05,Overweighted,2020,JP3358200008
0.0007403601648580356,0.0007665035689477423,2.6143404089706748e-05,2.6143404089706748e-05,Overweighted,2020,JP3419050004
0.0072536689073661315,0.007279464035282368,2.5795127916236962e-05,2.5795127916236962e-05,Overweighted,2020,SG1T75931496
0.003771216042265666,0.0037470851123077055,-2.413092995796071e-05,2.413092995796071e-05,Underweighted,2020,JP3404600003
0.0040019422760375805,0.004024278210558718,2.233593452113762e-05,2.233593452113762e-05,Overweighted,2020,JP3116000005
0.001214662081554894,0.001236378236605832,2.1716155050937984e-05,2.1716155050937984e-05,Overweighted,2020,NZAIAE0002S6
0.0005908939904780142,0.0006116765112965961,2.0782520818581952e-05,2.0782520818581952e-05,Overweighted,2020,AU000000BPT9
1.9768536034720623e-05,0.0,-1.9768536034720623e-05,1.9768536034720623e-05,Removed,2020,AU000000ERA9
0.006917435036559254,0.006937147335776275,1.9712299217020807e-05,1.9712299217020807e-05,Overweighted,2020,JP3910660004
0.00021946509724595943,0.00023828947413738767,1.8824376891428244e-05,1.8824376891428244e-05,Overweighted,2020,SG2B80958517
0.0005707522009759312,0.0005892942422463172,1.8542041270385953e-05,1.8542041270385953e-05,Overweighted,2020,JP3415400005
0.0005466813231126236,0.0005282992370103362,-1.8382086102287356e-05,1.8382086102287356e-05,Underweighted,2020,JP3350800003
0.0023808945257195154,0.002398049795305172,1.7155269585656784e-05,1.7155269585656784e-05,Overweighted,2020,HK0083000502
0.00235476281222258,0.002338306134108925,-1.6456678113654834e-05,1.6456678113654834e-05,Underweighted,2020,JP3351100007
0.003834563906005732,0.0038183973814209385,-1.6166524584793323e-05,1.6166524584793323e-05,Underweighted,2020,JP3421800008
0.002245925674843113,0.0022609590486633037,1.5033373820190748e-05,1.5033373820190748e-05,Overweighted,2020,AU000000ALL7
0.0012862195361861483,0.001271509268685515,-1.4710267500633433e-05,1.4710267500633433e-05,Underweighted,2020,JP3126340003
0.0011331022281546403,0.001118683418980929,-1.4418809173711309e-05,1.4418809173711309e-05,Underweighted,2020,JP3629000005
1.359992686932171e-05,0.0,-1.359992686932171e-05,1.359992686932171e-05,Removed,2020,AU0000038911
0.004241942270160824,0.0042552908196171295,1.3348549456305807e-05,1.3348549456305807e-05,Overweighted,2020,BMG2178K1009
0.00033611276196906283,0.0003492166647570722,1.3103902788009375e-05,1.3103902788009375e-05,Overweighted,2020,JP3352400000
0.008078739740798379,0.008090589112236507,1.1849371438128059e-05,1.1849371438128059e-05,Overweighted,2020,HK2388011192
0.0016638071116296827,0.0016743726525533212,1.0565540923638487e-05,1.0565540923638487e-05,Overweighted,2020,JP3942600002
0.004348512091265142,0.004338963875915421,-9.548215349720543e-06,9.548215349720543e-06,Underweighted,2020,JP3258000003
0.0021074784193134176,0.0021163094811407143,8.831061827296698e-06,8.831061827296698e-06,Overweighted,2020,JP3574200006
0.0009380375836421064,0.0009441872742027293,6.149690560622897e-06,6.149690560622897e-06,Overweighted,2020,BMG8063F1068
0.0018970925141219704,0.0019030409667392103,5.948452617239889e-06,5.948452617239889e-06,Overweighted,2020,HK0023000190
0.009996385020314687,0.009990624420045459,-5.760600269228908e-06,5.760600269228908e-06,Underweighted,2020,JP3726800000
0.0008254698969797996,0.0008198135930360641,-5.656303943735457e-06,5.656303943735457e-06,Underweighted,2020,JP3405400007
0.0011023524956944863,0.0011079724716441628,5.619975949676436e-06,5.619975949676436e-06,Overweighted,2020,BMG988031446
0.002799438727642939,0.0028048033101295343,5.364582486595305e-06,5.364582486595305e-06,Overweighted,2020,JP3201200007
0.0006740997328380732,0.0006787209425955269,4.621209757453711e-06,4.621209757453711e-06,Overweighted,2020,JP3544000007
0.00061206024162456,0.0006078524321744142,-4.2078094501457955e-06,4.2078094501457955e-06,Underweighted,2020,AU000000FLT9
0.0003353880943329603,0.0003315279708923251,-3.860123440635162e-06,3.860123440635162e-06,Underweighted,2020,JP3165600002
0.0008919626197214716,0.0008955971538392791,3.634534117807572e-06,3.634534117807572e-06,Overweighted,2020,JP3870400003
0.0012293241924935714,0.0012326517994017507,3.327606908179329e-06,3.327606908179329e-06,Overweighted,2020,JP3359600008
0.001923823815635627,0.001921197848995997,-2.6259666396301253e-06,2.6259666396301253e-06,Underweighted,2020,AU000000STO6
0.0006863356962388949,0.0006838769257933254,-2.4587704455695343e-06,2.4587704455695343e-06,Underweighted,2020,JP3326410002
0.0005940527472151077,0.000595907301269046,1.8545540539382805e-06,1.8545540539382805e-06,Overweighted,2020,NZCENE0001S6
0.0004800714623147049,0.00047825775628002374,-1.8137060346811633e-06,1.8137060346811633e-06,Underweighted,2020,HK0000745908
0.0008783793060285161,0.003969611474197279,0.003091232168168763,0.003091232168168763,Overweighted,2021,JP3305990008
0.0007637154196317688,0.0,-0.0007637154196317688,0.0007637154196317688,Removed,2021,JP3551200003
0.0006312313543113504,4.6156038869833405e-11,-0.0006312313081553116,0.0006312313081553116,Underweighted,2021,JP3449020001
0.0004971244451813533,0.0,-0.0004971244451813533,0.0004971244451813533,Removed,2021,SG1R50925390
0.0013370879096431011,0.0008550435516513583,-0.00048204435799174285,0.00048204435799174285,Underweighted,2021,JP3386030005
0.00039464560926013486,0.0,-0.00039464560926013486,0.00039464560926013486,Removed,2021,JP3158800007
0.0005074469759295415,0.00012279112762276234,-0.00038465584830677923,0.00038465584830677923,Underweighted,2021,JP3118000003
0.000499422406652414,0.0001244751521580639,-0.0003749472544943501,0.0003749472544943501,Underweighted,2021,JP3753000003
0.002419874181779349,0.0020479437405412277,-0.0003719304412381215,0.0003719304412381215,Underweighted,2021,JP3381000003
0.00034417095873177353,0.0,-0.00034417095873177353,0.00034417095873177353,Removed,2021,HK2380027329
0.00032249583966516857,2.2150162752211302e-10,-0.00032249561816354103,0.00032249561816354103,Underweighted,2021,JP3625000009
0.00031575929974761647,9.30861713185307e-12,-0.00031575929043899933,0.00031575929043899933,Underweighted,2021,JP3845400005
0.0003040481123461361,3.72998358680794e-11,-0.00030404807504630024,0.00030404807504630024,Underweighted,2021,JP3400900001
0.0003010933290851783,0.0,-0.0003010933290851783,0.0003010933290851783,Removed,2021,JP3289800009
0.016504253848690274,0.016801798639207336,0.0002975447905170618,0.0002975447905170618,Overweighted,2021,JP3435000009
0.000850275017686985,0.0005658115353752338,-0.0002844634823117512,0.0002844634823117512,Underweighted,2021,AU000000BSL0
0.00048520285525664687,0.0007668306874284481,0.0002816278321718012,0.0002816278321718012,Overweighted,2021,JP3166000004
0.0008768186681823259,0.0006151299056084225,-0.0002616887625739034,0.0002616887625739034,Underweighted,2021,JP3605400005
7.656639299555583e-05,0.0003232474989941294,0.0002466811059985736,0.0002466811059985736,Overweighted,2021,AU000000SIG5
0.0006682073107843888,0.00042224263483162604,-0.0002459646759527627,0.0002459646759527627,Underweighted,2021,JP3368000000
0.00021060560740068882,0.0004540560279931853,0.00024345042059249647,0.00024345042059249647,Overweighted,2021,JP3579800008
0.0002794291875415243,3.922268204889727e-05,-0.000240206505492627,0.000240206505492627,Underweighted,2021,AU000000ABC7
0.0007892839001716358,0.0005527293527292746,-0.00023655454744236123,0.00023655454744236123,Underweighted,2021,JP3351500008
0.0047133330388429845,0.004477343578060268,-0.0002359894607827165,0.0002359894607827165,Underweighted,2021,HK0000049939
0.0032685574586384498,0.003503896807854082,0.00023533934921563231,0.00023533934921563231,Overweighted,2021,JP3756100008
0.0032868679669205963,0.0035153033743777623,0.00022843540745716602,0.00022843540745716602,Overweighted,2021,US89677Q1076
0.0002252898739347119,0.0,-0.0002252898739347119,0.0002252898739347119,Removed,2021,JP3223800008
0.0006079022884534725,0.00038907970573213616,-0.00021882258272133633,0.00021882258272133633,Underweighted,2021,JP3903000002
0.0026801713764045667,0.0028962170965420525,0.00021604572013748588,0.00021604572013748588,Overweighted,2021,JP3592200004
0.0015708652384060378,0.0017854978211377772,0.00021463258273173936,0.00021463258273173936,Overweighted,2021,JP3973400009
0.001983545088287387,0.002196614806427448,0.00021306971814006107,0.00021306971814006107,Overweighted,2021,JP3228600007
0.0011198518783800526,0.0009100920211251639,-0.0002097598572548886,0.0002097598572548886,Underweighted,2021,JP3414750004
0.0013620050571545464,0.0011547297328685143,-0.0002072753242860321,0.0002072753242860321,Underweighted,2021,SG1V61937297
0.000672161048633881,0.0008749197616369881,0.00020275871300310712,0.00020275871300310712,Overweighted,2021,JP3134800006
0.0138032800662937,0.014005727955394948,0.00020244788910124718,0.00020244788910124718,Overweighted,2021,AU000000BHP4
0.00040479067005394964,0.00020370932390407755,-0.0002010813461498721,0.0002010813461498721,Underweighted,2021,JP3638600001
0.0016908330979752413,0.0018903489800712612,0.00019951588209601986,0.00019951588209601986,Overweighted,2021,SG1F60858221
0.0003611733121956006,0.0005574405973213564,0.00019626728512575582,0.00019626728512575582,Overweighted,2021,BMG4600H1198
0.0005978230927973633,0.0007929934523067225,0.00019517035950935928,0.00019517035950935928,Overweighted,2021,JP3224200000
0.0008515850020924624,0.0006568146625819793,-0.00019477033951048302,0.00019477033951048302,Underweighted,2021,JP3511800009
0.0004950643300408961,0.0003012046976241066,-0.0001938596324167895,0.0001938596324167895,Underweighted,2021,AU000000CWY3
0.0023820108755344444,0.002193139912724708,-0.0001888709628097363,0.0001888709628097363,Underweighted,2021,JP3256000005
0.0010108981335049457,0.0011973474941015876,0.00018644936059664195,0.00018644936059664195,Overweighted,2021,JP3293200006
0.00038290148928980165,0.0005665333092265205,0.00018363181993671885,0.00018363181993671885,Overweighted,2021,JP3535800001
0.0010297501995860038,0.0008489918750090231,-0.00018075832457698068,0.00018075832457698068,Underweighted,2021,JP3499800005
0.00018044303350585902,0.0,-0.00018044303350585902,0.00018044303350585902,Removed,2021,JP3850200001
0.0011633137213299303,0.0009885332323452702,-0.00017478048898466009,0.00017478048898466009,Underweighted,2021,AU000000QAN2
0.001939080631574658,0.002113806052204942,0.000174725420630284,0.000174725420630284,Overweighted,2021,JP3526600006
0.00031338815479021635,0.00048749470296639846,0.00017410654817618212,0.00017410654817618212,Overweighted,2021,JP3718800000
0.00041575538589476706,0.000588473789693794,0.00017271840379902697,0.00017271840379902697,Overweighted,2021,AU000000BOQ8
0.0001424534857470184,0.0003137323276802189,0.0001712788419332005,0.0001712788419332005,Overweighted,2021,AU000000ELD6
0.00047820834354974804,0.00030977558777430935,-0.0001684327557754387,0.0001684327557754387,Underweighted,2021,AU000000FLT9
0.001706585843409821,0.0015390256701422623,-0.0001675601732675587,0.0001675601732675587,Underweighted,2021,AU000000ORG5
0.0005929069921025065,0.0007599451496775104,0.00016703815757500393,0.00016703815757500393,Overweighted,2021,JP3148800000
0.0006741132181319875,0.0005078880719889794,-0.00016622514614300806,0.00016622514614300806,Underweighted,2021,JP3977400005
0.0005313084516505394,0.0006966837950099826,0.00016537534335944314,0.00016537534335944314,Overweighted,2021,KYG525621408
0.0005352237681697032,0.00037307819237561175,-0.00016214557579409148,0.00016214557579409148,Underweighted,2021,JP3404200002
0.001403527537716427,0.0015637271544412393,0.00016019961672481225,0.00016019961672481225,Overweighted,2021,HK0000055878
0.00032149688507663427,0.00047842918648218104,0.00015693230140554677,0.00015693230140554677,Overweighted,2021,SGXE34184239
0.0014399161967115909,0.0015961191242509433,0.00015620292753935243,0.00015620292753935243,Overweighted,2021,JP3283650004
0.0008865264576452622,0.0007330999708015368,-0.0001534264868437254,0.0001534264868437254,Underweighted,2021,JP3657400002
0.007735371923746789,0.007888679951752802,0.00015330802800601374,0.00015330802800601374,Overweighted,2021,HK0388045442
0.00019762102733690096,0.0003507906850679894,0.00015316965773108844,0.00015316965773108844,Overweighted,2021,AU000000MND5
0.00016372243646443904,1.2151378087312312e-05,-0.00015157105837712673,0.00015157105837712673,Underweighted,2021,JP3203500008
0.0007527086232863063,0.0009014525860990771,0.00014874396281277082,0.00014874396281277082,Overweighted,2021,JP3600200004
0.0007733536847826826,0.0009215960592613459,0.0001482423744786634,0.0001482423744786634,Overweighted,2021,JP3935600001
0.0002862590364041592,0.00013866654998959777,-0.00014759248641456145,0.00014759248641456145,Underweighted,2021,AU000000MTS0
0.0028681907303337237,0.0030153570632974157,0.000147166332963692,0.000147166332963692,Overweighted,2021,JP3659000008
0.0008392298000111942,0.000983041910234277,0.00014381211022308294,0.00014381211022308294,Overweighted,2021,JP3820000002
0.001769918832488035,0.0016263893621975259,-0.0001435294702905091,0.0001435294702905091,Underweighted,2021,JP3119600009
0.00433237091194118,0.004189411455010983,-0.0001429594569301966,0.0001429594569301966,Underweighted,2021,JP3160400002
0.0007222350195745335,0.0005802031936399242,-0.00014203182593460926,0.00014203182593460926,Underweighted,2021,JP3246400000
0.00030138789261769484,0.000440266043621057,0.00013887815100336215,0.00013887815100336215,Overweighted,2021,JP3385820000
0.0012143683509875322,0.0013529055708957378,0.00013853721990820557,0.00013853721990820557,Overweighted,2021,JP3585800000
0.000616898368511757,0.0007540948733301492,0.00013719650481839219,0.00013719650481839219,Overweighted,2021,SG1N31909426
0.006743327685910059,0.006880304169792196,0.00013697648388213707,0.00013697648388213707,Overweighted,2021,JP3837800006
0.0005826814294737182,0.0004458155016775025,-0.00013686592779621573,0.00013686592779621573,Underweighted,2021,JP3485800001
0.0003400525580380175,0.00020338453756875842,-0.0001366680204692591,0.0001366680204692591,Underweighted,2021,JP3274400005
0.0012738720141430308,0.0014101164946635858,0.00013624448052055498,0.00013624448052055498,Overweighted,2021,JP3598600009
0.0010257452332960743,0.0008900381192729702,-0.0001357071140231041,0.0001357071140231041,Underweighted,2021,AU000000ORI1
0.0009531124526912671,0.0008178747165512267,-0.00013523773614004038,0.00013523773614004038,Underweighted,2021,JP3268950007
0.004163179839460021,0.004297948083142583,0.00013476824368256236,0.00013476824368256236,Overweighted,2021,JP3818000006
0.0015307003115157555,0.0016645017236667243,0.00013380141215096875,0.00013380141215096875,Overweighted,2021,JP3137200006
0.004972473934384037,0.004839546475440055,-0.00013292745894398234,0.00013292745894398234,Underweighted,2021,JP3546800008
0.0070582892856565745,0.007191045451510497,0.0001327561658539221,0.0001327561658539221,Overweighted,2021,JP3205800000
0.0006343508004165721,0.0007669289603768219,0.00013257815996024975,0.00013257815996024975,Overweighted,2021,JP3613400005
0.00019889624958636693,0.0003310384155560625,0.00013214216596969558,0.00013214216596969558,Overweighted,2021,JP3194000000
0.0008892324170526656,0.0010212490081868044,0.0001320165911341388,0.0001320165911341388,Overweighted,2021,AU000000WOR2
0.00022300471957376067,0.00035402513927213126,0.0001310204196983706,0.0001310204196983706,Overweighted,2021,JP3619800000
0.00038601361704638945,0.00025514500938236123,-0.00013086860766402822,0.00013086860766402822,Underweighted,2021,AU000000OZL8
0.001776348001762961,0.001648581571546444,-0.000127766430216517,0.000127766430216517,Underweighted,2021,JP3942600002
0.010282847002720552,0.010156506089820869,-0.00012634091289968376,0.00012634091289968376,Underweighted,2021,JP3802300008
0.0002503131375013495,0.0003764982811634241,0.0001261851436620746,0.0001261851436620746,Overweighted,2021,AU000000SGM7
0.00017286488349540257,4.6740237288590927e-05,-0.00012612464620681164,0.00012612464620681164,Underweighted,2021,JP3425000001
0.0019440260056640506,0.0018188562361248922,-0.00012516976953915837,0.00012516976953915837,Underweighted,2021,AU000000RHC8
0.0013324462470220176,0.001457028930194313,0.00012458268317229546,0.00012458268317229546,Overweighted,2021,JP3885400006
0.00013070570660236823,7.6008601538639915e-06,-0.00012310484644850424,0.00012310484644850424,Underweighted,2021,BMG8403G1033
0.001258161349213096,0.001135166696610558,-0.00012299465260253795,0.00012299465260253795,Underweighted,2021,JP3539220008
0.000705133868404148,0.0005823090352851219,-0.00012282483311902613,0.00012282483311902613,Underweighted,2021,AU000000BLD2
0.0002601965673315006,0.00013758419409186425,-0.00012261237323963635,0.00012261237323963635,Underweighted,2021,JP3421100003
0.0004621884783900289,0.000584348436733436,0.00012215995834340712,0.00012215995834340712,Overweighted,2021,JP3493400000
0.0005201315036993374,0.00039819605269709335,-0.00012193545100224406,0.00012193545100224406,Underweighted,2021,JP3362700001
0.004778398646960286,0.004657337957347119,-0.00012106068961316701,0.00012106068961316701,Underweighted,2021,HK0002007356
0.006674511424117858,0.0065541927086388485,-0.0001203187154790097,0.0001203187154790097,Underweighted,2021,JP3788600009
0.0003063899839090005,0.0004253014409931069,0.00011891145708410638,0.00011891145708410638,Overweighted,2021,JP3491000000
0.00045579224168395557,0.00033713539231757254,-0.00011865684936638302,0.00011865684936638302,Underweighted,2021,JP3870000001
0.0034729406401131217,0.0035913948405378597,0.00011845420042473805,0.00011845420042473805,Overweighted,2021,JP3347200002
0.003208073136766002,0.0033264727218731945,0.00011839958510719267,0.00011839958510719267,Overweighted,2021,JP3634600005
0.0008107156841461619,0.0009281268534809975,0.00011741116933483564,0.00011741116933483564,Overweighted,2021,BMG988031446
0.004750631002655916,0.004867164869510382,0.00011653386685446607,0.00011653386685446607,Overweighted,2021,JP3814000000
0.013081484147637204,0.013197903102361791,0.00011641895472458766,0.00011641895472458766,Overweighted,2021,JP3496400007
0.00124610619942582,0.0013620834206684157,0.00011597722124259582,0.00011597722124259582,Overweighted,2021,BMG5320C1082
0.000559696326001636,0.0004439392637385959,-0.00011575706226304007,0.00011575706226304007,Underweighted,2021,AU000000JBH7
0.0015575824356354165,0.0016721208659325369,0.00011453843029712038,0.00011453843029712038,Overweighted,2021,JP3502200003
0.0014312201689472984,0.0013167118451325847,-0.00011450832381471369,0.00011450832381471369,Underweighted,2021,AU000000SGP0
0.008937330185038297,0.008823152353034377,-0.00011417783200392065,0.00011417783200392065,Underweighted,2021,JP3371200001
0.001280032234105659,0.0013934343643029192,0.00011340213019726017,0.00011340213019726017,Overweighted,2021,JP3940000007
0.0009624872572913586,0.000850285297977682,-0.0001122019593136766,0.0001122019593136766,Underweighted,2021,JP3676800000
0.006949549602479011,0.006837357332997019,-0.00011219226948199195,0.00011219226948199195,Underweighted,2021,JP3734800000
0.001020384542921705,0.0011324571011030056,0.00011207255818130061,0.00011207255818130061,Overweighted,2021,JP3766550002
0.0006746200137748886,0.0005634045056063969,-0.00011121550816849167,0.00011121550816849167,Underweighted,2021,JP3667600005
0.0010738029991880732,0.0009642185312477605,-0.00010958446794031272,0.00010958446794031272,Underweighted,2021,JP3787000003
0.001013258300939395,0.0011224995892624183,0.00010924128832302316,0.00010924128832302316,Overweighted,2021,JP3695200000
0.017314737175267308,0.017423523804272496,0.00010878662900518782,0.00010878662900518782,Overweighted,2021,AU000000CSL8
0.00034826374520531073,0.0004553069046456553,0.00010704315944034458,0.00010704315944034458,Overweighted,2021,HK0363006039
0.000531363339265294,0.0004243327075450693,-0.00010703063172022473,0.00010703063172022473,Underweighted,2021,BMG677491539
0.00035186803190753166,0.00024533518179222684,-0.00010653285011530481,0.00010653285011530481,Underweighted,2021,MU0117U00026
0.015834215121160237,0.015940098424151183,0.0001058833029909459,0.0001058833029909459,Overweighted,2021,JP3436100006
0.0129127358352484,0.012808817933875805,-0.00010391790137259486,0.00010391790137259486,Underweighted,2021,JP3902900004
0.001979509019015763,0.0018765065415684472,-0.00010300247744731567,0.00010300247744731567,Underweighted,2021,JP3429800000
0.006217182329220772,0.006114404238266134,-0.00010277809095463834,0.00010277809095463834,Underweighted,2021,KYG217651051
0.0007085753218492635,0.0008113288106353791,0.00010275348878611556,0.00010275348878611556,Overweighted,2021,JP3126400005
0.018293408960562647,0.018395617416188562,0.00010220845562591493,0.00010220845562591493,Overweighted,2021,JP3735400008
0.0025201538539360658,0.002419809232448081,-0.00010034462148798481,0.00010034462148798481,Underweighted,2021,JP3294460005
0.0007023986356022088,0.0006020726490539165,-0.00010032598654829234,0.00010032598654829234,Underweighted,2021,JP3452000007
0.00018767905071767824,0.0002879505995242517,0.00010027154880657343,0.00010027154880657343,Overweighted,2021,SG2B80958517
0.0006759665899235355,0.0005759763693191319,-9.999022060440366e-05,9.999022060440366e-05,Underweighted,2021,JP3292200007
0.0057241561592744315,0.005624811529142339,-9.934463013209268e-05,9.934463013209268e-05,Underweighted,2021,JP3902400005
0.0008345753302800012,0.0007355430153080078,-9.903231497199346e-05,9.903231497199346e-05,Underweighted,2021,HK0008011667
0.0014476827941993715,0.001546630542356017,9.894774815664563e-05,9.894774815664563e-05,Overweighted,2021,HK0019000162
0.0024145427647995162,0.002512014311530492,9.747154673097561e-05,9.747154673097561e-05,Overweighted,2021,HK0270001396
0.0001590972401277819,6.181364999694121e-05,-9.728359013084068e-05,9.728359013084068e-05,Underweighted,2021,HK0308001558
0.0046820891789374885,0.004778371054944732,9.628187600724345e-05,9.628187600724345e-05,Overweighted,2021,JP3830800003
0.00036395428467650204,0.0002677965194687547,-9.615776520774735e-05,9.615776520774735e-05,Underweighted,2021,NZAIRE0001S2
0.0007367271794569153,0.0008325470732521752,9.581989379525984e-05,9.581989379525984e-05,Overweighted,2021,AU000000AMP6
0.00124472669070832,0.0013401160255494503,9.538933484113028e-05,9.538933484113028e-05,Overweighted,2021,JP3210200006
0.04162641391959278,0.04172074458735362,9.433066776084326e-05,9.433066776084326e-05,Overweighted,2021,JP3633400001
0.006446832109354162,0.006539173179478824,9.234107012466228e-05,9.234107012466228e-05,Overweighted,2021,JP3242800005
0.0006099239822636016,0.0007022396539393489,9.231567167574729e-05,9.231567167574729e-05,Overweighted,2021,HK0200030994
0.003939128596031605,0.004031183544437897,9.205494840629214e-05,9.205494840629214e-05,Overweighted,2021,JP3951600000
0.018335218686308413,0.018427004807668335,9.178612135992206e-05,9.178612135992206e-05,Overweighted,2021,AU000000CBA7
0.0018958365094966405,0.0018046677420169713,-9.11687674796692e-05,9.11687674796692e-05,Underweighted,2021,JP3774200004
0.0013663796000504907,0.0014559696849696649,8.959008491917419e-05,8.959008491917419e-05,Overweighted,2021,SGXE21576413
0.0005129448853407974,0.000602266846458959,8.932196111816157e-05,8.932196111816157e-05,Overweighted,2021,AU000000ANN9
0.0005176633906225374,0.0006065793939821381,8.891600335960077e-05,8.891600335960077e-05,Overweighted,2021,JP3635400009
0.0003296001266015767,0.0002409286519236841,-8.86714746778926e-05,8.86714746778926e-05,Underweighted,2021,SG1T58930911
0.0002877739345713872,0.00019977620795349894,-8.799772661788826e-05,8.799772661788826e-05,Underweighted,2021,AU000000CSR5
0.0010040408408349335,0.0009163763788099548,-8.766446202497871e-05,8.766446202497871e-05,Underweighted,2021,NZTELE0001S4
0.0011156511462641645,0.001028371355571488,-8.727979069267648e-05,8.727979069267648e-05,Underweighted,2021,JP3164630000
8.70792008082267e-05,0.0,-8.70792008082267e-05,8.70792008082267e-05,Removed,2021,JP3686800008
0.0003868204649832826,0.0003010128771789834,-8.580758780429919e-05,8.580758780429919e-05,Underweighted,2021,JP3215800008
0.00626285797263242,0.006347767833025407,8.490986039298709e-05,8.490986039298709e-05,Overweighted,2021,AU000000WES1
0.0027667748845515865,0.002682062452090456,-8.471243246113052e-05,8.471243246113052e-05,Underweighted,2021,IE00BKVD2N49
0.0013435372043767706,0.0014279614513794537,8.442424700268311e-05,8.442424700268311e-05,Overweighted,2021,JP3277800003
0.008535920592053233,0.008618468180057437,8.254758800420314e-05,8.254758800420314e-05,Overweighted,2021,SG1L01001701
0.0003057752426237486,0.0003880552785006026,8.228003587685401e-05,8.228003587685401e-05,Overweighted,2021,JP3827200001
0.0012074232381339125,0.0011256711336918778,-8.17521044420347e-05,8.17521044420347e-05,Underweighted,2021,NZAIAE0002S6
0.0005095052614828403,0.0005904234205635627,8.091815908072236e-05,8.091815908072236e-05,Overweighted,2021,JP3494600004
0.0014316080414248978,0.0013507302084893916,-8.087783293550619e-05,8.087783293550619e-05,Underweighted,2021,JP3112000009
0.0002403821384050777,0.00015998590506021077,-8.039623334486694e-05,8.039623334486694e-05,Underweighted,2021,BMG2108M2182
0.0007853630948909964,0.0007051388672354333,-8.022422765556307e-05,8.022422765556307e-05,Underweighted,2021,JP3269600007
0.0019733890499706213,0.0018932121985340948,-8.017685143652648e-05,8.017685143652648e-05,Underweighted,2021,JP3621000003
8.001882396362231e-05,2.3477918821947084e-08,-7.999534604480037e-05,7.999534604480037e-05,Underweighted,2021,JP3407200009
0.0008830648787414032,0.0009629882668198212,7.992338807841801e-05,7.992338807841801e-05,Overweighted,2021,SG1S83002349
0.0006857804954416641,0.0007654486847452578,7.966818930359371e-05,7.966818930359371e-05,Overweighted,2021,JP3131430005
0.0013887334959528947,0.0014681450158090202,7.941151985612553e-05,7.941151985612553e-05,Overweighted,2021,JP3336000009
0.0007392886014787981,0.0008183436703561491,7.905506887735095e-05,7.905506887735095e-05,Overweighted,2021,BMG524401079
0.0016192212270048705,0.001698036022858834,7.881479585396343e-05,7.881479585396343e-05,Overweighted,2021,SG1U68934629
0.0007224509108592351,0.0008004588930619386,7.800798220270356e-05,7.800798220270356e-05,Overweighted,2021,JP3663900003
0.001647653011447771,0.0017255679362036666,7.791492475589567e-05,7.791492475589567e-05,Overweighted,2021,JP3443600006
0.0016298584467443185,0.0017076929938229237,7.783454707860522e-05,7.783454707860522e-05,Overweighted,2021,JP3684000007
0.0010131741399301045,0.0009354423612116194,-7.773177871848514e-05,7.773177871848514e-05,Underweighted,2021,KYG0535Q1331
0.005909542737282525,0.005832194097993631,-7.734863928889404e-05,7.734863928889404e-05,Underweighted,2021,JP3942400007
0.0020449826250694076,0.0021223279115589492,7.734528648954166e-05,7.734528648954166e-05,Overweighted,2021,JP3967200001
0.008565124462277016,0.008487883466163868,-7.724099611314782e-05,7.724099611314782e-05,Underweighted,2021,JP3854600008
0.000160350507331346,8.327955809984649e-05,-7.707094923149952e-05,7.707094923149952e-05,Underweighted,2021,SG9999003735
0.002245796281997869,0.0023226500081220598,7.685372612419071e-05,7.685372612419071e-05,Overweighted,2021,JP3197800000
0.0012207975202624581,0.001297106216450736,7.630869618827779e-05,7.630869618827779e-05,Overweighted,2021,JP3495000006
0.006541751091136507,0.006617942724795968,7.61916336594606e-05,7.61916336594606e-05,Overweighted,2021,HK0688002218
0.0009796926949297779,0.0010554844020708035,7.57917071410256e-05,7.57917071410256e-05,Overweighted,2021,HK0144000764
0.0012704799595511943,0.001345795956900632,7.531599734943769e-05,7.531599734943769e-05,Overweighted,2021,SG1R89002252
0.0018105374969936223,0.001885828433953005,7.529093695938269e-05,7.529093695938269e-05,Overweighted,2021,JP3573000001
0.0007550504948491707,0.0008300569019662945,7.500640711712383e-05,7.500640711712383e-05,Overweighted,2021,JP3385980002
0.0022978388887210546,0.002372689971159347,7.485108243829221e-05,7.485108243829221e-05,Overweighted,2021,JP3877600001
0.00033845532844865763,0.0002640717148543869,-7.438361359427074e-05,7.438361359427074e-05,Underweighted,2021,JP3992400006
0.00038047179754332994,0.0003065594089430702,-7.391238860025975e-05,7.391238860025975e-05,Underweighted,2021,JP3560800009
0.0036562652733935987,0.003583656710828698,-7.260856256490053e-05,7.260856256490053e-05,Underweighted,2021,JP3165700000
0.0027345869576723106,0.0028069684206921525,7.238146301984192e-05,7.238146301984192e-05,Overweighted,2021,JP3420600003
0.0008923372264606195,0.0008203727432674815,-7.196448319313794e-05,7.196448319313794e-05,Underweighted,2021,JP3595200001
0.0007154435920422267,0.0006436789990424143,-7.176459299981243e-05,7.176459299981243e-05,Underweighted,2021,HK0014000126
0.0004370883721627348,0.000508711015249745,7.162264308701016e-05,7.162264308701016e-05,Overweighted,2021,JP3164800009
0.0012260155028384655,0.0011544294140612978,-7.15860887771677e-05,7.15860887771677e-05,Underweighted,2021,AU000000LLC3
0.002773723656579523,0.002702843565593878,-7.088009098564496e-05,7.088009098564496e-05,Underweighted,2021,AU000000NCM7
6.995609459193942e-05,0.0,-6.995609459193942e-05,6.995609459193942e-05,Removed,2021,AU000000MAH3
0.0002664025269730912,0.00019652228611055452,-6.988024086253668e-05,6.988024086253668e-05,Underweighted,2021,JP3276400003
0.002181221003239043,0.0021114815803663766,-6.973942287266622e-05,6.973942287266622e-05,Underweighted,2021,AU000000QBE9
0.0008816451191064167,0.0009509138644505682,6.926874534415146e-05,6.926874534415146e-05,Overweighted,2021,JP3126340003
0.007487713517212404,0.007556880052116933,6.916653490452937e-05,6.916653490452937e-05,Overweighted,2021,JP3898400001
0.0035702454035501366,0.003501578914293743,-6.866648925639342e-05,6.866648925639342e-05,Underweighted,2021,JP3266400005
0.00020265971037137636,0.0001343317007780829,-6.832800959329346e-05,6.832800959329346e-05,Underweighted,2021,JP3811000003
0.00035292553328513765,0.00042120751430288136,6.828198101774372e-05,6.828198101774372e-05,Overweighted,2021,JP3350800003
0.003264971467807814,0.003332980463419724,6.800899561191023e-05,6.800899561191023e-05,Overweighted,2021,JP3762600009
0.0008415863082713264,0.0007742535675377636,-6.733274073356284e-05,6.733274073356284e-05,Underweighted,2021,JP3322930003
0.0002620279840771469,0.00019496138769225027,-6.706659638489661e-05,6.706659638489661e-05,Underweighted,2021,JP3796150005
0.001366106991563876,0.0012994734153551658,-6.663357620871027e-05,6.663357620871027e-05,Underweighted,2021,HK0004000045
0.004119586266234732,0.004186100720909809,6.651445467507726e-05,6.651445467507726e-05,Overweighted,2021,JP3201200007
0.0004487410127751436,0.0003822617742393266,-6.647923853581695e-05,6.647923853581695e-05,Underweighted,2021,JP3548610009
0.0048395727231914844,0.004773450632777456,-6.612209041402875e-05,6.612209041402875e-05,Underweighted,2021,JP3893200000
0.0032458669186988844,0.00331073784295252,6.487092425363572e-05,6.487092425363572e-05,Overweighted,2021,JP3409000001
0.001969900027259385,0.002034142178900528,6.424215164114316e-05,6.424215164114316e-05,Overweighted,2021,JP3862400003
0.0009071019948296159,0.0008429699142669702,-6.41320805626457e-05,6.41320805626457e-05,Underweighted,2021,HK0293001514
0.001313480746537133,0.0012495714325008232,-6.390931403630977e-05,6.390931403630977e-05,Underweighted,2021,JP3180400008
0.0009516670788360617,0.0010155066606902068,6.383958185414505e-05,6.383958185414505e-05,Overweighted,2021,JP3688370000
0.0002769903478592601,0.0003402883470426777,6.329799918341762e-05,6.329799918341762e-05,Overweighted,2021,KYG548561284
0.00410199661529303,0.004165166354753018,6.31697394599881e-05,6.31697394599881e-05,Overweighted,2021,JP3200450009
0.006748428574907924,0.006811085255030553,6.26566801226287e-05,6.26566801226287e-05,Overweighted,2021,JP3143600009
0.0023657934149616086,0.002428267022773735,6.247360781212654e-05,6.247360781212654e-05,Overweighted,2021,JP3778630008
0.0038128669566372037,0.0038752012779599016,6.233432132269788e-05,6.233432132269788e-05,Overweighted,2021,HK0823032773
0.0014796804440141646,0.0015414287864881186,6.174834247395407e-05,6.174834247395407e-05,Overweighted,2021,JP3358800005
0.0006220340196656323,0.0006823646445710061,6.03306249053738e-05,6.03306249053738e-05,Overweighted,2021,JP3582600007
0.002014968247734415,0.0019547548503850124,-6.0213397349402446e-05,6.0213397349402446e-05,Underweighted,2021,JP3574200006
0.0008187457421847648,0.0008785158516417231,5.977010945695837e-05,5.977010945695837e-05,Overweighted,2021,JP3743000006
0.00043996265358871913,0.0003804237915854621,-5.953886200325701e-05,5.953886200325701e-05,Underweighted,2021,JP3549600009
0.0011459802125904168,0.001205135844311451,5.915563172103418e-05,5.915563172103418e-05,Overweighted,2021,HK0023000190
0.0011437389683212694,0.001084799420677493,-5.893954764377629e-05,5.893954764377629e-05,Underweighted,2021,AU000000TAH8
0.00048298722520771813,0.0005410385006968686,5.805127548915047e-05,5.805127548915047e-05,Overweighted,2021,AU000000ILU1
0.00904255157211009,0.008984916562477895,-5.763500963219467e-05,5.763500963219467e-05,Underweighted,2021,JP3475350009
0.0005281761984352083,0.0005858023073173562,5.762610888214795e-05,5.762610888214795e-05,Overweighted,2021,AU000000DOW2
0.0011837648465875068,0.0011263481872996499,-5.741665928785697e-05,5.741665928785697e-05,Underweighted,2021,JP3229400001
0.00048823265159110264,0.0005456220814814253,5.738942989032264e-05,5.738942989032264e-05,Overweighted,2021,HK0165000859
0.004553350278530495,0.004496233542530994,-5.711673599950121e-05,5.711673599950121e-05,Underweighted,2021,JP3188220002
0.0003579422612737112,0.0004147470154045839,5.680475413087269e-05,5.680475413087269e-05,Overweighted,2021,JP3733400000
0.006338421751865125,0.006395212845618432,5.6791093753306814e-05,5.6791093753306814e-05,Overweighted,2021,HK0066009694
0.0006232964348049889,0.0006794879124041381,5.619147759914928e-05,5.619147759914928e-05,Overweighted,2021,JP3665200006
0.002742340748049982,0.002798426948207468,5.608620015748597e-05,5.608620015748597e-05,Overweighted,2021,JP3762800005
0.002639232534146244,0.00258362538813439,-5.5607146011854135e-05,5.5607146011854135e-05,Underweighted,2021,JP3111200006
0.0019178171696187128,0.0019730792466038454,5.526207698513261e-05,5.526207698513261e-05,Overweighted,2021,JP3122400009
0.0022981279634920956,0.0023512419802263966,5.311401673430095e-05,5.311401673430095e-05,Overweighted,2021,JP3197600004
0.0009435345639165836,0.0008905606642740191,-5.2973899642564434e-05,5.2973899642564434e-05,Underweighted,2021,JP3830000000
0.0044406751533750234,0.004493290774357279,5.261562098225585e-05,5.261562098225585e-05,Overweighted,2021,JP3866800000
0.005902509804245298,0.0059545111568744605,5.2001352629162285e-05,5.2001352629162285e-05,Overweighted,2021,JP3551500006
0.00615800982134096,0.006208866119830753,5.0856298489792943e-05,5.0856298489792943e-05,Overweighted,2021,AU000000MQG1
0.003554752459492062,0.0036053060549554572,5.055359546339523e-05,5.055359546339523e-05,Overweighted,2021,JP3814800003
0.0001939398979740235,0.00024423289814169447,5.029300016767097e-05,5.029300016767097e-05,Overweighted,2021,AU000000IVC8
0.007490395691986748,0.007540498023621918,5.01023316351705e-05,5.01023316351705e-05,Overweighted,2021,JP3566800003
0.003991108996791401,0.0040411516102119875,5.004261342058617e-05,5.004261342058617e-05,Overweighted,2021,HK0012000102
0.0021052199526754595,0.00215481754276423,4.9597590088770564e-05,4.9597590088770564e-05,Overweighted,2021,AU000000STO6
0.0015108968601122833,0.00156045484718434,4.955798707205667e-05,4.955798707205667e-05,Overweighted,2021,JP3402600005
0.002353458338339084,0.002304698107789369,-4.876023054971486e-05,4.876023054971486e-05,Underweighted,2021,HK0000608585
0.00012152849741539345,7.317164619548617e-05,-4.835685121990729e-05,4.835685121990729e-05,Underweighted,2021,HK0000139300
0.002189684673434207,0.00223683947464423,4.715480121002301e-05,4.715480121002301e-05,Overweighted,2021,JP3733000008
0.004152987209400085,0.004199938668999686,4.69514595996005e-05,4.69514595996005e-05,Overweighted,2021,JP3397200001
0.0005344974220677836,0.0004884748560665827,-4.602256600120093e-05,4.602256600120093e-05,Underweighted,2021,JP3894900004
0.010898356714579017,0.010852381714065168,-4.597500051384956e-05,4.597500051384956e-05,Underweighted,2021,JP3519400000
0.0009402742396001583,0.0009858833933130743,4.5609153712915934e-05,4.5609153712915934e-05,Overweighted,2021,JP3280200001
7.461239391029087e-05,2.9179551592678447e-05,-4.543284231761242e-05,4.543284231761242e-05,Underweighted,2021,AU000000ERA9
0.0005533751023690608,0.0005986538655176177,4.5278763148556985e-05,4.5278763148556985e-05,Overweighted,2021,JP3588600001
0.0006464370531855425,0.0006016602735288405,-4.4776779656702e-05,4.4776779656702e-05,Underweighted,2021,JP3896800004
0.00041929563704644097,0.0004640523719727644,4.475673492632343e-05,4.475673492632343e-05,Overweighted,2021,BMG2442N1048
0.0008913766932024134,0.0009354438777666752,4.406718456426183e-05,4.406718456426183e-05,Overweighted,2021,JP3939000000
0.007078817253574809,0.0071227466858423604,4.392943226755146e-05,4.392943226755146e-05,Overweighted,2021,HK0011000095
9.01236338399504e-05,0.00013340331308011054,4.327967924016013e-05,4.327967924016013e-05,Overweighted,2021,JP3826800009
0.0027068046766706736,0.0026638936983846982,-4.29109782859754e-05,4.29109782859754e-05,Underweighted,2021,KYG210961051
0.006063548236348236,0.006106251161041521,4.270292469328498e-05,4.270292469328498e-05,Overweighted,2021,JP3783600004
0.0002931401137072319,0.000250639569087467,-4.250054461976487e-05,4.250054461976487e-05,Underweighted,2021,AU000000IRE2
0.0006046748967059001,0.0005623098999237249,-4.236499678217517e-05,4.236499678217517e-05,Underweighted,2021,BMG8063F1068
0.001121961392373789,0.0010797228788956652,-4.2238513478123733e-05,4.2238513478123733e-05,Underweighted,2021,JP3670800006
0.0004907318676495969,0.00044916795780282077,-4.156390984677615e-05,4.156390984677615e-05,Underweighted,2021,JP3415400005
0.011113432003407892,0.01107232676685867,-4.11052365492208e-05,4.11052365492208e-05,Underweighted,2021,JP3463000004
0.00032520179907257206,0.0003656510999919818,4.044930091940974e-05,4.044930091940974e-05,Overweighted,2021,JP3459600007
0.004086457931555994,0.004047459302767446,-3.899862878854743e-05,3.899862878854743e-05,Underweighted,2021,JP3116000005
0.0009628623226588485,0.0010016380890125317,3.877576635368321e-05,3.877576635368321e-05,Overweighted,2021,JP3174410005
0.001832552919271706,0.0017939525972891994,-3.860032198250659e-05,3.860032198250659e-05,Underweighted,2021,AU000000SHL7
0.010976818559870767,0.011015249032602375,3.843047273160809e-05,3.843047273160809e-05,Overweighted,2021,AU000000WBC1
0.001944750522178812,0.0019064064059332519,-3.8344116245560105e-05,3.8344116245560105e-05,Underweighted,2021,AU000000SUN6
0.004591213584775399,0.004629391706867026,3.817812209162656e-05,3.817812209162656e-05,Overweighted,2021,JP3351600006
0.008578431049680698,0.008541180265603524,-3.7250784077173804e-05,3.7250784077173804e-05,Underweighted,2021,JP3198900007
0.0009921595018277136,0.001028696258655052,3.653675682733842e-05,3.653675682733842e-05,Overweighted,2021,JP3792600003
0.0013701503791841343,0.00133375125733244,-3.639912185169421e-05,3.639912185169421e-05,Underweighted,2021,JP3596200000
0.0014317416012874673,0.0014678388234977545,3.609722221028719e-05,3.609722221028719e-05,Overweighted,2021,AU000000GPT8
0.00014764768368996526,0.00011178269405302115,-3.586498963694411e-05,3.586498963694411e-05,Underweighted,2021,JP3528600004
0.0033682480037301333,0.0033326424596963316,-3.56055440338017e-05,3.56055440338017e-05,Underweighted,2021,BMG2178K1009
0.0017275858448149441,0.0017628079810019087,3.52221361869646e-05,3.52221361869646e-05,Overweighted,2021,HK0083000502
0.002783934582511044,0.0027487214291834834,-3.521315332756037e-05,3.521315332756037e-05,Underweighted,2021,AU000000ALL7
0.007371315182189411,0.007406285616167688,3.497043397827741e-05,3.497043397827741e-05,Overweighted,2021,HK0016000132
0.000771266125834848,0.0008057393465535032,3.447322071865519e-05,3.447322071865519e-05,Overweighted,2021,JP3040890000
0.0027698796939595407,0.0028041624979986105,3.428280403906976e-05,3.428280403906976e-05,Overweighted,2021,JP3351100007
0.0026215989731127386,0.0025876797156410385,-3.3919257471700087e-05,3.3919257471700087e-05,Underweighted,2021,JP3358000002
0.0012293014413751096,0.0012628427852838034,3.354134390869384e-05,3.354134390869384e-05,Overweighted,2021,JP3786200000
0.008872809793894225,0.008839926273029498,-3.288352086472726e-05,3.288352086472726e-05,Underweighted,2021,JP3756600007
0.008786619772445024,0.008819183243219961,3.256347077493747e-05,3.256347077493747e-05,Overweighted,2021,AU000000ANZ3
0.0008749140679503401,0.000907384705788779,3.2470637838438905e-05,3.2470637838438905e-05,Overweighted,2021,JP3209000003
0.005492252327761787,0.005524698200830155,3.244587306836834e-05,3.244587306836834e-05,Overweighted,2021,KYG2108Y1052
0.0021481310898906324,0.002180471686076995,3.234059618636249e-05,3.234059618636249e-05,Overweighted,2021,JP3635000007
0.00200539218854689,0.0020372888534527685,3.189666490587863e-05,3.189666490587863e-05,Overweighted,2021,AU000000ASX7
0.005681091336737947,0.005712879105377319,3.178776863937277e-05,3.178776863937277e-05,Overweighted,2021,JP3893600001
0.0008526315259471172,0.0008211125836508409,-3.151894229627629e-05,3.151894229627629e-05,Underweighted,2021,JP3720800006
0.001984573316270457,0.001953143205463768,-3.143011080668917e-05,3.143011080668917e-05,Underweighted,2021,AU000000IAG3
0.00035613096998680823,0.00032484443280446406,-3.128653718234418e-05,3.128653718234418e-05,Underweighted,2021,JP3742600004
0.0019481773389266595,0.001979024663425458,3.084732449879857e-05,3.084732449879857e-05,Overweighted,2021,JP3407400005
0.00041976584094617235,0.00045000184207736585,3.02360011311935e-05,3.02360011311935e-05,Overweighted,2021,AU000000IGO4
0.0038650394640486418,0.003894233238646668,2.9193774598026186e-05,2.9193774598026186e-05,Overweighted,2021,JP3505000004
0.0014620157799989648,0.0014330025784585036,-2.901320154046123e-05,2.901320154046123e-05,Underweighted,2021,JP3190000004
0.005923855597623375,0.005952426851598504,2.8571253975128927e-05,2.8571253975128927e-05,Overweighted,2021,HK0003000038
0.0052765128987943815,0.005304716389106217,2.8203490311835486e-05,2.8203490311835486e-05,Overweighted,2021,AU000000TCL6
0.00025479562603964465,0.0002828371710963792,2.8041545056734527e-05,2.8041545056734527e-05,Overweighted,2021,AU000000CQR9
0.0015568670670564476,0.0015291999599090827,-2.7667107147364865e-05,2.7667107147364865e-05,Underweighted,2021,JP3906000009
0.0010567164847149555,0.0010841721300776737,2.745564536271814e-05,2.745564536271814e-05,Overweighted,2021,JP3982100004
0.0016254052316005592,0.0016527968276557141,2.7391596055154977e-05,2.7391596055154977e-05,Overweighted,2021,JP3486800000
0.0011893377690722605,0.0011620240016016199,-2.7313767470640588e-05,2.7313767470640588e-05,Underweighted,2021,AU000000CPU5
0.006692649951207106,0.0067199164491494,2.7266497942293917e-05,2.7266497942293917e-05,Overweighted,2021,JP3571400005
0.0013486417525489516,0.0013751938973571196,2.655214480816806e-05,2.655214480816806e-05,Overweighted,2021,JP3108600002
0.0015287938816966112,0.0015547187940435881,2.5924912346976916e-05,2.5924912346976916e-05,Overweighted,2021,SG1B51001017
0.0002550078581500292,0.00028087805273009853,2.5870194580069337e-05,2.5870194580069337e-05,Overweighted,2021,JP3389900006
0.00035234555415589695,0.0003781393956693067,2.5793841513409765e-05,2.5793841513409765e-05,Overweighted,2021,JP3320800000
0.0018160848052581576,0.0018416476475560945,2.5562842297936934e-05,2.5562842297936934e-05,Overweighted,2021,JP3027680002
0.0002891625912246794,0.00026385710817594085,-2.530548304873853e-05,2.530548304873853e-05,Underweighted,2021,JP3172100004
0.007709810761555556,0.007734989705150421,2.517894359486527e-05,2.517894359486527e-05,Overweighted,2021,JP3726800000
0.0016670996933553376,0.0016919819161121028,2.4882222756765233e-05,2.4882222756765233e-05,Overweighted,2021,JP3493800001
0.0010091911286860765,0.0009845062570472225,-2.4684871638854054e-05,2.4684871638854054e-05,Underweighted,2021,HK0392044647
0.0015496658120006399,0.001574241130565644,2.4575318565004008e-05,2.4575318565004008e-05,Overweighted,2021,JP3357200009
0.0018354509853307506,0.001859823673615514,2.4372688284763537e-05,2.4372688284763537e-05,Overweighted,2021,JP3260800002
0.005580085318479311,0.005556677282931428,-2.340803554788315e-05,2.340803554788315e-05,Underweighted,2021,AU000000TLS2
0.00029232960659602176,0.0003155269148486443,2.3197308252622566e-05,2.3197308252622566e-05,Overweighted,2021,JP3375800004
0.001290102281825976,0.0012669746611313518,-2.3127620694624127e-05,2.3127620694624127e-05,Underweighted,2021,JP3771800004
0.00023124883930990666,0.00020824591295816214,-2.300292635174452e-05,2.300292635174452e-05,Underweighted,2021,AU000000SBM8
0.0005889001962254183,0.0005660390680482565,-2.2861128177161807e-05,2.2861128177161807e-05,Underweighted,2021,JP3405400007
0.006437331063240134,0.006459514188907953,2.2183125667819305e-05,2.2183125667819305e-05,Overweighted,2021,HK2388011192
0.00034229380230716506,0.0003644408122498319,2.2147009942666837e-05,2.2147009942666837e-05,Overweighted,2021,JP3156400008
0.005421952270784051,0.005399915273800212,-2.2036996983839686e-05,2.2036996983839686e-05,Underweighted,2021,JP3162600005
0.0018498406883322575,0.0018278163377338096,-2.2024350598447888e-05,2.2024350598447888e-05,Underweighted,2021,JP3102000001
0.002276244271489423,0.0022980479760807454,2.180370459132228e-05,2.180370459132228e-05,Overweighted,2021,JP3900000005
0.001230799873257911,0.0012522489704479994,2.1449097190088433e-05,2.1449097190088433e-05,Overweighted,2021,SG1J26887955
0.0011306171692205948,0.0011520495149442232,2.1432345723628376e-05,2.1432345723628376e-05,Overweighted,2021,AU000000CIM7
0.0008778670216241395,0.0008992550524710579,2.138803084691845e-05,2.138803084691845e-05,Overweighted,2021,JP3799000009
0.0010330032055537953,0.0010116192804068922,-2.1383925146903132e-05,2.1383925146903132e-05,Underweighted,2021,AU0000088338
0.00011413879488226125,9.288416245803268e-05,-2.125463242422857e-05,2.125463242422857e-05,Underweighted,2021,AU000000GWA4
0.0017405978686861096,0.0017196003306518882,-2.0997538034221372e-05,2.0997538034221372e-05,Underweighted,2021,JP3711600001
0.00025719055563010515,0.00027810366944885565,2.0913113818750494e-05,2.0913113818750494e-05,Overweighted,2021,JP3165600002
0.0006626856167400726,0.0006419059682823548,-2.077964845771782e-05,2.077964845771782e-05,Underweighted,2021,JP3419050004
0.0002761670336379406,0.00025544762889126985,-2.071940474667074e-05,2.071940474667074e-05,Underweighted,2021,JP3352400000
0.0016984441805545504,0.0016782795380216678,-2.0164642532882618e-05,2.0164642532882618e-05,Underweighted,2021,AU000000COH5
0.001497857392433741,0.0014780022755978674,-1.9855116835873488e-05,1.9855116835873488e-05,Underweighted,2021,JP3675600005
0.00024707476823082613,0.0002664976692200744,1.9422900989248275e-05,1.9422900989248275e-05,Overweighted,2021,JP3721400004
0.0013449789190576591,0.0013257060267893204,-1.9272892268338724e-05,1.9272892268338724e-05,Underweighted,2021,JP3359600008
0.00015211004676951698,0.00013287793986831975,-1.9232106901197226e-05,1.9232106901197226e-05,Underweighted,2021,BMG684371393
0.008939115862104982,0.008920080597044631,-1.9035265060350984e-05,1.9035265060350984e-05,Underweighted,2021,JP3890350006
0.0006019488118397532,0.0006208630688524729,1.8914257012719675e-05,1.8914257012719675e-05,Overweighted,2021,JP3765400001
0.003711818857873923,0.0036930260163223617,-1.879284155156119e-05,1.879284155156119e-05,Underweighted,2021,JP3258000003
0.0009335212333981797,0.0009149758606395687,-1.8545372758611e-05,1.8545372758611e-05,Underweighted,2021,JP3870400003
0.007693167007174792,0.0076750241005913164,-1.8142906583475463e-05,1.8142906583475463e-05,Underweighted,2021,JP3481800005
0.0006151931932800464,0.0006332674804720435,1.8074287191997157e-05,1.8074287191997157e-05,Overweighted,2021,AU000000BEN6
0.0005380632874396763,0.0005559540424988769,1.789075505920061e-05,1.789075505920061e-05,Overweighted,2021,NZFBUE0001S0
0.009206897897795573,0.009224719924096451,1.7822026300878813e-05,1.7822026300878813e-05,Overweighted,2021,AU000000NAB4
0.00024994722006965194,0.0002677017718453124,1.775455177566046e-05,1.775455177566046e-05,Overweighted,2021,JP3888400003
0.00101693028236648,0.0010345375487933576,1.7607266426877734e-05,1.7607266426877734e-05,Overweighted,2021,JP3039710003
0.0025328347225315444,0.002515797992916367,-1.7036729615177524e-05,1.7036729615177524e-05,Underweighted,2021,JP3173400007
0.0006167337056674931,0.0006336513120921925,1.6917606424699384e-05,1.6917606424699384e-05,Overweighted,2021,NZCENE0001S6
0.001657779776370001,0.0016408738814656188,-1.6905894904382154e-05,1.6905894904382154e-05,Underweighted,2021,AU000000MGR9
0.0005688735351886109,0.0005852942574139192,1.6420722225308267e-05,1.6420722225308267e-05,Overweighted,2021,HK0000745908
0.0014662274896378037,0.0014825581426096658,1.6330652971862075e-05,1.6330652971862075e-05,Overweighted,2021,JP3982800009
0.0009539138118666847,0.0009380950516888306,-1.5818760177854058e-05,1.5818760177854058e-05,Underweighted,2021,JP3522200009
0.00028178020704018114,0.00026658077906205856,-1.5199427978122588e-05,1.5199427978122588e-05,Underweighted,2021,NZSKCE0001S2
0.0028075454047913288,0.0028227395086141147,1.519410382278593e-05,1.519410382278593e-05,Overweighted,2021,HK0006000050
0.0038900334542207437,0.003904941977118192,1.4908522897448106e-05,1.4908522897448106e-05,Overweighted,2021,AU0000224040
0.0003218536545725394,0.0003367125677462509,1.4858913173711533e-05,1.4858913173711533e-05,Overweighted,2021,AU000000BWP3
0.0007040928333109684,0.0006898519847426423,-1.4240848568326174e-05,1.4240848568326174e-05,Underweighted,2021,AU000000BPT9
0.007171956047051947,0.00715829340578395,-1.3662641267996392e-05,1.3662641267996392e-05,Underweighted,2021,JP3910660004
0.0004351471801875792,0.00044871228894146297,1.356510875388377e-05,1.356510875388377e-05,Overweighted,2021,JP3326410002
0.0032856110405427145,0.0032721663709436577,-1.34446695990568e-05,1.34446695990568e-05,Underweighted,2021,JP3388200002
0.00083529069885897,0.0008219587598414291,-1.3331939017540914e-05,1.3331939017540914e-05,Underweighted,2021,JP3888300005
0.006461210834832716,0.0064742285870862965,1.3017752253580324e-05,1.3017752253580324e-05,Overweighted,2021,AU000000WOW2
0.00042379825104347943,0.00041151235633360525,-1.2285894709874177e-05,1.2285894709874177e-05,Underweighted,2021,SG1P66918738
0.0005219007144815951,0.0005340395097993268,1.2138795317731673e-05,1.2138795317731673e-05,Overweighted,2021,JP3835620000
0.0006326547731206539,0.0006446988607430408,1.2044087622386894e-05,1.2044087622386894e-05,Overweighted,2021,JP3270000007
0.002069835737030305,0.002081718928567603,1.1883191537298034e-05,1.1883191537298034e-05,Overweighted,2021,JP3027670003
0.007073774911366017,0.007062172031274643,-1.1602880091374224e-05,1.1602880091374224e-05,Underweighted,2021,SG1T75931496
0.0011936464468304993,0.0012052119048090095,1.1565457978510206e-05,1.1565457978510206e-05,Overweighted,2021,SG9999000020
0.005018669180548696,0.005007133225919675,-1.1535954629020816e-05,1.1535954629020816e-05,Underweighted,2021,JP3899600005
0.0008686806645013723,0.0008576400527960137,-1.1040611705358597e-05,1.1040611705358597e-05,Underweighted,2021,JP3613000003
0.0014881496029708046,0.0014772058970635576,-1.0943705907246956e-05,1.0943705907246956e-05,Underweighted,2021,JP3419400001
0.0006556490245285286,0.0006663582365272058,1.0709211998677208e-05,1.0709211998677208e-05,Overweighted,2021,JP3544000007
0.0028272354217909745,0.002816656073416523,-1.0579348374451392e-05,1.0579348374451392e-05,Underweighted,2021,HK0291001490
0.003957085993992163,0.003946578204052722,-1.0507789939440994e-05,1.0507789939440994e-05,Underweighted,2021,JP3304200003
0.00028482098089758785,0.00029526469105679696,1.0443710159209116e-05,1.0443710159209116e-05,Overweighted,2021,JP3678000005
0.0016949972383479596,0.0016847391310340198,-1.0258107313939821e-05,1.0258107313939821e-05,Underweighted,2021,AU000000DXS1
0.0010040079082660807,0.0009942656119632254,-9.742296302855382e-06,9.742296302855382e-06,Underweighted,2021,JP3626800001
0.0007099895927227746,0.000700487294953533,-9.502297769241547e-06,9.502297769241547e-06,Underweighted,2021,JP3122800000
0.0012883440485666692,0.0012967515604846939,8.40751191802467e-06,8.40751191802467e-06,Overweighted,2021,JP3629000005
0.0006733100293694113,0.0006649588803075421,-8.35114906186916e-06,8.35114906186916e-06,Underweighted,2021,JP3738600000
0.0034497030536131683,0.0034420650469901624,-7.638006623005879e-06,7.638006623005879e-06,Underweighted,2021,JP3404600003
0.000669231879593142,0.000661735063770454,-7.4968158226880076e-06,7.4968158226880076e-06,Underweighted,2021,JP3243600008
0.0005636390863281772,0.0005564142877312885,-7.224798596888716e-06,7.224798596888716e-06,Underweighted,2021,KYG5427W1309
0.0012231540285225905,0.0012160238338773186,-7.130194645271846e-06,7.130194645271846e-06,Underweighted,2021,SG1M51904654
0.001652075123609836,0.0016588833870407286,6.8082634308926256e-06,6.8082634308926256e-06,Overweighted,2021,AU000000APA1
0.004507819172504367,0.004501651573957527,-6.1675985468401945e-06,6.1675985468401945e-06,Underweighted,2021,JP3249600002
0.000609186658638731,0.0006031534448559037,-6.033213782827285e-06,6.033213782827285e-06,Underweighted,2021,JP3711200000
0.007107569215770444,0.007113587332742264,6.018116971819379e-06,6.018116971819379e-06,Overweighted,2021,JP3914400001
0.0005752679423075257,0.000581162320047066,5.894377739540271e-06,5.894377739540271e-06,Overweighted,2021,JP3300600008
0.0025670425136337907,0.0025727104372734217,5.667923639630923e-06,5.667923639630923e-06,Overweighted,2021,JP3538800008
0.00051066704932848,0.0005159118873135662,5.244837985086221e-06,5.244837985086221e-06,Overweighted,2021,JP3358200008
0.0006099898474013071,0.000615113041051899,5.123193650591871e-06,5.123193650591871e-06,Overweighted,2021,HK0010000088
0.0008666644594527186,0.000871532486550859,4.868027098140458e-06,4.868027098140458e-06,Overweighted,2021,JP3955000009
0.0012481772920892283,0.0012527725509940803,4.595258904852018e-06,4.595258904852018e-06,Overweighted,2021,JP3401400001
0.00024054314207502467,0.00023595378568775938,-4.589356387265286e-06,4.589356387265286e-06,Underweighted,2021,HK0242001243
0.0012064169651967442,0.0012107445564791127,4.327591282368487e-06,4.327591282368487e-06,Overweighted,2021,JP3942800008
0.0037732015070411884,0.0037689320106470132,-4.269496394175218e-06,4.269496394175218e-06,Underweighted,2021,JP3421800008
0.0006544524745268776,0.000657339698346311,2.887223819433393e-06,2.887223819433393e-06,Overweighted,2021,AU000000CGF5
0.004191033474360839,0.004188274676562474,-2.7587977983649717e-06,2.7587977983649717e-06,Underweighted,2021,JP3672400003
0.0036455512109934947,0.003643325270246801,-2.225940746693883e-06,2.225940746693883e-06,Underweighted,2021,JP3890310000
0.003441263168051064,0.0034391439126282538,-2.119255422810152e-06,2.119255422810152e-06,Underweighted,2021,JP3933800009
0.0009184472647993988,0.0009170432107250178,-1.4040540743810292e-06,1.4040540743810292e-06,Underweighted,2021,BMG668971101
0.0005074122137735302,0.0005063071320615896,-1.105081711940542e-06,1.105081711940542e-06,Underweighted,2021,JP3634200004
0.0003440428876306794,0.0003430807816049385,-9.621060257408894e-07,9.621060257408894e-07,Underweighted,2021,JP3456000003
0.0017619765946330392,0.0017613324562287824,-6.441384042567538e-07,6.441384042567538e-07,Underweighted,2021,JP3551520004
0.00023726086271269755,0.00023664946608725353,-6.113966254440203e-07,6.113966254440203e-07,Underweighted,2021,AU000000PPT9
0.0008032710939982749,0.0008033214258390009,5.033184072593313e-08,5.033184072593313e-08,Overweighted,2021,JP3143000002
0.0008040213086001151,2.2774476345258497e-20,-0.0008040213086001151,0.0008040213086001151,Underweighted,2022,HK0836012952
0.0004565014963895201,5.808742767521407e-20,-0.00045650149638952004,0.00045650149638952004,Underweighted,2022,JP3551200003
0.0003565053308194828,6.844864567576102e-20,-0.00035650533081948277,0.00035650533081948277,Underweighted,2022,HK2380027329
0.00035030456736461087,0.0,-0.00035030456736461087,0.00035030456736461087,Removed,2022,SG1R50925390
0.0005054055119998405,0.00021634071454960672,-0.0002890647974502338,0.0002890647974502338,Underweighted,2022,JP3449020001
0.0002794231822205338,2.7582097456499737e-05,-0.00025184108476403405,0.00025184108476403405,Underweighted,2022,JP3289800009
0.0008761368644851466,0.0006304958163206577,-0.0002456410481644889,0.0002456410481644889,Underweighted,2022,JP3386030005
0.000210446575898593,0.0,-0.000210446575898593,0.000210446575898593,Removed,2022,JP3845400005
0.0003357920417767803,0.0001330100368781038,-0.0002027820048986765,0.0002027820048986765,Underweighted,2022,JP3158800007
0.0002818868011103217,8.451294516258587e-05,-0.00019737385594773585,0.00019737385594773585,Underweighted,2022,MU0117U00026
0.00018463760995733236,8.432928822192432e-19,-0.00018463760995733152,0.00018463760995733152,Underweighted,2022,JP3400900001
0.000675640790185499,0.00049695083891569,-0.00017868995126980901,0.00017868995126980901,Underweighted,2022,JP3605400005
0.0006975331530610777,0.000867173488818037,0.00016964033575695933,0.00016964033575695933,Overweighted,2022,JP3305990008
0.00014124013676009698,1.3721400140534384e-19,-0.00014124013676009684,0.00014124013676009684,Underweighted,2022,JP3850200001
0.0002892634900033225,0.00014879929546691994,-0.00014046419453640253,0.00014046419453640253,Underweighted,2022,JP3625000009
0.0017885007331304784,0.0016513860472783994,-0.00013711468585207894,0.00013711468585207894,Underweighted,2022,JP3381000003
0.0014685608589065187,0.001596660974740211,0.00012810011583369238,0.00012810011583369238,Overweighted,2022,JP3526600006
0.00016861857748290307,0.0002838141983220904,0.00011519562083918731,0.00011519562083918731,Overweighted,2022,JP3579800008
0.000902627457889205,0.0010100664304195466,0.00010743897253034159,0.00010743897253034159,Overweighted,2022,JP3585800000
0.00047129265491248964,0.00036776402869974573,-0.0001035286262127439,0.0001035286262127439,Underweighted,2022,JP3903000002
0.00028586952046569773,0.0003874604827062046,0.00010159096224050687,0.00010159096224050687,Overweighted,2022,JP3796150005
0.0008238199889687175,0.0009246240097395579,0.00010080402077084036,0.00010080402077084036,Overweighted,2022,HK0144000764
0.00014186981570956354,0.000240054981846033,9.818516613646945e-05,9.818516613646945e-05,Overweighted,2022,JP3194000000
0.0005852629705685635,0.0004874224723545083,-9.784049821405516e-05,9.784049821405516e-05,Underweighted,2022,JP3368000000
0.0002752846173251648,0.00037103335756820643,9.57487402430416e-05,9.57487402430416e-05,Overweighted,2022,JP3940400009
0.003701945511808859,0.003606208125249857,-9.573738655900207e-05,9.573738655900207e-05,Underweighted,2022,HK0002007356
0.000524698875011496,0.00042909686812215144,-9.560200688934453e-05,9.560200688934453e-05,Underweighted,2022,JP3118000003
0.0005457899714238784,0.0006371608919385723,9.137092051469389e-05,9.137092051469389e-05,Overweighted,2022,JP3791200003
0.0005337253227520991,0.0006243106886768508,9.058536592475167e-05,9.058536592475167e-05,Overweighted,2022,JP3362700001
0.0007933513988014043,0.0007028306103761219,-9.052078842528238e-05,9.052078842528238e-05,Underweighted,2022,JP3939000000
0.00021349107361926385,0.00030379193476668396,9.030086114742011e-05,9.030086114742011e-05,Overweighted,2022,JP3276400003
0.0031871546350672195,0.0030984635378953707,-8.869109717184881e-05,8.869109717184881e-05,Underweighted,2022,JP3538800008
0.0002300846881350814,0.0003174967586451946,8.741207051011319e-05,8.741207051011319e-05,Overweighted,2022,SG1P66918738
0.0004496930927484129,0.0005365359832820672,8.684289053365431e-05,8.684289053365431e-05,Overweighted,2022,JP3134800006
0.00038377830031825327,0.00046479383224053844,8.101553192228517e-05,8.101553192228517e-05,Overweighted,2022,BMG2442N1048
0.002479022411089246,0.0023996550368727177,-7.936737421652832e-05,7.936737421652832e-05,Underweighted,2022,JP3256000005
0.0011569390436050122,0.0012345770151332316,7.76379715282194e-05,7.76379715282194e-05,Overweighted,2022,JP3443600006
0.0012538057047962005,0.001331073156144211,7.72674513480104e-05,7.72674513480104e-05,Overweighted,2022,BMG5320C1082
0.0006393224825776415,0.0007152799004794927,7.595741790185123e-05,7.595741790185123e-05,Overweighted,2022,JP3753000003
0.000353890588981823,0.00042950103627507365,7.561044729325066e-05,7.561044729325066e-05,Overweighted,2022,HK0165000859
0.0010872052483463378,0.0011625167215565946,7.531147321025678e-05,7.531147321025678e-05,Overweighted,2022,JP3385980002
0.0008898559945966494,0.0009634455439858073,7.358954938915785e-05,7.358954938915785e-05,Overweighted,2022,JP3977400005
0.0002055697124349745,0.0002788437446428506,7.327403220787611e-05,7.327403220787611e-05,Overweighted,2022,AU000000ELD6
0.0005845514333556662,0.000657531009774234,7.297957641856775e-05,7.297957641856775e-05,Overweighted,2022,AU000000IGO4
0.0009284867981464228,0.001001426075079743,7.293927693332008e-05,7.293927693332008e-05,Overweighted,2022,BMG677491539
0.019766552574403188,0.01983932458763933,7.277201323614355e-05,7.277201323614355e-05,Overweighted,2022,JP3435000009
0.00034409593292287057,0.00041598857984319267,7.18926469203221e-05,7.18926469203221e-05,Overweighted,2022,AU000000FLT9
0.00023735275740929918,0.000166230351699528,-7.112240570977119e-05,7.112240570977119e-05,Underweighted,2022,AU000000ABC7
0.0007084675280185645,0.0007789269469887851,7.045941897022064e-05,7.045941897022064e-05,Overweighted,2022,JP3511800009
0.0006034260598659265,0.0006738690838779835,7.0443024012057e-05,7.0443024012057e-05,Overweighted,2022,BMG524401079
0.0006448951412804205,0.0005747232131230499,-7.017192815737057e-05,7.017192815737057e-05,Underweighted,2022,JP3246400000
0.0005644631006703093,0.0004952921472181214,-6.917095345218788e-05,6.917095345218788e-05,Underweighted,2022,BMG988031446
0.0003470853337354631,0.00041473550293338695,6.765016919792384e-05,6.765016919792384e-05,Overweighted,2022,JP3711200000
0.0011236006916255051,0.001191039884791678,6.743919316617281e-05,6.743919316617281e-05,Overweighted,2022,JP3210200006
0.0009292613032542668,0.000996505653164457,6.724434991019017e-05,6.724434991019017e-05,Overweighted,2022,JP3830000000
7.124187634264672e-05,4.733513415327383e-06,-6.650836292731934e-05,6.650836292731934e-05,Underweighted,2022,AU000000SXL4
0.0007897039834866192,0.0008554388588651387,6.573487537851947e-05,6.573487537851947e-05,Overweighted,2022,JP3613000003
0.0026162987188624504,0.0026815160459851173,6.521732712266685e-05,6.521732712266685e-05,Overweighted,2022,JP3347200002
0.012306220278150036,0.012241079780828536,-6.514049732149994e-05,6.514049732149994e-05,Underweighted,2022,JP3756600007
0.0010348458695008198,0.0009701754713176583,-6.467039818316154e-05,6.467039818316154e-05,Underweighted,2022,JP3336000009
0.0008680675287477327,0.0009319314471400811,6.386391839234844e-05,6.386391839234844e-05,Overweighted,2022,JP3358800005
0.013633322186861517,0.01356951286166113,-6.380932520038719e-05,6.380932520038719e-05,Underweighted,2022,JP3519400000
0.0002445909169334173,0.00018193425237664229,-6.265666455677502e-05,6.265666455677502e-05,Underweighted,2022,JP3350800003
0.0007603971509810717,0.0006978682888959816,-6.252886208509012e-05,6.252886208509012e-05,Underweighted,2022,AU000000BLD2
0.00010874555457287508,0.00017109307451979494,6.234751994691986e-05,6.234751994691986e-05,Overweighted,2022,AU000000GWA4
0.001226600425784498,0.001288695623508795,6.209519772429708e-05,6.209519772429708e-05,Overweighted,2022,JP3502200003
0.0009875774449617386,0.0009259026869388094,-6.167475802292921e-05,6.167475802292921e-05,Underweighted,2022,JP3174410005
0.007684383085854971,0.007745939178368476,6.15560925135046e-05,6.15560925135046e-05,Overweighted,2022,SG1L01001701
0.0003711406438024594,0.0004323475826842169,6.120693888175745e-05,6.120693888175745e-05,Overweighted,2022,JP3493400000
0.0009827761429720562,0.0009219451037187276,-6.0831039253328575e-05,6.0831039253328575e-05,Underweighted,2022,KYG0535Q1331
0.0030371194575804484,0.00297632852123934,-6.0790936341108184e-05,6.0790936341108184e-05,Underweighted,2022,JP3258000003
0.0009217460849923833,0.000982452770008105,6.070668501572166e-05,6.070668501572166e-05,Overweighted,2022,JP3799000009
0.00433794014113857,0.004397852847295906,5.991270615733624e-05,5.991270615733624e-05,Overweighted,2022,JP3951600000
0.003616803472656738,0.003675118835564608,5.831536290787018e-05,5.831536290787018e-05,Overweighted,2022,JP3397200001
0.00016809279556009846,0.0002263433008777683,5.825050531766985e-05,5.825050531766985e-05,Overweighted,2022,JP3919800007
0.0008389055224005626,0.0007806812943795868,-5.822422802097586e-05,5.822422802097586e-05,Underweighted,2022,JP3720800006
0.0012570485513859534,0.0013151153894755767,5.806683808962337e-05,5.806683808962337e-05,Overweighted,2022,JP3112000009
0.002488015800685002,0.0025458754724796582,5.785967179465631e-05,5.785967179465631e-05,Overweighted,2022,JP3197600004
0.00039123055068519,0.0003334928164458751,-5.773773423931489e-05,5.773773423931489e-05,Underweighted,2022,JP3404200002
0.015427474288563458,0.015485052026431969,5.757773786851071e-05,5.757773786851071e-05,Overweighted,2022,JP3735400008
0.005797047944816221,0.005853989457191918,5.6941512375697015e-05,5.6941512375697015e-05,Overweighted,2022,AU000000MQG1
0.0013860209680130683,0.0014428596028883943,5.683863487532595e-05,5.683863487532595e-05,Overweighted,2022,SG1F60858221
0.003943482485837363,0.004000248860989941,5.6766375152578034e-05,5.6766375152578034e-05,Overweighted,2022,HK0688002218
0.00203834474669982,0.002095045312303609,5.670056560378887e-05,5.670056560378887e-05,Overweighted,2022,JP3862400003
0.00032684902649698146,0.0003832888483921925,5.643982189521105e-05,5.643982189521105e-05,Overweighted,2022,AU000000ILU1
7.62698627541372e-05,0.00013238372433237457,5.611386157823737e-05,5.611386157823737e-05,Overweighted,2022,JP3826800009
0.0012079808192487717,0.0011520270275813505,-5.595379166742115e-05,5.595379166742115e-05,Underweighted,2022,AU000000SEK6
0.0035319935891504604,0.0035870009134348325,5.500732428437207e-05,5.500732428437207e-05,Overweighted,2022,JP3756100008
0.00013916691881897831,0.00019411177051677225,5.494485169779394e-05,5.494485169779394e-05,Overweighted,2022,JP3425000001
0.0006779312473641836,0.0007327245071002238,5.4793259736040214e-05,5.4793259736040214e-05,Overweighted,2022,HK0392044647
6.858148278115049e-05,1.3969827061109792e-05,-5.46116557200407e-05,5.46116557200407e-05,Underweighted,2022,HK0000139300
0.0009607279345564845,0.001014602913602822,5.387497904633747e-05,5.387497904633747e-05,Overweighted,2022,JP3190000004
0.0010275179807264026,0.0009738369219845998,-5.368105874180274e-05,5.368105874180274e-05,Underweighted,2022,AU000000ORG5
0.0001720314373890118,0.00022522523296471413,5.319379557570234e-05,5.319379557570234e-05,Overweighted,2022,KYG548561284
0.002342405692015607,0.0023955032875802675,5.3097595564660736e-05,5.3097595564660736e-05,Overweighted,2022,JP3592200004
0.0014495130706851551,0.0013964802864318959,-5.303278425325929e-05,5.303278425325929e-05,Underweighted,2022,AU000000QBE9
0.0003150299526154942,0.0002620187739542121,-5.3011178661282056e-05,5.3011178661282056e-05,Underweighted,2022,AU000000CSR5
0.000808736029734246,0.0008614995688549547,5.276353912070874e-05,5.276353912070874e-05,Overweighted,2022,JP3629000005
0.0006611440065714051,0.0006084358605975955,-5.270814597380959e-05,5.270814597380959e-05,Underweighted,2022,JP3494600004
0.00013608149196659217,8.347200732443619e-05,-5.260948464215598e-05,5.260948464215598e-05,Underweighted,2022,JP3528600004
0.0067833298253394325,0.0068358352466926856,5.250542135325307e-05,5.250542135325307e-05,Overweighted,2022,JP3890350006
0.0003888456416640854,0.00044128771656581944,5.244207490173405e-05,5.244207490173405e-05,Overweighted,2022,JP3459600007
0.0004426123529616614,0.0004948089279138009,5.2196574952139514e-05,5.2196574952139514e-05,Overweighted,2022,AU000000DOW2
0.0004599867693748175,0.0004078154714799176,-5.217129789489988e-05,5.217129789489988e-05,Underweighted,2022,AU000000BPT9
0.002029540260788904,0.0020812963742264643,5.175611343756015e-05,5.175611343756015e-05,Overweighted,2022,AU000000SHL7
0.00041445625873626413,0.00046609509447667966,5.163883574041552e-05,5.163883574041552e-05,Overweighted,2022,JP3131400008
0.0006018439915053917,0.0006533291618022411,5.1485170296849416e-05,5.1485170296849416e-05,Overweighted,2022,JP3738600000
0.004658686004417847,0.004710034781713666,5.1348777295819395e-05,5.1348777295819395e-05,Overweighted,2022,JP3242800005
0.00037696202569027776,0.00042814384348037265,5.118181779009489e-05,5.118181779009489e-05,Overweighted,2022,JP3638600001
0.0002326522040515313,0.00028368419315155294,5.103198910002163e-05,5.103198910002163e-05,Overweighted,2022,JP3811000003
0.007495391245962078,0.007546418271142929,5.102702518085169e-05,5.102702518085169e-05,Overweighted,2022,JP3551500006
0.0003084686979620526,0.0003593308260645498,5.086212810249724e-05,5.086212810249724e-05,Overweighted,2022,AU0000033359
0.003756559141293468,0.0037063551902484413,-5.020395104502655e-05,5.020395104502655e-05,Underweighted,2022,KYG210961051
0.0003543313642464495,0.0004044633379742088,5.013197372775931e-05,5.013197372775931e-05,Overweighted,2022,JP3733400000
0.00033720094842621176,0.00038731147891011815,5.011053048390639e-05,5.011053048390639e-05,Overweighted,2022,JP3271400008
0.012932379322289078,0.012882298573269384,-5.008074901969445e-05,5.008074901969445e-05,Underweighted,2022,JP3734800000
0.0003983900003406248,0.00044824774185604337,4.985774151541856e-05,4.985774151541856e-05,Overweighted,2022,JP3894900004
0.0006228752684175749,0.0006724925546704122,4.961728625283725e-05,4.961728625283725e-05,Overweighted,2022,AU000000WOR2
0.0004595538650970592,0.00041043181158852436,-4.9122053508534865e-05,4.9122053508534865e-05,Underweighted,2022,JP3870000001
0.005919374100131716,0.005968000719239842,4.8626619108126275e-05,4.8626619108126275e-05,Overweighted,2022,JP3898400001
0.0007089004322963227,0.0006606554445729546,-4.824498772336807e-05,4.824498772336807e-05,Underweighted,2022,AU000000JBH7
0.004842404283108957,0.004794343586766908,-4.806069634204907e-05,4.806069634204907e-05,Underweighted,2022,JP3942400007
0.0016307960660392046,0.0016784614833407307,4.766541730152614e-05,4.766541730152614e-05,Overweighted,2022,JP3940000007
0.0026334212636958203,0.002681079748850275,4.7658485154454706e-05,4.7658485154454706e-05,Overweighted,2022,JP3122400009
0.0015231792109832482,0.001570836486858641,4.765727587539284e-05,4.765727587539284e-05,Overweighted,2022,JP3573000001
0.000756880394048301,0.000709822613072916,-4.705778097538493e-05,4.705778097538493e-05,Underweighted,2022,AU000000ORI1
0.010016436855941347,0.010063437528981062,4.7000673039714405e-05,4.7000673039714405e-05,Overweighted,2022,JP3481800005
0.001556887499345567,0.0016035491448539183,4.666164550835134e-05,4.666164550835134e-05,Overweighted,2022,AU000000SUN6
0.00017634946078497874,0.00012978630669647543,-4.6563154088503304e-05,4.6563154088503304e-05,Underweighted,2022,JP3421100003
0.007321788759594146,0.007367788005651684,4.599924605753775e-05,4.599924605753775e-05,Overweighted,2022,JP3837800006
0.00020683851551814964,0.0002528356420999115,4.599712658176188e-05,4.599712658176188e-05,Overweighted,2022,JP3718800000
0.0012769637223602071,0.001231001662223961,-4.596206013624611e-05,4.596206013624611e-05,Underweighted,2022,JP3401400001
0.0029884814813262773,0.0030339982376613793,4.551675633510197e-05,4.551675633510197e-05,Overweighted,2022,US89677Q1076
0.0007971326208929509,0.0008422818360050822,4.514921511213131e-05,4.514921511213131e-05,Overweighted,2022,JP3270000007
0.0017681526578784664,0.0018124431164831332,4.4290458604666827e-05,4.4290458604666827e-05,Overweighted,2022,AU000000RHC8
0.00024454526520958095,0.00028868003077081296,4.413476556123201e-05,4.413476556123201e-05,Overweighted,2022,AU000000CQR9
0.003976347004407397,0.003932371729743437,-4.3975274663959896e-05,4.3975274663959896e-05,Underweighted,2022,JP3201200007
0.003256050957323103,0.003299659994622516,4.36090372994127e-05,4.36090372994127e-05,Overweighted,2022,JP3165700000
0.013414795255843893,0.013458054308871037,4.325905302714379e-05,4.325905302714379e-05,Overweighted,2022,HK0388045442
0.0026415110639990916,0.002684518808388282,4.300774438919033e-05,4.300774438919033e-05,Overweighted,2022,JP3762600009
0.0010882536637971997,0.0010456190042986435,-4.263465949855619e-05,4.263465949855619e-05,Underweighted,2022,JP3786200000
0.0012278629320781784,0.0012701051514769975,4.224221939881905e-05,4.224221939881905e-05,Overweighted,2022,SGXE21576413
0.00048421524115291705,0.0005261558920812829,4.1940650928365864e-05,4.1940650928365864e-05,Overweighted,2022,HK0000745908
0.0006765648440438412,0.0007183854022497676,4.182055820592639e-05,4.182055820592639e-05,Overweighted,2022,JP3351500008
0.001433619974000619,0.0013918048234099042,-4.181515059071476e-05,4.181515059071476e-05,Underweighted,2022,JP3300200007
0.0015818763084551473,0.0015401715065966985,-4.170480185844883e-05,4.170480185844883e-05,Underweighted,2022,JP3283650004
0.00019103199968916528,0.00023270913644439576,4.1677136755230486e-05,4.1677136755230486e-05,Overweighted,2022,AU000000SBM8
0.0004379842126830822,0.00047963080528408376,4.164659260100158e-05,4.164659260100158e-05,Overweighted,2022,JP3582600007
0.000986815533432884,0.0010281380098413509,4.1322476408466816e-05,4.1322476408466816e-05,Overweighted,2022,JP3888300005
0.0084895094810114,0.008448275457340667,-4.1234023670733144e-05,4.1234023670733144e-05,Underweighted,2022,JP3802400006
0.0009093240935167818,0.0009504846930987756,4.11605995819938e-05,4.11605995819938e-05,Overweighted,2022,JP3973400009
0.00039262056696613744,0.000433645004907413,4.102443794127555e-05,4.102443794127555e-05,Overweighted,2022,JP3535800001
0.00026578591037246176,0.00022517870787028705,-4.060720250217471e-05,4.060720250217471e-05,Underweighted,2022,JP3223800008
0.003878461837515446,0.0038378751891515075,-4.05866483639385e-05,4.05866483639385e-05,Underweighted,2022,JP3351100007
0.005392946756403934,0.005432728185005466,3.978142860153189e-05,3.978142860153189e-05,Overweighted,2022,JP3910660004
0.001010277371090008,0.0009705102257181214,-3.9767145371886635e-05,3.9767145371886635e-05,Underweighted,2022,NZTELE0001S4
0.0015923431467926553,0.0015525832655397364,-3.9759881252918834e-05,3.9759881252918834e-05,Underweighted,2022,JP3277800003
0.00036752628663252134,0.0004072817811317263,3.975549449920497e-05,3.975549449920497e-05,Overweighted,2022,JP3219000001
0.001007664203449722,0.0009679529875447464,-3.971121590497565e-05,3.971121590497565e-05,Underweighted,2022,AU000000LLC3
0.0018583856513370246,0.0018186757724125058,-3.9709878924518854e-05,3.9709878924518854e-05,Underweighted,2022,HK0000608585
0.0006091687318850614,0.0005694742624351774,-3.969446944988408e-05,3.969446944988408e-05,Underweighted,2022,HK0014000126
0.001483862057378556,0.0015232099032253664,3.934784584681047e-05,3.934784584681047e-05,Overweighted,2022,JP3551520004
0.008691316861723312,0.008651985514972649,-3.933134675066299e-05,3.933134675066299e-05,Underweighted,2022,JP3463000004
0.015850988478987797,0.015890179159133235,3.9190680145437945e-05,3.9190680145437945e-05,Overweighted,2022,AU000000BHP4
0.0006346376711936102,0.0006737918053376025,3.915413414399226e-05,3.915413414399226e-05,Overweighted,2022,JP3398000004
0.00048745651354529623,0.00044844987378494296,-3.900663976035327e-05,3.900663976035327e-05,Underweighted,2022,JP3780100008
0.01069822331267364,0.010659631727583833,-3.859158508980748e-05,3.859158508980748e-05,Underweighted,2022,JP3475350009
0.0002565312040126769,0.000295040340428473,3.850913641579608e-05,3.850913641579608e-05,Overweighted,2022,NZSKCE0001S2
0.0013117818198709605,0.0013501948673865373,3.8413047515576705e-05,3.8413047515576705e-05,Overweighted,2022,JP3670800006
0.00012143673379937362,0.00015981179204718274,3.837505824780912e-05,3.837505824780912e-05,Overweighted,2022,HK0308001558
0.0009116082539059716,0.0009496790197676061,3.807076586163449e-05,3.807076586163449e-05,Overweighted,2022,JP3766550002
0.00012806882733463017,0.00016600047650942482,3.793164917479465e-05,3.793164917479465e-05,Overweighted,2022,SG2B80958517
0.000610025095256336,0.0006477914881232419,3.776639286690595e-05,3.776639286690595e-05,Overweighted,2022,BMG668971101
0.0015173326419374513,0.0015549991132988708,3.7666471361419516e-05,3.7666471361419516e-05,Overweighted,2022,JP3906000009
0.0017671656361251775,0.0018047992575427065,3.7633621417529003e-05,3.7633621417529003e-05,Overweighted,2022,JP3359600008
0.00546921976755282,0.005506852275307072,3.7632507754251955e-05,3.7632507754251955e-05,Overweighted,2022,SG1S04926220
0.0007376122181946243,0.0007000160852096445,-3.759613298497978e-05,3.759613298497978e-05,Underweighted,2022,JP3522200009
0.00021314947278917824,0.00017560239118927018,-3.754708159990806e-05,3.754708159990806e-05,Underweighted,2022,SG9999003735
0.00024165189043678212,0.0002788234731040405,3.7171582667258396e-05,3.7171582667258396e-05,Overweighted,2022,JP3165600002
0.0003936548146406363,0.00043075470474887963,3.7099890108243316e-05,3.7099890108243316e-05,Overweighted,2022,JP3215800008
0.0007706813824232344,0.0008077778911262998,3.7096508703065374e-05,3.7096508703065374e-05,Overweighted,2022,JP3982100004
0.00041349914673307497,0.0003765772662889818,-3.6921880444093155e-05,3.6921880444093155e-05,Underweighted,2022,AU000000MTS0
0.00046862753875887236,0.0005052425589008576,3.6615020141985235e-05,3.6615020141985235e-05,Overweighted,2022,JP3663900003
0.0011793304270480431,0.00121575179385574,3.642136680769687e-05,3.642136680769687e-05,Overweighted,2022,JP3626800001
0.0011179524714487901,0.0011543265138489172,3.637404240012707e-05,3.637404240012707e-05,Overweighted,2022,JP3486800000
0.0009344451352057502,0.0008981766260855586,-3.626850912019164e-05,3.626850912019164e-05,Underweighted,2022,AU000000CIM7
0.00031953058290680637,0.00028336853797904514,-3.616204492776123e-05,3.616204492776123e-05,Underweighted,2022,JP3172100004
0.001045216681798534,0.0010812960778036867,3.6079396005152774e-05,3.6079396005152774e-05,Overweighted,2022,HK0000055878
0.00248717360509009,0.0024513292345760686,-3.584437051402153e-05,3.584437051402153e-05,Underweighted,2022,AU000000NCM7
0.0004811077755372996,0.0005168560580619491,3.5748282524649506e-05,3.5748282524649506e-05,Overweighted,2022,JP3657400002
0.004668028865830556,0.0047036536885867435,3.562482275618756e-05,3.562482275618756e-05,Overweighted,2022,JP3814000000
6.102690958492543e-05,9.647188595993544e-05,3.544497637501001e-05,3.544497637501001e-05,Overweighted,2022,JP3203500008
0.004511153800755205,0.0045463692935960994,3.521549284089473e-05,3.521549284089473e-05,Overweighted,2022,KYG2108Y1052
0.0011256880773429867,0.001160523679798968,3.483560245598136e-05,3.483560245598136e-05,Overweighted,2022,JP3598600009
0.0007836291558216405,0.0008184542438662545,3.4825088044613964e-05,3.4825088044613964e-05,Overweighted,2022,SG1R89002252
0.004989047065255477,0.005023840928902167,3.479386364668973e-05,3.479386364668973e-05,Overweighted,2022,JP3933800009
0.0012576798045327937,0.0012229584410428072,-3.472136348998652e-05,3.472136348998652e-05,Underweighted,2022,JP3229400001
0.005255106885970957,0.005220388503797933,-3.4718382173023685e-05,3.4718382173023685e-05,Underweighted,2022,JP3902400005
0.001096113631283916,0.0011304004278025477,3.428679651863156e-05,3.428679651863156e-05,Overweighted,2022,SG1U68934629
0.00172741242984798,0.00169326647865612,-3.4145951191859834e-05,3.4145951191859834e-05,Underweighted,2022,JP3621000003
0.0026898389233706503,0.0027233282568710315,3.348933350038122e-05,3.348933350038122e-05,Overweighted,2022,JP3890310000
0.0013382629680907768,0.0013050039124382815,-3.325905565249531e-05,3.325905565249531e-05,Underweighted,2022,JP3294460005
0.00013615862763790182,0.00010298134393768083,-3.317728370022099e-05,3.317728370022099e-05,Underweighted,2022,BMG684371393
0.0044981162981064995,0.004531246036469879,3.3129738363379783e-05,3.3129738363379783e-05,Overweighted,2022,AU000000TLS2
0.0029254254313266954,0.0029585262494934467,3.3100818166751245e-05,3.3100818166751245e-05,Overweighted,2022,JP3197800000
0.0005279511667854908,0.0005608643477265491,3.2913180941058226e-05,3.2913180941058226e-05,Overweighted,2022,JP3166000004
0.006256349938333494,0.006289078070752111,3.272813241861697e-05,3.272813241861697e-05,Overweighted,2022,JP3726800000
0.0006328273442138938,0.0006653348396282961,3.25074954144023e-05,3.25074954144023e-05,Overweighted,2022,JP3935600001
0.0007817464157627355,0.0007492650889394321,-3.248132682330334e-05,3.248132682330334e-05,Underweighted,2022,JP3209000003
0.002243262741422097,0.002210785300356884,-3.247744106521294e-05,3.247744106521294e-05,Underweighted,2022,JP3967200001
0.000880576101078886,0.0008481738618849131,-3.240223919397296e-05,3.240223919397296e-05,Underweighted,2022,JP3143000002
0.0037844318799916048,0.003752042327705354,-3.2389552286250876e-05,3.2389552286250876e-05,Underweighted,2022,JP3249600002
0.004752964685126727,0.004720749058352603,-3.221562677412429e-05,3.221562677412429e-05,Underweighted,2022,JP3546800008
0.0010187827594999278,0.0009868691224062993,-3.1913637093628454e-05,3.1913637093628454e-05,Underweighted,2022,AU000000BSL0
0.004601097141897008,0.004632768299973065,3.167115807605706e-05,3.167115807605706e-05,Overweighted,2022,SG1T75931496
0.004387541526185424,0.0044190830430977995,3.1541516912375264e-05,3.1541516912375264e-05,Overweighted,2022,JP3634600005
8.53136266658507e-05,5.420352381028985e-05,-3.1110102855560845e-05,3.1110102855560845e-05,Underweighted,2022,AU000000SIG5
0.004303429012115681,0.004272538251754757,-3.089076036092396e-05,3.089076036092396e-05,Underweighted,2022,KYG217651051
0.00010813476599189252,0.0001389726613394411,3.0837895347548573e-05,3.0837895347548573e-05,Overweighted,2022,JP3411000007
0.0015497799982034629,0.0015190938708772347,-3.068612732622816e-05,3.068612732622816e-05,Underweighted,2022,JP3900000005
0.001335652948845238,0.0013662547852542396,3.060183640900163e-05,3.060183640900163e-05,Overweighted,2022,JP3711600001
0.0005701491015839923,0.0006007304729814029,3.058137139741056e-05,3.058137139741056e-05,Overweighted,2022,JP3263000006
0.0018026496191249919,0.0018330165751340528,3.0366956009060964e-05,3.0366956009060964e-05,Overweighted,2022,JP3357200009
0.0012925876312938462,0.0012625356780252125,-3.005195326863364e-05,3.005195326863364e-05,Underweighted,2022,JP3027680002
0.0013063650067081745,0.0012768941215617817,-2.9470885146392787e-05,2.9470885146392787e-05,Underweighted,2022,JP3774200004
0.010854087743035097,0.01088329431478878,2.9206571753682964e-05,2.9206571753682964e-05,Overweighted,2022,JP3496400007
0.010078877394767826,0.010107897381350888,2.9019986583061694e-05,2.9019986583061694e-05,Overweighted,2022,JP3914400001
0.0007974616281440472,0.0007690416001383502,-2.8420028005696966e-05,2.8420028005696966e-05,Underweighted,2022,HK0293001514
0.002335261984333909,0.0023069618590471934,-2.8300125286715664e-05,2.8300125286715664e-05,Underweighted,2022,JP3814800003
0.004335896832947551,0.004364177139288961,2.8280306341410023e-05,2.8280306341410023e-05,Overweighted,2022,JP3304200003
0.0002648744500931089,0.0002930391456568739,2.8164695563765016e-05,2.8164695563765016e-05,Overweighted,2022,JP3769000005
0.014538934322971191,0.01451078040985628,-2.815391311491132e-05,2.815391311491132e-05,Underweighted,2022,JP3802300008
0.0003998555780955082,0.0003717178563290156,-2.813772176649262e-05,2.813772176649262e-05,Underweighted,2022,JP3902000003
0.0016700974776701599,0.0016980266019813687,2.7929124311208784e-05,2.7929124311208784e-05,Overweighted,2022,AU000000STO6
0.0011415685804485336,0.0011694491802110717,2.788059976253812e-05,2.788059976253812e-05,Overweighted,2022,AU000000MGR9
0.0009164803947774693,0.0009442162351485932,2.7735840371123904e-05,2.7735840371123904e-05,Overweighted,2022,JP3695200000
0.0032979466462258605,0.003270260526496787,-2.7686119729073734e-05,2.7686119729073734e-05,Underweighted,2022,JP3421800008
0.002648225015797779,0.00267567666280029,2.745164700251098e-05,2.745164700251098e-05,Overweighted,2022,JP3733000008
0.001171790021628181,0.0011989490356567709,2.715901402858983e-05,2.715901402858983e-05,Overweighted,2022,JP3574200006
0.0016683265056247852,0.0016954737561576776,2.7147250532892327e-05,2.7147250532892327e-05,Overweighted,2022,AU000000ASX7
0.004773374154076312,0.004746417680343906,-2.695647373240559e-05,2.695647373240559e-05,Underweighted,2022,HK0291001490
0.00030286770370654753,0.0003297716736241916,2.690396991764408e-05,2.690396991764408e-05,Overweighted,2022,AU000000SGM7
0.00040673324642105673,0.0004334626525581949,2.6729406137138156e-05,2.6729406137138156e-05,Overweighted,2022,SG1N31909426
0.0007372155204564603,0.0007637295572626721,2.6514036806211776e-05,2.6514036806211776e-05,Overweighted,2022,SG1S83002349
0.00028959721984653973,0.0002631716026851952,-2.642561716134455e-05,2.642561716134455e-05,Underweighted,2022,JP3389900006
0.00705867583636217,0.007085029235943681,2.63533995815109e-05,2.63533995815109e-05,Overweighted,2022,JP3143600009
0.000584104361301545,0.0005579647480179605,-2.6139613283584508e-05,2.6139613283584508e-05,Underweighted,2022,NZFBUE0001S0
0.00037758225945550233,0.0004031433176285751,2.5561058173072758e-05,2.5561058173072758e-05,Overweighted,2022,JP3164800009
0.0005471390585731105,0.0005726648121902986,2.552575361718806e-05,2.552575361718806e-05,Overweighted,2022,JP3549600009
0.0005059564810806238,0.000480713411190456,-2.5243069890167806e-05,2.5243069890167806e-05,Underweighted,2022,JP3635400009
0.0016389929117638855,0.0016640129738413317,2.5020062077446212e-05,2.5020062077446212e-05,Overweighted,2022,JP3429800000
0.0005799437576429447,0.0005550228517270493,-2.4920905915895358e-05,2.4920905915895358e-05,Underweighted,2022,AU000000ANN9
0.000936263333172335,0.0009611661660922584,2.4902832919923394e-05,2.4902832919923394e-05,Overweighted,2022,JP3955000009
0.0007416878151950465,0.0007665490487158195,2.4861233520772968e-05,2.4861233520772968e-05,Overweighted,2022,JP3126340003
0.0008149997610840645,0.000839859720376451,2.4859959292386426e-05,2.4859959292386426e-05,Overweighted,2022,JP3792600003
0.0016500075707874293,0.0016746451777616034,2.4637606974174144e-05,2.4637606974174144e-05,Overweighted,2022,SG1M51904654
0.0017362987740223265,0.0017118581178542085,-2.4440656168118026e-05,2.4440656168118026e-05,Underweighted,2022,JP3596200000
0.001234079437506787,0.001258003536760729,2.3924099253941908e-05,2.3924099253941908e-05,Overweighted,2022,NZAIAE0002S6
0.0017330858371826735,0.0017092375369624083,-2.384830022026524e-05,2.384830022026524e-05,Underweighted,2022,JP3196000008
0.03643512564656261,0.03645869893928688,2.357329272427433e-05,2.357329272427433e-05,Overweighted,2022,JP3633400001
0.0009243057299219649,0.0009474222037136012,2.311647379163624e-05,2.311647379163624e-05,Overweighted,2022,BMG2624N1535
0.003730644704128171,0.0037534586279144083,2.2813923786237176e-05,2.2813923786237176e-05,Overweighted,2022,JP3188220002
0.0021134497033974443,0.002090659431613542,-2.2790271783902204e-05,2.2790271783902204e-05,Underweighted,2022,JP3402600005
0.0010974359570777958,0.0010749582863893482,-2.2477670688447618e-05,2.2477670688447618e-05,Underweighted,2022,JP3108600002
0.0018588657815359927,0.0018812741062891906,2.2408324753197878e-05,2.2408324753197878e-05,Overweighted,2022,HK0101000591
0.0006053985291751304,0.0006275330136642176,2.2134484489087238e-05,2.2134484489087238e-05,Overweighted,2022,JP3269600007
0.00037162077400142764,0.00034976235522961074,-2.18584187718169e-05,2.18584187718169e-05,Underweighted,2022,JP3485800001
0.0004278873107283859,0.0004062098289960196,-2.1677481732366294e-05,2.1677481732366294e-05,Underweighted,2022,HK0200030994
4.3598970461064684e-05,2.1962822725713634e-05,-2.163614773535105e-05,2.163614773535105e-05,Underweighted,2022,JP3407200009
0.0029179936455256167,0.002896370035199132,-2.1623610326484792e-05,2.1623610326484792e-05,Underweighted,2022,JP3173400007
0.004981497214651374,0.005003066607748795,2.156939309742173e-05,2.156939309742173e-05,Overweighted,2022,HK2388011192
0.0010091754329284415,0.0010306797492552451,2.1504316326803607e-05,2.1504316326803607e-05,Overweighted,2022,JP3600200004
0.00338801277476281,0.0034093285145813503,2.1315739818540246e-05,2.1315739818540246e-05,Overweighted,2022,JP3762800005
0.009689669687707797,0.009668389595284588,-2.1280092423208233e-05,2.1280092423208233e-05,Underweighted,2022,JP3571400005
0.00044343408399071524,0.00046470943649813695,2.1275352507421706e-05,2.1275352507421706e-05,Overweighted,2022,AU000000BOQ8
0.002980719114076728,0.003001987765099596,2.126865102286806e-05,2.126865102286806e-05,Overweighted,2022,JP3505000004
0.0017989439585073812,0.0017778774208651006,-2.1066537642280662e-05,2.1066537642280662e-05,Underweighted,2022,JP3942600002
0.0009993335509482794,0.001020267459093687,2.0933908145407505e-05,2.0933908145407505e-05,Overweighted,2022,AU000000GPT8
0.003991692280405897,0.004012251664251404,2.0559383845507317e-05,2.0559383845507317e-05,Overweighted,2022,HK0003000038
0.0034047307508711473,0.003425237415357124,2.0506664485976656e-05,2.0506664485976656e-05,Overweighted,2022,JP3200450009
0.009375357569094694,0.009355360136230728,-1.9997432863965922e-05,1.9997432863965922e-05,Underweighted,2022,AU000000WBC1
0.0008989564296138148,0.0009187571825205077,1.9800752906692877e-05,1.9800752906692877e-05,Overweighted,2022,HK0019000162
0.0007048358546775162,0.0007245236851729902,1.9687830495474044e-05,1.9687830495474044e-05,Overweighted,2022,HK0008011667
0.0006789796628150455,0.0006985921145225321,1.9612451707486643e-05,1.9612451707486643e-05,Overweighted,2022,JP3305530002
0.00017525854200502793,0.00019481371409643447,1.955517209140654e-05,1.955517209140654e-05,Overweighted,2022,JP3619800000
0.001767984218759484,0.0017873193464447068,1.9335127685222737e-05,1.9335127685222737e-05,Overweighted,2022,JP3982800009
0.0010530939654563606,0.0010338658330306966,-1.9228132425664008e-05,1.9228132425664008e-05,Underweighted,2022,JP3495000006
0.005455209410927189,0.0054359836827797044,-1.9225728147484467e-05,1.9225728147484467e-05,Underweighted,2022,HK0011000095
0.0006191192334840068,0.0006383353017622028,1.921606827819599e-05,1.921606827819599e-05,Overweighted,2022,AU000000AMP6
0.0007784343044885414,0.0007593400999621091,-1.9094204526432347e-05,1.9094204526432347e-05,Underweighted,2022,JP3039710003
0.0032600793284023157,0.003278962894807274,1.8883566404958446e-05,1.8883566404958446e-05,Overweighted,2022,JP3116000005
0.0014560790479307177,0.0014747846415573548,1.870559362663715e-05,1.870559362663715e-05,Overweighted,2022,SG9999000020
0.0035233071680425693,0.0035418705968681386,1.8563428825569325e-05,1.8563428825569325e-05,Overweighted,2022,JP3358000002
0.003976247829972856,0.003994708775041943,1.846094506908775e-05,1.846094506908775e-05,Overweighted,2022,AU000000GMG2
0.00021714163732879625,0.00023546657884691808,1.832494151812183e-05,1.832494151812183e-05,Overweighted,2022,JP3678000005
0.0027528398764621533,0.0027345466269360187,-1.829324952613452e-05,1.829324952613452e-05,Underweighted,2022,HK0000049939
0.0015153428564571366,0.0014974525995140816,-1.7890256943054947e-05,1.7890256943054947e-05,Underweighted,2022,JP3771800004
0.002488114975119543,0.002506004301266354,1.7889326146811046e-05,1.7889326146811046e-05,Overweighted,2022,IE00BKVD2N49
0.018327962859293903,0.01834573069890527,1.7767839611368408e-05,1.7767839611368408e-05,Overweighted,2022,AU000000CBA7
0.00035762458515215965,0.0003752245670376235,1.7599981885463864e-05,1.7599981885463864e-05,Overweighted,2022,JP3300600008
0.0014693148994485048,0.001486722799902654,1.7407900454149278e-05,1.7407900454149278e-05,Overweighted,2022,SG1V61937297
0.002879213293225345,0.002861857425489706,-1.73558677356387e-05,1.73558677356387e-05,Underweighted,2022,AU0000224040
0.014891194043473898,0.014873865519872406,-1.7328523601492507e-05,1.7328523601492507e-05,Underweighted,2022,AU000000CSL8
0.0011499055297394707,0.0011670932024569057,1.718767271743503e-05,1.718767271743503e-05,Overweighted,2022,AU000000DXS1
0.007460478696608904,0.007477248680120186,1.6769983511281776e-05,1.6769983511281776e-05,Overweighted,2022,AU000000WES1
0.0002714467241281661,0.000254692145830917,-1.6754578297249127e-05,1.6754578297249127e-05,Underweighted,2022,JP3156400008
0.0005330106371444546,0.0005494757847330254,1.6465147588570826e-05,1.6465147588570826e-05,Overweighted,2022,JP3560800009
0.00014967468628820154,0.00013324707562442824,-1.6427610663773302e-05,1.6427610663773302e-05,Underweighted,2022,AU000000MND5
0.0004972086662751596,0.0004807998019299174,-1.6408864345242172e-05,1.6408864345242172e-05,Underweighted,2022,JP3292200007
0.0008900779564263363,0.0009062819630786956,1.6204006652359242e-05,1.6204006652359242e-05,Overweighted,2022,BMG4600H1198
0.000733399666022693,0.000717218661834681,-1.618100418801201e-05,1.618100418801201e-05,Underweighted,2022,JP3868400007
0.0009485593888580432,0.0009325396892286073,-1.601969962943591e-05,1.601969962943591e-05,Underweighted,2022,JP3787000003
0.0005689133566456642,0.0005847731708001169,1.5859814154452743e-05,1.5859814154452743e-05,Overweighted,2022,JP3765400001
0.005509874988925127,0.005525662663311738,1.5787674386610537e-05,1.5787674386610537e-05,Overweighted,2022,JP3205800000
0.0005188523059656989,0.0005033037576802676,-1.5548548285431374e-05,1.5548548285431374e-05,Underweighted,2022,JP3040890000
0.00032879158605608587,0.00031336466447716096,-1.5426921578924906e-05,1.5426921578924906e-05,Underweighted,2022,AU000000BWP3
0.0006311649917873021,0.0006465768402646673,1.5411848477365196e-05,1.5411848477365196e-05,Overweighted,2022,KYG5427W1309
0.0013635414295171118,0.001348138225033732,-1.540320448337987e-05,1.540320448337987e-05,Underweighted,2022,JP3137200006
0.0022501734678924924,0.0022348175199623068,-1.5355947930185618e-05,1.5355947930185618e-05,Underweighted,2022,BMG2178K1009
0.0011114935396246367,0.0011267263776747443,1.5232838050107615e-05,1.5232838050107615e-05,Overweighted,2022,JP3688370000
0.0003146521452458142,0.0002994363972007826,-1.521574804503158e-05,1.521574804503158e-05,Underweighted,2022,JP3491000000
0.0015246794210803524,0.0015095585725524209,-1.512084852793149e-05,1.512084852793149e-05,Underweighted,2022,JP3027670003
0.0024851003871489714,0.0024701323434153668,-1.4968043733604598e-05,1.4968043733604598e-05,Underweighted,2022,AU000000ALL7
0.0005780279594391926,0.0005632734286743071,-1.4754530764885562e-05,1.4754530764885562e-05,Underweighted,2022,JP3375800004
0.0018943119837988391,0.0018797189041931815,-1.4593079605657597e-05,1.4593079605657597e-05,Underweighted,2022,JP3119600009
0.0022840124146368255,0.0022984684333851924,1.4456018748366939e-05,1.4456018748366939e-05,Overweighted,2022,JP3409000001
0.0035022884847093756,0.0034878905303300056,-1.4397954379369998e-05,1.4397954379369998e-05,Underweighted,2022,JP3672400003
0.0004752234257545346,0.0004894999853517962,1.4276559597261565e-05,1.4276559597261565e-05,Overweighted,2022,JP3667600005
0.00031241835917258156,0.0002981744363473003,-1.4243922825281244e-05,1.4243922825281244e-05,Underweighted,2022,JP3326410002
0.005604942342518216,0.005590781353791856,-1.4160988726360374e-05,1.4160988726360374e-05,Underweighted,2022,HK0066009694
0.0014355688303492183,0.0014214232753464368,-1.4145555002781493e-05,1.4145555002781493e-05,Underweighted,2022,JP3228600007
0.0005969450892785418,0.0005828398901639141,-1.4105199114627714e-05,1.4105199114627714e-05,Underweighted,2022,JP3634200004
0.0007820392164742374,0.0007681009891213767,-1.3938227352860728e-05,1.3938227352860728e-05,Underweighted,2022,AU0000088338
0.004626685720205956,0.004640456268336896,1.3770548130940564e-05,1.3770548130940564e-05,Overweighted,2022,JP3566800003
0.00507696756277212,0.005090461862364218,1.3494299592098705e-05,1.3494299592098705e-05,Overweighted,2022,JP3866800000
0.0006675258027242487,0.0006540928999460213,-1.3432902778227353e-05,1.3432902778227353e-05,Underweighted,2022,JP3419050004
0.00021612785422015507,0.00020312640647337214,-1.3001447746782934e-05,1.3001447746782934e-05,Underweighted,2022,JP3992400006
0.0013900351713159176,0.001402821296591248,1.2786125275330348e-05,1.2786125275330348e-05,Overweighted,2022,JP3675600005
0.00034334818917037906,0.00033057319086965615,-1.2774998300722914e-05,1.2774998300722914e-05,Underweighted,2022,JP3613400005
0.0022564639605976633,0.002243690362855466,-1.2773597742197097e-05,1.2773597742197097e-05,Underweighted,2022,JP3635000007
0.00014113309133868764,0.00015374624724564829,1.261315590696065e-05,1.261315590696065e-05,Overweighted,2022,HK0242001243
0.00019851730820094903,0.00018592109722685468,-1.259621097409434e-05,1.259621097409434e-05,Underweighted,2022,AU000000IVC8
0.0006112734337736535,0.0006238224113232746,1.2548977549621141e-05,1.2548977549621141e-05,Overweighted,2022,JP3665200006
0.001740350758062144,0.001727857538423811,-1.2493219638333051e-05,1.2493219638333051e-05,Underweighted,2022,JP3407400005
0.0006557287676059926,0.0006434970633382283,-1.2231704267764358e-05,1.2231704267764358e-05,Underweighted,2022,JP3358200008
0.009744406104587551,0.009756623786089793,1.2217681502241923e-05,1.2217681502241923e-05,Overweighted,2022,JP3902900004
0.0001340980032757725,0.0001219688395544562,-1.2129163721316308e-05,1.2129163721316308e-05,Underweighted,2022,BMG8403G1033
0.0023517391082440754,0.0023636653404845165,1.1926232240441065e-05,1.1926232240441065e-05,Overweighted,2022,JP3684000007
0.0012680395974488921,0.0012561207280433317,-1.1918869405560433e-05,1.1918869405560433e-05,Underweighted,2022,JP3942800008
0.0005550289358099266,0.0005668384584977557,1.1809522687829103e-05,1.1809522687829103e-05,Overweighted,2022,JP3405400007
0.00430107558704205,0.0043128570202926155,1.1781433250565403e-05,1.1781433250565403e-05,Overweighted,2022,JP3266400005
0.0034221193350606667,0.0034104477128450265,-1.1671622215640113e-05,1.1671622215640113e-05,Underweighted,2022,JP3160400002
0.0011797680539179223,0.0011681483794088805,-1.1619674509041758e-05,1.1619674509041758e-05,Underweighted,2022,AU000000TAH8
0.00015349368911671623,0.00016505119199638314,1.1557502879666902e-05,1.1557502879666902e-05,Overweighted,2022,JP3352400000
0.0010472253576473323,0.0010586861223353093,1.1460764687977031e-05,1.1460764687977031e-05,Overweighted,2022,HK0023000190
0.00031690167329278347,0.0003054551225072554,-1.1446550785528052e-05,1.1446550785528052e-05,Underweighted,2022,JP3827200001
0.0006032513239574495,0.0006146329548293138,1.1381630871864275e-05,1.1381630871864275e-05,Overweighted,2022,JP3131430005
0.00438024512135848,0.004391380715081195,1.113559372271488e-05,1.113559372271488e-05,Overweighted,2022,JP3388200002
0.0015933317427433175,0.001582249592340096,-1.1082150403221493e-05,1.1082150403221493e-05,Underweighted,2022,AU000000COH5
0.000705780373101716,0.0007167799781240107,1.0999605022294669e-05,1.0999605022294669e-05,Overweighted,2022,JP3499800005
0.0010633498613457973,0.0010524452922188827,-1.0904569126914598e-05,1.0904569126914598e-05,Underweighted,2022,JP3148800000
0.0038351241838184102,0.0038242231771130346,-1.090100670537563e-05,1.090100670537563e-05,Underweighted,2022,JP3783600004
0.006598276627275452,0.006609129715474557,1.0853088199105042e-05,1.0853088199105042e-05,Overweighted,2022,JP3162600005
0.00023625396764248002,0.0002470261432750023,1.0772175632522263e-05,1.0772175632522263e-05,Overweighted,2022,HK0363006039
0.0012549957980106923,0.0012442837625227076,-1.071203548798469e-05,1.071203548798469e-05,Underweighted,2022,SG1J26887955
0.0007736518928673429,0.0007842596032275016,1.0607710360158759e-05,1.0607710360158759e-05,Overweighted,2022,KYG525621408
0.005061549873694431,0.005072043602327159,1.0493728632727378e-05,1.0493728632727378e-05,Overweighted,2022,JP3818000006
0.0010508428632120177,0.0010404191327143546,-1.0423730497663083e-05,1.0423730497663083e-05,Underweighted,2022,AU000000QAN2
0.0008940811403475701,0.0009044701168328113,1.0388976485241255e-05,1.0388976485241255e-05,Overweighted,2022,JP3493800001
0.0026856421131724556,0.002695618816249507,9.976703077051521e-06,9.976703077051521e-06,Overweighted,2022,JP3404600003
0.009004522319582728,0.009014282633591046,9.76031400831863e-06,9.76031400831863e-06,Overweighted,2022,JP3198900007
0.0007001258561355062,0.0007096971538822188,9.571297746712587e-06,9.571297746712587e-06,Overweighted,2022,JP3743000006
0.001531942767762449,0.0015412953625183001,9.352594755851137e-06,9.352594755851137e-06,Overweighted,2022,JP3885400006
0.0010458495091427479,0.0010366367143535213,-9.212794789226599e-06,9.212794789226599e-06,Underweighted,2022,JP3322930003
0.0012844380114903752,0.00127547816918612,-8.959842304255214e-06,8.959842304255214e-06,Underweighted,2022,AU000000SGP0
0.0004893329568147065,0.0004804773231101847,-8.85563370452185e-06,8.85563370452185e-06,Underweighted,2022,BMG8063F1068
0.004177586099867415,0.004186267271698278,8.681171830862873e-06,8.681171830862873e-06,Overweighted,2022,JP3830800003
0.000329975382481083,0.00033855435507137267,8.578972590289689e-06,8.578972590289689e-06,Overweighted,2022,JP3888400003
0.00031178238343362034,0.0003033587601777925,-8.423623255827831e-06,8.423623255827831e-06,Underweighted,2022,JP3835620000
0.0005790889684690438,0.0005706719480816899,-8.417020387353953e-06,8.417020387353953e-06,Underweighted,2022,JP3224200000
0.0020971976897117125,0.0021055842944967046,8.386604784992036e-06,8.386604784992036e-06,Overweighted,2022,JP3420600003
0.0010748163150155834,0.0010664298900750532,-8.38642494053023e-06,8.38642494053023e-06,Underweighted,2022,HK0004000045
0.0006702050866542288,0.0006784998637143384,8.294777060109562e-06,8.294777060109562e-06,Overweighted,2022,JP3122800000
0.004992047485449686,0.004984093018687957,-7.954466761729215e-06,7.954466761729215e-06,Underweighted,2022,JP3893600001
0.006477290113924948,0.006484829783954282,7.539670029334082e-06,7.539670029334082e-06,Overweighted,2022,JP3788600009
0.0005964869978428049,0.0006039548246203754,7.4678267775704936e-06,7.4678267775704936e-06,Overweighted,2022,AU000000BEN6
0.0005524157681696403,0.0005450494124705616,-7.366355699078668e-06,7.366355699078668e-06,Underweighted,2022,AU000000CWY3
0.001004572479807841,0.0009972859591939047,-7.286520613936304e-06,7.286520613936304e-06,Underweighted,2022,SG1B51001017
0.0002792909496411458,0.0002720536071766059,-7.2373424645399064e-06,7.2373424645399064e-06,Underweighted,2022,JP3742600004
0.0002352669458891912,0.00022811261298231057,-7.1543329068806305e-06,7.1543329068806305e-06,Underweighted,2022,AU000000IRE2
0.0008020897684226264,0.0008091317460860597,7.04197766343334e-06,7.04197766343334e-06,Overweighted,2022,JP3268950007
0.00044109640089082063,0.0004480974263950676,7.001025504246958e-06,7.001025504246958e-06,Overweighted,2022,JP3126400005
0.0010714506810306846,0.001064661536856001,-6.789144174683577e-06,6.789144174683577e-06,Underweighted,2022,JP3414750004
0.00024635244379455,0.000252750760283913,6.398316489362999e-06,6.398316489362999e-06,Overweighted,2022,AU000000IFL2
0.00048278272154288063,0.000476451384824541,-6.3313367183396164e-06,6.3313367183396164e-06,Underweighted,2022,JP3243600008
0.007618592655017331,0.007612280425398959,-6.312229618371697e-06,6.312229618371697e-06,Underweighted,2022,JP3854600008
0.026794004205858684,0.026800077205969237,6.073000110552729e-06,6.073000110552729e-06,Overweighted,2022,JP3436100006
0.0011525612007088459,0.0011585955091948945,6.0343084860485854e-06,6.0343084860485854e-06,Overweighted,2022,JP3164630000
0.000872053396497856,0.0008662373068694684,-5.816089628387679e-06,5.816089628387679e-06,Underweighted,2022,JP3595200001
0.0003929873549542017,0.00039879483784212527,5.807482887923584e-06,5.807482887923584e-06,Overweighted,2022,JP3548610009
0.0009872751990659947,0.0009929599816372635,5.6847825712687955e-06,5.6847825712687955e-06,Overweighted,2022,JP3820000002
0.00666816626807412,0.006662516121838127,-5.650146235993206e-06,5.650146235993206e-06,Underweighted,2022,BMG507361001
0.0013781452585526152,0.0013837694219700956,5.624163417480366e-06,5.624163417480366e-06,Overweighted,2022,AU000000APA1
0.0011995116373784464,0.0011938885638650466,-5.623073513399751e-06,5.623073513399751e-06,Underweighted,2022,JP3452000007
0.006189676382769227,0.00618408044230052,-5.595940468706984e-06,5.595940468706984e-06,Underweighted,2022,AU000000WOW2
0.0011766070655916002,0.0011821614296192906,5.554364027690432e-06,5.554364027690432e-06,Overweighted,2022,JP3539220008
0.0004106986496053224,0.00040515820225618145,-5.540447349140971e-06,5.540447349140971e-06,Underweighted,2022,JP3385820000
0.006249894154904088,0.0062554052770345215,5.511122130433949e-06,5.511122130433949e-06,Overweighted,2022,HK0016000132
0.00023995333147059606,0.00024544516911616156,5.491837645565505e-06,5.491837645565505e-06,Overweighted,2022,SG1T58930911
0.0016283607827021424,0.0016337660811630858,5.405298460943453e-06,5.405298460943453e-06,Overweighted,2022,JP3659000008
0.001864158233106259,0.0018587592745421939,-5.398958564065137e-06,5.398958564065137e-06,Underweighted,2022,HK0270001396
6.684829147274378e-05,7.210797932204416e-05,5.259687849300384e-06,5.259687849300384e-06,Overweighted,2022,AU000000MAH3
0.0002253007023165092,0.00023032427911854036,5.0235768020311555e-06,5.0235768020311555e-06,Overweighted,2022,SGXE34184239
0.0006495657848880887,0.0006445583122961313,-5.007472591957445e-06,5.007472591957445e-06,Underweighted,2022,JP3870400003
0.00014538027585283962,0.0001503752052194915,4.994929366651887e-06,4.994929366651887e-06,Overweighted,2022,HK0440001847
0.0002420564591618144,0.00024700371679267457,4.947257630860159e-06,4.947257630860159e-06,Overweighted,2022,JP3320800000
0.0028433294640926193,0.002848110656498387,4.7811924057676765e-06,4.7811924057676765e-06,Overweighted,2022,HK0823032773
0.001247589199367592,0.001252140655144693,4.551455777100947e-06,4.551455777100947e-06,Overweighted,2022,JP3180400008
0.0018682448494882972,0.0018726364173073766,4.391567819079373e-06,4.391567819079373e-06,Overweighted,2022,JP3877600001
0.0005558207570888808,0.0005514902007924068,-4.330556296474036e-06,4.330556296474036e-06,Underweighted,2022,HK0010000088
0.000795037364188601,0.0007991007594122436,4.063395223642555e-06,4.063395223642555e-06,Overweighted,2022,JP3676800000
0.0005754997984570845,0.0005794512257103771,3.951427253292617e-06,3.951427253292617e-06,Overweighted,2022,JP3544000007
0.0031069886338132577,0.0031030556576910726,-3.932976122185145e-06,3.932976122185145e-06,Underweighted,2022,HK0012000102
0.0014714967370084064,0.0014676141752683533,-3.882561740053102e-06,3.882561740053102e-06,Underweighted,2022,SG1M77906915
0.004469668977366974,0.004473454766603293,3.785789236318733e-06,3.785789236318733e-06,Overweighted,2022,AU000000TCL6
0.004411944733872001,0.004408304421233105,-3.6403126388957416e-06,3.6403126388957416e-06,Underweighted,2022,JP3351600006
0.0016516431618586683,0.001648139843735833,-3.5033181228353357e-06,3.5033181228353357e-06,Underweighted,2022,HK0083000502
0.0005432854234023752,0.0005397971842024382,-3.4882391999370432e-06,3.4882391999370432e-06,Underweighted,2022,AU000000CGF5
9.68902741517934e-05,9.365534116114199e-05,-3.2349329906514147e-06,3.2349329906514147e-06,Underweighted,2022,AU000000ERA9
0.0007498059510510442,0.0007529618160464363,3.155864995392065e-06,3.155864995392065e-06,Overweighted,2022,AU000000OZL8
0.00019768928038240048,0.00019454409786969913,-3.1451825127013476e-06,3.1451825127013476e-06,Underweighted,2022,JP3274400005
0.0008260128459102348,0.0008229416930303165,-3.07115287991825e-06,3.07115287991825e-06,Underweighted,2022,JP3896800004
0.0001386946596068784,0.00014174410972380523,3.0494501169268354e-06,3.0494501169268354e-06,Overweighted,2022,BMG2108M2182
0.0018117846864843781,0.0018146280499625556,2.843363478177447e-06,2.843363478177447e-06,Overweighted,2022,HK0006000050
0.011483091361828356,0.011485921433101178,2.830071272821519e-06,2.830071272821519e-06,Overweighted,2022,JP3371200001
0.0014322960740093657,0.0014349853964071967,2.6893223978310347e-06,2.6893223978310347e-06,Overweighted,2022,AU000000IAG3
0.0002718402734715827,0.0002742267078254757,2.3864343538930227e-06,2.3864343538930227e-06,Overweighted,2022,JP3456000003
0.0006984446133404304,0.0006962565683964328,-2.1880449439976067e-06,2.1880449439976067e-06,Underweighted,2022,JP3280200001
0.001509471100253361,0.0015115519929902415,2.080892736880521e-06,2.080892736880521e-06,Overweighted,2022,JP3102000001
0.0002052328341970099,0.00020700412157403214,1.7712873770222377e-06,1.7712873770222377e-06,Overweighted,2022,NZAIRE0001S2
0.0002197201726268618,0.00021799851048952504,-1.7216621373367601e-06,1.7216621373367601e-06,Underweighted,2022,AU000000PPT9
0.0006797525937255156,0.0006780399190711838,-1.712674654331817e-06,1.712674654331817e-06,Underweighted,2022,NZCENE0001S6
0.001376045279256144,0.0013776901899919358,1.6449107357917672e-06,1.6449107357917672e-06,Overweighted,2022,JP3419400001
0.0024960174459353482,0.0024974029335801677,1.3854876448195046e-06,1.3854876448195046e-06,Overweighted,2022,JP3111200006
0.008266718049308515,0.008268089510709321,1.3714614008064618e-06,1.3714614008064618e-06,Overweighted,2022,AU000000ANZ3
0.003098365180600313,0.003099561921069309,1.1967404689961977e-06,1.1967404689961977e-06,Overweighted,2022,JP3893200000
0.002117013686251425,0.0021181406927784745,1.1270065270493727e-06,1.1270065270493727e-06,Overweighted,2022,JP3240400006
0.0003536182528361787,0.00035263990583199196,-9.78347004186727e-07,9.78347004186727e-07,Underweighted,2022,JP3721400004
0.0034989433152903342,0.0034979834727410417,-9.598425492925167e-07,9.598425492925167e-07,Underweighted,2022,JP3899600005
0.0005377568422260588,0.0005370487693959943,-7.080728300644422e-07,7.080728300644422e-07,Underweighted,2022,JP3588600001
0.0009946802235117215,0.0009953879075805328,7.076840688113265e-07,7.076840688113265e-07,Overweighted,2022,JP3944130008
0.0005005003129834961,0.0005000219865283648,-4.783264551313105e-07,4.783264551313105e-07,Underweighted,2022,JP3293200006
0.001266525219575425,0.0012660730793555691,-4.521402198558698e-07,4.521402198558698e-07,Underweighted,2022,JP3260800002
0.003019886718930922,0.0030196895635811564,-1.971553497655612e-07,1.971553497655612e-07,Underweighted,2022,JP3778630008
0.00044077841302134,0.0004406244107782791,-1.540022430609198e-07,1.540022430609198e-07,Underweighted,2022,JP3415400005
0.0009357029189073097,0.0009356733252647095,-2.9593642600161084e-08,2.9593642600161084e-08,Underweighted,2022,AU000000CPU5
0.009535379454720005,0.009535382225341216,2.77062121162297e-09,2.77062121162297e-09,Overweighted,2022,AU000000NAB4
0.0018140530963948575,0.0006000063333078593,-0.0012140467630869982,0.0012140467630869982,Underweighted,2023,HK0836012952
0.0008313224936553786,0.0,-0.0008313224936553786,0.0008313224936553786,Removed,2023,HK2380027329
0.0012506815275548607,0.0005865210948439257,-0.000664160432710935,0.000664160432710935,Underweighted,2023,JP3386030005
0.0004998559983386194,0.0,-0.0004998559983386194,0.0004998559983386194,Removed,2023,JP3605400005
0.00046973623722874354,0.0,-0.00046973623722874354,0.00046973623722874354,Removed,2023,SG1R50925390
0.00017857336861424518,0.0006460260074223809,0.00046745263880813577,0.00046745263880813577,Overweighted,2023,JP3658850007
0.0004563213709603121,0.0,-0.0004563213709603121,0.0004563213709603121,Removed,2023,JP3522200009
0.0024544125765359206,0.002019716925017867,-0.0004346956515180536,0.0004346956515180536,Underweighted,2023,JP3381000003
0.00043026521454684854,0.0,-0.00043026521454684854,0.00043026521454684854,Removed,2023,JP3551200003
0.000538938679593105,0.00014044445787018367,-0.00039849422172292127,0.00039849422172292127,Underweighted,2023,JP3246400000
0.00037832843204511067,0.0,-0.00037832843204511067,0.00037832843204511067,Removed,2023,JP3449020001
0.00036798922988176184,0.0,-0.00036798922988176184,0.00036798922988176184,Removed,2023,JP3903000002
0.0003625011888296117,0.0,-0.0003625011888296117,0.0003625011888296117,Removed,2023,MU0117U00026
0.0003030041754190669,0.0,-0.0003030041754190669,0.0003030041754190669,Removed,2023,JP3289800009
0.0007851316109135908,0.001055615417625764,0.00027048380671217326,0.00027048380671217326,Overweighted,2023,JP3305990008
0.0007310247765154889,0.0009891566675692437,0.00025813189105375486,0.00025813189105375486,Overweighted,2023,JP3585800000
0.00010576090434068567,0.00035096035240035373,0.00024519944805966807,0.00024519944805966807,Overweighted,2023,JP3194000000
0.00023779854302560338,0.0,-0.00023779854302560338,0.00023779854302560338,Removed,2023,JP3350800003
0.0004929621613192471,0.0007293566096080456,0.00023639444828879846,0.00023639444828879846,Overweighted,2023,JP3134800006
0.0039227656876166086,0.0036984171357901134,-0.00022434855182649517,0.00022434855182649517,Underweighted,2023,HK0002007356
0.0006151374811136748,0.0003980282968800282,-0.00021710918423364662,0.00021710918423364662,Underweighted,2023,JP3368000000
0.001083516076712195,0.0012960183615999196,0.00021250228488772457,0.00021250228488772457,Overweighted,2023,HK0144000764
0.00021520173204750317,1.4483306032559037e-05,-0.00020071842601494415,0.00020071842601494415,Underweighted,2023,AU000000ABC7
0.00030125197889859553,0.00010347628532436294,-0.00019777569357423257,0.00019777569357423257,Underweighted,2023,JP3158800007
0.0006377824464287739,0.0008279192404782295,0.00019013679404945567,0.00019013679404945567,Overweighted,2023,BMG524401079
0.001108884092116289,0.0009207814852196043,-0.0001881026068966848,0.0001881026068966848,Underweighted,2023,AU000000ORG5
0.0003358532000807762,0.0005238596438635172,0.00018800644378274097,0.00018800644378274097,Overweighted,2023,JP3940400009
0.0008181903399461012,0.0006310617183446445,-0.00018712862160145667,0.00018712862160145667,Underweighted,2023,JP3174410005
0.0001807014796364489,0.0,-0.0001807014796364489,0.0001807014796364489,Removed,2023,JP3625000009
0.0031990727972506096,0.0033772706742679006,0.00017819787701729099,0.00017819787701729099,Overweighted,2023,JP3347200002
0.00017725611449247237,0.0,-0.00017725611449247237,0.00017725611449247237,Removed,2023,JP3400900001
0.0004096924390884063,0.0005851028910906457,0.00017541045200223943,0.00017541045200223943,Overweighted,2023,BMG2442N1048
0.0001291064375908313,0.0002997175848879269,0.0001706111472970956,0.0001706111472970956,Overweighted,2023,JP3726200003
0.0021336736248099195,0.002304162393334696,0.0001704887685247767,0.0001704887685247767,Overweighted,2023,JP3753000003
0.001505332535164324,0.001671533017892406,0.00016620048272808214,0.00016620048272808214,Overweighted,2023,JP3362700001
0.00022728536390277516,0.0003931228135963046,0.00016583744969352946,0.00016583744969352946,Overweighted,2023,JP3276400003
0.00024024975411541177,0.0004041798533035434,0.00016393009918813162,0.00016393009918813162,Overweighted,2023,JP3579800008
0.0012334515951035589,0.0010748007343448687,-0.00015865086075869022,0.00015865086075869022,Underweighted,2023,JP3300200007
0.001170296405446817,0.0013275274930388702,0.00015723108759205305,0.00015723108759205305,Overweighted,2023,JP3526600006
0.0006075508429878041,0.0007622980011805959,0.00015474715819279177,0.00015474715819279177,Overweighted,2023,JP3791200003
0.00030882619009878914,0.00015525523700006012,-0.00015357095309872902,0.00015357095309872902,Underweighted,2023,AU000000CSR5
0.00015337311670679212,0.0,-0.00015337311670679212,0.00015337311670679212,Removed,2023,JP3845400005
0.0011595952690731228,0.0010085054025597102,-0.00015108986651341254,0.00015108986651341254,Underweighted,2023,AU000000SEK6
0.0010409290024167666,0.0008910075068600214,-0.00014992149555674518,0.00014992149555674518,Underweighted,2023,AU000000BSL0
0.00014734139765626875,0.0,-0.00014734139765626875,0.00014734139765626875,Removed,2023,JP3850200001
0.00870955221707647,0.008562843234730558,-0.00014670898234591181,0.00014670898234591181,Underweighted,2023,JP3519400000
0.0001925381263438885,0.0003383943800652208,0.00014585625372133228,0.00014585625372133228,Overweighted,2023,AU000000ELD6
0.000791918265698998,0.000648109925501802,-0.00014380834019719598,0.00014380834019719598,Underweighted,2023,JP3595200001
0.0025271722263753523,0.0026697001940240253,0.00014252796764867293,0.00014252796764867293,Overweighted,2023,BMG677491539
0.00029525598725939383,0.0004356488696279442,0.00014039288236855038,0.00014039288236855038,Overweighted,2023,HK0165000859
0.00038961674065704814,0.0005288540801560293,0.00013923733949898118,0.00013923733949898118,Overweighted,2023,AU000000FLT9
0.00028928174274012706,0.0004258234027196137,0.00013654165997948665,0.00013654165997948665,Overweighted,2023,JP3796150005
0.0005397153624479239,0.0004047622538345595,-0.00013495310861336434,0.00013495310861336434,Underweighted,2023,JP3720800006
0.0023687211571637545,0.002234207126921395,-0.00013451403024235947,0.00013451403024235947,Underweighted,2023,JP3160400002
0.0002225382782941222,0.00035567081341953956,0.00013313253512541737,0.00013313253512541737,Overweighted,2023,NZSKCE0001S2
0.0015813946405024456,0.001713217404428607,0.00013182276392616145,0.00013182276392616145,Overweighted,2023,JP3862400003
0.0011514587394860403,0.0012825072332350728,0.00013104849374903247,0.00013104849374903247,Overweighted,2023,JP3385980002
0.000636053550393947,0.0005078849461722305,-0.0001281686042217165,0.0001281686042217165,Underweighted,2023,JP3118000003
0.0007872861291528583,0.0006636560213572408,-0.0001236301077956175,0.0001236301077956175,Underweighted,2023,AU000000BLD2
0.00021032416371924065,8.768096448305271e-05,-0.00012264319923618796,0.00012264319923618796,Underweighted,2023,JP3421100003
0.001155584478810838,0.0012771234632413427,0.00012153898443050459,0.00012153898443050459,Overweighted,2023,JP3443600006
0.000620964155890526,0.0007422139487783502,0.00012124979288782422,0.00012124979288782422,Overweighted,2023,JP3663900003
0.0007812140225938844,0.0009017452011285162,0.00012053117853463185,0.00012053117853463185,Overweighted,2023,JP3830000000
0.0006406359792373784,0.000759913223389427,0.00011927724415204861,0.00011927724415204861,Overweighted,2023,JP3657400002
0.0016462165915656286,0.0017649339417495902,0.00011871735018396164,0.00011871735018396164,Overweighted,2023,AU000000RHC8
0.00043432881924326095,0.0005500634638484741,0.00011573464460521316,0.00011573464460521316,Overweighted,2023,JP3711200000
0.0009211505259123099,0.001035374717431297,0.0001142241915189871,0.0001142241915189871,Overweighted,2023,AU000000OZL8
0.001809664838265131,0.00192340634082252,0.00011374150255738904,0.00011374150255738904,Overweighted,2023,KYG9431R1039
0.001292557160355275,0.0011789596526981059,-0.00011359750765716913,0.00011359750765716913,Underweighted,2023,JP3401400001
0.0003251458502442433,0.0004387046725537838,0.00011355882230954054,0.00011355882230954054,Overweighted,2023,AU000000SGM7
0.000588045229771883,0.000700652271037008,0.00011260704126512503,0.00011260704126512503,Overweighted,2023,JP3738600000
0.0004916992749973117,0.0006028631093051937,0.00011116383430788206,0.00011116383430788206,Overweighted,2023,AU000000ILU1
0.0003529510964467589,0.0002420415769437572,-0.0001109095195030017,0.0001109095195030017,Underweighted,2023,JP3485800001
0.0007108015083417151,0.0006031801279335931,-0.00010762138040812201,0.00010762138040812201,Underweighted,2023,JP3336000009
0.0002273972062338691,0.00033484790473259645,0.00010745069849872735,0.00010745069849872735,Overweighted,2023,JP3718800000
0.0025742392073773756,0.002681232332072982,0.00010699312469560638,0.00010699312469560638,Overweighted,2023,JP3756100008
0.0013664802811112254,0.0012615269489093417,-0.0001049533322018837,0.0001049533322018837,Underweighted,2023,JP3228600007
0.0002547100355064295,0.00035952398784640927,0.00010481395233997976,0.00010481395233997976,Overweighted,2023,JP3811000003
0.0020842548481235044,0.001979641069362349,-0.00010461377876115532,0.00010461377876115532,Underweighted,2023,JP3402600005
0.0013425848563998679,0.0014459358583587092,0.0001033510019588413,0.0001033510019588413,Overweighted,2023,SG1F60858221
0.0009076999322325568,0.001009452252043042,0.00010175231981048515,0.00010175231981048515,Overweighted,2023,JP3799000009
0.0007899796652933702,0.0008909894482733032,0.00010100978297993295,0.00010100978297993295,Overweighted,2023,JP3695200000
0.0009805962782544369,0.0010814130513554137,0.00010081677310097678,0.00010081677310097678,Overweighted,2023,JP3210200006
0.007897931060716427,0.007998354839807518,0.00010042377909109078,0.00010042377909109078,Overweighted,2023,JP3890350006
0.0004218350988406445,0.0003215526349456373,-0.00010028246389500719,0.00010028246389500719,Underweighted,2023,JP3404200002
0.004463075989131324,0.0045625929918178335,9.951700268650936e-05,9.951700268650936e-05,Overweighted,2023,HK0003000038
0.00011594632329878034,1.6684811579692788e-05,-9.926151171908755e-05,9.926151171908755e-05,Underweighted,2023,JP3528600004
0.0001763551623808825,0.00027443237043410745,9.807720805322495e-05,9.807720805322495e-05,Overweighted,2023,JP3789000001
0.003336424500028198,0.0034332147188485093,9.679021882031151e-05,9.679021882031151e-05,Overweighted,2023,JP3358000002
0.001387578094179525,0.0014843181112250946,9.674001704556949e-05,9.674001704556949e-05,Overweighted,2023,BMG5320C1082
0.02294638505749424,0.023042979793822096,9.659473632785479e-05,9.659473632785479e-05,Overweighted,2023,JP3435000009
0.002259709058392797,0.0021638187376788525,-9.58903207139445e-05,9.58903207139445e-05,Underweighted,2023,JP3294460005
0.00048273635485270185,0.0005785447215930344,9.580836674033256e-05,9.580836674033256e-05,Overweighted,2023,JP3398000004
0.007600534535509152,0.007695688991528352,9.51544560191999e-05,9.51544560191999e-05,Overweighted,2023,JP3837800006
0.000459314706682784,0.00036428166988725026,-9.503303679553375e-05,9.503303679553375e-05,Underweighted,2023,KYG5427W1309
0.0001747583024313749,7.98784975051185e-05,-9.48798049262564e-05,9.48798049262564e-05,Underweighted,2023,NZAIRE0001S2
0.00030561072307983906,0.0003990859575236906,9.347523444385152e-05,9.347523444385152e-05,Overweighted,2023,JP3459600007
0.0006666035938053925,0.0007597485756921674,9.314498188677488e-05,9.314498188677488e-05,Overweighted,2023,HK0392044647
0.011078424050714058,0.011169622560402057,9.119850968799907e-05,9.119850968799907e-05,Overweighted,2023,HK0388045442
0.0003268561058905544,0.00041790690514163504,9.105079925108065e-05,9.105079925108065e-05,Overweighted,2023,JP3271400008
0.0006559552718658258,0.0005654130891415468,-9.054218272427905e-05,9.054218272427905e-05,Underweighted,2023,AU000000ORI1
0.004963349842845835,0.0050538567180306235,9.05068751847881e-05,9.05068751847881e-05,Overweighted,2023,JP3242800005
0.001360263711541255,0.0014500198709621421,8.975615942088716e-05,8.975615942088716e-05,Overweighted,2023,JP3711600001
0.000478593528505098,0.0005675458577008494,8.895232919575139e-05,8.895232919575139e-05,Overweighted,2023,JP3935600001
0.00043602664796389494,0.0005249463858029489,8.891973783905398e-05,8.891973783905398e-05,Overweighted,2023,JP3638600001
7.30703229813594e-05,0.00016135960190382406,8.828927892246467e-05,8.828927892246467e-05,Overweighted,2023,AU000000GWA4
0.003285780117796879,0.0033739153073709762,8.813518957409734e-05,8.813518957409734e-05,Overweighted,2023,JP3397200001
0.00020778130405256365,0.00012013876734636339,-8.764253670620026e-05,8.764253670620026e-05,Underweighted,2023,SG9999003735
0.0008752019682212256,0.0009621173665899486,8.691539836872301e-05,8.691539836872301e-05,Overweighted,2023,JP3783420007
0.0005158541117821785,0.00042901733742849434,-8.683677435368417e-05,8.683677435368417e-05,Underweighted,2023,JP3939000000
0.0004476458234719853,0.000534288217027704,8.664239355571872e-05,8.664239355571872e-05,Overweighted,2023,JP3263000006
0.0005612714184005668,0.0006478201175383245,8.654869913775765e-05,8.654869913775765e-05,Overweighted,2023,BMG2624N1535
0.0001569536246675071,7.137584810843785e-05,-8.557777655906926e-05,8.557777655906926e-05,Underweighted,2023,JP3619800000
0.009049615038230364,0.009134564135865898,8.494909763553417e-05,8.494909763553417e-05,Overweighted,2023,JP3551500006
0.0006057349584732375,0.0005212332071523401,-8.450175132089749e-05,8.450175132089749e-05,Underweighted,2023,AU000000JBH7
0.0044059276646737505,0.00432219270198444,-8.373496268931045e-05,8.373496268931045e-05,Underweighted,2023,JP3546800008
0.0006850700053615659,0.0007687987822854868,8.372877692392096e-05,8.372877692392096e-05,Overweighted,2023,JP3613000003
0.010182372807938076,0.010098949617859435,-8.34231900786412e-05,8.34231900786412e-05,Underweighted,2023,JP3756600007
0.0021403965916012317,0.002057123167497224,-8.327342410400758e-05,8.327342410400758e-05,Underweighted,2023,JP3256000005
0.0008272231615476446,0.0009095423262431072,8.231916469546264e-05,8.231916469546264e-05,Overweighted,2023,JP3511800009
0.0009184212623604765,0.0009999217737081884,8.150051134771187e-05,8.150051134771187e-05,Overweighted,2023,JP3223800008
0.00033822674288510273,0.0004195202979511184,8.129355506601569e-05,8.129355506601569e-05,Overweighted,2023,JP3535800001
0.00035960882187826627,0.0004407284974278971,8.111967554963082e-05,8.111967554963082e-05,Overweighted,2023,JP3131400008
0.0003339487737207604,0.00025293101495834665,-8.101775876241375e-05,8.101775876241375e-05,Underweighted,2023,JP3870000001
0.0008015646667558485,0.0008818343696586559,8.026970290280736e-05,8.026970290280736e-05,Overweighted,2023,JP3270000007
0.0016118437151427644,0.0016918691953576326,8.002548021486815e-05,8.002548021486815e-05,Overweighted,2023,JP3502200003
0.000820172434591599,0.000899722860055706,7.955042546410693e-05,7.955042546410693e-05,Overweighted,2023,JP3358800005
0.0003857084725315996,0.0003075716665579309,-7.813680597366869e-05,7.813680597366869e-05,Underweighted,2023,JP3780100008
0.0001240145047946388,0.0002018242866559523,7.780978186131351e-05,7.780978186131351e-05,Overweighted,2023,HK0242001243
0.0006033753959602978,0.000681180967110994,7.78055711506962e-05,7.78055711506962e-05,Overweighted,2023,BMG668971101
0.003877930893139334,0.003955024188476193,7.709329533685857e-05,7.709329533685857e-05,Overweighted,2023,JP3951600000
0.000686056392587186,0.0007630303433822266,7.697395079504061e-05,7.697395079504061e-05,Overweighted,2023,AU000000WOR2
0.005440919703348282,0.0055177825206434,7.686281729511746e-05,7.686281729511746e-05,Overweighted,2023,JP3814000000
0.007143879190921268,0.00706737730377979,-7.650188714147799e-05,7.650188714147799e-05,Underweighted,2023,JP3463000004
0.0015812688178799647,0.0016573955874226694,7.612676954270466e-05,7.612676954270466e-05,Overweighted,2023,JP3112000009
0.0020362480808671503,0.0021117783211037954,7.553024023664512e-05,7.553024023664512e-05,Overweighted,2023,AU000000SHL7
0.0002741861347738675,0.0001992601103938033,-7.492602438006422e-05,7.492602438006422e-05,Underweighted,2023,HK0200030994
0.0002970423578254772,0.00037181724890065853,7.47748910751813e-05,7.47748910751813e-05,Overweighted,2023,JP3769000005
0.0034248529497807457,0.0034982611836836103,7.340823390286459e-05,7.340823390286459e-05,Overweighted,2023,JP3762800005
0.004218865152456335,0.004145527026016449,-7.333812643988639e-05,7.333812643988639e-05,Underweighted,2023,KYG217651051
0.0023662233451026567,0.002439255196196493,7.303185109383634e-05,7.303185109383634e-05,Overweighted,2023,JP3762600009
0.000766126181456173,0.0006945642667640558,-7.156191469211723e-05,7.156191469211723e-05,Underweighted,2023,JP3868400007
0.00043911163226323553,0.0003676616012509117,-7.145003101232381e-05,7.145003101232381e-05,Underweighted,2023,AU000000MTS0
0.00024920490743147333,0.0003205604226476691,7.135551521619577e-05,7.135551521619577e-05,Overweighted,2023,HK0363006039
0.000666198165355177,0.0005961644540209585,-7.003371133421858e-05,7.003371133421858e-05,Underweighted,2023,JP3495000006
6.304645405706704e-05,0.000132677965500112,6.963151144304496e-05,6.963151144304496e-05,Overweighted,2023,JP3203500008
0.00014477368413823757,0.00021435243121242998,6.95787470741924e-05,6.95787470741924e-05,Overweighted,2023,SG2B80958517
0.0023097181140488746,0.002241181458976849,-6.853665507202582e-05,6.853665507202582e-05,Underweighted,2023,JP3258000003
0.006379297054980475,0.0064475015711955965,6.820451621512152e-05,6.820451621512152e-05,Overweighted,2023,JP3933800009
0.005821587504152107,0.005889599576394419,6.801207224231207e-05,6.801207224231207e-05,Overweighted,2023,SG1M31001969
0.0010895897366368786,0.0011571136055416771,6.752386890479848e-05,6.752386890479848e-05,Overweighted,2023,JP3626800001
0.004273587119675454,0.004340978726175255,6.739160649980088e-05,6.739160649980088e-05,Overweighted,2023,JP3165700000
0.0016626620743335635,0.0017295395091979557,6.687743486439223e-05,6.687743486439223e-05,Overweighted,2023,JP3906000009
0.0003811788581222959,0.00031437283600226106,-6.680602212003485e-05,6.680602212003485e-05,Underweighted,2023,AU000000BPT9
0.0012109868202107778,0.0012774507476738754,6.646392746309754e-05,6.646392746309754e-05,Overweighted,2023,JP3486800000
0.0007843005602589346,0.0008507191552691951,6.641859501026052e-05,6.641859501026052e-05,Overweighted,2023,JP3869010003
0.0007388537396920632,0.0008052126738624378,6.63589341703746e-05,6.63589341703746e-05,Overweighted,2023,SG1R89002252
0.0009082140962824469,0.0009745576350169717,6.634353873452472e-05,6.634353873452472e-05,Overweighted,2023,JP3190000004
0.0006887437152648592,0.0007550127933538522,6.626907808899305e-05,6.626907808899305e-05,Overweighted,2023,JP3977400005
0.0005095210397839854,0.0005757501573120846,6.622911752809913e-05,6.622911752809913e-05,Overweighted,2023,JP3131430005
0.0026190584681975537,0.0026850584966048854,6.60000284073317e-05,6.60000284073317e-05,Overweighted,2023,US89677Q1076
0.00025811967323908434,0.00019258274265102757,-6.553693058805677e-05,6.553693058805677e-05,Underweighted,2023,JP3491000000
0.0007865498338064901,0.000851964238624971,6.54144048184809e-05,6.54144048184809e-05,Overweighted,2023,HK0000055878
0.0014776593250471273,0.0015430586345376318,6.539930949050446e-05,6.539930949050446e-05,Overweighted,2023,SG1M51904654
0.0010245192470601536,0.001089898146351689,6.537889929153539e-05,6.537889929153539e-05,Overweighted,2023,SGXE21576413
0.000831411035500828,0.0007662743891333235,-6.513664636750448e-05,6.513664636750448e-05,Underweighted,2023,HK0293001514
0.0014128000932069132,0.001348024265289744,-6.477582791716927e-05,6.477582791716927e-05,Underweighted,2023,JP3900000005
0.0005042178492512822,0.0005687943116348408,6.457646238355863e-05,6.457646238355863e-05,Overweighted,2023,JP3894900004
0.0037535793079857037,0.0038180898135051337,6.451050551942996e-05,6.451050551942996e-05,Overweighted,2023,IE00BKVD2N49
0.0014577203227982174,0.0013933891574504675,-6.433116534774997e-05,6.433116534774997e-05,Underweighted,2023,JP3621000003
0.00034672520668253083,0.0004110412197962326,6.431601311370177e-05,6.431601311370177e-05,Overweighted,2023,JP3215800008
0.0006700893464578196,0.0007337277222202659,6.363837576244631e-05,6.363837576244631e-05,Overweighted,2023,JP3982100004
0.0062327463204704114,0.006296009836191989,6.326351572157746e-05,6.326351572157746e-05,Overweighted,2023,JP3726800000
0.001047075670529803,0.0011100959942198577,6.302032369005458e-05,6.302032369005458e-05,Overweighted,2023,JP3629000005
0.0023973046395867983,0.0024601107997276497,6.280616014085142e-05,6.280616014085142e-05,Overweighted,2023,JP3197800000
0.0008298592231568999,0.000892507060798579,6.26478376416791e-05,6.26478376416791e-05,Overweighted,2023,KYG525621408
0.00038001538720577725,0.0004424607444060228,6.244535720024557e-05,6.244535720024557e-05,Overweighted,2023,JP3493400000
0.00031466218506989816,0.0003768756390058457,6.221345393594751e-05,6.221345393594751e-05,Overweighted,2023,JP3300600008
0.00016268243740465109,0.00022408826420428922,6.140582679963814e-05,6.140582679963814e-05,Overweighted,2023,JP3165600002
0.0004316818840740382,0.0004922325777168459,6.0550693642807724e-05,6.0550693642807724e-05,Overweighted,2023,JP3732200005
0.0026553839253174324,0.0027156217027392905,6.02377774218581e-05,6.02377774218581e-05,Overweighted,2023,JP3122400009
0.000330494088382526,0.0002704862029568025,-6.000788542572346e-05,6.000788542572346e-05,Underweighted,2023,JP3902000003
0.001162347833110601,0.0012219291622345729,5.9581329123971957e-05,5.9581329123971957e-05,Overweighted,2023,JP3598600009
0.0014940317996267095,0.0015534184152610649,5.9386615634355374e-05,5.9386615634355374e-05,Overweighted,2023,HK0101000591
0.0012175031893627082,0.001276469670478009,5.8966481115300734e-05,5.8966481115300734e-05,Overweighted,2023,JP3670800006
0.005173948952295682,0.005232853861045063,5.890490874938155e-05,5.890490874938155e-05,Overweighted,2023,AU000000TLS2
0.0009963396397216153,0.0010544866213809071,5.8146981659291854e-05,5.8146981659291854e-05,Overweighted,2023,JP3973400009
0.007922555013945605,0.007980316415830394,5.776140188478926e-05,5.776140188478926e-05,Overweighted,2023,JP3898400001
0.010497956138873788,0.010555664567828079,5.7708428954290555e-05,5.7708428954290555e-05,Overweighted,2023,SG1L01001701
0.0032928929793813095,0.0033504985997917657,5.760562041045615e-05,5.760562041045615e-05,Overweighted,2023,JP3116000005
0.0013497567458812655,0.0014071410251243657,5.7384279243100165e-05,5.7384279243100165e-05,Overweighted,2023,JP3573000001
0.00038578614081708146,0.00032908910921506144,-5.669703160202002e-05,5.669703160202002e-05,Underweighted,2023,JP3721400004
0.000422235867193731,0.0003656224683718872,-5.661339882184383e-05,5.661339882184383e-05,Underweighted,2023,BMG988031446
5.642600940259098e-05,0.0,-5.642600940259098e-05,5.642600940259098e-05,Removed,2023,AU000000SXL4
0.0046252629028746,0.004681561812565502,5.6298909690901365e-05,5.6298909690901365e-05,Overweighted,2023,SG1T75931496
0.000292939918986324,0.00034910662132653906,5.6166702340215084e-05,5.6166702340215084e-05,Overweighted,2023,JP3164800009
0.0014501398981351852,0.0015063055661804674,5.6165668045282235e-05,5.6165668045282235e-05,Overweighted,2023,JP3885400006
0.0022325546724226196,0.002288228868451004,5.567419602838441e-05,5.567419602838441e-05,Overweighted,2023,JP3240400006
0.00016051549223970642,0.00021610800852903822,5.5592516289331795e-05,5.5592516289331795e-05,Overweighted,2023,HK0440001847
0.016146829569868404,0.016201997240010785,5.516767014238089e-05,5.516767014238089e-05,Overweighted,2023,JP3735400008
0.0002611176690586852,0.0003162594805361465,5.514181147746132e-05,5.514181147746132e-05,Overweighted,2023,AU000000CQR9
0.0017158928104714297,0.0016608552163330562,-5.503759413837345e-05,5.503759413837345e-05,Underweighted,2023,SG1V61937297
0.009396977124853847,0.00934204183825999,-5.493528659385703e-05,5.493528659385703e-05,Underweighted,2023,JP3802300008
0.00044649477948114366,0.0005011797867320563,5.468500725091261e-05,5.468500725091261e-05,Overweighted,2023,AU000000CGF5
0.005864552046314977,0.005809998973745809,-5.4553072569168276e-05,5.4553072569168276e-05,Underweighted,2023,HK0011000095
0.011464057961691596,0.011518554023622672,5.449606193107595e-05,5.449606193107595e-05,Overweighted,2023,JP3496400007
0.0003165526311385273,0.0003709052646358572,5.435263349732992e-05,5.435263349732992e-05,Overweighted,2023,BMG684371393
0.0011430208569512882,0.001197224204713329,5.42033477620408e-05,5.42033477620408e-05,Overweighted,2023,AU000000MGR9
0.004919709586599273,0.004865520706237335,-5.4188880361938016e-05,5.4188880361938016e-05,Underweighted,2023,JP3942400007
0.00032289813006239744,0.00037645148708327435,5.355335702087691e-05,5.355335702087691e-05,Overweighted,2023,JP3415400005
0.00043451056303128846,0.0004880309535798833,5.3520390548594864e-05,5.3520390548594864e-05,Overweighted,2023,BMG8063F1068
0.001184335724730523,0.0011310224428078802,-5.331328192264271e-05,5.331328192264271e-05,Underweighted,2023,JP3774200004
0.001808860194827539,0.0018621066807267188,5.32464858991799e-05,5.32464858991799e-05,Overweighted,2023,AU000000ASX7
0.008168976290025406,0.008222177590605916,5.3201300580509384e-05,5.3201300580509384e-05,Overweighted,2023,AU000000MQG1
0.00016092247405563153,0.00021409614402799362,5.3173669972362094e-05,5.3173669972362094e-05,Overweighted,2023,JP3919800007
0.00022299186108133644,0.00017027304649761273,-5.271881458372371e-05,5.271881458372371e-05,Underweighted,2023,JP3172100004
9.683526497310721e-05,0.00014942820451657266,5.259293954346545e-05,5.259293954346545e-05,Overweighted,2023,AU000000MND5
0.00021265421228369727,0.00026513496316743555,5.2480750883738284e-05,5.2480750883738284e-05,Overweighted,2023,JP3834800009
0.0006849907837103745,0.0007372171004301624,5.2226316719787926e-05,5.2226316719787926e-05,Overweighted,2023,JP3108600002
0.0002868258715531898,0.00023518985654767224,-5.163601500551756e-05,5.163601500551756e-05,Underweighted,2023,JP3326410002
0.0003958193299356316,0.0004472498449591353,5.14305150235037e-05,5.14305150235037e-05,Overweighted,2023,JP3667600005
0.0008083777287583195,0.0007575324000349819,-5.0845328723337605e-05,5.0845328723337605e-05,Underweighted,2023,JP3494600004
0.0009242727909886819,0.0008735195001209244,-5.075329086775746e-05,5.075329086775746e-05,Underweighted,2023,SG1B51001017
0.00017656642011739326,0.00022705815481044453,5.049173469305127e-05,5.049173469305127e-05,Overweighted,2023,HK0308001558
0.001567555705395283,0.001617763560312499,5.020785491721604e-05,5.020785491721604e-05,Overweighted,2023,AU000000SUN6
0.0031751944595620582,0.003225228472522143,5.0034012960084844e-05,5.0034012960084844e-05,Overweighted,2023,JP3890310000
0.0010192766377901262,0.000969404258715461,-4.987237907466517e-05,4.987237907466517e-05,Underweighted,2023,JP3196000008
0.006533005698680548,0.006483504228160298,-4.9501470520249904e-05,4.9501470520249904e-05,Underweighted,2023,JP3475350009
0.0003052348085781067,0.00035472102355983074,4.948621498172405e-05,4.948621498172405e-05,Overweighted,2023,JP3742600004
0.0006316652922642203,0.0006811274567546089,4.946216449038855e-05,4.946216449038855e-05,Overweighted,2023,HK0008011667
0.0008161119366266059,0.0008652217253896029,4.9109788762996954e-05,4.9109788762996954e-05,Overweighted,2023,JP3792600003
0.0012210868040548424,0.0012700787846101767,4.899198055533438e-05,4.899198055533438e-05,Overweighted,2023,AU000000DXS1
0.003567830943158642,0.0035191692458296942,-4.8661697328947814e-05,4.8661697328947814e-05,Underweighted,2023,JP3249600002
0.004907633721572549,0.004956126841411277,4.84931198387285e-05,4.84931198387285e-05,Overweighted,2023,AU000000GMG2
0.009395223374967666,0.009443619286578293,4.839591161062695e-05,4.839591161062695e-05,Overweighted,2023,JP3481800005
0.0024891038929292604,0.002441001951314009,-4.810194161525153e-05,4.810194161525153e-05,Underweighted,2023,JP3538800008
0.0006934162393194495,0.0007414762274634944,4.8059988144044815e-05,4.8059988144044815e-05,Overweighted,2023,JP3955000009
0.003624580052628838,0.003672300137387768,4.772008475893014e-05,4.772008475893014e-05,Overweighted,2023,KYG210961051
0.0062990983367575875,0.0062517504037908345,-4.7347932966753e-05,4.7347932966753e-05,Underweighted,2023,JP3802400006
0.0027778031235282732,0.002730513172370444,-4.728995115782942e-05,4.728995115782942e-05,Underweighted,2023,AU0000224040
0.0002134293417728065,0.0002601774245177609,4.674808274495438e-05,4.674808274495438e-05,Overweighted,2023,JP3352400000
0.00018300046088671275,0.0002296571608402632,4.665669995355045e-05,4.665669995355045e-05,Overweighted,2023,AU000000IVC8
0.004211064149862535,0.004257493398503074,4.6429248640538455e-05,4.6429248640538455e-05,Overweighted,2023,JP3200450009
0.0007055821995573323,0.0007518247608812419,4.6242561323909604e-05,4.6242561323909604e-05,Overweighted,2023,JP3268950007
0.006322001160780487,0.006275854401004999,-4.61467597754877e-05,4.61467597754877e-05,Underweighted,2023,HK2388011192
0.006500170654310226,0.0065462135518552,4.604289754497372e-05,4.604289754497372e-05,Overweighted,2023,JP3910660004
0.00038872510873971605,0.0004347092028692085,4.598409412949245e-05,4.598409412949245e-05,Overweighted,2023,JP3219000001
0.003753622802225574,0.00379949918124876,4.587637902318592e-05,4.587637902318592e-05,Overweighted,2023,HK0291001490
0.00010442034973326831,0.00015026926266472273,4.584891293145442e-05,4.584891293145442e-05,Overweighted,2023,AU000000SBM8
0.0005268814549548969,0.0004814194134203587,-4.54620415345382e-05,4.54620415345382e-05,Underweighted,2023,JP3209000003
0.002811079323760133,0.0028564047704292767,4.532544666914365e-05,4.532544666914365e-05,Overweighted,2023,JP3592200004
0.0010603150064730457,0.0010150059001629845,-4.530910631006112e-05,4.530910631006112e-05,Underweighted,2023,JP3359600008
0.0009234153331169618,0.0008781899250361598,-4.522540808080198e-05,4.522540808080198e-05,Underweighted,2023,JP3277800003
0.0007547104968560453,0.000709630241906832,-4.508025494921329e-05,4.508025494921329e-05,Underweighted,2023,JP3143000002
0.0004740716809243425,0.0004291951900687233,-4.4876490855619235e-05,4.4876490855619235e-05,Underweighted,2023,JP3292200007
0.0009044409709737368,0.0008596058286920956,-4.4835142281641235e-05,4.4835142281641235e-05,Underweighted,2023,JP3039710003
0.0004926872155886412,0.000448132298323047,-4.4554917265594244e-05,4.4554917265594244e-05,Underweighted,2023,HK0014000126
0.00019356024098083014,0.00014907198734205756,-4.448825363877258e-05,4.448825363877258e-05,Underweighted,2023,JP3841800000
0.004020720929266365,0.0039766361220329085,-4.4084807233456084e-05,4.4084807233456084e-05,Underweighted,2023,JP3902400005
0.004394504213245075,0.0044379165064612645,4.341229321618966e-05,4.341229321618966e-05,Overweighted,2023,JP3566800003
0.0006366857702377695,0.0005936548235717486,-4.3030946666020964e-05,4.3030946666020964e-05,Underweighted,2023,KYG0535Q1331
0.00042967493557718626,0.00038669923514758446,-4.29757004296018e-05,4.29757004296018e-05,Underweighted,2023,JP3243600008
0.02556571381132527,0.02560864877121014,4.293495988486745e-05,4.293495988486745e-05,Overweighted,2023,AU000000BHP4
0.0002850379476213968,0.0002421889493532921,-4.284899826810469e-05,4.284899826810469e-05,Underweighted,2023,AU000000BWP3
0.0019164525173398872,0.001873700578017063,-4.275193932282411e-05,4.275193932282411e-05,Underweighted,2023,AU000000QBE9
0.000460927100289388,0.0005036633051542413,4.2736204864853304e-05,4.2736204864853304e-05,Overweighted,2023,JP3665200006
0.0007296158738168475,0.0007722559573971809,4.264008358033334e-05,4.264008358033334e-05,Overweighted,2023,JP3166000004
0.002148241088434902,0.002105767853522257,-4.247323491264523e-05,4.247323491264523e-05,Underweighted,2023,JP3967200001
0.0030594127930284997,0.003017418486202052,-4.1994306826447555e-05,4.1994306826447555e-05,Underweighted,2023,AU000000ALL7
0.0016354377869064523,0.0016769686750244316,4.153088811797924e-05,4.153088811797924e-05,Overweighted,2023,JP3659000008
0.0003840743318050607,0.0004254874777373353,4.141314593227464e-05,4.141314593227464e-05,Overweighted,2023,JP3733400000
4.13257413392025e-05,1.893891871132002e-09,-4.132384744733137e-05,4.132384744733137e-05,Underweighted,2023,JP3407200009
0.00037325979973456267,0.0003323367840597711,-4.0923015674791544e-05,4.0923015674791544e-05,Underweighted,2023,JP3560800009
0.0004873917918844862,0.0005282422468591195,4.085045497463326e-05,4.085045497463326e-05,Overweighted,2023,JP3582600007
0.0009714920018302499,0.0010122228940318576,4.073089220160762e-05,4.073089220160762e-05,Overweighted,2023,JP3143900003
0.0016202520837290337,0.0015797933418541853,-4.045874187484839e-05,4.045874187484839e-05,Underweighted,2023,HK0004000045
0.000383164059499213,0.00042340914634059066,4.024508684137768e-05,4.024508684137768e-05,Overweighted,2023,JP3293200006
0.0017165887183093473,0.0017568088258415342,4.0220107532186813e-05,4.0220107532186813e-05,Overweighted,2023,JP3102000001
0.0008042488827021024,0.000764685201517026,-3.956368118507639e-05,3.956368118507639e-05,Underweighted,2023,AU0000088338
0.0003102941206943968,0.0003494789474151445,3.918482672074768e-05,3.918482672074768e-05,Overweighted,2023,AU0000033359
0.0013357811145916548,0.0012966910587620796,-3.909005582957521e-05,3.909005582957521e-05,Underweighted,2023,JP3771800004
0.0012670617689629906,0.0012280933910051692,-3.896837795782141e-05,3.896837795782141e-05,Underweighted,2023,JP3820000002
0.003943327589515083,0.00390451543129833,-3.881215821675355e-05,3.881215821675355e-05,Underweighted,2023,JP3266400005
0.003042445379382127,0.0030811075099989984,3.866213061687156e-05,3.866213061687156e-05,Overweighted,2023,JP3505000004
0.0007704942458316743,0.0008087695379794027,3.827529214772837e-05,3.827529214772837e-05,Overweighted,2023,BMG4600H1198
0.0006227784870393828,0.0005854650585320396,-3.731342850734319e-05,3.731342850734319e-05,Underweighted,2023,JP3870400003
0.0043548032924381535,0.004391979094548492,3.717580211033862e-05,3.717580211033862e-05,Overweighted,2023,AU000000TCL6
0.004035213831337285,0.004072228530372885,3.701469903560038e-05,3.701469903560038e-05,Overweighted,2023,JP3634600005
0.002159759295171866,0.0021966108993800447,3.6851604208178786e-05,3.6851604208178786e-05,Overweighted,2023,JP3420600003
0.0005272433891652424,0.0004908340176887584,-3.6409371476483956e-05,3.6409371476483956e-05,Underweighted,2023,JP3635400009
0.008362370320875305,0.008326359941843503,-3.601037903180199e-05,3.601037903180199e-05,Underweighted,2023,AU000000WBC1
0.0012432812933141464,0.001207543964260308,-3.573732905383831e-05,3.573732905383831e-05,Underweighted,2023,JP3148800000
0.0025904283848032206,0.002554694451571148,-3.5733933232072815e-05,3.5733933232072815e-05,Underweighted,2023,JP3421800008
0.00024285940850760318,0.0002071876441309805,-3.5671764376622684e-05,3.5671764376622684e-05,Underweighted,2023,AU000000IRE2
0.0013804512523037072,0.0014158782373964787,3.542698509277154e-05,3.542698509277154e-05,Overweighted,2023,JP3982800009
0.0012222518283370707,0.0011869356828374533,-3.5316145499617426e-05,3.5316145499617426e-05,Underweighted,2023,JP3419400001
7.051814312042459e-05,0.00010577995867463422,3.526181555420963e-05,3.526181555420963e-05,Overweighted,2023,JP3826800009
0.000558200414392613,0.0005931134678950009,3.491305350238787e-05,3.491305350238787e-05,Overweighted,2023,AU000000BOQ8
0.0011607556332582222,0.0011260481013954703,-3.47075318627519e-05,3.47075318627519e-05,Underweighted,2023,JP3596200000
0.0005059995597202367,0.0004713282264430342,-3.467133327720245e-05,3.467133327720245e-05,Underweighted,2023,JP3040890000
0.0016885349335932895,0.0017230949704659605,3.4560036872671035e-05,3.4560036872671035e-05,Overweighted,2023,JP3357200009
0.0008479870009883723,0.0008822292432649122,3.424224227653995e-05,3.424224227653995e-05,Overweighted,2023,HK0019000162
0.001799704657334934,0.001833732064625324,3.402740729039006e-05,3.402740729039006e-05,Overweighted,2023,JP3684000007
4.0536631558706516e-05,7.376701442865383e-05,3.323038286994731e-05,3.323038286994731e-05,Overweighted,2023,AU000000MAH3
0.0003114498247823673,0.0002782890569703991,-3.316076781196821e-05,3.316076781196821e-05,Underweighted,2023,JP3156400008
0.0003672016734669755,0.00033411436660926323,-3.308730685771226e-05,3.308730685771226e-05,Underweighted,2023,AU000000ANN9
0.0010432574976155136,0.0010102957147329148,-3.296178288259878e-05,3.296178288259878e-05,Underweighted,2023,JP3452000007
0.0005215471971080008,0.0005544280681213932,3.2880871013392377e-05,3.2880871013392377e-05,Overweighted,2023,JP3305530002
0.0008777712351049665,0.0008451908336204706,-3.2580401484495866e-05,3.2580401484495866e-05,Underweighted,2023,JP3787000003
0.0031746445681008467,0.0031423492679309205,-3.2295300169926135e-05,3.2295300169926135e-05,Underweighted,2023,JP3893200000
0.0009442304336261076,0.0009765108327266008,3.2280399100493196e-05,3.2280399100493196e-05,Overweighted,2023,JP3766550002
0.003054451342951916,0.003086457920940701,3.200657798878466e-05,3.200657798878466e-05,Overweighted,2023,JP3404600003
0.0020034301235196334,0.0020354119662156014,3.1981842695968064e-05,3.1981842695968064e-05,Overweighted,2023,JP3197600004
0.0021142751938279633,0.0020823855714234662,-3.188962240449709e-05,3.188962240449709e-05,Underweighted,2023,JP3111200006
0.0011662017334362121,0.0011343739279928526,-3.1827805443359475e-05,3.1827805443359475e-05,Underweighted,2023,JP3027680002
0.00026368848930813566,0.00023216601380573364,-3.152247550240202e-05,3.152247550240202e-05,Underweighted,2023,AU000000IFL2
0.008008019641924163,0.00803943939310061,3.141975117644698e-05,3.141975117644698e-05,Overweighted,2023,JP3143600009
0.0012911420441937948,0.0012597422854087222,-3.139975878507263e-05,3.139975878507263e-05,Underweighted,2023,JP3942800008
0.008377882230851747,0.008346725520374666,-3.115671047708088e-05,3.115671047708088e-05,Underweighted,2023,AU000000ANZ3
0.0005959254540168752,0.0006263793554601081,3.045390144323294e-05,3.045390144323294e-05,Overweighted,2023,JP3768600003
0.0018895590968089292,0.0019199467064231945,3.038760961426531e-05,3.038760961426531e-05,Overweighted,2023,JP3733000008
0.0013264997544765692,0.0013567580058156583,3.0258251339089102e-05,3.0258251339089102e-05,Overweighted,2023,JP3940000007
0.0011491069438016486,0.0011792237531432477,3.011680934159912e-05,3.011680934159912e-05,Overweighted,2023,NZAIAE0002S6
0.0064887829302928725,0.00651884066896683,3.005773867395794e-05,3.005773867395794e-05,Overweighted,2023,SG1S04926220
0.0016272235890338878,0.0016571789979686498,2.995540893476205e-05,2.995540893476205e-05,Overweighted,2023,JP3551520004
0.0027695687319014835,0.0027991851782183923,2.9616446316908882e-05,2.9616446316908882e-05,Overweighted,2023,AU000000STO6
0.0011499038204106928,0.0011204653969810181,-2.943842342967469e-05,2.943842342967469e-05,Underweighted,2023,SG1J26887955
4.490158920278858e-05,7.423653107268076e-05,2.933494186989218e-05,2.933494186989218e-05,Overweighted,2023,JP3599000001
0.00037517975975167494,0.00034587049846321175,-2.9309261288463183e-05,2.9309261288463183e-05,Underweighted,2023,JP3126400005
0.0009800075526504842,0.0009508101890871747,-2.919736356330946e-05,2.919736356330946e-05,Underweighted,2023,JP3164630000
0.0003397428278177091,0.0003688593751472885,2.9116547329579375e-05,2.9116547329579375e-05,Overweighted,2023,SG1N31909426
5.5408554862778264e-05,2.629317745640369e-05,-2.9115377406374573e-05,2.9115377406374573e-05,Underweighted,2023,JP3305800009
0.01206140163860137,0.012089794329930683,2.8392691329311853e-05,2.8392691329311853e-05,Overweighted,2023,JP3571400005
0.0007698061048223047,0.0007414677320704438,-2.8338372751860992e-05,2.8338372751860992e-05,Underweighted,2023,AU000000LLC3
0.0006684070513942819,0.0006402321704258502,-2.8174880968431727e-05,2.8174880968431727e-05,Underweighted,2023,AU000000CWY3
0.0007054921043461734,0.0007335680697465317,2.8075965400358306e-05,2.8075965400358306e-05,Overweighted,2023,JP3351500008
0.00014869437918936323,0.00012103884984666,-2.765552934270322e-05,2.765552934270322e-05,Underweighted,2023,JP3684400009
0.0002389185197022522,0.00021129828299402238,-2.7620236708229823e-05,2.7620236708229823e-05,Underweighted,2023,JP3320800000
0.012967574612341354,0.012995057410365454,2.7482798024100474e-05,2.7482798024100474e-05,Overweighted,2023,JP3902900004
0.0030996977793422446,0.003072424823851445,-2.727295549079939e-05,2.727295549079939e-05,Underweighted,2023,JP3899600005
0.0011282203884698595,0.0011009985253409701,-2.722186312888934e-05,2.722186312888934e-05,Underweighted,2023,JP3180400008
0.0011468017490885462,0.0011738545039518063,2.7052754863260073e-05,2.7052754863260073e-05,Overweighted,2023,JP3675600005
0.0003220173717050329,0.00029557065012894454,-2.6446721576088334e-05,2.6446721576088334e-05,Underweighted,2023,JP3835620000
0.00500651010908812,0.005032809057956849,2.62989488687285e-05,2.62989488687285e-05,Overweighted,2023,HK0688002218
0.0016802182135838889,0.0016541104972820058,-2.6107716301883082e-05,2.6107716301883082e-05,Underweighted,2023,JP3429800000
0.0021959775700577796,0.002170131527964744,-2.5846042093035596e-05,2.5846042093035596e-05,Underweighted,2023,JP3814800003
0.0005780011670933653,0.0006037347681529528,2.5733601059587524e-05,2.5733601059587524e-05,Overweighted,2023,AU000000CIM7
0.001337795829917055,0.0013121755760685905,-2.5620253848464454e-05,2.5620253848464454e-05,Underweighted,2023,JP3942600002
0.0005480414026515822,0.0005224334861377903,-2.5607916513791917e-05,2.5607916513791917e-05,Underweighted,2023,NZFBUE0001S0
0.0007094283330543954,0.0007349833829840092,2.555504992961385e-05,2.555504992961385e-05,Overweighted,2023,SG1S83002349
0.00046032128766262926,0.0004857995293143703,2.5478241651741046e-05,2.5478241651741046e-05,Overweighted,2023,JP3600200004
0.002432494586372932,0.00240703298461736,-2.546160175557208e-05,2.546160175557208e-05,Underweighted,2023,JP3119600009
0.0011962748935747988,0.0012213187183037686,2.504382472896978e-05,2.504382472896978e-05,Overweighted,2023,JP3493800001
0.00015508803245023217,0.00018006234700998958,2.49743145597574e-05,2.49743145597574e-05,Overweighted,2023,JP3411000007
0.00012336675129371986,0.00014766912388717476,2.4302372593454894e-05,2.4302372593454894e-05,Overweighted,2023,JP3425000001
0.0032508029821129657,0.0032748957520837845,2.4092769970818738e-05,2.4092769970818738e-05,Overweighted,2023,JP3351600006
0.0064596293626543915,0.006435623759365501,-2.4005603288890752e-05,2.4005603288890752e-05,Underweighted,2023,JP3893600001
0.0014874905766234247,0.001463511595509055,-2.397898111436967e-05,2.397898111436967e-05,Underweighted,2023,JP3027670003
0.0003854599340180575,0.00040926105283681615,2.380111881875865e-05,2.380111881875865e-05,Overweighted,2023,JP3544000007
0.001590093488476417,0.001566675475445911,-2.341801303050602e-05,2.341801303050602e-05,Underweighted,2023,HK0000608585
0.004379332490359043,0.004356139633172486,-2.3192857186556982e-05,2.3192857186556982e-05,Underweighted,2023,JP3818000006
0.001185536476424073,0.001208398524116283,2.2862047692210003e-05,2.2862047692210003e-05,Overweighted,2023,SG1U68934629
0.00031843997047573716,0.00029562986979274743,-2.281010068298973e-05,2.281010068298973e-05,Underweighted,2023,JP3548610009
0.004531622911166218,0.004508973152558067,-2.264975860815071e-05,2.264975860815071e-05,Underweighted,2023,JP3201200007
0.0002032547963746793,0.0001810184655709488,-2.2236330803730486e-05,2.2236330803730486e-05,Underweighted,2023,JP3389900006
0.0004160721120578885,0.00043820939019118183,2.2137278133293342e-05,2.2137278133293342e-05,Overweighted,2023,AU000000DOW2
0.001293975383248174,0.001315896291211734,2.192090796355995e-05,2.192090796355995e-05,Overweighted,2023,JP3574200006
0.0005248030516354015,0.0005033805495852819,-2.1422502050119576e-05,2.1422502050119576e-05,Underweighted,2023,JP3358200008
0.0024105641692842663,0.002389367060935477,-2.1197108348789285e-05,2.1197108348789285e-05,Underweighted,2023,BMG2178K1009
0.0037281025569819355,0.0037489919753375344,2.0889418355598925e-05,2.0889418355598925e-05,Overweighted,2023,JP3205800000
0.0008789626666042585,0.0008581374375559575,-2.0825229048300974e-05,2.0825229048300974e-05,Underweighted,2023,JP3260800002
0.0011991330864805322,0.0012198683568574575,2.07352703769253e-05,2.07352703769253e-05,Overweighted,2023,JP3499800005
0.0008154160287886882,0.0007946911017229756,-2.0724927065712676e-05,2.0724927065712676e-05,Underweighted,2023,JP3944130008
0.0036874525297264254,0.0037081452252733915,2.069269554696605e-05,2.069269554696605e-05,Overweighted,2023,JP3304200003
0.001037544218535466,0.0010172648484995978,-2.0279370035868266e-05,2.0279370035868266e-05,Underweighted,2023,JP3322930003
0.0004695109992008461,0.0004891114417200734,1.960044251922725e-05,1.960044251922725e-05,Overweighted,2023,HK0010000088
0.011293063464374673,0.011273507058901287,-1.9556405473386204e-05,1.9556405473386204e-05,Underweighted,2023,JP3371200001
0.0051970832278093165,0.00517765860605094,-1.9424621758376212e-05,1.9424621758376212e-05,Underweighted,2023,HK0066009694
0.00024093323502765235,0.0002602953789718113,1.9362143944158956e-05,1.9362143944158956e-05,Overweighted,2023,JP3678000005
0.0008703259532586728,0.0008513178966972105,-1.9008056561462265e-05,1.9008056561462265e-05,Underweighted,2023,JP3229400001
0.009998062859758138,0.01001694203437646,1.8879174618320962e-05,1.8879174618320962e-05,Overweighted,2023,JP3198900007
0.003510987078380159,0.0034922298684011218,-1.8757209979037084e-05,1.8757209979037084e-05,Underweighted,2023,JP3672400003
0.0008516948849372776,0.0008703661926169212,1.8671307679643642e-05,1.8671307679643642e-05,Overweighted,2023,NZTELE0001S4
0.00016019549890352108,0.00017868053249715267,1.848503359363159e-05,1.848503359363159e-05,Overweighted,2023,JP3352000008
5.567573376483596e-05,3.824385399952351e-05,-1.743187976531245e-05,1.743187976531245e-05,Underweighted,2023,AU000000SIG5
0.00672982024082307,0.006746981529495139,1.71612886720688e-05,1.71612886720688e-05,Overweighted,2023,AU000000WES1
0.0009330368803224581,0.0009162569648284307,-1.6779915494027344e-05,1.6779915494027344e-05,Underweighted,2023,JP3283650004
0.0015299642552220496,0.0015461489967874495,1.6184741565399832e-05,1.6184741565399832e-05,Overweighted,2023,HK0083000502
0.00048159929115324705,0.00046618059745504546,-1.541869369820159e-05,1.541869369820159e-05,Underweighted,2023,JP3549600009
0.0004851580519940271,0.0004698517249376612,-1.530632705636591e-05,1.530632705636591e-05,Underweighted,2023,JP3405400007
0.0006633306522551857,0.000648199050844461,-1.5131601410724648e-05,1.5131601410724648e-05,Underweighted,2023,JP3896800004
0.00490960183592666,0.004924501056633958,1.4899220707298433e-05,1.4899220707298433e-05,Overweighted,2023,JP3830800003
0.0005297551815177267,0.0005441877647873033,1.4432583269576612e-05,1.4432583269576612e-05,Overweighted,2023,JP3126340003
0.00011876723542748249,0.00013207146381996848,1.3304228392485988e-05,1.3304228392485988e-05,Overweighted,2023,AU000000SWM4
0.007955627723269501,0.007968826401630082,1.3198678360580238e-05,1.3198678360580238e-05,Overweighted,2023,JP3788600009
0.0008230383943258805,0.0008359409106930647,1.2902516367184111e-05,1.2902516367184111e-05,Overweighted,2023,JP3688370000
0.0010476550759394982,0.0010348699298107047,-1.2785146128793494e-05,1.2785146128793494e-05,Underweighted,2023,AU000000QAN2
0.0010555803477900697,0.0010681851786553667,1.2604830865296963e-05,1.2604830865296963e-05,Overweighted,2023,AU000000GPT8
0.00284342350456621,0.0028560020121410293,1.2578507574819483e-05,1.2578507574819483e-05,Overweighted,2023,JP3877600001
0.010029715792823427,0.010017257086764701,-1.2458706058725288e-05,1.2458706058725288e-05,Underweighted,2023,AU000000NAB4
0.0016467789099525174,0.0016589927966315465,1.2213886679029095e-05,1.2213886679029095e-05,Overweighted,2023,JP3407400005
0.0010724390258367684,0.001060532480218842,-1.1906545617926386e-05,1.1906545617926386e-05,Underweighted,2023,AU000000SGP0
0.00038702883338479166,0.0003752612199599883,-1.1767613424803341e-05,1.1767613424803341e-05,Underweighted,2023,JP3613400005
0.0042484225951793225,0.0042600555204233255,1.1632925244003077e-05,1.1632925244003077e-05,Overweighted,2023,JP3866800000
0.0020355117855207815,0.002024930718147725,-1.0581067373056311e-05,1.0581067373056311e-05,Underweighted,2023,HK0006000050
0.000622842175033478,0.0006122868059950713,-1.0555369038406696e-05,1.0555369038406696e-05,Underweighted,2023,JP3743000006
0.00013275063354564146,0.0001223127472353626,-1.0437886310278854e-05,1.0437886310278854e-05,Underweighted,2023,AU000000ERA9
0.0008517570195656632,0.0008413678373557155,-1.038918220994773e-05,1.038918220994773e-05,Underweighted,2023,JP3888300005
0.0031671278314319095,0.003177237871340679,1.0110039908769672e-05,1.0110039908769672e-05,Overweighted,2023,JP3351100007
0.001017257262367597,0.0010071670979768066,-1.0090164390790402e-05,1.0090164390790402e-05,Underweighted,2023,AU000000IGO4
0.0003433342093383916,0.0003533961051479154,1.0061895809523793e-05,1.0061895809523793e-05,Overweighted,2023,AU000000AMP6
0.001186552377598176,0.0011765816383545386,-9.970739243637429e-06,9.970739243637429e-06,Underweighted,2023,AU000000IAG3
0.00010113808798880376,0.00011109535420183009,9.957266213026327e-06,9.957266213026327e-06,Overweighted,2023,BMG2108M2182
0.05036724470169713,0.050357393139096776,-9.851562600353414e-06,9.851562600353414e-06,Underweighted,2023,JP3633400001
0.00044822212215026085,0.000458055756892408,9.833634742147134e-06,9.833634742147134e-06,Overweighted,2023,JP3280200001
0.0006472859378403374,0.0006570076493087163,9.721711468378864e-06,9.721711468378864e-06,Overweighted,2023,NZCENE0001S6
0.0004875688755753849,0.000497279569493291,9.71069391790606e-06,9.71069391790606e-06,Overweighted,2023,HK0000745908
0.00791228415987348,0.00792195019268565,9.666032812169836e-06,9.666032812169836e-06,Overweighted,2023,JP3914400001
0.00014560939489002267,0.00013643156337847067,-9.177831511551993e-06,9.177831511551993e-06,Underweighted,2023,BMG8403G1033
0.005472535355636539,0.005463474379808492,-9.06097582804681e-06,9.06097582804681e-06,Underweighted,2023,HK0016000132
0.0030337170174596717,0.0030427524224337513,9.035404974079564e-06,9.035404974079564e-06,Overweighted,2023,JP3188220002
0.00039961886246140554,0.0004084762576280691,8.857395166663579e-06,8.857395166663579e-06,Overweighted,2023,JP3765400001
4.2079123708376796e-05,3.3597387623783464e-05,-8.481736084593332e-06,8.481736084593332e-06,Underweighted,2023,HK0000139300
0.006529942461501142,0.0065215645077004464,-8.377953800695927e-06,8.377953800695927e-06,Underweighted,2023,BMG507361001
0.01216821883162461,0.01217648662305342,8.267791428810678e-06,8.267791428810678e-06,Overweighted,2023,JP3436100006
0.001207499514192641,0.0011992608631678603,-8.238651024780781e-06,8.238651024780781e-06,Underweighted,2023,SG9999000020
0.0032857210898999123,0.003293906448076355,8.185358176442895e-06,8.185358176442895e-06,Overweighted,2023,HK0012000102
0.0007736009772509498,0.000765428957527295,-8.17201972365476e-06,8.17201972365476e-06,Underweighted,2023,HK0023000190
0.0005466449268786178,0.000554524962831716,7.880035953098177e-06,7.880035953098177e-06,Overweighted,2023,JP3122800000
0.0012964483414579175,0.0013041515511178507,7.703209659933258e-06,7.703209659933258e-06,Overweighted,2023,AU000000APA1
0.008299137462933082,0.008291435397185744,-7.702065747338185e-06,7.702065747338185e-06,Underweighted,2023,JP3854600008
0.0005055211230816683,0.0004979687211189902,-7.552401962678174e-06,7.552401962678174e-06,Underweighted,2023,JP3224200000
0.00022559840874210855,0.00023288553953261466,7.287130790506111e-06,7.287130790506111e-06,Overweighted,2023,JP3827200001
0.0022716466738713632,0.0022645414174582053,-7.105256413157939e-06,7.105256413157939e-06,Underweighted,2023,JP3635000007
0.0031345956933749664,0.003127539555989214,-7.05613738575259e-06,7.05613738575259e-06,Underweighted,2023,JP3388200002
0.0014445757421632627,0.00143786302604105,-6.7127161222128254e-06,6.7127161222128254e-06,Underweighted,2023,AU000000COH5
0.00023286660689750356,0.00023951013494253714,6.643528045033586e-06,6.643528045033586e-06,Overweighted,2023,SG1T58930911
0.00021526697340730795,0.00020875013891264084,-6.5168344946671104e-06,6.5168344946671104e-06,Underweighted,2023,AU000000PPT9
0.0022898132858455763,0.002283516501627477,-6.296784218099132e-06,6.296784218099132e-06,Underweighted,2023,JP3409000001
0.0013353834529699874,0.001341343880747092,5.960427777104704e-06,5.960427777104704e-06,Overweighted,2023,SG1M77906915
0.00025252911005009814,0.00024671748493017097,-5.811625119927165e-06,5.811625119927165e-06,Underweighted,2023,JP3888400003
0.0009757062830004971,0.000981442361709595,5.736078709097834e-06,5.736078709097834e-06,Overweighted,2023,JP3414750004
0.00018916110929113606,0.00019487177652297315,5.710667231837081e-06,5.710667231837081e-06,Overweighted,2023,JP3274400005
0.002524969553799086,0.0025306217501827283,5.652196383642075e-06,5.652196383642075e-06,Overweighted,2023,JP3778630008
0.000491505104283607,0.0004863400047448859,-5.165099538721079e-06,5.165099538721079e-06,Underweighted,2023,JP3269600007
0.0025791493963855405,0.002574357253359889,-4.792143025651643e-06,4.792143025651643e-06,Underweighted,2023,JP3173400007
0.00026527447569767577,0.0002700261946151722,4.751718917496439e-06,4.751718917496439e-06,Overweighted,2023,JP3456000003
0.017888547085262562,0.017883896308077248,-4.6507771853145086e-06,4.6507771853145086e-06,Underweighted,2023,AU000000CBA7
0.0002966571231294871,0.00030112394746295367,4.466824333466566e-06,4.466824333466566e-06,Overweighted,2023,SGXE34184239
0.00026682784140731353,0.0002624972935923264,-4.330547814987147e-06,4.330547814987147e-06,Underweighted,2023,JP3385820000
0.006076148416550411,0.006080394685648194,4.246269097782536e-06,4.246269097782536e-06,Overweighted,2023,JP3162600005
0.0012585322378513698,0.0012627031817273526,4.170943875982753e-06,4.170943875982753e-06,Overweighted,2023,AU000000TAH8
0.0005915496228128256,0.0005953741938116944,3.824570998868775e-06,3.824570998868775e-06,Overweighted,2023,SG0531000230
0.0006691107260607478,0.0006727472093606838,3.6364832999359912e-06,3.6364832999359912e-06,Overweighted,2023,JP3676800000
0.0005448523428496959,0.000541349816746519,-3.5025261031768192e-06,3.5025261031768192e-06,Underweighted,2023,AU000000BEN6
0.0013836542923969801,0.0013803657130645056,-3.2885793324745165e-06,3.2885793324745165e-06,Underweighted,2023,JP3539220008
0.0013801794133045206,0.001383423283389969,3.2438700854483474e-06,3.2438700854483474e-06,Overweighted,2023,AU000000CPU5
0.008331734842349831,0.008328579607969351,-3.1552343804797794e-06,3.1552343804797794e-06,Underweighted,2023,JP3734800000
0.003609798224535925,0.003612565773407016,2.7675488710908122e-06,2.7675488710908122e-06,Overweighted,2023,JP3783600004
0.00018311385658351632,0.00018584247144030704,2.7286148567907172e-06,2.7286148567907172e-06,Overweighted,2023,JP3992400006
0.013901661567883526,0.013898933539471714,-2.7280284118115505e-06,2.7280284118115505e-06,Underweighted,2023,AU000000CSL8
0.00040368868062065643,0.0004016177035995776,-2.0709770210788534e-06,2.0709770210788534e-06,Underweighted,2023,JP3634200004
0.005337043031613387,0.005338836195951696,1.7931643383093873e-06,1.7931643383093873e-06,Overweighted,2023,KYG2108Y1052
0.001449043221944181,0.001450667465743055,1.6242437988738673e-06,1.6242437988738673e-06,Overweighted,2023,HK0270001396
0.0004170631593806374,0.0004185158556169833,1.4526962363459054e-06,1.4526962363459054e-06,Overweighted,2023,JP3588600001
0.002037366504178089,0.0020360380296221966,-1.3284745558925053e-06,1.3284745558925053e-06,Underweighted,2023,AU000000NCM7
0.0007302543071235085,0.0007291001548239013,-1.1541522996072343e-06,1.1541522996072343e-06,Underweighted,2023,JP3419050004
0.0015381334054890346,0.0015370278179062914,-1.1055875827432546e-06,1.1055875827432546e-06,Underweighted,2023,JP3137200006
0.0025065714903341365,0.0025073579120836603,7.864217495237753e-07,7.864217495237753e-07,Overweighted,2023,HK0000049939
0.0028074879422394505,0.002806862205365075,-6.257368743755112e-07,6.257368743755112e-07,Underweighted,2023,HK0823032773
0.004662961535281798,0.004663545590443199,5.840551614011424e-07,5.840551614011424e-07,Overweighted,2023,AU000000WOW2
0.0009544577934583624,0.0009544592329555242,1.4394971617698663e-09,1.4394971617698663e-09,Overweighted,2023,JP3375800004
0.0017039488721327391,0.0,-0.0017039488721327391,0.0017039488721327391,Removed,2024,HK0836012952
0.0013728800746725923,0.0003562490799769328,-0.0010166309946956595,0.0010166309946956595,Underweighted,2024,JP3386030005
0.0009108710306655392,0.0,-0.0009108710306655392,0.0009108710306655392,Removed,2024,HK2380027329
0.0005218147705012446,0.0,-0.0005218147705012446,0.0005218147705012446,Removed,2024,JP3551200003
0.00045265003622107743,0.0,-0.00045265003622107743,0.00045265003622107743,Removed,2024,JP3246400000
0.0004424593411089152,0.0,-0.0004424593411089152,0.0004424593411089152,Removed,2024,JP3605400005
0.0031647504189418673,0.0027357730647261072,-0.0004289773542157601,0.0004289773542157601,Underweighted,2024,HK0002007356
0.00042124626355840385,0.0,-0.00042124626355840385,0.00042124626355840385,Removed,2024,MU0117U00026
0.0033719668314811124,0.0029581698027907554,-0.000413797028690357,0.000413797028690357,Underweighted,2024,JP3381000003
0.0015140211177971609,0.0011536365310999869,-0.00036038458669717397,0.00036038458669717397,Underweighted,2024,JP3228600007
0.0003585986581034771,0.0,-0.0003585986581034771,0.0003585986581034771,Removed,2024,JP3289800009
0.0003502969370398603,0.0,-0.0003502969370398603,0.0003502969370398603,Removed,2024,JP3449020001
0.0003497750279890144,0.0,-0.0003497750279890144,0.0003497750279890144,Removed,2024,JP3522200009
0.0009625703310957854,0.0013110104866578354,0.00034844015556205,0.00034844015556205,Overweighted,2024,HK0144000764
0.0007142678912118836,0.00036856926381238986,-0.0003456986273994937,0.0003456986273994937,Underweighted,2024,JP3174410005
0.000206532880040395,0.0005474715406937498,0.00034093866065335477,0.00034093866065335477,Overweighted,2024,JP3658850007
0.00033028593388387793,0.0,-0.00033028593388387793,0.00033028593388387793,Removed,2024,KYG5427W1309
0.0008257830196018215,0.0005100416744377389,-0.00031574134516408267,0.00031574134516408267,Underweighted,2024,SG1R50925390
0.0007033313712302867,0.0003880853734184264,-0.0003152459978118603,0.0003152459978118603,Underweighted,2024,JP3595200001
0.0004372705549969567,0.0007257944843900773,0.00028852392939312057,0.00028852392939312057,Overweighted,2024,BMG2442N1048
0.001079284347063182,0.0007918698996626037,-0.00028741444740057833,0.00028741444740057833,Underweighted,2024,HK0293001514
0.0005299986411340253,0.00025128909817973916,-0.0002787095429542861,0.0002787095429542861,Underweighted,2024,JP3368000000
0.00027697713328392635,0.0,-0.00027697713328392635,0.00027697713328392635,Removed,2024,JP3158800007
0.0015104384646997414,0.001243180049906289,-0.00026725841479345244,0.00026725841479345244,Underweighted,2024,AU000000ORG5
0.0007768144820118078,0.001036519564844225,0.0002597050828324173,0.0002597050828324173,Overweighted,2024,JP3134800006
0.0006418218642217207,0.0008990556425409242,0.0002572337783192035,0.0002572337783192035,Overweighted,2024,BMG524401079
0.00027252070342073556,0.0005214404469196035,0.00024891974349886795,0.00024891974349886795,Overweighted,2024,JP3276400003
0.00042070751873172417,0.0006636079607872933,0.00024290044205556917,0.00024290044205556917,Overweighted,2024,AU000000FLT9
0.0009857447765309274,0.0007450354339218946,-0.0002407093426090328,0.0002407093426090328,Underweighted,2024,JP3401400001
0.00015587066340150716,0.000392359567602105,0.00023648890420059786,0.00023648890420059786,Overweighted,2024,JP3726200003
0.0002879826799464416,5.3365346397565656e-05,-0.00023461733354887594,0.00023461733354887594,Underweighted,2024,NZAIRE0001S2
0.00253025548436299,0.002763455632854334,0.00023320014849134403,0.00023320014849134403,Overweighted,2024,JP3347200002
0.0002995438072114703,8.378832768327349e-05,-0.0002157554795281968,0.0002157554795281968,Underweighted,2024,AU000000CSR5
0.0004670799796881753,0.00025615462686378205,-0.00021092535282439323,0.00021092535282439323,Underweighted,2024,AU000000BLD2
0.0004210425506708156,0.0006286808409780524,0.00020763829030723686,0.00020763829030723686,Overweighted,2024,JP3940400009
0.00020136934759218717,0.0,-0.00020136934759218717,0.00020136934759218717,Removed,2024,JP3350800003
0.002117236864454534,0.00231556806274236,0.00019833119828782577,0.00019833119828782577,Overweighted,2024,JP3753000003
5.6189401845104406e-05,0.0002539553117771008,0.00019776590993199642,0.00019776590993199642,Overweighted,2024,SG1S76928401
0.00017593554104015745,0.0003722154320187325,0.00019627989097857504,0.00019627989097857504,Overweighted,2024,AU000000ELD6
8.35997284800151e-05,0.00027891700106570964,0.00019531727258569455,0.00019531727258569455,Overweighted,2024,JP3194000000
0.0002699229432095896,0.0004651706650921831,0.00019524772188259348,0.00019524772188259348,Overweighted,2024,JP3796150005
0.00022756413121190194,0.00042268844049381043,0.00019512430928190848,0.00019512430928190848,Overweighted,2024,HK0165000859
0.0010672501344972253,0.0008728058066612643,-0.00019444432783596096,0.00019444432783596096,Underweighted,2024,AU000000BSL0
0.0002818123681033762,0.00047070101505213745,0.00018888864694876123,0.00018888864694876123,Overweighted,2024,JP3579800008
0.0013062019844830683,0.0014941070913257236,0.0001879051068426553,0.0001879051068426553,Overweighted,2024,KYG9431R1039
0.0008707732633623227,0.0010541692763719366,0.00018339601300961395,0.00018339601300961395,Overweighted,2024,JP3305990008
0.0001828129554682399,0.0,-0.0001828129554682399,0.0001828129554682399,Removed,2024,JP3625000009
0.001099906488881929,0.0012786531084817046,0.0001787466195997756,0.0001787466195997756,Overweighted,2024,JP3783420007
0.006428857168966546,0.00660736691036428,0.0001785097413977343,0.0001785097413977343,Overweighted,2024,JP3837800006
0.00018703705162492507,0.000364193892795644,0.00017715684117071894,0.00017715684117071894,Overweighted,2024,JP3789000001
0.0024915028955488894,0.0026657745942261584,0.00017427169867726897,0.00017427169867726897,Overweighted,2024,JP3122400009
0.0009672052201828137,0.001141224605761916,0.00017401938557910237,0.00017401938557910237,Overweighted,2024,JP3585800000
0.0013875204653376117,0.001561447727003195,0.00017392726166558323,0.00017392726166558323,Overweighted,2024,JP3526600006
0.00035648071750359273,0.0005296783099273674,0.00017319759242377468,0.00017319759242377468,Overweighted,2024,AU000000SGM7
0.0011741438424208018,0.0010062788890905633,-0.00016786495333023853,0.00016786495333023853,Underweighted,2024,JP3300200007
0.00035949600495541537,0.00019426208370653054,-0.00016523392124888483,0.00016523392124888483,Underweighted,2024,JP3485800001
0.0007935593446560448,0.0009582954582344009,0.0001647361135783561,0.0001647361135783561,Overweighted,2024,JP3385980002
0.0002167168408422238,0.0003799662433667572,0.00016324940252453342,0.00016324940252453342,Overweighted,2024,JP3718800000
0.0005074403850943982,0.0003483718746149194,-0.00015906851047947879,0.00015906851047947879,Underweighted,2024,JP3720800006
0.0028156134668569518,0.002974098595240591,0.0001584851283836391,0.0001584851283836391,Overweighted,2024,JP3358000002
0.0002166444470061387,0.0003739889524872342,0.00015734450548109553,0.00015734450548109553,Overweighted,2024,NZSKCE0001S2
0.0006258884859726699,0.0007831763517468281,0.0001572878657741582,0.0001572878657741582,Overweighted,2024,JP3657400002
0.007256682368177001,0.00710035573913042,-0.00015632662904658048,0.00015632662904658048,Underweighted,2024,JP3519400000
0.00037049313373001383,0.0005254679774569352,0.0001549748437269214,0.0001549748437269214,Overweighted,2024,JP3811000003
0.0019138640595381324,0.002067379123185524,0.00015351506364739173,0.00015351506364739173,Overweighted,2024,BMG677491539
0.00015259947215701163,0.0,-0.00015259947215701163,0.00015259947215701163,Removed,2024,JP3400900001
0.0015498493323489414,0.0017023247313218619,0.00015247539897292046,0.00015247539897292046,Overweighted,2024,JP3362700001
0.000629954325836518,0.0004776292090844639,-0.00015232511675205407,0.00015232511675205407,Underweighted,2024,AU000000JBH7
0.0007917158272022504,0.0006401269730617767,-0.00015158885414047365,0.00015158885414047365,Underweighted,2024,JP3118000003
4.253053691119183e-05,0.000193866358309001,0.00015133582139780915,0.00015133582139780915,Overweighted,2024,AU000000MAH3
0.0003436670085165338,0.0004937011017124355,0.0001500340931959017,0.0001500340931959017,Overweighted,2024,JP3415400005
0.0010764239487490298,0.0009284075883258979,-0.00014801636042313193,0.00014801636042313193,Underweighted,2024,AU000000SEK6
0.0006688668545210392,0.0008168714434021352,0.000148004588881096,0.000148004588881096,Overweighted,2024,JP3830000000
0.00029619517139813957,0.00014820210094494845,-0.00014799307045319112,0.00014799307045319112,Underweighted,2024,JP3421100003
0.00027447028626228256,0.000422236447400249,0.00014776616113796644,0.00014776616113796644,Overweighted,2024,JP3535800001
0.0010376528405815118,0.0011852432510440953,0.0001475904104625836,0.0001475904104625836,Overweighted,2024,JP3223800008
0.00023245997482435328,0.0003788296654532753,0.000146369690628922,0.000146369690628922,Overweighted,2024,JP3352400000
0.0001461732565212734,0.0,-0.0001461732565212734,0.0001461732565212734,Removed,2024,JP3845400005
0.00014597627794401863,0.0,-0.00014597627794401863,0.00014597627794401863,Removed,2024,AU000000ABC7
0.0012661799781711037,0.0014097475484303127,0.00014356757025920904,0.00014356757025920904,Overweighted,2024,JP3906000009
0.0008221549099096507,0.0009648504110723583,0.00014269550116270755,0.00014269550116270755,Overweighted,2024,JP3663900003
0.000629612559587093,0.0007702850285875112,0.00014067246900041814,0.00014067246900041814,Overweighted,2024,BMG668971101
0.0031566237899469216,0.0032968733951354223,0.00014024960518850072,0.00014024960518850072,Overweighted,2024,HK0003000038
0.001815378138065925,0.001954810679258255,0.00013943254119232998,0.00013943254119232998,Overweighted,2024,AU000000RHC8
0.0003970734566163212,0.0005361570748517619,0.00013908361823544073,0.00013908361823544073,Overweighted,2024,JP3711200000
0.0007399222464273352,0.0008782657128828487,0.0001383434664555135,0.0001383434664555135,Overweighted,2024,HK0392044647
0.001984818436789426,0.001849698727639223,-0.00013511970915020292,0.00013511970915020292,Underweighted,2024,JP3402600005
0.00013465758585099583,0.0,-0.00013465758585099583,0.00013465758585099583,Removed,2024,JP3850200001
0.010087134887853809,0.010220806002569683,0.0001336711147158741,0.0001336711147158741,Overweighted,2024,JP3890350006
0.004982600048900185,0.005115703375390009,0.00013310332648982376,0.00013310332648982376,Overweighted,2024,JP3242800005
0.00458662765202339,0.0047192700572958185,0.00013264240527242812,0.00013264240527242812,Overweighted,2024,JP3814000000
0.001159926029729209,0.0012909331090535014,0.0001310070793242924,0.0001310070793242924,Overweighted,2024,BMG5320C1082
0.007214774754971657,0.007345185904200522,0.00013041114922886492,0.00013041114922886492,Overweighted,2024,JP3551500006
0.001007328241149781,0.0011376746082783977,0.00013034636712861672,0.00013034636712861672,Overweighted,2024,JP3511800009
0.00021953346613920837,0.00034978864460689436,0.000130255178467686,0.000130255178467686,Overweighted,2024,AU0000033359
0.003085706451402462,0.0029568043165912774,-0.00012890213481118453,0.00012890213481118453,Underweighted,2024,JP3160400002
0.00043413573353671454,0.000562569681090083,0.0001284339475533684,0.0001284339475533684,Overweighted,2024,JP3935600001
0.00012732392189781906,0.0,-0.00012732392189781906,0.00012732392189781906,Removed,2024,JP3528600004
0.0036449505187372755,0.0037702504168295775,0.00012529989809230207,0.00012529989809230207,Overweighted,2024,JP3165700000
0.000322681213939778,0.00019878885536587108,-0.00012389235857390693,0.00012389235857390693,Underweighted,2024,JP3560800009
0.009591508166661945,0.009712876250879304,0.00012136808421735895,0.00012136808421735895,Overweighted,2024,HK0388045442
0.0008127521291065074,0.0009316596414808679,0.00011890751237436051,0.00011890751237436051,Overweighted,2024,JP3799000009
0.00011874946126569571,0.0,-0.00011874946126569571,0.00011874946126569571,Removed,2024,JP3619800000
0.01112155357589766,0.011003354515213217,-0.00011819906068444297,0.00011819906068444297,Underweighted,2024,JP3802300008
0.0005728238041223075,0.0006898868188860109,0.00011706301476370343,0.00011706301476370343,Overweighted,2024,AU000000ILU1
0.009505623823401293,0.009388790123817832,-0.00011683369958346082,0.00011683369958346082,Underweighted,2024,JP3756600007
0.018999755546218477,0.019116501967498745,0.00011674642128026852,0.00011674642128026852,Overweighted,2024,JP3435000009
0.0009244827554271174,0.0008087515439874576,-0.00011573121143965972,0.00011573121143965972,Underweighted,2024,JP3359600008
0.0003970347343319036,0.00028135606425267807,-0.00011567867007922553,0.00011567867007922553,Underweighted,2024,AU000000BPT9
0.0022835894818901276,0.00216792442989528,-0.0001156650519948477,0.0001156650519948477,Underweighted,2024,SG1V61937297
0.0011903011364884412,0.0013048173979347856,0.00011451626144634445,0.00011451626144634445,Overweighted,2024,JP3711600001
0.0012685807598049948,0.0013829225518735208,0.00011434179206852601,0.00011434179206852601,Overweighted,2024,JP3862400003
3.685856403280511e-05,0.00015082792410948685,0.00011396936007668173,0.00011396936007668173,Overweighted,2024,HK0000139300
0.00014407215169722276,0.0002575031897770662,0.00011343103807984344,0.00011343103807984344,Overweighted,2024,HK0440001847
0.0017262579586900268,0.0018384913655582087,0.00011223340686818194,0.00011223340686818194,Overweighted,2024,JP3733000008
0.00048275240341180307,0.00037125259562299984,-0.00011149980778880323,0.00011149980778880323,Underweighted,2024,AU000000MTS0
0.0015107852816819162,0.001620764231146363,0.00010997894946444668,0.00010997894946444668,Overweighted,2024,SG1F60858221
0.0008006488898596324,0.0006907659304105037,-0.00010988295944912871,0.00010988295944912871,Underweighted,2024,JP3196000008
0.00040392898453581974,0.0005134884935186145,0.00010955950898279478,0.00010955950898279478,Overweighted,2024,JP3219000001
0.00034999220949726966,0.00045899260707862107,0.0001090003975813514,0.0001090003975813514,Overweighted,2024,JP3300600008
0.00830790652765809,0.008415927531792048,0.00010802100413395861,0.00010802100413395861,Overweighted,2024,JP3898400001
0.003829275326875385,0.003936403227266049,0.00010712790039066377,0.00010712790039066377,Overweighted,2024,JP3866800000
0.00019849548065736791,0.00030507587042642617,0.00010658038976905826,0.00010658038976905826,Overweighted,2024,HK0308001558
0.0031067276011084687,0.0032129505755905015,0.00010622297448203283,0.00010622297448203283,Overweighted,2024,JP3397200001
0.0003917483007201095,0.0004979063274948124,0.00010615802677470292,0.00010615802677470292,Overweighted,2024,JP3398000004
0.0007692417500417921,0.0008750844278683486,0.00010584267782655658,0.00010584267782655658,Overweighted,2024,HK0000055878
0.003978349387572812,0.004084084574999239,0.00010573518742642684,0.00010573518742642684,Overweighted,2024,JP3951600000
0.0011941514784216175,0.0012996008888464612,0.00010544941042484371,0.00010544941042484371,Overweighted,2024,JP3869010003
0.00010543404615879141,0.0,-0.00010543404615879141,0.00010543404615879141,Removed,2024,SG9999003735
0.0004264350496703622,0.0005308510863964322,0.00010441603672606996,0.00010441603672606996,Overweighted,2024,JP3792600003
0.0009689140514299383,0.00107325492892149,0.00010434087749155161,0.00010434087749155161,Overweighted,2024,JP3414750004
0.0005511292233829512,0.0006532971388868274,0.00010216791550387628,0.00010216791550387628,Overweighted,2024,BMG8063F1068
0.0003591828595249078,0.0004612165358876236,0.0001020336763627158,0.0001020336763627158,Overweighted,2024,JP3293200006
0.0018061757029952032,0.0019076554588146521,0.00010147975581944893,0.00010147975581944893,Overweighted,2024,AU000000SHL7
0.002563751943961797,0.002462450008923067,-0.00010130193503873029,0.00010130193503873029,Underweighted,2024,JP3294460005
0.00014162422989099708,0.0002427413140021035,0.00010111708411110641,0.00010111708411110641,Overweighted,2024,SG2B80958517
0.0009455325259520414,0.0010464991447022742,0.00010096661875023288,0.00010096661875023288,Overweighted,2024,JP3629000005
6.883643665140925e-05,0.00016921893467801208,0.00010038249802660283,0.00010038249802660283,Overweighted,2024,AU000000GWA4
0.0028540175551112937,0.0029534941086298643,9.947655351857064e-05,9.947655351857064e-05,Overweighted,2024,JP3116000005
0.001162766225112361,0.0012620512505762632,9.928502546390221e-05,9.928502546390221e-05,Overweighted,2024,JP3598600009
0.00090869079769507,0.0008095650869184991,-9.912571077657088e-05,9.912571077657088e-05,Underweighted,2024,JP3322930003
0.00012632219323571159,0.0002248688580081759,9.854666477246432e-05,9.854666477246432e-05,Overweighted,2024,JP3411000007
0.008684278714309246,0.008782750942434714,9.847222812546866e-05,9.847222812546866e-05,Overweighted,2024,JP3481800005
0.00036651652347808466,0.00046241668877795367,9.590016529986901e-05,9.590016529986901e-05,Overweighted,2024,JP3131400008
0.0007588978493695426,0.0008522396320998312,9.334178273028861e-05,9.334178273028861e-05,Overweighted,2024,BMG2624N1535
0.0003997553957066358,0.0003080009437547325,-9.17544519519033e-05,9.17544519519033e-05,Underweighted,2024,JP3404200002
6.916305070258379e-05,0.00016032568268371477,9.116263198113098e-05,9.116263198113098e-05,Overweighted,2024,JP3203500008
0.001608274525224766,0.0016992752141753633,9.100068895059724e-05,9.100068895059724e-05,Overweighted,2024,JP3684000007
0.00035886466336165014,0.000449721587139669,9.085692377801887e-05,9.085692377801887e-05,Overweighted,2024,JP3638600001
0.0010238542387081793,0.0009332934408580858,-9.056079785009356e-05,9.056079785009356e-05,Underweighted,2024,JP3820000002
0.00040632808259212754,0.0004966295559322945,9.030147334016696e-05,9.030147334016696e-05,Overweighted,2024,JP3271400008
0.0025878506734902116,0.002677993043176606,9.014236968639443e-05,9.014236968639443e-05,Overweighted,2024,JP3756100008
0.008478989998102962,0.008568811259192032,8.982126108906911e-05,8.982126108906911e-05,Overweighted,2024,JP3143600009
0.0012449955214395097,0.001334760170344162,8.976464890465222e-05,8.976464890465222e-05,Overweighted,2024,JP3502200003
0.0030099606123488863,0.0030989817892977155,8.902117694882918e-05,8.902117694882918e-05,Overweighted,2024,JP3188220002
0.0017984009417151825,0.0017095180196737966,-8.888292204138593e-05,8.888292204138593e-05,Underweighted,2024,JP3429800000
0.0005767078176071511,0.0006652459916096598,8.853817400250868e-05,8.853817400250868e-05,Overweighted,2024,BMG4600H1198
0.000512122414353761,0.0004235876132627858,-8.853480109097522e-05,8.853480109097522e-05,Underweighted,2024,JP3336000009
0.0060654956698797035,0.005977424586834043,-8.807108304566096e-05,8.807108304566096e-05,Underweighted,2024,JP3802400006
0.0009552484521856922,0.0010428115994861634,8.756314730047122e-05,8.756314730047122e-05,Overweighted,2024,AU000000WOR2
0.00043558866099116625,0.00034806937350309765,-8.75192874880686e-05,8.75192874880686e-05,Underweighted,2024,JP3209000003
0.0007897140534556187,0.0007022773643456048,-8.743668911001393e-05,8.743668911001393e-05,Underweighted,2024,JP3277800003
0.0011476965221635812,0.00123450455521442,8.680803305083883e-05,8.680803305083883e-05,Overweighted,2024,JP3486800000
0.0003060525181487938,0.0003928350381368777,8.678251998808388e-05,8.678251998808388e-05,Overweighted,2024,AU000000DOW2
0.0007352452679007225,0.0008216901625250712,8.644489462434875e-05,8.644489462434875e-05,Overweighted,2024,JP3695200000
0.0003141017025749045,0.0002276935742059229,-8.64081283689816e-05,8.64081283689816e-05,Underweighted,2024,JP3549600009
0.0007197917092629333,0.0008058767969941674,8.608508773123402e-05,8.608508773123402e-05,Overweighted,2024,JP3894900004
0.0006552450282939609,0.0007408830031073382,8.563797481337732e-05,8.563797481337732e-05,Overweighted,2024,JP3977400005
0.000539781910471011,0.0006249687890336844,8.518687856267336e-05,8.518687856267336e-05,Overweighted,2024,JP3131430005
0.0005514878254082099,0.000636503303781246,8.501547837303609e-05,8.501547837303609e-05,Overweighted,2024,JP3268950007
0.00016286424468284238,7.785530130080691e-05,-8.500894338203546e-05,8.500894338203546e-05,Underweighted,2024,BMG8403G1033
0.0008191699268543288,0.0009036765694860517,8.450664263172294e-05,8.450664263172294e-05,Overweighted,2024,AU000000CIM7
0.00029583993652804766,0.00038009675467379537,8.425681814574771e-05,8.425681814574771e-05,Overweighted,2024,JP3493400000
0.0007918202090124195,0.0008754822076371844,8.366199862476487e-05,8.366199862476487e-05,Overweighted,2024,JP3955000009
0.004144021839664722,0.00406068132452636,-8.334051513836198e-05,8.334051513836198e-05,Underweighted,2024,KYG217651051
0.0015977942547682636,0.0016811158465275238,8.332159175926022e-05,8.332159175926022e-05,Overweighted,2024,AU000000ASX7
0.0015484856345064084,0.00163144152690322,8.295589239681162e-05,8.295589239681162e-05,Overweighted,2024,SGXE21576413
0.0041849630793372086,0.004102071490396908,-8.289158894030091e-05,8.289158894030091e-05,Underweighted,2024,JP3201200007
0.0020335883122246014,0.001951198572561437,-8.238973966316447e-05,8.238973966316447e-05,Underweighted,2024,JP3256000005
0.0008913533157414854,0.0009736842675607331,8.233095181924769e-05,8.233095181924769e-05,Overweighted,2024,JP3270000007
0.0002723304591538143,0.000353848624350774,8.151816519695972e-05,8.151816519695972e-05,Overweighted,2024,JP3459600007
0.001483056758883748,0.001401747534033625,-8.130922485012301e-05,8.130922485012301e-05,Underweighted,2024,SG1B51001017
0.0007952378715066687,0.0008759498677623818,8.071199625571315e-05,8.071199625571315e-05,Overweighted,2024,JP3973400009
0.002901102169385512,0.002981670259220414,8.056808983490172e-05,8.056808983490172e-05,Overweighted,2024,JP3890310000
0.0008549627862768582,0.0007749466060520071,-8.001618022485113e-05,8.001618022485113e-05,Underweighted,2024,JP3868400007
0.0012624188658498464,0.001183312111341156,-7.910675450869035e-05,7.910675450869035e-05,Underweighted,2024,JP3027670003
0.0016583660090628903,0.0015792667358642525,-7.909927319863777e-05,7.909927319863777e-05,Underweighted,2024,JP3621000003
0.005187844992089299,0.005109564038270024,-7.828095381927531e-05,7.828095381927531e-05,Underweighted,2024,HK0011000095
0.0005906343713768202,0.0006687762038684301,7.814183249160993e-05,7.814183249160993e-05,Overweighted,2024,AU000000CGF5
0.0006933544904712128,0.0006161747197901768,-7.717977068103594e-05,7.717977068103594e-05,Underweighted,2024,JP3494600004
0.004117692369838337,0.004041018430219706,-7.667393961863136e-05,7.667393961863136e-05,Underweighted,2024,JP3902400005
0.0013734575417836895,0.0012968276411746992,-7.662990060899031e-05,7.662990060899031e-05,Underweighted,2024,AU000000QAN2
0.002149283763754057,0.0020728069406501263,-7.647682310393073e-05,7.647682310393073e-05,Underweighted,2024,JP3814800003
0.0006385422550893083,0.0007146710782454559,7.612882315614759e-05,7.612882315614759e-05,Overweighted,2024,JP3224200000
0.000794172166896393,0.0007181067333121155,-7.606543358427747e-05,7.606543358427747e-05,Underweighted,2024,AU000000ORI1
0.001442425297486602,0.0015181733241907184,7.57480267041164e-05,7.57480267041164e-05,Overweighted,2024,JP3982800009
0.0018612657286783644,0.0019354419707268997,7.417624204853531e-05,7.417624204853531e-05,Overweighted,2024,AU000000SUN6
0.007203634522102472,0.007277717929692749,7.408340759027746e-05,7.408340759027746e-05,Overweighted,2024,JP3910660004
0.0006840358885472381,0.0007579671765021215,7.393128795488342e-05,7.393128795488342e-05,Overweighted,2024,JP3738600000
0.0013913202999432867,0.0013174301117749418,-7.38901881683449e-05,7.38901881683449e-05,Underweighted,2024,JP3967200001
0.00017202459031397986,9.82632371124131e-05,-7.376135320156676e-05,7.376135320156676e-05,Underweighted,2024,JP3407200009
0.0003254288125558442,0.0002519133794076913,-7.351543314815294e-05,7.351543314815294e-05,Underweighted,2024,JP3870000001
0.0025158087051200583,0.0025891479572951355,7.333925217507722e-05,7.333925217507722e-05,Overweighted,2024,IE00BKVD2N49
0.0010207901275064387,0.000947458252707197,-7.333187479924177e-05,7.333187479924177e-05,Underweighted,2024,JP3027680002
0.00374748207714233,0.0038204644300787786,7.298235293644838e-05,7.298235293644838e-05,Overweighted,2024,JP3933800009
0.006894548197148438,0.006967501683905032,7.295348675659397e-05,7.295348675659397e-05,Overweighted,2024,JP3726800000
0.0003509568994525429,0.0004233743364431101,7.241743699056718e-05,7.241743699056718e-05,Overweighted,2024,JP3769000005
0.0002600437099503515,0.00018764090385614234,-7.240280609420915e-05,7.240280609420915e-05,Underweighted,2024,JP3721400004
0.008800336135019125,0.00887182179324097,7.148565822184469e-05,7.148565822184469e-05,Overweighted,2024,AU000000MQG1
0.0005293336279885925,0.00045788356044630944,-7.14500675422831e-05,7.14500675422831e-05,Underweighted,2024,JP3143000002
0.0002827652730155658,0.0002119885402630308,-7.077673275253501e-05,7.077673275253501e-05,Underweighted,2024,JP3156400008
0.0010543556137861646,0.0011241401186023057,6.978450481614118e-05,6.978450481614118e-05,Overweighted,2024,JP3210200006
0.00087564216973344,0.0008061932677643626,-6.944890196907739e-05,6.944890196907739e-05,Underweighted,2024,AU0000088338
0.0012541811207343978,0.0013230493636663013,6.886824293190347e-05,6.886824293190347e-05,Overweighted,2024,JP3493800001
0.0002734668740225917,0.00020498693555493392,-6.847993846765779e-05,6.847993846765779e-05,Underweighted,2024,JP3491000000
0.0010755249183195081,0.0011439282009865289,6.840328266702073e-05,6.840328266702073e-05,Overweighted,2024,AU000000DXS1
0.00021416117007066218,0.00014605747281724337,-6.810369725341882e-05,6.810369725341882e-05,Underweighted,2024,AU000000IRE2
0.0015067901520765701,0.0015742386727940682,6.74485207174981e-05,6.74485207174981e-05,Overweighted,2024,HK0101000591
0.00045146311402479886,0.0003840474142119925,-6.741569981280637e-05,6.741569981280637e-05,Underweighted,2024,JP3326410002
0.0008022617571845046,0.0008685157959925657,6.625403880806111e-05,6.625403880806111e-05,Overweighted,2024,JP3626800001
0.0009228581030591614,0.0008567052275151751,-6.615287554398626e-05,6.615287554398626e-05,Underweighted,2024,JP3039710003
0.003687273975605712,0.003622153655904074,-6.51203197016381e-05,6.51203197016381e-05,Underweighted,2024,JP3546800008
0.00033977289356618997,0.00027481044186114517,-6.49624517050448e-05,6.49624517050448e-05,Underweighted,2024,JP3544000007
0.0011305997918044188,0.0010657626546615724,-6.483713714284644e-05,6.483713714284644e-05,Underweighted,2024,JP3283650004
0.0011479254887149198,0.0010831535059216393,-6.47719827932805e-05,6.47719827932805e-05,Underweighted,2024,JP3180400008
0.009038493336385617,0.008973823108902832,-6.467022748278539e-05,6.467022748278539e-05,Underweighted,2024,AU000000ANZ3
0.0025211422789041867,0.002585758457221302,6.461617831711539e-05,6.461617831711539e-05,Overweighted,2024,JP3762800005
0.002869519937499001,0.002805132775372532,-6.438716212646889e-05,6.438716212646889e-05,Underweighted,2024,JP3899600005
0.0005786085766987803,0.0006429796410833562,6.437106438457593e-05,6.437106438457593e-05,Overweighted,2024,JP3768600003
0.00046091135142269324,0.00039664012741926787,-6.427122400342537e-05,6.427122400342537e-05,Underweighted,2024,JP3040890000
0.00042620945027419015,0.00036215434461606366,-6.405510565812649e-05,6.405510565812649e-05,Underweighted,2024,AU000000ANN9
0.00036011892866126376,0.0004236049427032565,6.348601404199274e-05,6.348601404199274e-05,Overweighted,2024,JP3732200005
0.00028642873783698745,0.00034950964032211626,6.308090248512881e-05,6.308090248512881e-05,Overweighted,2024,JP3742600004
0.005610749579567326,0.005548577690907852,-6.217188865947475e-05,6.217188865947475e-05,Underweighted,2024,JP3734800000
0.0012656547019650908,0.0013271250641234966,6.14703621584058e-05,6.14703621584058e-05,Overweighted,2024,JP3499800005
0.0017262125020952757,0.0017875450606611874,6.133255856591172e-05,6.133255856591172e-05,Overweighted,2024,JP3240400006
0.0006341514847518691,0.0006951491233645118,6.099763861264272e-05,6.099763861264272e-05,Overweighted,2024,JP3676800000
8.846863485113247e-05,0.00014918173122110864,6.071309636997617e-05,6.071309636997617e-05,Overweighted,2024,AU000000SWM4
0.0017011541333443383,0.0017612742159659126,6.012008262157439e-05,6.012008262157439e-05,Overweighted,2024,JP3659000008
0.00011411962291141744,0.0001741012256174841,5.998160270606666e-05,5.998160270606666e-05,Overweighted,2024,HK0242001243
0.0004608507426296918,0.0005207084720062049,5.985772937651309e-05,5.985772937651309e-05,Overweighted,2024,JP3665200006
0.00032428397979915,0.00038399655893252494,5.971257913337495e-05,5.971257913337495e-05,Overweighted,2024,JP3819400007
0.004169256984061913,0.004227780952098404,5.8523968036490806e-05,5.8523968036490806e-05,Overweighted,2024,JP3566800003
0.0007818567968740128,0.0007234290436718677,-5.842775320214508e-05,5.842775320214508e-05,Underweighted,2024,JP3888300005
0.001104421843960538,0.001162363638591593,5.794179463105512e-05,5.794179463105512e-05,Overweighted,2024,AU000000MGR9
0.003706476861521675,0.0037643337528829807,5.785689136130574e-05,5.785689136130574e-05,Overweighted,2024,JP3404600003
0.0007530019606725672,0.000696201984792396,-5.6799975880171224e-05,5.6799975880171224e-05,Underweighted,2024,JP3452000007
0.0009711784632795762,0.0010278259377452278,5.664747446565161e-05,5.664747446565161e-05,Overweighted,2024,SG1R89002252
0.005694069834168501,0.00574989955581257,5.582972164406858e-05,5.582972164406858e-05,Overweighted,2024,AU000000TLS2
0.00029691910975899034,0.0003525554015780665,5.563629181907614e-05,5.563629181907614e-05,Overweighted,2024,JP3215800008
0.003349688049320325,0.003405298857968944,5.561080864861876e-05,5.561080864861876e-05,Overweighted,2024,KYG210961051
0.0002287813578046813,0.00017330804453007229,-5.5473313274609e-05,5.5473313274609e-05,Underweighted,2024,JP3827200001
0.00022565495423235588,0.0002809576517017082,5.530269746935231e-05,5.530269746935231e-05,Overweighted,2024,JP3352000008
0.0007676726557340875,0.0008228694943144853,5.519683858039781e-05,5.519683858039781e-05,Overweighted,2024,JP3613000003
6.0423599467289794e-05,5.568136276379609e-06,-5.485546319091018e-05,5.485546319091018e-05,Underweighted,2024,JP3305800009
7.227430207665879e-05,0.00012662627354845306,5.4351971471794266e-05,5.4351971471794266e-05,Overweighted,2024,AU000000SBM8
0.003353974437847595,0.0034080190047033705,5.404456685577548e-05,5.404456685577548e-05,Overweighted,2024,JP3634600005
0.0003876151177529265,0.00044158932924150335,5.397421148857685e-05,5.397421148857685e-05,Overweighted,2024,JP3263000006
0.00044818013773721975,0.0003942461902811253,-5.393394745609447e-05,5.393394745609447e-05,Underweighted,2024,JP3495000006
0.012132062095102434,0.012185924290787718,5.3862195685283956e-05,5.3862195685283956e-05,Overweighted,2024,JP3496400007
0.004586282518618799,0.0046395975624777775,5.331504385897891e-05,5.331504385897891e-05,Overweighted,2024,AU000000GMG2
0.0014329568571577068,0.001486010597040835,5.305373988312824e-05,5.305373988312824e-05,Overweighted,2024,JP3551520004
0.00048411778483191934,0.0005370841701092603,5.296638527734095e-05,5.296638527734095e-05,Overweighted,2024,AU000000AMP6
0.0002864321049921542,0.00033892483263973184,5.249272764757762e-05,5.249272764757762e-05,Overweighted,2024,AU000000CQR9
0.002422728751268065,0.0023702569114395096,-5.247183982855534e-05,5.247183982855534e-05,Underweighted,2024,JP3258000003
0.0035518604634197813,0.003604254620490334,5.239415707055262e-05,5.239415707055262e-05,Overweighted,2024,JP3877600001
0.0018100816029886307,0.0018621641212638877,5.208251827525708e-05,5.208251827525708e-05,Overweighted,2024,SG1M51904654
0.0006707440435265011,0.0007226491522278476,5.190510870134652e-05,5.190510870134652e-05,Overweighted,2024,JP3982100004
0.0003050440551763529,0.00025331738080545116,-5.172667437090172e-05,5.172667437090172e-05,Underweighted,2024,AU000000BWP3
0.0024124353579233165,0.00236071781379112,-5.17175441321965e-05,5.17175441321965e-05,Underweighted,2024,BMG2178K1009
0.0030042718036946657,0.0029525689738988396,-5.170282979582606e-05,5.170282979582606e-05,Underweighted,2024,JP3893200000
0.00030545148095152935,0.00025389612673763816,-5.1555354213891186e-05,5.1555354213891186e-05,Underweighted,2024,JP3548610009
0.0032229432781111862,0.0031717021598597333,-5.124111825145295e-05,5.124111825145295e-05,Underweighted,2024,JP3249600002
0.001111635973905295,0.0011626390896843873,5.1003115779092245e-05,5.1003115779092245e-05,Overweighted,2024,JP3940000007
0.009863656799436757,0.009812665020317825,-5.099177911893106e-05,5.099177911893106e-05,Underweighted,2024,AU000000WBC1
0.015780463947885626,0.015831365797448177,5.090184956255128e-05,5.090184956255128e-05,Overweighted,2024,JP3902900004
0.0026362181738829606,0.002585699432928865,-5.051874095409565e-05,5.051874095409565e-05,Underweighted,2024,BMG507361001
0.002388302956843235,0.0023378728198498147,-5.043013699342026e-05,5.043013699342026e-05,Underweighted,2024,JP3538800008
0.0005894558670684584,0.0005400805566082193,-4.9375310460239054e-05,4.9375310460239054e-05,Underweighted,2024,JP3939000000
0.0011098244444255848,0.0011590186822584743,4.919423783288947e-05,4.919423783288947e-05,Overweighted,2024,JP3670800006
0.00033817349486198477,0.00038726400234624826,4.9090507484263494e-05,4.9090507484263494e-05,Overweighted,2024,JP3588600001
0.002669943600033107,0.002718649211968159,4.870561193505169e-05,4.870561193505169e-05,Overweighted,2024,JP3505000004
0.0012611494483519825,0.001309612735630679,4.846328727869638e-05,4.846328727869638e-05,Overweighted,2024,HK0019000162
0.001129569442323394,0.0011779236910208226,4.8354248697428555e-05,4.8354248697428555e-05,Overweighted,2024,JP3443600006
0.0012604036234825477,0.001212099422129474,-4.8304201353073636e-05,4.8304201353073636e-05,Underweighted,2024,SG1J26887955
0.002033153949208091,0.0020813464723162976,4.819252310820678e-05,4.819252310820678e-05,Overweighted,2024,JP3197800000
0.0013882679737846299,0.0014360737350584422,4.7805761273812374e-05,4.7805761273812374e-05,Overweighted,2024,JP3112000009
0.00015461639810189357,0.00020207561258929108,4.745921448739751e-05,4.745921448739751e-05,Overweighted,2024,AU000000MND5
0.00042475988997490516,0.00047166690373328046,4.69070137583753e-05,4.69070137583753e-05,Overweighted,2024,JP3126340003
0.0007115573313026516,0.0007574797778025985,4.592244649994693e-05,4.592244649994693e-05,Overweighted,2024,JP3766550002
0.0010425217469526293,0.0009966272773762439,-4.589446957638547e-05,4.589446957638547e-05,Underweighted,2024,JP3260800002
0.00020171279741919545,0.00024731754109480567,4.560474367561022e-05,4.560474367561022e-05,Overweighted,2024,JP3992400006
0.0006446435402514553,0.0006899819756683845,4.53384354169292e-05,4.53384354169292e-05,Overweighted,2024,JP3419050004
0.001848450336113722,0.0018932763035788072,4.4825967465085114e-05,4.4825967465085114e-05,Overweighted,2024,SG9999000020
0.0045032400543188805,0.004547968920409892,4.4728866091011364e-05,4.4728866091011364e-05,Overweighted,2024,JP3830800003
0.0014028595406997317,0.0014470695372502573,4.420999655052561e-05,4.420999655052561e-05,Overweighted,2024,NZAIAE0002S6
0.00642810124263161,0.006471328915305865,4.322767267425469e-05,4.322767267425469e-05,Overweighted,2024,SG1M31001969
0.0002539390576330377,0.0002971291114782261,4.3190053845188424e-05,4.3190053845188424e-05,Overweighted,2024,HK0363006039
0.029600009526355404,0.029643071824592016,4.306229823661245e-05,4.306229823661245e-05,Overweighted,2024,AU000000BHP4
8.362329856618234e-05,4.076411387001054e-05,-4.28591846961718e-05,4.28591846961718e-05,Underweighted,2024,AU000000SIG5
0.0029797336604169907,0.00293706329344507,-4.2670366971920594e-05,4.2670366971920594e-05,Underweighted,2024,JP3266400005
0.0014547642375951494,0.0014964570980132205,4.169286041807107e-05,4.169286041807107e-05,Overweighted,2024,JP3102000001
0.00023684232727387556,0.0001956502489002262,-4.119207837364935e-05,4.119207837364935e-05,Underweighted,2024,JP3385820000
0.0023105688126636944,0.0022696794469045105,-4.088936575918391e-05,4.088936575918391e-05,Underweighted,2024,JP3421800008
0.0013197345810982278,0.0012790692692724124,-4.0665311825815445e-05,4.0665311825815445e-05,Underweighted,2024,AU000000IGO4
0.0012322962957281203,0.0011918668433530911,-4.0429452375029176e-05,4.0429452375029176e-05,Underweighted,2024,HK0270001396
0.000556486367253247,0.0005162128861346996,-4.027348111854741e-05,4.027348111854741e-05,Underweighted,2024,JP3667600005
0.0004413885857658893,0.0004815071727904384,4.01185870245491e-05,4.01185870245491e-05,Overweighted,2024,HK0010000088
0.002516266638222736,0.002476310043734171,-3.995659448856499e-05,3.995659448856499e-05,Underweighted,2024,JP3635000007
0.000656303998593903,0.0006961668224779898,3.9862823884086814e-05,3.9862823884086814e-05,Overweighted,2024,HK0008011667
0.0005502200914879292,0.0005899177070183539,3.9697615530424695e-05,3.9697615530424695e-05,Overweighted,2024,AU000000BOQ8
0.00044399476386495216,0.0004044980366576947,-3.949672720725744e-05,3.949672720725744e-05,Underweighted,2024,JP3405400007
0.00048401171944416674,0.0004450071925862129,-3.900452685795384e-05,3.900452685795384e-05,Underweighted,2024,JP3780100008
0.005419043967303705,0.005457899990901813,3.885602359810815e-05,3.885602359810815e-05,Overweighted,2024,SG1T75931496
0.0050676106153950675,0.0050293548595879934,-3.8255755807074104e-05,3.8255755807074104e-05,Underweighted,2024,JP3818000006
0.000201458577204106,0.00016339121118871743,-3.806736601538857e-05,3.806736601538857e-05,Underweighted,2024,JP3841800000
0.010191097487204733,0.010228903493327739,3.780600612300622e-05,3.780600612300622e-05,Overweighted,2024,JP3198900007
0.0020541818332244313,0.0020163990351909893,-3.778279803344194e-05,3.778279803344194e-05,Underweighted,2024,HK0006000050
0.0006532853439869137,0.0006897896169844745,3.6504272997560784e-05,3.6504272997560784e-05,Overweighted,2024,JP3166000004
0.0025133321624949156,0.002549769187883142,3.643702538822652e-05,3.643702538822652e-05,Overweighted,2024,JP3778630008
0.0012853559268457325,0.0012494961785934784,-3.585974825225406e-05,3.585974825225406e-05,Underweighted,2024,JP3774200004
0.003910999549927522,0.003946832790766786,3.58332408392642e-05,3.58332408392642e-05,Overweighted,2024,JP3304200003
0.001162131516363429,0.0011272005735568583,-3.4930942806570735e-05,3.4930942806570735e-05,Underweighted,2024,AU000000SGP0
0.0006470796770145973,0.0006125756497541624,-3.450402726043488e-05,3.450402726043488e-05,Underweighted,2024,JP3108600002
6.958057794326052e-05,0.00010392632767824587,3.4345749734985355e-05,3.4345749734985355e-05,Overweighted,2024,JP3826800009
0.0015470613278708739,0.0015809915936121875,3.393026574131366e-05,3.393026574131366e-05,Overweighted,2024,JP3357200009
3.404362231340393e-05,1.148134785826736e-07,-3.392880883482126e-05,3.392880883482126e-05,Underweighted,2024,AU000000SXL4
0.0005856796025489507,0.0005519106150701437,-3.376898747880705e-05,3.376898747880705e-05,Underweighted,2024,SGXE34184239
0.0008336133389420936,0.0007999048110367311,-3.370852790536246e-05,3.370852790536246e-05,Underweighted,2024,JP3597800006
0.007600746701003211,0.007634400088628175,3.365338762496405e-05,3.365338762496405e-05,Overweighted,2024,JP3854600008
0.001304742322718283,0.0013383449734327708,3.36026507144877e-05,3.36026507144877e-05,Overweighted,2024,HK0000608585
0.0017755699461070487,0.0018081635427305335,3.2593596623484806e-05,3.2593596623484806e-05,Overweighted,2024,HK0083000502
0.008039854039143628,0.00800732328076696,-3.253075837666812e-05,3.253075837666812e-05,Underweighted,2024,AU0000224040
0.0010744676315971493,0.0010426820361962926,-3.178559540085676e-05,3.178559540085676e-05,Underweighted,2024,JP3596200000
0.0004435418814950246,0.0004752387407334667,3.169685923844212e-05,3.169685923844212e-05,Overweighted,2024,JP3305530002
0.0030211951255627403,0.0029895990622045817,-3.159606335815862e-05,3.159606335815862e-05,Underweighted,2024,JP3388200002
0.0017667429488374192,0.0017352952960677543,-3.144765276966491e-05,3.144765276966491e-05,Underweighted,2024,JP3111200006
0.00016325315110460176,0.000194658567088275,3.1405415983673236e-05,3.1405415983673236e-05,Overweighted,2024,JP3425000001
0.0003574874968984503,0.0003887468079699056,3.125931107145528e-05,3.125931107145528e-05,Overweighted,2024,JP3765400001
0.014273754607533058,0.014243647508735314,-3.0107098797743995e-05,3.0107098797743995e-05,Underweighted,2024,JP3436100006
0.003964101270484718,0.003934268552531369,-2.983271795334915e-05,2.983271795334915e-05,Underweighted,2024,US89677Q1076
0.00220098643133947,0.0022302810100057213,2.9294578666251223e-05,2.9294578666251223e-05,Overweighted,2024,JP3762600009
0.022160618584520335,0.02213142455432691,-2.9194030193423898e-05,2.9194030193423898e-05,Underweighted,2024,AU000000CBA7
0.0009683197485430073,0.000997365899342094,2.9046150799086562e-05,2.9046150799086562e-05,Overweighted,2024,JP3436120004
0.0027099555048795713,0.002680974024462086,-2.898148041748528e-05,2.898148041748528e-05,Underweighted,2024,JP3173400007
0.0003286747501365891,0.00030030683194800525,-2.8367918188583875e-05,2.8367918188583875e-05,Underweighted,2024,BMG684371393
0.0015739985692048565,0.0016020994175163512,2.8100848311494704e-05,2.8100848311494704e-05,Overweighted,2024,JP3539220008
0.018256516651951896,0.018284445066993307,2.7928415041410942e-05,2.7928415041410942e-05,Overweighted,2024,JP3735400008
0.0014977796448503529,0.0014698864472007405,-2.789319764961236e-05,2.789319764961236e-05,Underweighted,2024,JP3771800004
0.011680817846163472,0.011707238914749694,2.64210685862222e-05,2.64210685862222e-05,Overweighted,2024,SG1L01001701
0.011849961835232303,0.011823934545565271,-2.6027289667031328e-05,2.6027289667031328e-05,Underweighted,2024,AU000000NAB4
0.0005423156947339888,0.0005164969600093336,-2.5818734724655183e-05,2.5818734724655183e-05,Underweighted,2024,JP3896800004
0.0005874305232356596,0.0005616628861931175,-2.576763704254209e-05,2.576763704254209e-05,Underweighted,2024,JP3870400003
0.0002767464831550041,0.000302379095760668,2.5632612605663884e-05,2.5632612605663884e-05,Overweighted,2024,JP3164800009
0.0001147997882551005,8.918711898647941e-05,-2.5612669268621085e-05,2.5612669268621085e-05,Underweighted,2024,AU000000ERA9
0.0006801283049762273,0.0006547777629897113,-2.5350541986516044e-05,2.5350541986516044e-05,Underweighted,2024,AU000000BEN6
0.003143746105011694,0.0031681934019298233,2.444729691812933e-05,2.444729691812933e-05,Overweighted,2024,JP3205800000
0.0006338063513472774,0.0006095217073245641,-2.4284644022713373e-05,2.4284644022713373e-05,Underweighted,2024,JP3229400001
0.0007401966695734252,0.0007164384796455131,-2.3758189927912073e-05,2.3758189927912073e-05,Underweighted,2024,AU000000CWY3
0.009787650005857757,0.009811300063896921,2.3650058039163813e-05,2.3650058039163813e-05,Overweighted,2024,JP3571400005
0.0004583220090994642,0.000434944354568135,-2.337765453132919e-05,2.337765453132919e-05,Underweighted,2024,NZFBUE0001S0
0.0012132482989498277,0.001189956609113764,-2.3291689836063643e-05,2.3291689836063643e-05,Underweighted,2024,JP3942600002
0.0015772529246735184,0.001600023886249503,2.27709615759845e-05,2.27709615759845e-05,Overweighted,2024,JP3573000001
0.002786777150008923,0.002764623311168514,-2.2153838840409043e-05,2.2153838840409043e-05,Underweighted,2024,AU000000ALL7
0.0021793844473671988,0.0022014209293278885,2.203648196068969e-05,2.203648196068969e-05,Overweighted,2024,JP3420600003
0.00841117549304466,0.008433098391362085,2.1922898317424527e-05,2.1922898317424527e-05,Overweighted,2024,JP3463000004
0.0010822592286530038,0.0010604116839291824,-2.1847544723821357e-05,2.1847544723821357e-05,Underweighted,2024,JP3419400001
0.00010031428672775134,0.00012201688959451565,2.1702602866764312e-05,2.1702602866764312e-05,Overweighted,2024,JP3684400009
0.0009736566894823027,0.000952180759962924,-2.1475929519378643e-05,2.1475929519378643e-05,Underweighted,2024,JP3164630000
0.00748289795374462,0.007504221665920359,2.1323712175738696e-05,2.1323712175738696e-05,Overweighted,2024,SG1S04926220
0.0007252044111934805,0.0007041899988102956,-2.1014412383184972e-05,2.1014412383184972e-05,Underweighted,2024,JP3944130008
0.0029377300832893953,0.002916881916074065,-2.0848167215330084e-05,2.0848167215330084e-05,Underweighted,2024,HK0823032773
0.000969691864273457,0.0009488745731686211,-2.081729110483589e-05,2.081729110483589e-05,Underweighted,2024,JP3148800000
3.822899618567148e-05,1.7859980763624424e-05,-2.0369015422047053e-05,2.0369015422047053e-05,Underweighted,2024,JP3599000001
0.0013068754155164178,0.0012865614376346385,-2.0313977881779343e-05,2.0313977881779343e-05,Underweighted,2024,HK0004000045
0.0019233661714186947,0.0019032533883100778,-2.011278310861688e-05,2.011278310861688e-05,Underweighted,2024,JP3409000001
0.00040139520027284196,0.00042103486505838417,1.9639664785542214e-05,1.9639664785542214e-05,Overweighted,2024,JP3126400005
0.04022952576846895,0.04021012358349519,-1.9402184973760228e-05,1.9402184973760228e-05,Underweighted,2024,JP3633400001
0.000780750686401736,0.0008000808165534892,1.933013015175322e-05,1.933013015175322e-05,Overweighted,2024,KYG525621408
0.005618704483648768,0.005599383906196806,-1.932057745196187e-05,1.932057745196187e-05,Underweighted,2024,HK0066009694
0.00028083420952743597,0.00030005268649429276,1.921847696685679e-05,1.921847696685679e-05,Overweighted,2024,AU000000TAH8
0.0006991662002890195,0.0007183274834732887,1.916128318426918e-05,1.916128318426918e-05,Overweighted,2024,SG0531000230
0.000328322882421664,0.000309462552920179,-1.886032950148501e-05,1.886032950148501e-05,Underweighted,2024,JP3902000003
0.0003475459712686273,0.00036625304077905356,1.8707069510426246e-05,1.8707069510426246e-05,Overweighted,2024,AU000000PPT9
0.00037586542979855994,0.0003943853762912248,1.8519946492664887e-05,1.8519946492664887e-05,Overweighted,2024,JP3903000002
0.0010881685859706462,0.0011066499659113653,1.8481379940719174e-05,1.8481379940719174e-05,Overweighted,2024,NZTELE0001S4
0.0069051951417856946,0.006923673034510415,1.8477892724720786e-05,1.8477892724720786e-05,Overweighted,2024,HK0016000132
0.002746447048999201,0.002764891973907064,1.8444924907863244e-05,1.8444924907863244e-05,Overweighted,2024,AU000000STO6
0.003665357162625351,0.003683609034884356,1.8251872259004986e-05,1.8251872259004986e-05,Overweighted,2024,HK0000049939
0.0067887824862057225,0.006770670207483032,-1.8112278722690577e-05,1.8112278722690577e-05,Underweighted,2024,AU000000WES1
0.005910697445398806,0.005892640868255423,-1.8056577143383233e-05,1.8056577143383233e-05,Underweighted,2024,JP3162600005
0.0009158039129848248,0.0009338600168945415,1.8056103909716787e-05,1.8056103909716787e-05,Overweighted,2024,JP3190000004
0.0005173549734828871,0.00049936405957296,-1.7990913909927075e-05,1.7990913909927075e-05,Underweighted,2024,JP3243600008
0.0020387299581642255,0.0020565158480243674,1.7785889860141933e-05,1.7785889860141933e-05,Overweighted,2024,JP3931600005
0.0025397357097349683,0.0025220761749746097,-1.7659534760358555e-05,1.7659534760358555e-05,Underweighted,2024,JP3672400003
0.001328181089834015,0.0013456273274737886,1.74462376397737e-05,1.74462376397737e-05,Overweighted,2024,JP3574200006
0.0004729607161869004,0.00045585664528082604,-1.710407090607435e-05,1.710407090607435e-05,Underweighted,2024,JP3280200001
0.00023034035064688552,0.00021342738625483058,-1.6912964392054933e-05,1.6912964392054933e-05,Underweighted,2024,SG1T58930911
0.0023865806569754434,0.002369729725404682,-1.685093157076118e-05,1.685093157076118e-05,Underweighted,2024,JP3351100007
0.004875475690847686,0.004892287762740828,1.681207189314221e-05,1.681207189314221e-05,Overweighted,2024,HK0688002218
0.0041299690175763,0.004146757838067112,1.6788820490812664e-05,1.6788820490812664e-05,Overweighted,2024,HK0291001490
0.0004457776725257452,0.0004293813311329882,-1.6396341392756956e-05,1.6396341392756956e-05,Underweighted,2024,BMG988031446
0.0008295256125696618,0.000845597811371213,1.607219880155118e-05,1.607219880155118e-05,Overweighted,2024,JP3351500008
0.0014153853579200336,0.0014308074630084646,1.5422105088430975e-05,1.5422105088430975e-05,Overweighted,2024,AU000000IAG3
0.000589774063231716,0.0005748013606161816,-1.497270261553447e-05,1.497270261553447e-05,Underweighted,2024,HK0014000126
0.00046631395188774017,0.00048088202700609817,1.4568075118358e-05,1.4568075118358e-05,Overweighted,2024,JP3635400009
0.0017066375455333871,0.001692140100615532,-1.4497444917855196e-05,1.4497444917855196e-05,Underweighted,2024,AU000000COH5
0.0008755428386560209,0.0008900236252303752,1.4480786574354245e-05,1.4480786574354245e-05,Overweighted,2024,JP3688370000
0.0002756437398378942,0.0002612048226814658,-1.4438917156428359e-05,1.4438917156428359e-05,Underweighted,2024,AU000000IFL2
0.0002239629587610651,0.00023836920391893075,1.4406245157865644e-05,1.4406245157865644e-05,Overweighted,2024,JP3172100004
0.00048811459801484895,0.00047381715914586616,-1.4297438868982797e-05,1.4297438868982797e-05,Underweighted,2024,JP3269600007
0.0005062669315187866,0.0004923116478011358,-1.3955283717650784e-05,1.3955283717650784e-05,Underweighted,2024,JP3743000006
0.0051714772508237375,0.00518543021408216,1.3952963258422914e-05,1.3952963258422914e-05,Overweighted,2024,AU000000TCL6
0.0030348691426949036,0.0030210365803352143,-1.3832562359689278e-05,1.3832562359689278e-05,Underweighted,2024,HK0012000102
0.0001791074012072339,0.0001653918335910246,-1.3715567616209297e-05,1.3715567616209297e-05,Underweighted,2024,JP3834800009
0.0037106555010836093,0.003723886716286223,1.3231215202613809e-05,1.3231215202613809e-05,Overweighted,2024,JP3200450009
0.0014649162104228939,0.001451921883252047,-1.2994327170846951e-05,1.2994327170846951e-05,Underweighted,2024,JP3942800008
0.001792171704656699,0.0018049529700726263,1.2781265415927204e-05,1.2781265415927204e-05,Overweighted,2024,SG1U68934629
0.010314306745488786,0.010326357346571209,1.205060108242298e-05,1.205060108242298e-05,Overweighted,2024,JP3475350009
0.0004375735989619641,0.00042599725975933585,-1.1576339202628238e-05,1.1576339202628238e-05,Underweighted,2024,JP3613400005
0.008619029981488006,0.008630180178857694,1.1150197369688003e-05,1.1150197369688003e-05,Overweighted,2024,JP3788600009
0.00026450687412387573,0.000275235583941791,1.072870981791527e-05,1.072870981791527e-05,Overweighted,2024,JP3835620000
0.0003295872491867778,0.000318908396846176,-1.067885234060182e-05,1.067885234060182e-05,Underweighted,2024,JP3320800000
0.00025408384530520783,0.00024355869932487628,-1.0525145980331554e-05,1.0525145980331554e-05,Underweighted,2024,JP3888400003
0.0007674150683638312,0.0007779018875569982,1.0486819193166949e-05,1.0486819193166949e-05,Overweighted,2024,SG1S83002349
0.003417637240585296,0.0034280233409328047,1.0386100347508764e-05,1.0386100347508764e-05,Overweighted,2024,JP3351600006
0.0004141954406392339,0.000424458236993564,1.0262796354330113e-05,1.0262796354330113e-05,Overweighted,2024,JP3456000003
0.0007471683643461765,0.0007567205295882725,9.552165242096068e-06,9.552165242096068e-06,Overweighted,2024,HK0000745908
0.0007309942345027034,0.0007224180180096546,-8.576216493048796e-06,8.576216493048796e-06,Underweighted,2024,JP3358800005
0.017567930053196797,0.017576437676369797,8.507623173000661e-06,8.507623173000661e-06,Overweighted,2024,AU000000CSL8
0.0004306052713443794,0.0004385617625111806,7.95649116680123e-06,7.95649116680123e-06,Overweighted,2024,JP3582600007
0.00036328405451800666,0.0003554216582352569,-7.862396282749752e-06,7.862396282749752e-06,Underweighted,2024,JP3634200004
0.00033536697103050045,0.00032752524855580236,-7.84172247469809e-06,7.84172247469809e-06,Underweighted,2024,HK0200030994
0.00030993653163363747,0.00031773997325430174,7.803441620664266e-06,7.803441620664266e-06,Overweighted,2024,JP3733400000
0.0006050306432922504,0.0005974175514202856,-7.6130918719648525e-06,7.6130918719648525e-06,Underweighted,2024,JP3358200008
0.00011187373041519663,0.00011914209611229037,7.26836569709374e-06,7.26836569709374e-06,Overweighted,2024,JP3919800007
0.001628012788812242,0.0016207772584336826,-7.235530378559398e-06,7.235530378559398e-06,Underweighted,2024,JP3137200006
0.0003319021683639169,0.00032488517553669143,-7.016992827225477e-06,7.016992827225477e-06,Underweighted,2024,SG1N31909426
0.0008191278374147444,0.0008122393123571514,-6.888525057593031e-06,6.888525057593031e-06,Underweighted,2024,JP3787000003
0.00010279082935289435,0.0001096260669835987,6.835237630704351e-06,6.835237630704351e-06,Overweighted,2024,BMG2108M2182
0.010160000125662233,0.010166751125271004,6.750999608770569e-06,6.750999608770569e-06,Overweighted,2024,JP3371200001
0.002344186489848505,0.0023375980991352584,-6.5883907132465586e-06,6.5883907132465586e-06,Underweighted,2024,AU000000QBE9
0.005276049305259841,0.005282556037604089,6.506732344247618e-06,6.506732344247618e-06,Overweighted,2024,AU000000WOW2
0.0016703042577065948,0.001676122344140187,5.818086433592154e-06,5.818086433592154e-06,Overweighted,2024,AU000000CPU5
0.00034145478757198055,0.0003357568532040682,-5.697934367912343e-06,5.697934367912343e-06,Underweighted,2024,JP3600200004
0.0022242315870331137,0.0022296166852750505,5.385098241936833e-06,5.385098241936833e-06,Overweighted,2024,JP3900000005
0.0007204988118479504,0.0007153742819131168,-5.124529934833551e-06,5.124529934833551e-06,Underweighted,2024,AU000000LLC3
0.0059807763623067455,0.00597583922274157,-4.937139565175386e-06,4.937139565175386e-06,Underweighted,2024,HK2388011192
0.000630634491180201,0.0006260120338957162,-4.622457284484825e-06,4.622457284484825e-06,Underweighted,2024,KYG0535Q1331
0.000580989155401671,0.0005854666987928065,4.477543391135492e-06,4.477543391135492e-06,Overweighted,2024,HK0023000190
0.00021089166240375007,0.00020646149439429345,-4.4301680094566175e-06,4.4301680094566175e-06,Underweighted,2024,JP3678000005
0.00018292575516632594,0.00017880382286513755,-4.121932301188395e-06,4.121932301188395e-06,Underweighted,2024,JP3165600002
0.00021100951283458622,0.00021506595859967012,4.056445765083892e-06,4.056445765083892e-06,Overweighted,2024,JP3389900006
0.0013690011119204988,0.0013728805652456007,3.879453325101884e-06,3.879453325101884e-06,Overweighted,2024,JP3675600005
0.0019350047432525584,0.001938733216544945,3.7284732923865537e-06,3.7284732923865537e-06,Overweighted,2024,JP3197600004
0.0001870016964956742,0.00018367518845960074,-3.326508036073471e-06,3.326508036073471e-06,Underweighted,2024,JP3274400005
0.0004195239636906123,0.0004162018799764404,-3.3220837141719264e-06,3.3220837141719264e-06,Underweighted,2024,JP3292200007
0.0015904589072375033,0.0015935864288047833,3.1275215672799377e-06,3.1275215672799377e-06,Overweighted,2024,SG1M77906915
0.001058567924899766,0.0010555607034056327,-3.0072214941333306e-06,3.0072214941333306e-06,Underweighted,2024,AU000000GPT8
0.0034288010435406485,0.0034312153624478244,2.4143189071759025e-06,2.4143189071759025e-06,Overweighted,2024,JP3783600004
0.0006930245092648715,0.0006953775005444431,2.352991279571618e-06,2.352991279571618e-06,Overweighted,2024,JP3375800004
0.001505862500828131,0.001507444581713014,1.5820808848829651e-06,1.5820808848829651e-06,Overweighted,2024,AU000000APA1
0.0006696429837869745,0.0006682806054275838,-1.3623783593907793e-06,1.3623783593907793e-06,Underweighted,2024,NZCENE0001S6
0.005679476583675816,0.005678202785669793,-1.273798006022793e-06,1.273798006022793e-06,Underweighted,2024,KYG2108Y1052
0.0012483576258735074,0.0012471489424898234,-1.208683383683998e-06,1.208683383683998e-06,Underweighted,2024,JP3885400006
0.004573792056527748,0.004574846918662073,1.0548621343252004e-06,1.0548621343252004e-06,Overweighted,2024,JP3942400007
0.0016157142545656956,0.001614660852917841,-1.0534016478547237e-06,1.0534016478547237e-06,Underweighted,2024,JP3407400005
0.007939031311985699,0.007938288965704345,-7.423462813540421e-07,7.423462813540421e-07,Underweighted,2024,JP3893600001
0.006637341315426071,0.0066380192465738015,6.779311477302444e-07,6.779311477302444e-07,Overweighted,2024,JP3914400001
0.0005382262847839736,0.0005377048194669213,-5.214653170523224e-07,5.214653170523224e-07,Underweighted,2024,JP3122800000
0.0027693655906416703,0.0027696506835209675,2.850928792971774e-07,2.850928792971774e-07,Overweighted,2024,JP3119600009
0.0015546509899230167,2.748690055372781e-19,-0.0015546509899230165,0.0015546509899230165,Underweighted,2025,HK0836012952
0.0016216832892721172,0.00030596353170286416,-0.001315719757569253,0.001315719757569253,Underweighted,2025,JP3386030005
0.0007412836357290138,4.07014760959092e-19,-0.0007412836357290134,0.0007412836357290134,Underweighted,2025,HK2380027329
0.003676799669056099,0.0029845797408819042,-0.0006922199281741946,0.0006922199281741946,Underweighted,2025,JP3381000003
0.003356861914950003,0.0027023496921423453,-0.0006545122228076576,0.0006545122228076576,Underweighted,2025,HK0002007356
0.0010695757842142345,0.0004516898891987691,-0.0006178858950154654,0.0006178858950154654,Underweighted,2025,HK0293001514
0.000614211196504405,8.1733071824542085e-19,-0.0006142111965044041,0.0006142111965044041,Underweighted,2025,JP3246400000
0.0008807697031200512,0.00028749078436104486,-0.0005932789187590064,0.0005932789187590064,Underweighted,2025,JP3289800009
0.001537114841411941,0.0009976026726145233,-0.0005395121687974177,0.0005395121687974177,Underweighted,2025,AU000000ORG5
0.0005359045045860292,4.108055637632848e-19,-0.0005359045045860288,0.0005359045045860288,Underweighted,2025,JP3605400005
0.0006319234821503597,0.00010285828778591216,-0.0005290651943644476,0.0005290651943644476,Underweighted,2025,JP3174410005
0.0005206953053797775,2.9991236430982455e-19,-0.0005206953053797772,0.0005206953053797772,Underweighted,2025,JP3551200003
0.000681482654532057,0.00018231098159376415,-0.0004991716729382928,0.0004991716729382928,Underweighted,2025,JP3595200001
0.00104089613403228,0.0006068316930262117,-0.0004340644410060683,0.0004340644410060683,Underweighted,2025,AU000000QAN2
0.0006006227821264438,0.00017498514800867623,-0.00042563763411776755,0.00042563763411776755,Underweighted,2025,JP3401400001
0.0004192435475634901,6.055108243585594e-19,-0.00041924354756348953,0.00041924354756348953,Underweighted,2025,JP3522200009
0.00041722847410299337,1.0972902075712363e-18,-0.0004172284741029923,0.0004172284741029923,Underweighted,2025,MU0117U00026
0.00040336050262104983,5.2606901259975e-19,-0.0004033605026210493,0.0004033605026210493,Underweighted,2025,JP3449020001
0.00035124976568913247,0.000713997513818693,0.0003627477481295605,0.0003627477481295605,Overweighted,2025,BMG2442N1048
0.0008371103167882929,0.0011827428922329387,0.0003456325754446457,0.0003456325754446457,Overweighted,2025,HK0144000764
0.0005952804943474523,0.0002669345366070419,-0.0003283459577404104,0.0003283459577404104,Underweighted,2025,JP3368000000
0.0004988106703553123,0.0008108561063644858,0.0003120454360091735,0.0003120454360091735,Overweighted,2025,AU000000FLT9
0.0003405991248085115,0.0006373371949508485,0.00029673807014233704,0.00029673807014233704,Overweighted,2025,JP3276400003
0.0002749904659715983,0.0005703924601943052,0.00029540199422270686,0.00029540199422270686,Overweighted,2025,JP3658850007
0.00028119889599182986,1.7489373998372425e-18,-0.0002811988959918281,0.0002811988959918281,Underweighted,2025,JP3158800007
0.000367073020961935,0.0006448877019868912,0.0002778146810249562,0.0002778146810249562,Overweighted,2025,BMG524401079
0.001247997854035641,0.0009752056986353028,-0.0002727921554003383,0.0002727921554003383,Underweighted,2025,SG1R50925390
0.0019996251026120006,0.0017328961563343674,-0.0002667289462776332,0.0002667289462776332,Underweighted,2025,JP3228600007
0.0010972761765637423,0.0008402010405851249,-0.0002570751359786173,0.0002570751359786173,Underweighted,2025,AU000000BSL0
0.000594425663665333,0.0003387964979041698,-0.00025562916576116315,0.00025562916576116315,Underweighted,2025,HK0270001396
0.00030142881151064255,0.0005538195732400071,0.00025239076172936455,0.00025239076172936455,Overweighted,2025,AU000000SGM7
0.0005993849743712389,0.0008401701835053661,0.0002407852091341272,0.0002407852091341272,Overweighted,2025,JP3940400009
0.00023929603319781007,1.08235081371549e-18,-0.00023929603319780898,0.00023929603319780898,Underweighted,2025,BMG684371393
0.00023714683696488245,7.238625383309737e-19,-0.00023714683696488171,0.00023714683696488171,Underweighted,2025,JP3350800003
0.0012696691853738308,0.0015056739670058568,0.00023600478163202598,0.00023600478163202598,Overweighted,2025,JP3783420007
0.00024915001712893234,1.4373237636625599e-05,-0.00023477677949230674,0.00023477677949230674,Underweighted,2025,JP3549600009
0.00033734301171877524,0.0005703775583831015,0.0002330345466643263,0.0002330345466643263,Overweighted,2025,JP3796150005
0.000177646420053132,0.00040797933968253,0.00023033291962939797,0.00023033291962939797,Overweighted,2025,JP3726200003
0.0004652799772476068,0.0006955336667295581,0.00023025368948195127,0.00023025368948195127,Overweighted,2025,JP3134800006
3.746711568169919e-05,0.00026656551099483707,0.00022909839531313786,0.00022909839531313786,Overweighted,2025,SG1S76928401
0.0023353424816914335,0.0025586725060637626,0.00022333002437232912,0.00022333002437232912,Overweighted,2025,JP3347200002
0.0016175319470748308,0.0018380878478564723,0.00022055590078164143,0.00022055590078164143,Overweighted,2025,JP3526600006
0.0009683518735173778,0.0011867483432585063,0.00021839646974112852,0.00021839646974112852,Overweighted,2025,JP3511800009
0.001813923236527933,0.0020291700683497823,0.00021524683182184935,0.00021524683182184935,Overweighted,2025,JP3223800008
0.0002116134161554919,1.2965686246435774e-18,-0.0002116134161554906,0.0002116134161554906,Underweighted,2025,NZAIRE0001S2
0.00021128699687800967,2.059745441737006e-18,-0.00021128699687800761,0.00021128699687800761,Underweighted,2025,AU000000ABC7
0.001730696016392065,0.0015212663939542707,-0.00020942962243779436,0.00020942962243779436,Underweighted,2025,JP3429800000
3.9726195631799055e-05,0.00024790446510673754,0.00020817826947493848,0.00020817826947493848,Overweighted,2025,AU000000MAH3
0.002451594606648611,0.002249224623911111,-0.0002023699827375003,0.0002023699827375003,Underweighted,2025,SG1V61937297
0.0002781932531397656,0.00047483189202123476,0.00019663863888146917,0.00019663863888146917,Overweighted,2025,JP3718800000
0.001428675771933113,0.0016203969914330033,0.00019172121949989022,0.00019172121949989022,Overweighted,2025,JP3629000005
0.0002251598161710049,0.0004139507291196691,0.00018879091294866422,0.00018879091294866422,Overweighted,2025,JP3535800001
2.7436994615697857e-05,0.00021591277343950864,0.00018847577882381077,0.00018847577882381077,Overweighted,2025,HK0000139300
0.006980555429871566,0.007168515390426666,0.00018795996055510043,0.00018795996055510043,Overweighted,2025,JP3837800006
0.0027800467328985387,0.0029679561921145434,0.00018790945921600462,0.00018790945921600462,Overweighted,2025,JP3753000003
0.00038903522096322773,0.0005765196553969391,0.0001874844344337114,0.0001874844344337114,Overweighted,2025,JP3811000003
0.0001869768403906689,8.136725145572847e-19,-0.0001869768403906681,0.0001869768403906681,Underweighted,2025,KYG5427W1309
0.00025422729123709677,6.848327121219886e-05,-0.00018574402002489792,0.00018574402002489792,Underweighted,2025,JP3560800009
0.0002533595330588395,0.00043903445445265827,0.00018567492139381876,0.00018567492139381876,Overweighted,2025,JP3352400000
0.011107833093097364,0.01129277556618909,0.00018494247309172596,0.00018494247309172596,Overweighted,2025,JP3890350006
0.0001498619989787278,0.00033453240224007747,0.00018467040326134967,0.00018467040326134967,Overweighted,2025,AU000000ELD6
0.0008808262609156546,0.0010654328745998984,0.00018460661368424386,0.00018460661368424386,Overweighted,2025,JP3663900003
0.0007855651578124091,0.0009698471347840855,0.00018428197697167642,0.00018428197697167642,Overweighted,2025,JP3894900004
0.0014433872625380555,0.0016271663727123703,0.00018377911017431478,0.00018377911017431478,Overweighted,2025,JP3906000009
0.001060397261956318,0.0012434391460411308,0.00018304188408481284,0.00018304188408481284,Overweighted,2025,KYG9431R1039
0.00010367690308902521,0.0002837590880994588,0.0001800821850104336,0.0001800821850104336,Overweighted,2025,HK0440001847
0.013463408722181644,0.013284341418037254,-0.00017906730414439,0.00017906730414439,Underweighted,2025,JP3802300008
0.001270745399427312,0.0010930493782291511,-0.00017769602119816082,0.00017769602119816082,Underweighted,2025,SG1B51001017
0.0013457959782559516,0.001522347056807111,0.00017655107855115934,0.00017655107855115934,Overweighted,2025,JP3585800000
0.000650736220905054,0.00047442668995537144,-0.00017630953094968253,0.00017630953094968253,Underweighted,2025,AU000000JBH7
0.0001750851598808085,7.212225990323942e-19,-0.00017508515988080777,0.00017508515988080777,Underweighted,2025,JP3625000009
0.002069171799959925,0.00224402005011138,0.00017484825015145512,0.00017484825015145512,Overweighted,2025,JP3358000002
0.00044253243185593603,0.0006171318636468303,0.00017459943179089427,0.00017459943179089427,Overweighted,2025,JP3415400005
0.0012363663393855561,0.0014105627088208076,0.00017419636943525143,0.00017419636943525143,Overweighted,2025,BMG5320C1082
0.0009767741372512266,0.0008026743937105886,-0.00017409974354063796,0.00017409974354063796,Underweighted,2025,AU000000SEK6
0.0002771752128189052,0.0004512138104803696,0.00017403859766146443,0.00017403859766146443,Overweighted,2025,JP3711200000
0.009490073298903102,0.009316996747937184,-0.00017307655096591816,0.00017307655096591816,Underweighted,2025,JP3519400000
0.0042929015118706735,0.004464697656611947,0.00017179614474127376,0.00017179614474127376,Overweighted,2025,JP3814000000
0.0005577632846182187,0.0007292015016459951,0.0001714382170277764,0.0001714382170277764,Overweighted,2025,BMG668971101
0.0001692661706817315,3.355414493101847e-19,-0.00016926617068173117,0.00016926617068173117,Underweighted,2025,JP3845400005
0.00013790244911414333,0.00030605323423070523,0.0001681507851165619,0.0001681507851165619,Overweighted,2025,HK0165000859
0.0009043106735871862,0.0010723904450438064,0.00016807977145662017,0.00016807977145662017,Overweighted,2025,JP3305990008
0.00011488665817761088,0.00028238524680770076,0.00016749858863008988,0.00016749858863008988,Overweighted,2025,SG2B80958517
0.001312583624740642,0.0011465389784983148,-0.0001660446462423272,0.0001660446462423272,Underweighted,2025,JP3621000003
9.876283861960196e-05,0.0002643026448016611,0.00016553980618205918,0.00016553980618205918,Overweighted,2025,JP3194000000
0.00029845063958787145,0.00046354444523170646,0.000165093805643835,0.000165093805643835,Overweighted,2025,JP3579800008
0.0005646310169414837,0.0007296536950931678,0.00016502267815168413,0.00016502267815168413,Overweighted,2025,JP3657400002
0.0012362483759832978,0.0013946799275029668,0.00015843155151966902,0.00015843155151966902,Overweighted,2025,AU000000RHC8
0.0009506476675565093,0.000793119932513464,-0.00015752773504304528,0.00015752773504304528,Underweighted,2025,JP3118000003
0.0001556357419413221,3.4624310648085756e-19,-0.00015563574194132174,0.00015563574194132174,Underweighted,2025,JP3850200001
0.000448920230885081,0.00029509200078781084,-0.00015382823009727018,0.00015382823009727018,Underweighted,2025,JP3485800001
0.0012674666632193343,0.00141966595835321,0.00015219929513387567,0.00015219929513387567,Overweighted,2025,JP3869010003
0.0003020800341285898,0.0004497706140092551,0.0001476905798806653,0.0001476905798806653,Overweighted,2025,AU000000DOW2
0.0013313349578886813,0.0014759566638919022,0.0001446217060032209,0.0001446217060032209,Overweighted,2025,JP3493800001
0.005124317266610216,0.005268917063704336,0.00014459979709411947,0.00014459979709411947,Overweighted,2025,JP3122400009
0.0006910586972962143,0.0008347835611166108,0.00014372486382039653,0.00014372486382039653,Overweighted,2025,JP3830000000
0.01199686346624954,0.011853517588024838,-0.00014334587822470261,0.00014334587822470261,Underweighted,2025,JP3756600007
9.414610656135066e-05,0.0002351733653396182,0.00014102725877826754,0.00014102725877826754,Overweighted,2025,JP3203500008
0.00040373863188308373,0.0002634913117917805,-0.0001402473200913032,0.0001402473200913032,Underweighted,2025,AU000000BPT9
0.00013854559204700437,4.710295816182505e-19,-0.0001385455920470039,0.0001385455920470039,Underweighted,2025,JP3400900001
0.011591326296466269,0.011728181384895002,0.00013685508842873305,0.00013685508842873305,Overweighted,2025,JP3898400001
0.005756319929674421,0.005892209487054598,0.00013588955738017688,0.00013588955738017688,Overweighted,2025,JP3242800005
0.0006105252441680833,0.0007461473556611861,0.0001356221114931028,0.0001356221114931028,Overweighted,2025,JP3224200000
0.0015406181928653148,0.0016728675816138178,0.0001322493887485031,0.0001322493887485031,Overweighted,2025,BMG677491539
0.0004775320117123115,0.0006090468388678115,0.00013151482715550002,0.00013151482715550002,Overweighted,2025,HK0000055878
0.0014282782514268724,0.0015580892198782583,0.00012981096845138588,0.00012981096845138588,Overweighted,2025,SG1F60858221
0.003035780077435702,0.003164573095621207,0.00012879301818550506,0.00012879301818550506,Overweighted,2025,JP3116000005
0.0014849071482589894,0.0016132785037842527,0.00012837135552526326,0.00012837135552526326,Overweighted,2025,SGXE21576413
0.007508753530822383,0.0076357254342339035,0.0001269719034115201,0.0001269719034115201,Overweighted,2025,JP3481800005
0.00029017219424855696,0.00016462309262108964,-0.00012554910162746732,0.00012554910162746732,Underweighted,2025,JP3544000007
0.0019022988320007241,0.0017769452195903895,-0.0001253536124103346,0.0001253536124103346,Underweighted,2025,BMG507361001
0.00290172194248557,0.0030268046326008546,0.00012508269011528468,0.00012508269011528468,Overweighted,2025,JP3733000008
0.0003562607863795901,0.0002330974499429252,-0.00012316333643666488,0.00012316333643666488,Underweighted,2025,JP3421100003
0.008036187293564047,0.008159068711116395,0.00012288141755234863,0.00012288141755234863,Overweighted,2025,JP3551500006
0.0044089209418973685,0.004286528716261868,-0.00012239222563550055,0.00012239222563550055,Underweighted,2025,JP3802400006
0.0020553587703365673,0.002176862835264028,0.00012150406492746069,0.00012150406492746069,Overweighted,2025,JP3362700001
0.002038906915564059,0.001919415200636717,-0.00011949171492734215,0.00011949171492734215,Underweighted,2025,HK0006000050
0.00136155136417403,0.0012420650993152486,-0.00011948626485878142,0.00011948626485878142,Underweighted,2025,JP3256000005
0.00017104046952665973,0.0002901423484072105,0.00011910187888055076,0.00011910187888055076,Overweighted,2025,JP3789000001
0.00010708006644733014,0.00022532699804926693,0.0001182469316019368,0.0001182469316019368,Overweighted,2025,AU0000033359
0.0007214350813462694,0.000839605474112066,0.00011817039276579657,0.00011817039276579657,Overweighted,2025,AU000000CIM7
0.003535355086000168,0.003653459107939257,0.00011810402193908895,0.00011810402193908895,Overweighted,2025,JP3951600000
0.0004216561415302277,0.0005396434815322003,0.0001179873400019726,0.0001179873400019726,Overweighted,2025,JP3219000001
0.011650700670290674,0.011768466279698398,0.00011776560940772451,0.00011776560940772451,Overweighted,2025,JP3143600009
0.0004455897846925518,0.0003294966492171765,-0.00011609313547537528,0.00011609313547537528,Underweighted,2025,JP3720800006
0.0003489632148097396,0.00023396838982222605,-0.00011499482498751354,0.00011499482498751354,Underweighted,2025,NZFBUE0001S0
0.00016043830675655586,0.0002745381649554802,0.00011409985819892435,0.00011409985819892435,Overweighted,2025,NZSKCE0001S2
0.00490034031633583,0.005014066665423271,0.000113726349087441,0.000113726349087441,Overweighted,2025,JP3830800003
0.0018375385400978613,0.001950360454852325,0.00011282191475446373,0.00011282191475446373,Overweighted,2025,JP3711600001
0.00041779405205902693,0.0003050970396503561,-0.00011269701240867086,0.00011269701240867086,Underweighted,2025,JP3143000002
0.0021399983194255023,0.002252615214782184,0.00011261689535668187,0.00011261689535668187,Overweighted,2025,HK0003000038
0.00011176789973433995,1.4230510996778553e-18,-0.00011176789973433852,0.00011176789973433852,Underweighted,2025,BMG8403G1033
0.0017210828070765114,0.001832501813280572,0.00011141900620406067,0.00011141900620406067,Overweighted,2025,JP3659000008
0.00047232546264276806,0.0005836032805369199,0.00011127781789415183,0.00011127781789415183,Overweighted,2025,AU000000CGF5
0.006114710521042731,0.006225848260986788,0.00011113773994405642,0.00011113773994405642,Overweighted,2025,HK0388045442
3.9722963757764576e-05,0.0001507000246584378,0.00011097706090067324,0.00011097706090067324,Overweighted,2025,AU000000SWM4
0.010739691937767033,0.010850556539142762,0.00011086460137572918,0.00011086460137572918,Overweighted,2025,JP3198900007
0.0007785519911575927,0.0008883826043967206,0.00010983061323912788,0.00010983061323912788,Overweighted,2025,JP3973400009
0.0019068202237749582,0.0020162299290723356,0.00010940970529737734,0.00010940970529737734,Overweighted,2025,AU000000SUN6
0.004097980725103258,0.003988912248288957,-0.00010906847681430108,0.00010906847681430108,Underweighted,2025,JP3546800008
0.00016351343490036133,5.512160892625018e-05,-0.00010839182597411116,0.00010839182597411116,Underweighted,2025,AU000000IRE2
0.0006948173667983116,0.0005864591664961658,-0.00010835820030214577,0.00010835820030214577,Underweighted,2025,JP3359600008
0.0009837242823623707,0.0010919141675285308,0.00010818988516616006,0.00010818988516616006,Overweighted,2025,JP3598600009
0.000550646697994299,0.0006587802344424734,0.00010813353644817446,0.00010813353644817446,Overweighted,2025,JP3271400008
0.003217185166990931,0.0031091825065625326,-0.00010800266042839844,0.00010800266042839844,Underweighted,2025,KYG217651051
0.003522986704070222,0.00363024898564879,0.00010726228157856808,0.00010726228157856808,Overweighted,2025,JP3890310000
0.003712712253327214,0.003819924309327992,0.00010721205600077799,0.00010721205600077799,Overweighted,2025,JP3397200001
0.0010817938840015772,0.0011887831656361546,0.00010698928163457746,0.00010698928163457746,Overweighted,2025,HK0019000162
0.0003127565300014867,0.00041967996756221454,0.00010692343756072786,0.00010692343756072786,Overweighted,2025,JP3131400008
0.0010977997401573276,0.001204548310811741,0.00010674857065441352,0.00010674857065441352,Overweighted,2025,JP3443600006
0.0006870366300603068,0.0007936953045160322,0.00010665867445572535,0.00010665867445572535,Overweighted,2025,JP3270000007
0.025421399207544486,0.025527980414998794,0.00010658120745430863,0.00010658120745430863,Overweighted,2025,AU000000BHP4
0.0001062704820016935,1.6875614214810625e-18,-0.00010627048200169181,0.00010627048200169181,Underweighted,2025,JP3619800000
0.00014987492647486572,0.0002555971083625885,0.00010572218188772275,0.00010572218188772275,Overweighted,2025,HK0308001558
0.0009220407345403305,0.000816359689698572,-0.0001056810448417585,0.0001056810448417585,Underweighted,2025,AU0000088338
0.0005902387708536672,0.0006958790051247542,0.00010564023427108696,0.00010564023427108696,Overweighted,2025,JP3263000006
0.0013404763135952014,0.0014454995997379438,0.00010502328614274241,0.00010502328614274241,Overweighted,2025,AU000000ASX7
0.0002780122681938349,0.00017435934003141415,-0.00010365292816242073,0.00010365292816242073,Underweighted,2025,JP3156400008
0.0016706736518237464,0.001773758201384293,0.00010308454956054662,0.00010308454956054662,Overweighted,2025,JP3499800005
0.0044898422199096365,0.004592561924246872,0.00010271970433723548,0.00010271970433723548,Overweighted,2025,JP3877600001
0.0008712938484509628,0.000972967137910935,0.0001016732894599722,0.0001016732894599722,Overweighted,2025,AU000000DXS1
0.005808110711076925,0.005907379794537051,9.926908346012588e-05,9.926908346012588e-05,Overweighted,2025,SG1M31001969
0.0012961721683935647,0.0011979280286747724,-9.824413971879224e-05,9.824413971879224e-05,Underweighted,2025,JP3820000002
0.019896853124252628,0.019995045835423324,9.819271117069567e-05,9.819271117069567e-05,Overweighted,2025,JP3435000009
0.005042630034451778,0.004944537589952296,-9.809244449948164e-05,9.809244449948164e-05,Underweighted,2025,JP3818000006
0.0008838593746970119,0.0009808870085639943,9.702763386698241e-05,9.702763386698241e-05,Overweighted,2025,JP3738600000
0.00014220892126508476,0.00023816025899912847,9.595133773404371e-05,9.595133773404371e-05,Overweighted,2025,AU000000MND5
9.561337737300351e-05,0.0,-9.561337737300351e-05,9.561337737300351e-05,Removed,2025,JP3528600004
0.0003213339236889903,0.00041689886929597734,9.556494560698705e-05,9.556494560698705e-05,Overweighted,2025,AU000000ILU1
0.0006797342106794045,0.0007751247506689556,9.539053998955111e-05,9.539053998955111e-05,Overweighted,2025,JP3799000009
0.0004992324299168115,0.0005945293198938812,9.529688997706972e-05,9.529688997706972e-05,Overweighted,2025,HK0000608585
0.0015432053080299143,0.001638060918811192,9.48556107812778e-05,9.48556107812778e-05,Overweighted,2025,AU000000IAG3
0.00045466650291838223,0.0005491599077133002,9.449340479491793e-05,9.449340479491793e-05,Overweighted,2025,JP3293200006
0.0002852484341570303,0.0003795797602362306,9.433132607920028e-05,9.433132607920028e-05,Overweighted,2025,JP3493400000
0.0027726990672811533,0.0026784213532906383,-9.427771399051496e-05,9.427771399051496e-05,Underweighted,2025,JP3294460005
0.0012889230749342313,0.0013826781508069952,9.375507587276385e-05,9.375507587276385e-05,Overweighted,2025,JP3486800000
0.0024470505917561355,0.002354470466366651,-9.258012538948448e-05,9.258012538948448e-05,Underweighted,2025,BMG2178K1009
0.0027126266086653006,0.0028051941831389185,9.256757447361798e-05,9.256757447361798e-05,Overweighted,2025,JP3762800005
0.0003327149681014033,0.0002406387501684504,-9.20762179329529e-05,9.20762179329529e-05,Underweighted,2025,JP3209000003
0.0008190199018803044,0.0009097192399852478,9.069933810494342e-05,9.069933810494342e-05,Overweighted,2025,AU000000WOR2
0.0006021708497889586,0.0005115373636751793,-9.063348611377923e-05,9.063348611377923e-05,Underweighted,2025,JP3336000009
0.0008488355557853776,0.0009387483743046478,8.99128185192702e-05,8.99128185192702e-05,Overweighted,2025,HK0101000591
0.0006632968993400514,0.0007529608951285756,8.966399578852426e-05,8.966399578852426e-05,Overweighted,2025,SG1R89002252
0.008284571356546807,0.00837402141930808,8.945006276127321e-05,8.945006276127321e-05,Overweighted,2025,JP3910660004
0.0005815385659528534,0.0004923627169607975,-8.917584899205595e-05,8.917584899205595e-05,Underweighted,2025,AU000000IGO4
0.0006332307751973059,0.0007221095710175404,8.88787958202345e-05,8.88787958202345e-05,Overweighted,2025,JP3695200000
0.0011556858359888565,0.0012444653028538593,8.87794668650028e-05,8.87794668650028e-05,Overweighted,2025,JP3551520004
0.0008925805867790496,0.0008042743649283348,-8.830622185071479e-05,8.830622185071479e-05,Underweighted,2025,JP3196000008
0.0003809183693256372,0.0002926284084822078,-8.828996084342936e-05,8.828996084342936e-05,Underweighted,2025,JP3040890000
0.00044604386299439597,0.0005339691881676476,8.792532517325164e-05,8.792532517325164e-05,Overweighted,2025,JP3769000005
0.0003773439166435049,0.00028965317768535684,-8.769073895814806e-05,8.769073895814806e-05,Underweighted,2025,AU000000MTS0
0.0026596836641695058,0.0027469594115924123,8.727574742290649e-05,8.727574742290649e-05,Overweighted,2025,HK0688002218
0.0034364581246081353,0.0033494470229529613,-8.701110165517398e-05,8.701110165517398e-05,Underweighted,2025,JP3249600002
0.00022838037864636188,0.0003151583705684885,8.677799192212662e-05,8.677799192212662e-05,Overweighted,2025,AU000000CQR9
0.0006119682759244776,0.0005253643891666385,-8.660388675783902e-05,8.660388675783902e-05,Underweighted,2025,JP3277800003
0.000501813081333342,0.0005873990337889438,8.55859524556018e-05,8.55859524556018e-05,Overweighted,2025,JP3635400009
0.0036979151180603583,0.0037832753382761194,8.536022021576103e-05,8.536022021576103e-05,Overweighted,2025,JP3866800000
0.003409722446657919,0.003324875820468474,-8.484662618944488e-05,8.484662618944488e-05,Underweighted,2025,JP3119600009
0.0008503545365815822,0.0009344091450121942,8.405460843061196e-05,8.405460843061196e-05,Overweighted,2025,JP3935600001
0.0017223755566903025,0.0018059889160712455,8.361335938094293e-05,8.361335938094293e-05,Overweighted,2025,JP3502200003
0.00020041497262602694,0.00011711189765610782,-8.330307496991912e-05,8.330307496991912e-05,Underweighted,2025,JP3548610009
0.001997884738444434,0.0020808724163337293,8.298767788929512e-05,8.298767788929512e-05,Overweighted,2025,JP3684000007
8.16872321584394e-05,1.0994518103300648e-17,-8.16872321584284e-05,8.16872321584284e-05,Underweighted,2025,JP3891600003
0.0006184756542928982,0.000700027603879461,8.155194958656272e-05,8.155194958656272e-05,Overweighted,2025,JP3732200005
0.0008213888655475765,0.0007402078817698998,-8.118098377767665e-05,8.118098377767665e-05,Underweighted,2025,SGXE34184239
0.0009469213167947566,0.0008660769156980148,-8.084440109674181e-05,8.084440109674181e-05,Underweighted,2025,JP3260800002
0.00010725620358220919,2.6780680862863327e-05,-8.047552271934585e-05,8.047552271934585e-05,Underweighted,2025,JP3389900006
0.0003652680193136792,0.0004449455876972398,7.96775683835606e-05,7.96775683835606e-05,Overweighted,2025,BMG8063F1068
0.004179278516440544,0.004258296679326785,7.90181628862411e-05,7.90181628862411e-05,Overweighted,2025,JP3566800003
0.00041237743117724247,0.0004906849360193069,7.830750484206443e-05,7.830750484206443e-05,Overweighted,2025,JP3398000004
0.00015987919254859123,8.160156726088812e-05,-7.827762528770311e-05,7.827762528770311e-05,Underweighted,2025,JP3834800009
0.0002521863627843241,0.00032986389055071527,7.767752776639115e-05,7.767752776639115e-05,Overweighted,2025,BMG988031446
0.0002821264438397249,0.00035963379799570157,7.750735415597667e-05,7.750735415597667e-05,Overweighted,2025,BMG4600H1198
0.0064905871668745835,0.0064131329264146214,-7.745424045996208e-05,7.745424045996208e-05,Underweighted,2025,AU0000224040
0.0013261946622368445,0.0014035125905489977,7.73179283121532e-05,7.73179283121532e-05,Overweighted,2025,JP3357200009
0.00011069491755489337,0.00018754537485854742,7.685045730365405e-05,7.685045730365405e-05,Overweighted,2025,JP3407200009
0.0014297632975457148,0.001353121820477683,-7.664147706803169e-05,7.664147706803169e-05,Underweighted,2025,JP3300200007
0.010035830171483236,0.01011215188267545,7.632171119221348e-05,7.632171119221348e-05,Overweighted,2025,SG1L01001701
0.0043442462946564194,0.004420009671246849,7.576337659042937e-05,7.576337659042937e-05,Overweighted,2025,HK0016000132
0.002945551002204138,0.003019863848053992,7.431284584985369e-05,7.431284584985369e-05,Overweighted,2025,JP3205800000
0.00032467406550362293,0.00025171217084111054,-7.296189466251239e-05,7.296189466251239e-05,Underweighted,2025,AU000000ANN9
0.0029848505904633863,0.002912249150404209,-7.26014400591773e-05,7.26014400591773e-05,Underweighted,2025,JP3201200007
0.000791972348085761,0.0007194641761375468,-7.250817194821423e-05,7.250817194821423e-05,Underweighted,2025,AU000000ORI1
0.003462789818304042,0.0035350967406073395,7.230692230329738e-05,7.230692230329738e-05,Overweighted,2025,KYG2108Y1052
0.00028776929590392284,0.000359973158329451,7.220386242552814e-05,7.220386242552814e-05,Overweighted,2025,HK0014000126
0.0015291321125467812,0.001601173477748006,7.204136520122485e-05,7.204136520122485e-05,Overweighted,2025,JP3210200006
0.0012080939053319458,0.0012799708101954434,7.187690486349751e-05,7.187690486349751e-05,Overweighted,2025,JP3982800009
0.00020872412076866894,0.00028041799808071756,7.169387731204862e-05,7.169387731204862e-05,Overweighted,2025,JP3411000007
0.004850499970913133,0.004922113352926974,7.161338201384058e-05,7.161338201384058e-05,Overweighted,2025,SG1T75931496
0.0004506072691310783,0.0005218942074458698,7.128693831479147e-05,7.128693831479147e-05,Overweighted,2025,BMG2624N1535
0.009683473488937295,0.009754135905404717,7.066241646742216e-05,7.066241646742216e-05,Overweighted,2025,JP3854600008
0.0007304406983433413,0.000800797192123957,7.035649378061572e-05,7.035649378061572e-05,Overweighted,2025,HK0392044647
0.00021137425747694058,0.00014137182172587745,-7.000243575106313e-05,7.000243575106313e-05,Underweighted,2025,JP3827200001
0.0015989212004472915,0.0016683156147855522,6.939441433826072e-05,6.939441433826072e-05,Overweighted,2025,AU000000SHL7
0.0008823614010820314,0.0008147957110519375,-6.756569003009394e-05,6.756569003009394e-05,Underweighted,2025,JP3027680002
0.0017947824625587393,0.001862320819360683,6.753835680194369e-05,6.753835680194369e-05,Overweighted,2025,JP3351600006
0.00851399886238034,0.008581525219743038,6.752635736269677e-05,6.752635736269677e-05,Overweighted,2025,JP3726800000
0.0008573644713623642,0.0009246526391322685,6.728816776990429e-05,6.728816776990429e-05,Overweighted,2025,JP3688370000
0.007760377547524708,0.00782761139256111,6.723384503640271e-05,6.723384503640271e-05,Overweighted,2025,AU000000MQG1
0.0032603565403434833,0.003326863563877681,6.650702353419753e-05,6.650702353419753e-05,Overweighted,2025,JP3165700000
0.0003274987234097564,0.0002615360694956324,-6.5962653914124e-05,6.5962653914124e-05,Underweighted,2025,KYG525621408
0.00045571847791660476,0.000521639117116777,6.59206392001722e-05,6.59206392001722e-05,Overweighted,2025,JP3131430005
0.0016108290403273242,0.0016767440644112645,6.59150240839403e-05,6.59150240839403e-05,Overweighted,2025,SG1M51904654
0.0010928258860182665,0.0011586285541081895,6.580266808992302e-05,6.580266808992302e-05,Overweighted,2025,JP3436120004
0.0016011915919565119,0.0015355249291997897,-6.566666275672215e-05,6.566666275672215e-05,Underweighted,2025,JP3675600005
0.0012880714761261465,0.0012228902439342835,-6.518123219186305e-05,6.518123219186305e-05,Underweighted,2025,JP3402600005
0.0006115885307254264,0.0005470387011493312,-6.454982957609522e-05,6.454982957609522e-05,Underweighted,2025,JP3326410002
0.003300255641236127,0.003235823618266862,-6.443202296926506e-05,6.443202296926506e-05,Underweighted,2025,JP3538800008
0.0007639988623803398,0.0007000160985662584,-6.39827638140814e-05,6.39827638140814e-05,Underweighted,2025,JP3039710003
0.0001469888629620772,0.00021047406170637982,6.348519874430262e-05,6.348519874430262e-05,Overweighted,2025,AU000000ERA9
0.0011085974313065174,0.001045399770505838,-6.319766080067945e-05,6.319766080067945e-05,Underweighted,2025,JP3027670003
0.001689912997950992,0.0017519884386993493,6.207544074835728e-05,6.207544074835728e-05,Overweighted,2025,JP3102000001
0.003737379531895365,0.003799440778634857,6.206124673949209e-05,6.206124673949209e-05,Overweighted,2025,JP3200450009
0.007065098022739466,0.007127015136165729,6.191711342626305e-05,6.191711342626305e-05,Overweighted,2025,SG1S04926220
0.0005270507856685778,0.0005885792838416691,6.152849817309136e-05,6.152849817309136e-05,Overweighted,2025,JP3977400005
0.0005826002365731793,0.0006434436535002844,6.084341692710513e-05,6.084341692710513e-05,Overweighted,2025,JP3419050004
0.0024409164948386974,0.0025017204730721295,6.080397823343209e-05,6.080397823343209e-05,Overweighted,2025,JP3756100008
0.0012115633221079576,0.001272176534469324,6.061321236136628e-05,6.061321236136628e-05,Overweighted,2025,JP3862400003
0.012090434299232754,0.012150644947441636,6.021064820888218e-05,6.021064820888218e-05,Overweighted,2025,JP3788600009
0.0008978356139591104,0.0009579240725091209,6.008845855001049e-05,6.008845855001049e-05,Overweighted,2025,AU000000MGR9
0.0001779211293460626,0.00011849075410743704,-5.9430375238625564e-05,5.9430375238625564e-05,Underweighted,2025,AU000000SIG5
0.01034469714108423,0.010285361593229425,-5.933554785480383e-05,5.933554785480383e-05,Underweighted,2025,JP3436100006
0.005397716034619835,0.0054565434113612215,5.882737674138636e-05,5.882737674138636e-05,Overweighted,2025,AU000000GMG2
0.0006305838703630687,0.0006891934589215674,5.8609588558498644e-05,5.8609588558498644e-05,Overweighted,2025,SG1S83002349
0.0008519413867325106,0.0009104189464051662,5.847755967265558e-05,5.847755967265558e-05,Overweighted,2025,JP3955000009
0.0005026856873226509,0.0005600630084673877,5.737732114473673e-05,5.737732114473673e-05,Overweighted,2025,JP3766550002
0.00014747041219321437,9.009546910307822e-05,-5.7374943090136147e-05,5.7374943090136147e-05,Underweighted,2025,AU000000IFL2
0.00018412955936629414,0.00012710487809972686,-5.702468126656728e-05,5.702468126656728e-05,Underweighted,2025,SG1T58930911
0.000410520719544435,0.00046744241495666033,5.692169541222534e-05,5.692169541222534e-05,Overweighted,2025,JP3456000003
0.01871736130412581,0.01877424757331379,5.688626918797998e-05,5.688626918797998e-05,Overweighted,2025,JP3902900004
0.00028078360017839944,0.00022466924522564127,-5.611435495275817e-05,5.611435495275817e-05,Underweighted,2025,JP3841800000
0.00034482480010859096,0.0004006577251346641,5.583292502607312e-05,5.583292502607312e-05,Overweighted,2025,JP3638600001
0.001230626531100324,0.0011750654693271636,-5.556106177316035e-05,5.556106177316035e-05,Underweighted,2025,SG1J26887955
0.004637879825995902,0.004693325822436776,5.544599644087371e-05,5.544599644087371e-05,Overweighted,2025,JP3634600005
0.009548988746614612,0.009604280104237013,5.529135762240116e-05,5.529135762240116e-05,Overweighted,2025,JP3475350009
0.001233990911970215,0.001287913328776348,5.3922416806133095e-05,5.3922416806133095e-05,Overweighted,2025,NZAIAE0002S6
0.0004863534118894182,0.0004326230279378517,-5.373038395156649e-05,5.373038395156649e-05,Underweighted,2025,JP3404200002
0.003545674459792255,0.0034919580134931635,-5.371644629909153e-05,5.371644629909153e-05,Underweighted,2025,JP3734800000
0.0002777149357826629,0.000330748356787008,5.3033421004345066e-05,5.3033421004345066e-05,Overweighted,2025,JP3459600007
0.00041695538074708,0.000469861327409086,5.2905946662005956e-05,5.2905946662005956e-05,Overweighted,2025,AU000000BOQ8
0.0004824024458822693,0.0005351585820260605,5.275613614379117e-05,5.275613614379117e-05,Overweighted,2025,JP3819400007
0.0003674624617830895,0.0003148830540124032,-5.257940777068633e-05,5.257940777068633e-05,Underweighted,2025,JP3870000001
0.000859840086872774,0.0008073648369157456,-5.247524995702845e-05,5.247524995702845e-05,Underweighted,2025,JP3322930003
0.00032797542482984187,0.0003803951959743523,5.2419771144510444e-05,5.2419771144510444e-05,Overweighted,2025,JP3742600004
0.0006477208824308863,0.0006998597340444579,5.213885161357151e-05,5.213885161357151e-05,Overweighted,2025,HK0008011667
0.00024307409394411445,0.0002949028347959057,5.182874085179123e-05,5.182874085179123e-05,Overweighted,2025,JP3300600008
0.0003487321358162744,0.0004005606601757936,5.1828524359519203e-05,5.1828524359519203e-05,Overweighted,2025,JP3600200004
0.00020967590767182256,0.00026126511848480557,5.158921081298301e-05,5.158921081298301e-05,Overweighted,2025,JP3684400009
0.01295850758520836,0.013009980717347323,5.147313213896276e-05,5.147313213896276e-05,Overweighted,2025,JP3371200001
0.004434187733098915,0.004485533860797493,5.134612769857813e-05,5.134612769857813e-05,Overweighted,2025,JP3304200003
0.007379551286609053,0.007430299903229996,5.074861662094244e-05,5.074861662094244e-05,Overweighted,2025,JP3463000004
0.0007077351673141189,0.0006570138750071823,-5.072129230693657e-05,5.072129230693657e-05,Underweighted,2025,JP3152740001
0.0003902924199626395,0.0004409603525844886,5.066793262184906e-05,5.066793262184906e-05,Overweighted,2025,JP3903000002
0.003027191372189077,0.0029770142371356636,-5.017713505341354e-05,5.017713505341354e-05,Underweighted,2025,AU000000ALL7
4.988559165917949e-05,5.100539127415513e-19,-4.988559165917898e-05,4.988559165917898e-05,Underweighted,2025,HK0242001243
0.002732759567963079,0.002782605406223349,4.9845838260269976e-05,4.9845838260269976e-05,Overweighted,2025,JP3762600009
0.0002487848153630364,0.0002985386806554525,4.97538652924161e-05,4.97538652924161e-05,Overweighted,2025,JP3126400005
0.0010532418928439846,0.0010036085665266837,-4.963332631730097e-05,4.963332631730097e-05,Underweighted,2025,JP3771800004
0.0010827973808892825,0.001132167969347062,4.9370588457779436e-05,4.9370588457779436e-05,Overweighted,2025,JP3190000004
0.0005332139694523266,0.0005820761197675517,4.8862150315225105e-05,4.8862150315225105e-05,Overweighted,2025,JP3126340003
0.0005671276396331177,0.000615730441217073,4.8602801583955265e-05,4.8602801583955265e-05,Overweighted,2025,JP3268950007
0.0001931868863479177,0.00014485030072850384,-4.833658561941386e-05,4.833658561941386e-05,Underweighted,2025,JP3721400004
0.004966036235771675,0.005014272691561485,4.823645578981052e-05,4.823645578981052e-05,Overweighted,2025,AU000000TLS2
0.002963040288541714,0.0030112137783623156,4.817348982060149e-05,4.817348982060149e-05,Overweighted,2025,IE00BKVD2N49
0.0005787833933384612,0.0005316904066602522,-4.709298667820907e-05,4.709298667820907e-05,Underweighted,2025,JP3743000006
0.0031855596636265505,0.0032324158843209955,4.685622069444499e-05,4.685622069444499e-05,Overweighted,2025,JP3505000004
0.0007531526931206329,0.0007999720656333046,4.681937251267167e-05,4.681937251267167e-05,Overweighted,2025,JP3588600001
0.00015091235803993302,0.00010503947122140961,-4.587288681852341e-05,4.587288681852341e-05,Underweighted,2025,JP3495000006
0.0024053739601445296,0.002359923053336747,-4.5450906807782774e-05,4.5450906807782774e-05,Underweighted,2025,JP3814800003
0.000583004220827489,0.0005376416416259617,-4.5362579201527306e-05,4.5362579201527306e-05,Underweighted,2025,JP3320800000
0.001377269583540712,0.0014222968784270828,4.502729488637075e-05,4.502729488637075e-05,Overweighted,2025,JP3539220008
0.0038509863679553227,0.00380672594043641,-4.426042751891259e-05,4.426042751891259e-05,Underweighted,2025,US89677Q1076
0.0009172236262919416,0.0009614456099658882,4.4221983673946655e-05,4.4221983673946655e-05,Overweighted,2025,JP3670800006
3.941916759852368e-05,8.348465032529419e-05,4.406548272677051e-05,4.406548272677051e-05,Overweighted,2025,BMG2108M2182
0.003458093905331946,0.0035020729299793957,4.397902464744986e-05,4.397902464744986e-05,Overweighted,2025,JP3188220002
0.0152563086181153,0.015300217924434997,4.3909306319697e-05,4.3909306319697e-05,Overweighted,2025,AU000000CSL8
0.0031920896651132123,0.003148269129622347,-4.382053549086516e-05,4.382053549086516e-05,Underweighted,2025,HK0011000095
0.0005957911304448997,0.0005521185602551973,-4.3672570189702445e-05,4.3672570189702445e-05,Underweighted,2025,JP3269600007
0.0005321830016353282,0.0005757589061852352,4.3575904549907e-05,4.3575904549907e-05,Overweighted,2025,JP3665200006
0.0002717973744255344,0.000315194311212482,4.3396936786947564e-05,4.3396936786947564e-05,Overweighted,2025,HK0010000088
0.00015500067869354724,0.00019793976714125647,4.293908844770923e-05,4.293908844770923e-05,Overweighted,2025,JP3165600002
0.000689122804749562,0.0007317906581266965,4.2667853377134505e-05,4.2667853377134505e-05,Overweighted,2025,JP3676800000
0.0017631957416827722,0.0017213636141596433,-4.1832127523128886e-05,4.1832127523128886e-05,Underweighted,2025,JP3494600004
0.004477514236405122,0.004518544257271286,4.103002086616389e-05,4.103002086616389e-05,Overweighted,2025,JP3404600003
0.000462540964003387,0.0005031569989215765,4.061603491818948e-05,4.061603491818948e-05,Overweighted,2025,JP3305530002
0.000630897362144413,0.0006710464042995304,4.014904215511735e-05,4.014904215511735e-05,Overweighted,2025,JP3768600003
0.0002965810004589261,0.00033640415550046,3.982315504153389e-05,3.982315504153389e-05,Overweighted,2025,JP3352000008
7.80950041691175e-05,3.8914585290366256e-05,-3.9180418878751246e-05,3.9180418878751246e-05,Underweighted,2025,JP3425000001
0.005066429554841671,0.0050273006863674205,-3.9128868474250234e-05,3.9128868474250234e-05,Underweighted,2025,JP3902400005
0.0008952404191094247,0.0008569827835057023,-3.8257635603722415e-05,3.8257635603722415e-05,Underweighted,2025,JP3597800006
0.0004816074048697878,0.0004434184256670114,-3.818897920277641e-05,3.818897920277641e-05,Underweighted,2025,JP3667600005
0.00048777705240160557,0.0005259197257524146,3.814267335080899e-05,3.814267335080899e-05,Overweighted,2025,HK0023000190
0.0016946606209076395,0.0017326415221210643,3.798090121342481e-05,3.798090121342481e-05,Overweighted,2025,JP3407400005
0.0014095980195075917,0.0013717638100681718,-3.7834209439419845e-05,3.7834209439419845e-05,Underweighted,2025,JP3180400008
0.0021122995430130115,0.0020745108412138133,-3.778870179919815e-05,3.778870179919815e-05,Underweighted,2025,JP3258000003
0.0033889948225377968,0.00342666700801461,3.767218547681304e-05,3.767218547681304e-05,Overweighted,2025,HK0000049939
0.0011416708142383443,0.0011042029879822406,-3.7467826256103696e-05,3.7467826256103696e-05,Underweighted,2025,AU000000SGP0
0.0020658607450116024,0.0021032350934898866,3.7374348478284164e-05,3.7374348478284164e-05,Overweighted,2025,HK0012000102
0.0010634529988559165,0.0011007739807057174,3.732098184980087e-05,3.732098184980087e-05,Overweighted,2025,JP3940000007
0.0004858557032881087,0.0005230933084240488,3.723760513594008e-05,3.723760513594008e-05,Overweighted,2025,SG0531000230
0.0015887779637900833,0.0016258925243489459,3.711456055886255e-05,3.711456055886255e-05,Overweighted,2025,JP3942800008
0.004689250463773924,0.004726320627429994,3.7070163656070625e-05,3.7070163656070625e-05,Overweighted,2025,AU000000WOW2
0.00022743343955425994,0.00026381371512222224,3.63802755679623e-05,3.63802755679623e-05,Overweighted,2025,JP3992400006
0.000384841864403493,0.00035006063951634414,-3.478122488714884e-05,3.478122488714884e-05,Underweighted,2025,JP3280200001
0.0013104618994370075,0.0012767381560724398,-3.3723743364567644e-05,3.3723743364567644e-05,Underweighted,2025,JP3112000009
0.0017075574142422225,0.0017409527088945926,3.339529465237008e-05,3.339529465237008e-05,Overweighted,2025,SG9999000020
0.0038533941141110084,0.003885988176250691,3.259406213968266e-05,3.259406213968266e-05,Overweighted,2025,JP3933800009
0.0024033928213613946,0.002435956335159009,3.256351379761447e-05,3.256351379761447e-05,Overweighted,2025,JP3409000001
0.0022973065561796664,0.0023295071481136413,3.220059193397495e-05,3.220059193397495e-05,Overweighted,2025,JP3778630008
0.0040592564104221475,0.004091387959729776,3.2131549307628376e-05,3.2131549307628376e-05,Overweighted,2025,HK2388011192
0.00970154936041213,0.009733580427897837,3.203106748570807e-05,3.203106748570807e-05,Overweighted,2025,JP3893600001
0.0025232533336780666,0.002555136271039417,3.1882937361350436e-05,3.1882937361350436e-05,Overweighted,2025,JP3672400003
6.229921982560807e-05,9.389672021794283e-05,3.159750039233476e-05,3.159750039233476e-05,Overweighted,2025,AU000000GWA4
0.0007561082419251626,0.0007248487167909261,-3.1259525134236504e-05,3.1259525134236504e-05,Underweighted,2025,JP3596200000
0.0007301902281056694,0.0007612569959205184,3.1066767814849085e-05,3.1066767814849085e-05,Overweighted,2025,KYG0535Q1331
0.0003049483223341887,0.00033586722250935036,3.091890017516163e-05,3.091890017516163e-05,Overweighted,2025,AU000000PPT9
0.0006119553484283396,0.0006426459554654573,3.0690607037117614e-05,3.0690607037117614e-05,Overweighted,2025,JP3626800001
0.0037537651332501666,0.003723854462107978,-2.9910671142188445e-05,2.9910671142188445e-05,Underweighted,2025,JP3635000007
0.0005843470644888145,0.0006141034749962526,2.9756410507438078e-05,2.9756410507438078e-05,Overweighted,2025,AU000000BEN6
0.0009639807638857468,0.0009935519375199903,2.957117363424353e-05,2.957117363424353e-05,Overweighted,2025,JP3613000003
0.00020076239908473328,0.00017162950839367389,-2.9132890691059392e-05,2.9132890691059392e-05,Underweighted,2025,AU000000TAH8
0.0002600947585466909,0.00028874886538051315,2.8654106833822252e-05,2.8654106833822252e-05,Overweighted,2025,JP3172100004
0.00219787310369791,0.0021696967928975567,-2.8176310800353318e-05,2.8176310800353318e-05,Underweighted,2025,JP3160400002
0.001685543504256378,0.0016574990675045276,-2.804443675185047e-05,2.804443675185047e-05,Underweighted,2025,JP3111200006
0.012354937333962472,0.01238288292370961,2.7945589747137983e-05,2.7945589747137983e-05,Overweighted,2025,JP3496400007
0.00036787129384845097,0.0003401882566100546,-2.7683037238396366e-05,2.7683037238396366e-05,Underweighted,2025,SG1N31909426
0.00016735936500138972,0.0001397462062225097,-2.7613158778880026e-05,2.7613158778880026e-05,Underweighted,2025,HK0200030994
0.001475749633182297,0.0014485731560159446,-2.7176477166352287e-05,2.7176477166352287e-05,Underweighted,2025,JP3967200001
0.0009205330653032467,0.0009470114433854137,2.6478378082166946e-05,2.6478378082166946e-05,Overweighted,2025,JP3351500008
0.0018290710301275299,0.0018027158767724336,-2.635515335509624e-05,2.635515335509624e-05,Underweighted,2025,JP3351100007
0.0009508658190538365,0.0009247442258080847,-2.612159324575183e-05,2.612159324575183e-05,Underweighted,2025,JP3888300005
0.003687211151258169,0.0036611642562864484,-2.6046894971720486e-05,2.6046894971720486e-05,Underweighted,2025,JP3783600004
0.0006323306982787039,0.0006066598712618357,-2.5670827016868172e-05,2.5670827016868172e-05,Underweighted,2025,NZCENE0001S6
2.55237251872871e-05,7.090679740768534e-17,-2.5523725187216192e-05,2.5523725187216192e-05,Underweighted,2025,AU000000SXL4
0.0003554366585007983,0.0003808398693649205,2.5403210864122184e-05,2.5403210864122184e-05,Overweighted,2025,JP3765400001
0.0043627213025745105,0.004387447597719569,2.4726295145058655e-05,2.4726295145058655e-05,Overweighted,2025,AU000000TCL6
0.008636422250806353,0.008611906610692336,-2.4515640114016607e-05,2.4515640114016607e-05,Underweighted,2025,AU000000ANZ3
0.0009530198630978159,0.0009774797823031418,2.44599192053259e-05,2.44599192053259e-05,Overweighted,2025,JP3787000003
0.0007726764441629123,0.0007483452422134934,-2.4331201949418933e-05,2.4331201949418933e-05,Underweighted,2025,JP3164630000
0.0014328271141303998,0.0014570448547515033,2.4217740621103497e-05,2.4217740621103497e-05,Overweighted,2025,KYG210961051
0.00021702195735219025,0.00024088184179096232,2.3859884438772074e-05,2.3859884438772074e-05,Overweighted,2025,HK0363006039
0.0027028000956634715,0.0027266297673856255,2.382967172215398e-05,2.382967172215398e-05,Overweighted,2025,AU000000STO6
0.0005801730991732867,0.0005566640192302465,-2.350907994304015e-05,2.350907994304015e-05,Underweighted,2025,JP3336600006
0.008871109631630998,0.00884792686474591,-2.3182766885088482e-05,2.3182766885088482e-05,Underweighted,2025,AU000000WBC1
0.0014976956738134174,0.001474648183771925,-2.304749004149241e-05,2.304749004149241e-05,Underweighted,2025,JP3197800000
0.0011849763103633274,0.0012068564100057894,2.188009964246198e-05,2.188009964246198e-05,Overweighted,2025,JP3574200006
0.0006385924542205043,0.0006600249677676019,2.1432513547097582e-05,2.1432513547097582e-05,Overweighted,2025,JP3229400001
0.0015092673987938646,0.0014889197500477158,-2.0347648746148802e-05,2.0347648746148802e-05,Underweighted,2025,HK0004000045
0.0014295402982373358,0.0014492999684560786,1.9759670218742753e-05,1.9759670218742753e-05,Overweighted,2025,JP3197600004
0.00023007711251446262,0.0002103236265922455,-1.975348592221711e-05,1.975348592221711e-05,Underweighted,2025,AU000000BWP3
0.007032380145951432,0.007012683693701069,-1.969645225036263e-05,1.969645225036263e-05,Underweighted,2025,AU000000WES1
0.0008007775888926954,0.0007812351527048329,-1.954243618786252e-05,1.954243618786252e-05,Underweighted,2025,JP3358800005
0.00036127988675513383,0.00034220921166245026,-1.907067509268357e-05,1.907067509268357e-05,Underweighted,2025,JP3780100008
0.0006527383668694129,0.0006717859739224127,1.9047607052999783e-05,1.9047607052999783e-05,Overweighted,2025,JP3358200008
0.00019475919306569106,0.00017577453921261167,-1.8984653853079393e-05,1.8984653853079393e-05,Underweighted,2025,JP3274400005
0.0003573967901027089,0.00033922563353776074,-1.8171156564948166e-05,1.8171156564948166e-05,Underweighted,2025,JP3733400000
0.00022606958871171037,0.0002438885650277097,1.781897631599933e-05,1.781897631599933e-05,Overweighted,2025,JP3678000005
0.0005111531972929823,0.0004933789815406136,-1.7774215752368685e-05,1.7774215752368685e-05,Underweighted,2025,JP3405400007
0.0005650285374477244,0.0005826288939005464,1.7600356452822006e-05,1.7600356452822006e-05,Overweighted,2025,JP3896800004
0.018503836234478925,0.01852123290855759,1.73966740786638e-05,1.73966740786638e-05,Overweighted,2025,JP3735400008
0.0015601047773561977,0.0015773448433349484,1.724006597875064e-05,1.724006597875064e-05,Overweighted,2025,AU000000CPU5
0.0011329657615264787,0.001149780248777819,1.6814487251340382e-05,1.6814487251340382e-05,Overweighted,2025,JP3148800000
0.0015975702771008798,0.0016143080105710977,1.6737733470217897e-05,1.6737733470217897e-05,Overweighted,2025,SG1U68934629
0.0012180949395316368,0.0012014599484356813,-1.6634991095955485e-05,1.6634991095955485e-05,Underweighted,2025,JP3868400007
0.000625307836001784,0.0006419101573288296,1.6602321327045593e-05,1.6602321327045593e-05,Overweighted,2025,JP3283650004
1.655365880459443e-05,1.2264374610681141e-18,-1.6553658804593204e-05,1.6553658804593204e-05,Underweighted,2025,JP3599000001
0.0005631831373740377,0.000579707445621473,1.6524308247435355e-05,1.6524308247435355e-05,Overweighted,2025,JP3870400003
0.002117913308210899,0.0021014598818354206,-1.6453426375478367e-05,1.6453426375478367e-05,Underweighted,2025,HK0823032773
0.020430178593359147,0.020413875516060418,-1.630307729872868e-05,1.630307729872868e-05,Underweighted,2025,AU000000CBA7
0.0009059605452817871,0.0009214533360484408,1.5492790766653743e-05,1.5492790766653743e-05,Overweighted,2025,JP3414750004
0.00027864409956757525,0.000293884284435093,1.5240184867517748e-05,1.5240184867517748e-05,Overweighted,2025,AU000000AMP6
0.0006479551932983861,0.0006330858300727033,-1.486936322568275e-05,1.486936322568275e-05,Underweighted,2025,JP3108600002
0.00041922900413033504,0.0004044310950401472,-1.4797909090187827e-05,1.4797909090187827e-05,Underweighted,2025,HK0000745908
0.0019249914355338087,0.00193978905607187,1.4797620538061244e-05,1.4797620538061244e-05,Overweighted,2025,JP3240400006
1.464846906126987e-05,8.093090320131206e-19,-1.464846906126906e-05,1.464846906126906e-05,Underweighted,2025,AU000000SBM8
0.00044715562766225623,0.000432524001724893,-1.4631625937363223e-05,1.4631625937363223e-05,Underweighted,2025,JP3613400005
0.0005325029571647416,0.0005464313902424256,1.3928433077684032e-05,1.3928433077684032e-05,Overweighted,2025,AU000000LLC3
0.00029801433659321693,0.00031189983680807984,1.3885500214862905e-05,1.3885500214862905e-05,Overweighted,2025,JP3792600003
0.0009363078424655321,0.0009500818427633195,1.3774000297787437e-05,1.3774000297787437e-05,Overweighted,2025,AU000000GPT8
0.0036348919584510276,0.003648110279088302,1.321832063727428e-05,1.321832063727428e-05,Overweighted,2025,JP3900000005
0.0003684304080564156,0.00038137416996792474,1.294376191150916e-05,1.294376191150916e-05,Overweighted,2025,JP3164800009
0.0027282559514960345,0.0027154137664614528,-1.2842185034581729e-05,1.2842185034581729e-05,Underweighted,2025,JP3421800008
0.006774728684174805,0.00678738267936879,1.2653995193985003e-05,1.2653995193985003e-05,Overweighted,2025,JP3914400001
0.0011393099302561584,0.0011267711285290701,-1.2538801727088236e-05,1.2538801727088236e-05,Underweighted,2025,AU000000APA1
0.0017123987615458702,0.001724902571848316,1.2503810302445881e-05,1.2503810302445881e-05,Overweighted,2025,JP3137200006
0.00023257535114311386,0.00024461604312497925,1.204069198186539e-05,1.204069198186539e-05,Overweighted,2025,JP3385820000
0.002398460981584782,0.00238667363170895,-1.1787349875831948e-05,1.1787349875831948e-05,Underweighted,2025,JP3420600003
0.05248080428417222,0.05246925818338873,-1.154610078348689e-05,1.154610078348689e-05,Underweighted,2025,JP3633400001
0.0004645964358893148,0.00045339557390016057,-1.120086198915421e-05,1.120086198915421e-05,Underweighted,2025,JP3939000000
0.0005002181514973272,0.0004891228993849281,-1.1095252112399128e-05,1.1095252112399128e-05,Underweighted,2025,JP3292200007
0.0037432308398347865,0.003732205823118832,-1.1025016715954586e-05,1.1025016715954586e-05,Underweighted,2025,JP3893200000
0.0029378187435766504,0.002926802793485598,-1.1015950091052343e-05,1.1015950091052343e-05,Underweighted,2025,JP3899600005
0.00013788952161800542,0.00014831010961762216,1.0420587999616742e-05,1.0420587999616742e-05,Overweighted,2025,JP3919800007
0.001021125144626363,0.0010108076281958812,-1.031751643048185e-05,1.031751643048185e-05,Underweighted,2025,JP3419400001
0.0009447058671441222,0.0009550218634510947,1.0315996306972468e-05,1.0315996306972468e-05,Overweighted,2025,NZTELE0001S4
0.001517856104040489,0.001527974010993527,1.011790695303787e-05,1.011790695303787e-05,Overweighted,2025,SG1M77906915
0.0033134319916746924,0.0033233387200182905,9.90672834359817e-06,9.90672834359817e-06,Overweighted,2025,JP3942400007
0.0014226822615361742,0.0014325555635072598,9.873301971085593e-06,9.873301971085593e-06,Overweighted,2025,HK0083000502
0.014443796094603417,0.01445341016350671,9.614068903292597e-06,9.614068903292597e-06,Overweighted,2025,JP3571400005
0.000798171082483889,0.0008072154259717514,9.04434348786233e-06,9.04434348786233e-06,Overweighted,2025,JP3375800004
0.0006270078017439193,0.0006359621374004115,8.95433565649222e-06,8.95433565649222e-06,Overweighted,2025,JP3243600008
0.0003910179756833798,0.00038212040961520277,-8.89756606817704e-06,8.89756606817704e-06,Underweighted,2025,JP3491000000
0.0005116218190279816,0.0005027875165512846,-8.834302476697e-06,8.834302476697e-06,Underweighted,2025,JP3452000007
7.569372176150063e-05,6.712190058414319e-05,-8.571821177357446e-06,8.571821177357446e-06,Underweighted,2025,JP3305800009
0.0025462755883626682,0.0025548066297506854,8.531041388017135e-06,8.531041388017135e-06,Overweighted,2025,AU000000QBE9
0.0016303980376060861,0.0016219049727314134,-8.493064874672733e-06,8.493064874672733e-06,Underweighted,2025,JP3573000001
0.0032888665171386276,0.0032808431312470743,-8.023385891553318e-06,8.023385891553318e-06,Underweighted,2025,HK0066009694
0.0004145330911582391,0.0004066470208351867,-7.886070323052366e-06,7.886070323052366e-06,Underweighted,2025,JP3634200004
0.003367779185438468,0.003360027493727854,-7.751691710613986e-06,7.751691710613986e-06,Underweighted,2025,JP3388200002
0.0007818985967202942,0.000774167276582092,-7.731320138202268e-06,7.731320138202268e-06,Underweighted,2025,JP3885400006
0.001197532140987273,0.0011901828619958104,-7.349278991462555e-06,7.349278991462555e-06,Underweighted,2025,JP3931600005
0.0012565122261794725,0.0012491834411682652,-7.328785011207319e-06,7.328785011207319e-06,Underweighted,2025,JP3774200004
0.0007855247593869781,0.0007921615884935368,6.636829106558659e-06,6.636829106558659e-06,Overweighted,2025,JP3944130008
0.0006314710197855328,0.0006253908680202852,-6.080151765247609e-06,6.080151765247609e-06,Underweighted,2025,AU000000CWY3
0.0004044674194778584,0.00041047070677420385,6.0032872963454356e-06,6.0032872963454356e-06,Overweighted,2025,JP3902000003
0.010580368627552373,0.010585757044923117,5.388417370744136e-06,5.388417370744136e-06,Overweighted,2025,AU000000NAB4
0.00029755217860628663,0.00030239724778094706,4.845069174660424e-06,4.845069174660424e-06,Overweighted,2025,JP3888400003
0.002134014504650667,0.002129718988484086,-4.2955161665809115e-06,4.2955161665809115e-06,Underweighted,2025,AU000000COH5
0.002886688880414197,0.002882654314799381,-4.034565614815817e-06,4.034565614815817e-06,Underweighted,2025,JP3266400005
0.0005145143462888391,0.0005184183872509008,3.904040962061754e-06,3.904040962061754e-06,Overweighted,2025,JP3582600007
0.0006599551415884014,0.0006565963929601493,-3.3587486282521265e-06,3.3587486282521265e-06,Underweighted,2025,JP3942600002
0.0019072080486590955,0.0019093340723840238,2.126023724928353e-06,2.126023724928353e-06,Overweighted,2025,HK0291001490
0.0060412694154832625,0.006043335660117898,2.066244634635686e-06,2.066244634635686e-06,Overweighted,2025,JP3162600005
7.013813029623357e-05,6.850261077253887e-05,-1.6355195236947013e-06,1.6355195236947013e-06,Underweighted,2025,SG9999003735
0.0009376846208042195,0.0009391618720797558,1.4772512755363478e-06,1.4772512755363478e-06,Overweighted,2025,JP3166000004
0.000631695635030929,0.0006330195568504783,1.32392181954931e-06,1.32392181954931e-06,Overweighted,2025,JP3122800000
0.0002646484690612699,0.00026342871916242976,-1.2197498988401304e-06,1.2197498988401304e-06,Underweighted,2025,JP3215800008
0.0024510613474329223,0.002451245125281848,1.837778489258493e-07,1.837778489258493e-07,Overweighted,2025,JP3173400007
8.458945504140031e-05,8.474951269883153e-05,1.600576574312232e-07,1.600576574312232e-07,Overweighted,2025,JP3826800009
