Year,ISIN,Weight
2013,JP3535800001,0.0007761052407449744
2013,JP3571400005,0.0025614381978622557
2013,AU000000WES1,0.013109772206197879
2013,JP3551500006,0.01101814190166198
2013,AU000000WOR2,0.0021546323235839978
2013,JP3877600001,0.004122560357817119
2013,JP3539220008,0.002821190324681363
2013,JP3621000003,0.002990606623658309
2013,JP3190000004,0.0012211499875941965
2013,NZCENE0001S6,0.0010476622621814378
2013,JP3481800005,0.003717473862010779
2013,JP3903000002,0.001262489187310868
2013,NZTELE0001S4,0.0011988265883302054
2013,JP3850200001,0.0005293183465042874
2013,AU000000STO6,0.003946373015751283
2013,JP3401400001,0.001584500479535325
2013,BMG2442N1048,0.0015153175719506663
2013,JP3726800000,0.021308514434512198
2013,JP3122400009,0.0008787600263994485
2013,HK0019000162,0.0037880596300864343
2013,JP3626800001,0.002398921489290222
2013,JP3258000003,0.004077463684228032
2013,AU000000GWA4,0.00024056343096101764
2013,JP3688370000,0.0013517864836646658
2013,BMG8063F1068,0.002523666601360105
2013,JP3973400009,0.002747042891061141
2013,JP3942400007,0.007857305633001035
2013,AU000000MGR9,0.0019091200511312811
2013,JP3900000005,0.006092689787825739
2013,JP3493400000,0.0006485192484878547
2013,JP3111200006,0.0026575427049970865
2013,JP3420600003,0.002391275277025995
2013,JP3407400005,0.002969005517248703
2013,JP3201200007,0.00209425475436556
2013,JP3443600006,0.0011385487882894757
2013,JP3678000005,0.00047650217012576006
2013,JP3304200003,0.00879051434053384
2013,JP3165700000,0.0028660381465444485
2013,AU000000ANZ3,0.02536219049504056
2013,SG1U68934629,0.005552450832169797
2013,NZAIAE0002S6,0.0010463261217357755
2013,BMG677491539,0.001497220164495197
2013,JP3405400007,0.0008514684826289614
2013,JP3209000003,0.0007661552485045478
2013,JP3720800006,0.001297364703641937
2013,AU000000ORI1,0.003259434860541524
2013,AU000000TAH8,0.0007097672751177925
2013,JP3452000007,0.00034041897128979744
2013,JP3229400001,0.0010107869522903835
2013,AU000000PPT9,0.0005965250619961725
2013,JP3522200009,0.0012932073847635951
2013,JP3493800001,0.00178940893450272
2013,JP3544000007,0.0007238896977337018
2013,AU000000CQR9,0.00044032962076753925
2013,AU000000IGO4,0.00039163535324735805
2013,JP3792600003,0.001953526543219991
2013,AU000000CSL8,0.009522937279344454
2013,JP3854600008,0.02291605121165966
2013,JP3270000007,0.0008862794842048403
2013,JP3362700001,0.0012176679524076085
2013,AU000000OZL8,0.000718776506042362
2013,AU0000038911,1.2437297554773276e-05
2013,JP3733000008,0.0022650140775231915
2013,JP3116000005,0.0034272338268618277
2013,JP3667600005,0.0024199912965637014
2013,JP3592200004,0.0059725250212838
2013,HK0011000095,0.010499322064209343
2013,AU000000CWY3,0.0004204235703222874
2013,JP3605400005,0.001110070146176376
2013,AU000000NAB4,0.022640083561490124
2013,JP3910660004,0.0073650571558415145
2013,AU000000SUN6,0.004859272363717807
2013,AU000000SGM7,0.0007015624715370657
2013,JP3463000004,0.013280771821179696
2013,JP3870400003,0.0008188997130415356
2013,AU000000NCM7,0.00626597720614255
2013,JP3811000003,0.0003500703538088918
2013,JP3300600008,0.0014054002150347088
2013,AU0000088338,0.0017859653625818851
2013,JP3977400005,0.0013551314960089235
2013,JP3629000005,0.0014335925963520802
2013,JP3753000003,0.001184116045787353
2013,JP3134800006,0.0012953652024292165
2013,JP3769000005,0.000859170645898443
2013,JP3786200000,0.001104481007581474
2013,JP3224200000,0.0017536538852351235
2013,JP3830000000,0.0009916850211232056
2013,JP3738600000,0.0009354154642258629
2013,JP3357200009,0.000756431876085021
2013,JP3814000000,0.0034759259845797814
2013,HK0823032773,0.004002690566754056
2013,JP3890350006,0.01856912173439385
2013,JP3164800009,0.0008647617774026706
2013,JP3528600004,0.001066017993694872
2013,JP3634600005,0.003613264251670187
2013,AU000000GPT8,0.0023603788937387733
2013,HK0200030994,0.0008807567634936059
2013,HK0003000038,0.00819015195482152
2013,AU000000SHL7,0.0019302110474146738
2013,SG1J26887955,0.0022311537672007925
2013,AU000000QAN2,0.0010968648269159952
2013,HK0002007356,0.006898220006777024
2013,JP3210200006,0.001035608807958826
2013,AU000000BEN6,0.0012553174566657733
2013,AU000000AMP6,0.005356135696705282
2013,SG1V61937297,0.003507631006854043
2013,AU000000CBA7,0.03616792532361287
2013,JP3256000005,0.0017739530415143052
2013,AU000000SGP0,0.002654574528003418
2013,AU000000BSL0,0.0006488832815318043
2013,AU000000BLD2,0.0012784403774033035
2013,BMG684371393,0.0003974634994446889
2013,JP3890310000,0.004378926803082658
2013,JP3893600001,0.009062218718401328
2013,JP3783600004,0.008886486762658682
2013,JP3496400007,0.011052951932005757
2013,NZFBUE0001S0,0.0018360304423047777
2013,BMG524401079,0.0025936505171095456
2013,JP3665200006,0.0005777004691871106
2013,AU000000MQG1,0.004634677230411513
2013,JP3638600001,0.0007362472136335188
2013,JP3260800002,0.002279462274921647
2013,AU000000TCL6,0.0031775808011274935
2013,AU000000TLS2,0.01999152514413653
2013,JP3505000004,0.003588121217207695
2013,JP3027680002,0.002083130531122721
2013,SGXE34184239,0.0026858550199712365
2013,JP3868400007,0.0027726820794422772
2013,JP3491000000,0.0006289449431600036
2013,JP3519400000,0.003738282742502011
2013,JP3672400003,0.015181241709563626
2013,JP3165600002,0.000550119058323822
2013,JP3289800009,0.0012614952103037588
2013,AU000000IAG3,0.0036486795094557343
2013,IE00BKVD2N49,0.003983074512960765
2013,JP3266400005,0.004882218138011962
2013,JP3820000002,0.0006360250314367839
2013,AU000000SIG5,0.00028083465293221886
2013,JP3228600007,0.0027943172804305687
2013,JP3200450009,0.0038908656268349276
2013,JP3657400002,0.0037145157109098096
2013,JP3596200000,0.001037409249979967
2013,JP3351600006,0.0018172451458760683
2013,JP3126400005,0.000379095130253229
2013,AU000000COH5,0.00159983390850346
2013,JP3891600003,0.0004934590406230446
2013,JP3194000000,0.0002910671511018359
2013,JP3197600004,0.0021542192610969936
2013,JP3371200001,0.008626659660295124
2013,JP3242800005,0.015937208962432982
2013,JP3435000009,0.00493300000174559
2013,JP3573000001,0.004140899606966568
2013,HK0293001514,0.00244966299499191
2013,SG9999000020,0.0013888883934718179
2013,JP3359600008,0.0013877422164148554
2013,JP3475350009,0.003933830681744582
2013,JP3633400001,0.05569465197872842
2013,JP3951600000,0.0036165621803423433
2013,AU000000WOW2,0.01357997885294934
2013,AU000000BHP4,0.04215157577595373
2013,AU000000MAH3,0.00010471518160723839
2013,JP3787000003,0.0016835451873301562
2013,JP3421100003,0.000688616669545622
2013,SGXE21576413,0.005003098767713718
2013,JP3402600005,0.003042191347031251
2013,JP3955000009,0.0009908142480046808
2013,AU000000BWP3,0.0004640662685044136
2013,SG1R50925390,0.002583531350630685
2013,AU000000APA1,0.0016905431732945242
2013,SG1R89002252,0.0028574421922687916
2013,JP3582600007,0.0006524859166870416
2013,JP3635400009,0.0007884780489951275
2013,JP3320800000,0.00047152186631535233
2013,JP3940000007,0.0025479797256282733
2013,JP3830800003,0.007084360503911535
2013,JP3419400001,0.0015932936690238404
2013,JP3866800000,0.005215615457549221
2013,HK0066009694,0.008024571473138923
2013,JP3634200004,0.0010214241984437167
2013,JP3215800008,0.000600586825177678
2013,JP3814800003,0.003633645489588055
2013,JP3358800005,0.0008856911095152713
2013,JP3414750004,0.0006812710256449975
2013,JP3119600009,0.002945051664271273
2013,AU000000ERA9,0.0003033126455922789
2013,JP3619800000,0.0004963631975447127
2013,JP3388200002,0.0029857169834731287
2013,JP3819400007,0.0012058486761332135
2013,JP3368000000,0.0006810780780939164
2013,JP3659000008,0.0026425728553840177
2013,JP3375800004,0.0003292138941243024
2013,JP3174410005,0.0011959512013031044
2013,JP3914400001,0.004532067361882342
2013,JP3385980002,0.0016093959843806944
2013,JP3942800008,0.0013995569520425279
2013,AU000000ASX7,0.0021449126498719745
2013,JP3118000003,0.000907922876967932
2013,JP3743000006,0.001138684099955939
2013,AU0000224040,0.010114265734722242
2013,HK0006000050,0.006144583173881828
2013,JP3429800000,0.002295850621028549
2013,JP3551200003,0.000504462640710941
2013,JP3551520004,0.002592032820091379
2013,AU000000CIM7,0.0024336074343063343
2013,JP3449020001,0.001017524028410531
2013,JP3870000001,0.0005389609349464083
2013,JP3495000006,0.0018337036504829283
2013,JP3982800009,0.0011738292528534586
2013,JP3269600007,0.001644848057738862
2013,JP3456000003,0.0007991851397692848
2013,JP3166000004,0.0005498429795281393
2013,JP3566800003,0.005961628008208887
2013,JP3385820000,0.0004906191568321666
2013,JP3686800008,0.00025691160460795357
2013,JP3711600001,0.0009223858406321096
2013,JP3613400005,0.0009931801727754153
2013,JP3762600009,0.007062921944745945
2013,JP3888300005,0.0008526167170866145
2013,JP3350800003,0.0009879332005840469
2013,JP3246400000,0.001850604113075827
2013,HK0388045442,0.007301012544272724
2013,AU000000DXS1,0.0017657293861514584
2013,JP3982100004,0.002478763676820481
2013,JP3778630008,0.0010178607155256157
2013,JP3734800000,0.00268856747992831
2013,AU000000LLC3,0.0020581383696472947
2013,JP3898400001,0.011229424362823124
2013,SG1F60858221,0.003324891794094326
2013,AU000000MND5,0.0008549443015917
2013,JP3502200003,0.0034104299452375345
2013,JP3197800000,0.001901334789220259
2013,JP3526600006,0.0030456048573564163
2013,JP3902900004,0.026180677306696012
2013,AU000000SBM8,0.0002669227504304015
2013,JP3684000007,0.0033049984598443605
2013,AU000000ORG5,0.004671129816307444
2013,JP3294460005,0.0069377224790581355
2013,JP3827200001,0.000511937816704938
2013,JP3818000006,0.0028534552094505706
2013,AU000000WBC1,0.030375603926103983
2013,JP3902400005,0.005809133793786363
2013,JP3158800007,0.0005458837723899899
2013,JP3205800000,0.00490557096297037
2013,HK0010000088,0.0027136728993539666
2013,AU000000QBE9,0.004928103077459206
2013,AU000000IVC8,0.00040818532114274703
2013,JP3845400005,0.0006410829708586988
2013,AU000000DOW2,0.0006694381441731743
2013,JP3148800000,0.0006588188241735548
2013,JP3112000009,0.002575818527555028
2013,AU000000MTS0,0.0011954146570214575
2013,JP3788600009,0.009459443634326188
2013,JP3180400008,0.0026702101160132902
2013,JP3595200001,0.0003646877964328325
2013,JP3293200006,0.0005827556373123018
2013,AU000000CSR5,0.0003526327536345374
2013,JP3223800008,0.00042613717667222827
2013,JP3888400003,0.00047232636683209586
2014,JP3535800001,0.0006001813368850312
2014,JP3571400005,0.0029510908191799014
2014,AU000000WES1,0.012924049155587727
2014,JP3551500006,0.013766102600092256
2014,AU000000WOR2,0.0010637521302918076
2014,JP3877600001,0.0037129671776267555
2014,JP3539220008,0.002578918825734429
2014,JP3621000003,0.003280405750310059
2014,JP3190000004,0.0012900774291291566
2014,NZCENE0001S6,0.0008931070529903161
2014,JP3481800005,0.0050592297365903895
2014,JP3903000002,0.001260334706302705
2014,NZTELE0001S4,0.0009956792062809396
2014,JP3850200001,0.00046694054115465884
2014,AU000000STO6,0.003484096788170908
2014,JP3401400001,0.0021305543714637333
2014,BMG2442N1048,0.0011736624935226256
2014,JP3726800000,0.018937766678140806
2014,JP3122400009,0.0006465130941403019
2014,HK0019000162,0.0027858532510612543
2014,JP3626800001,0.00257375025255585
2014,JP3258000003,0.004081674845371015
2014,AU000000GWA4,0.0002364072019332261
2014,JP3688370000,0.00147175637302767
2014,BMG8063F1068,0.001614798628530313
2014,JP3973400009,0.0026983819526411952
2014,JP3942400007,0.008650083572171273
2014,AU000000MGR9,0.0016680688334934873
2014,JP3900000005,0.006678750310163484
2014,JP3493400000,0.0008786805654904243
2014,JP3111200006,0.003245243684990244
2014,JP3420600003,0.0028870665388537942
2014,JP3407400005,0.0038106102108777865
2014,JP3201200007,0.003045878435273565
2014,JP3443600006,0.0015701599450739614
2014,JP3678000005,0.0005531279805695778
2014,HK0004000045,0.006320668053414759
2014,JP3304200003,0.006343689853544784
2014,JP3165700000,0.0030625923391702286
2014,HK0016000132,0.01011145179521472
2014,AU000000ANZ3,0.022015418615964174
2014,SG1U68934629,0.004435553780032708
2014,NZAIAE0002S6,0.001126614992365212
2014,BMG677491539,0.0008264082649873766
2014,JP3405400007,0.0009567326727175003
2014,JP3209000003,0.0009156679499395911
2014,JP3546800008,0.0027286554521744177
2014,JP3720800006,0.0019133874466508375
2014,AU000000ORI1,0.002346371236481341
2014,AU000000TAH8,0.0006093220705592785
2014,JP3452000007,0.0004160671952821502
2014,JP3229400001,0.001226047168551567
2014,AU000000PPT9,0.0006189265261557634
2014,JP3522200009,0.0010329421840736016
2014,JP3493800001,0.002070039465399448
2014,JP3762800005,0.0023180007140792863
2014,JP3544000007,0.0006758783238613293
2014,AU000000CQR9,0.0003291424008485302
2014,AU000000IGO4,0.00022620307864320142
2014,JP3792600003,0.0025844172273259158
2014,AU000000CSL8,0.009300183750124156
2014,JP3854600008,0.020823938231397828
2014,JP3270000007,0.0008333006564098925
2014,JP3362700001,0.0014344832014224354
2014,AU000000OZL8,0.00025417026048560294
2014,AU0000038911,2.8690826727376134e-05
2014,JP3733000008,0.0023217536980133704
2014,JP3116000005,0.004181450039059249
2014,JP3667600005,0.003000976349531604
2014,JP3592200004,0.005373471073035344
2014,HK0011000095,0.009208132952140926
2014,AU000000CWY3,0.0004696870077543065
2014,JP3605400005,0.0014781327832490059
2014,HK0242001243,0.0004985196761292022
2014,AU000000NAB4,0.020945086498673406
2014,JP3910660004,0.006928998932429006
2014,AU000000SUN6,0.004197239846127542
2014,AU000000SGM7,0.0006144778800732342
2014,JP3463000004,0.011304135854924308
2014,JP3870400003,0.0008317918897039877
2014,AU000000NCM7,0.00201835440882347
2014,JP3811000003,0.0004811628319505338
2014,JP3300600008,0.0017558432791024707
2014,AU0000088338,0.0014140601706077878
2014,JP3977400005,0.0013511843781606313
2014,JP3629000005,0.0015378322366469818
2014,JP3753000003,0.0015833594813259761
2014,JP3134800006,0.002111650595492282
2014,JP3769000005,0.000905838495905762
2014,JP3786200000,0.002063386497622352
2014,JP3224200000,0.002307503050266134
2014,JP3830000000,0.0011619604232837213
2014,JP3738600000,0.0016484911211011805
2014,JP3357200009,0.0009377100645613393
2014,JP3814000000,0.004741962135201377
2014,HK0823032773,0.0032308716929913797
2014,JP3890350006,0.019806187739563164
2014,JP3164800009,0.0009040202544904575
2014,JP3528600004,0.0012288698844068185
2014,JP3634600005,0.0046201714783410085
2014,AU000000GPT8,0.0016566344823570774
2014,HK0200030994,0.0016992711298124612
2014,HK0003000038,0.005951169392869183
2014,AU000000SHL7,0.0018463194212315316
2014,SG1J26887955,0.0017459195135980038
2014,AU000000QAN2,0.0004521250773029339
2014,HK0002007356,0.005409088841526114
2014,JP3210200006,0.0011591108788931255
2014,AU000000BEN6,0.0012193218077061181
2014,AU000000AMP6,0.003359279029819506
2014,SG1V61937297,0.0026192128443589258
2014,AU000000CBA7,0.03224867349553452
2014,JP3256000005,0.0018254890048093539
2014,AU000000SGP0,0.0023096920810537405
2014,AU000000BSL0,0.0008091269735184313
2014,AU000000BLD2,0.0009881433547446216
2014,BMG684371393,0.0003787982603550632
2014,JP3890310000,0.004551219756918789
2014,JP3893600001,0.007596842807741984
2014,JP3783600004,0.009043690686253958
2014,JP3496400007,0.01517381225831078
2014,NZFBUE0001S0,0.0015427856452480278
2014,BMG524401079,0.0014340274347222374
2014,JP3665200006,0.0005198525245501709
2014,AU000000MQG1,0.004673359169086163
2014,JP3638600001,0.0008706139966363168
2014,JP3260800002,0.0019575092608423873
2014,AU000000TCL6,0.002775935234472847
2014,AU000000TLS2,0.017197921803341325
2014,JP3505000004,0.0038025453454447636
2014,JP3027680002,0.002096391588919118
2014,SGXE34184239,0.0020210979752523766
2014,JP3868400007,0.004336893156481785
2014,JP3491000000,0.0006224929478563781
2014,JP3519400000,0.0039349630363507805
2014,JP3672400003,0.011903595128083751
2014,JP3165600002,0.0006928298071146629
2014,JP3289800009,0.0015185468931257612
2014,AU000000IAG3,0.0034383034147765883
2014,IE00BKVD2N49,0.005102142368839438
2014,JP3266400005,0.005710101470589047
2014,JP3820000002,0.0009825246838442464
2014,AU000000SIG5,0.00018450053588708298
2014,JP3228600007,0.002862120984153172
2014,JP3200450009,0.0059815090629603196
2014,JP3657400002,0.0021028321154051826
2014,JP3596200000,0.0017128653380846888
2014,JP3351600006,0.0021646451409936657
2014,JP3126400005,0.0007616593758709547
2014,AU000000COH5,0.0009238344687135947
2014,JP3891600003,0.0005565342095977552
2014,JP3194000000,0.0005082068633210049
2014,JP3197600004,0.0032145445907972693
2014,JP3371200001,0.007478483246970552
2014,JP3242800005,0.012112560598631007
2014,JP3435000009,0.0049728797324004054
2014,JP3573000001,0.003907017819399519
2014,HK0293001514,0.0023813579585946773
2014,SG9999000020,0.0015098895229704815
2014,JP3359600008,0.0018296035825540958
2014,JP3475350009,0.0036334380465601764
2014,JP3633400001,0.06071120805247372
2014,JP3951600000,0.003584564599919961
2014,AU000000WOW2,0.011462312725266438
2014,AU000000BHP4,0.031491911595967065
2014,AU000000MAH3,1.2510145859020605e-05
2014,JP3787000003,0.0013064833182429682
2014,JP3421100003,0.0006396206296706645
2014,SGXE21576413,0.003937519132563702
2014,JP3402600005,0.00229312724052064
2014,JP3955000009,0.0012600628670724852
2014,AU000000BWP3,0.00040224969328513446
2014,SG1R50925390,0.0021692788238839513
2014,AU000000APA1,0.0013841070646108246
2014,SG1R89002252,0.0018966707787543846
2014,JP3582600007,0.0012132304589948038
2014,JP3635400009,0.0006483400371687303
2014,JP3320800000,0.0004928646363859311
2014,JP3940000007,0.0030448304019359777
2014,JP3830800003,0.009193984205189434
2014,JP3419400001,0.0018309726078356379
2014,JP3866800000,0.008411577754482556
2014,HK0066009694,0.006419562879117139
2014,JP3634200004,0.0008526843777455812
2014,JP3215800008,0.0006608657127166905
2014,JP3814800003,0.006517697212188914
2014,AU000000BPT9,0.0004574268448457223
2014,JP3358800005,0.0013399739685022037
2014,JP3414750004,0.0018389852748586508
2014,JP3119600009,0.0027516167486462107
2014,AU000000ERA9,0.0002425413453100494
2014,JP3619800000,0.0005090261070812538
2014,JP3388200002,0.003227690679268212
2014,JP3368000000,0.0005558323117941241
2014,JP3659000008,0.002564728063151722
2014,JP3375800004,0.0003500478709020401
2014,JP3174410005,0.0016521448472687687
2014,JP3914400001,0.006324926198416526
2014,JP3385980002,0.0012867870734166319
2014,JP3942800008,0.0014335525241448406
2014,AU000000ASX7,0.0018153335391637721
2014,JP3118000003,0.001072464744288478
2014,JP3743000006,0.0012903427058100026
2014,JP3419050004,0.0019386566972576244
2014,AU0000224040,0.008266035978931996
2014,HK0006000050,0.00491357818628978
2014,JP3429800000,0.0022384570790586595
2014,JP3551200003,0.0006308949011471473
2014,JP3551520004,0.0034665599061847203
2014,AU000000CIM7,0.0014736742642239861
2014,JP3449020001,0.0012867212918049827
2014,JP3870000001,0.0006006640868638905
2014,JP3495000006,0.0021261978758110797
2014,JP3982800009,0.001677330997063738
2014,JP3269600007,0.0013134594791780977
2014,JP3456000003,0.0009431914066096729
2014,JP3166000004,0.0009098480814131966
2014,JP3566800003,0.0070501586426841316
2014,JP3385820000,0.0006696058335020359
2014,JP3686800008,0.00025594473132200087
2014,JP3711600001,0.0009929101736143833
2014,JP3613400005,0.0012520633429585154
2014,JP3762600009,0.008119763388960491
2014,JP3888300005,0.0008272372733379232
2014,JP3350800003,0.0010583946157826654
2014,BMG668971101,0.0016843901892701352
2014,JP3246400000,0.0020568792014838562
2014,HK0388045442,0.005581149301311594
2014,AU000000DXS1,0.0012429168677774165
2014,JP3982100004,0.0023089335449145037
2014,JP3778630008,0.001517112282554693
2014,JP3734800000,0.004930157056972913
2014,AU000000LLC3,0.0015937345055142024
2014,JP3898400001,0.009363452536324817
2014,SG1F60858221,0.0028119608878473348
2014,AU000000MND5,0.00041081578384850664
2014,JP3502200003,0.004887518728056348
2014,JP3197800000,0.0027910845064553613
2014,JP3894900004,0.0014862025358451467
2014,JP3526600006,0.0025960779930716666
2014,JP3902900004,0.02595881689912804
2014,AU000000SBM8,5.453834767370478e-05
2014,JP3684000007,0.0022194694120364067
2014,AU000000ORG5,0.004116156201101674
2014,JP3294460005,0.005371791835458085
2014,JP3827200001,0.0005699245407666547
2014,JP3818000006,0.0038040179528876354
2014,AU000000WBC1,0.02593658064291386
2014,JP3902400005,0.007729278919173049
2014,JP3158800007,0.00041798918089222444
2014,JP3205800000,0.005065978434086332
2014,JP3397200001,0.004485735505293967
2014,HK0010000088,0.0018721253371086837
2014,AU000000QBE9,0.003790061028832296
2014,AU000000IVC8,0.0004129054690112927
2014,JP3845400005,0.0004885478775347307
2014,AU000000DOW2,0.0005594610287035133
2014,JP3148800000,0.0008280968238117029
2014,JP3112000009,0.0020421491162803673
2014,AU000000MTS0,0.0007546321902444378
2014,JP3788600009,0.01147788768723875
2014,JP3180400008,0.002727091544941795
2014,JP3595200001,0.0007097165984062072
2014,JP3293200006,0.000682844242920324
2014,AU000000CSR5,0.00041771092978158816
2014,JP3223800008,0.0005216171182213153
2014,JP3888400003,0.00046866309305367595
2015,JP3535800001,0.0004332397045979229
2015,JP3571400005,0.0035427010338847237
2015,AU000000WES1,0.010601662800934062
2015,JP3551500006,0.01077169727310437
2015,AU000000WOR2,0.00045061888894558827
2015,JP3877600001,0.0027209409501369793
2015,JP3539220008,0.002101652912414103
2015,JP3621000003,0.003875298820550059
2015,JP3190000004,0.001259162765654654
2015,NZCENE0001S6,0.0009698366689627752
2015,JP3481800005,0.005717027845927355
2015,JP3903000002,0.0009180044139090626
2015,NZTELE0001S4,0.0010524687318775954
2015,JP3850200001,0.0
2015,NZSKCE0001S2,0.0003980048677766493
2015,AU000000STO6,0.0016933313899854185
2015,JP3401400001,0.0019765465806547877
2015,BMG2442N1048,0.0012969536663051883
2015,JP3726800000,0.015214359628431616
2015,JP3122400009,0.0006937352933916682
2015,HK0019000162,0.0030983767624946715
2015,JP3626800001,0.0016925812692502608
2015,JP3585800000,0.0011065520202016867
2015,JP3258000003,0.003698234400898695
2015,AU000000GWA4,0.00037496887343377983
2015,JP3688370000,0.0017580725709417876
2015,BMG8063F1068,0.0013578054246513806
2015,JP3973400009,0.0021233335399792343
2015,JP3942400007,0.00979589408128386
2015,AU000000MGR9,0.00158361872952222
2015,JP3900000005,0.005277322030278677
2015,JP3493400000,0.000734011967095669
2015,JP3111200006,0.00384971379703305
2015,JP3420600003,0.0025110185902800296
2015,JP3243600008,0.0007263931024327407
2015,JP3407400005,0.0028413974685884253
2015,JP3201200007,0.003228300513668031
2015,JP3443600006,0.001928842441516717
2015,JP3678000005,0.0007474895227050069
2015,HK0004000045,0.006796448868423674
2015,JP3304200003,0.005540780357247136
2015,JP3165700000,0.0029624941180935857
2015,HK0016000132,0.012914409380357803
2015,HK0012000102,0.006068626283211709
2015,AU000000ANZ3,0.019889005181576075
2015,SG1U68934629,0.003163085830006474
2015,NZAIAE0002S6,0.001034421542391342
2015,BMG677491539,0.0011340295568391396
2015,JP3405400007,0.00096867498988967
2015,JP3209000003,0.0011818937782257827
2015,JP3546800008,0.002613849085823026
2015,JP3720800006,0.0017326200390026223
2015,AU000000ORI1,0.0014299773288160044
2015,AU000000TAH8,0.0007267177113599823
2015,JP3452000007,0.00036131097538384937
2015,JP3229400001,0.001350364271813566
2015,AU000000PPT9,0.0005765299033330875
2015,JP3522200009,0.0006823856088257467
2015,JP3493800001,0.0017568904340557506
2015,JP3762800005,0.0021712173447606484
2015,JP3027670003,0.0021304217022808237
2015,JP3544000007,0.0008125793101683456
2015,AU000000CQR9,0.00026518406899571893
2015,AU000000IGO4,0.0003548786111215511
2015,JP3792600003,0.0022759566832011033
2015,BMG988031446,0.00160433533095842
2015,AU000000CSL8,0.009125180764753502
2015,JP3854600008,0.01585717645285261
2015,JP3270000007,0.0007872752890611303
2015,JP3362700001,0.0007373565248205152
2015,JP3549600009,0.00037841783275373173
2015,AU000000OZL8,9.213167855709879e-05
2015,AU0000038911,8.503768935380178e-05
2015,JP3156400008,0.0005298287839544483
2015,JP3733000008,0.0019703186079386586
2015,JP3116000005,0.004533262886701834
2015,JP3667600005,0.001438918002544401
2015,JP3592200004,0.004668661336215283
2015,HK0011000095,0.00937825887258403
2015,AU000000CWY3,0.0002884747577995904
2015,JP3605400005,0.0015762057819390125
2015,HK0242001243,0.00038217837282279927
2015,NZAIRE0001S2,0.0005445581021562834
2015,AU000000NAB4,0.01855522799638026
2015,JP3910660004,0.007522999550132935
2015,AU000000SUN6,0.004156624063989284
2015,AU000000SGM7,0.0005869963201951436
2015,JP3463000004,0.010973226088675299
2015,JP3870400003,0.0008726154423621516
2015,AU000000NCM7,0.0022898827542044034
2015,JP3811000003,0.0004623694927525142
2015,JP3300600008,0.0014450011167023741
2015,AU0000088338,0.0018986276931605343
2015,JP3663900003,0.0005668087887734104
2015,JP3977400005,0.0010731695933702697
2015,JP3629000005,0.0013110196531464279
2015,JP3753000003,0.0010125573353011506
2015,JP3134800006,0.0023484320681607493
2015,JP3769000005,0.00099416567740387
2015,JP3786200000,0.0019282042036279207
2015,JP3224200000,0.0024014883711763707
2015,JP3830000000,0.0014429132326811383
2015,JP3738600000,0.0018119687200478416
2015,JP3357200009,0.0009412290069316648
2015,JP3814000000,0.004848852513749509
2015,HK0823032773,0.00433541267473048
2015,JP3890350006,0.013242069205863167
2015,JP3164800009,0.001371002775484034
2015,JP3528600004,0.0004510041415263293
2015,JP3634600005,0.004810742601036632
2015,AU000000GPT8,0.0017828055406939475
2015,HK0200030994,0.0009337051367488969
2015,HK0003000038,0.006591841086622434
2015,AU000000SHL7,0.001634433504108856
2015,SG1J26887955,0.0017241988442235085
2015,AU000000QAN2,0.0009970875417317673
2015,HK0002007356,0.00595005062161734
2015,JP3210200006,0.0011516722418251778
2015,AU000000BEN6,0.0012949775242617491
2015,AU000000AMP6,0.0036932988614357364
2015,SG1V61937297,0.002954643513666507
2015,AU000000CBA7,0.03135079752354463
2015,JP3256000005,0.0017810304729946127
2015,AU000000SGP0,0.0023244155161355634
2015,AU000000BSL0,0.0003992400617853222
2015,AU000000BLD2,0.0009178323256091204
2015,BMG684371393,0.0001822995762726353
2015,JP3890310000,0.004440871390641114
2015,JP3893600001,0.006475130168298045
2015,JP3783600004,0.00886046844881896
2015,JP3496400007,0.017179496250749104
2015,NZFBUE0001S0,0.0011016578781241212
2015,BMG524401079,0.001475598741030142
2015,JP3665200006,0.0005587366891920353
2015,AU000000MQG1,0.004384586009322877
2015,JP3638600001,0.0007081562334110486
2015,JP3260800002,0.0018971560359030421
2015,AU000000TCL6,0.0038813954408493897
2015,AU000000TLS2,0.017204934667138252
2015,JP3505000004,0.0033316511088771084
2015,JP3027680002,0.0018238739915157312
2015,SGXE34184239,0.001381922026365558
2015,JP3868400007,0.0034311664129228737
2015,JP3491000000,0.00035655382131842767
2015,JP3519400000,0.004651901904600521
2015,JP3672400003,0.01068107253920865
2015,JP3165600002,0.0007144754817120384
2015,JP3289800009,0.0016583082440158436
2015,AU000000IAG3,0.003253307700532211
2015,IE00BKVD2N49,0.005172639623250333
2015,JP3266400005,0.005119049102307138
2015,JP3820000002,0.0008030643207529316
2015,AU000000SIG5,0.00017510416435159633
2015,JP3228600007,0.0022819503731085224
2015,JP3200450009,0.004179795526027828
2015,JP3657400002,0.0013814917590565824
2015,JP3596200000,0.0011697170956026684
2015,JP3351600006,0.0019211690830957596
2015,JP3347200002,0.0029917915910105826
2015,JP3126400005,0.0010501782422587798
2015,AU000000COH5,0.0011192354271829042
2015,JP3891600003,0.0004917318877086532
2015,JP3194000000,0.0005607446246461536
2015,JP3197600004,0.003583585505639698
2015,JP3371200001,0.008059306244628679
2015,JP3242800005,0.01177281618780868
2015,JP3435000009,0.007541717388441876
2015,JP3573000001,0.004227726431019661
2015,HK0293001514,0.0023335791292425924
2015,SG9999000020,0.001733476809691302
2015,JP3359600008,0.0012155366065792063
2015,JP3475350009,0.0029896924504816246
2015,JP3633400001,0.06174650395276321
2015,JP3951600000,0.004944830441480294
2015,AU000000WOW2,0.008765502142598589
2015,AU000000BHP4,0.020562172953903553
2015,AU000000MAH3,8.479488548208288e-06
2015,JP3787000003,0.0011823254738506288
2015,JP3421100003,0.0004963784928438524
2015,SGXE21576413,0.0027837310295080625
2015,JP3402600005,0.002397604049559529
2015,JP3955000009,0.0006747603699562784
2015,AU000000BWP3,0.00046264872722364563
2015,SG1R50925390,0.0013617417508520022
2015,JP3837800006,0.004674620737289567
2015,AU000000APA1,0.0020452135434984023
2015,SG1R89002252,0.001907288091796466
2015,JP3582600007,0.0008946778930366147
2015,JP3635400009,0.0008016740921824014
2015,JP3320800000,0.0005685485632938995
2015,JP3940000007,0.002798836430670591
2015,JP3830800003,0.008923720902756825
2015,JP3419400001,0.0015749341869947852
2015,HK0000608585,0.002937272186722629
2015,JP3866800000,0.0077995555879057776
2015,HK0066009694,0.007100181517090163
2015,JP3634200004,0.0007711746452473073
2015,JP3215800008,0.0005463685043402896
2015,JP3814800003,0.00803538242965743
2015,AU000000BPT9,0.00022334656745865683
2015,JP3358800005,0.0016266759840594626
2015,JP3414750004,0.002120430356457607
2015,JP3119600009,0.003256566741450573
2015,JP3486800000,0.0024447538163956954
2015,AU000000ERA9,0.00034679436220938975
2015,JP3619800000,0.00036436232414780015
2015,JP3388200002,0.0025853537873632777
2015,JP3368000000,0.0002129136630486198
2015,JP3659000008,0.00307835634415937
2015,JP3375800004,0.00042977296087056967
2015,JP3967200001,0.005305979020493618
2015,JP3174410005,0.0011566866723938076
2015,JP3914400001,0.0069085671779753385
2015,JP3385980002,0.0011660104250315387
2015,JP3942800008,0.0021839656411823494
2015,AU000000ASX7,0.0015883650269547568
2015,JP3118000003,0.0013793439607578959
2015,JP3743000006,0.0015331974415962654
2015,JP3419050004,0.0010417334226434905
2015,AU0000224040,0.006031132483141114
2015,HK0006000050,0.006197461145612707
2015,JP3429800000,0.0027918505100830195
2015,JP3551200003,0.0007556486340410046
2015,JP3551520004,0.003272398159050908
2015,AU000000CIM7,0.0016944552256739087
2015,JP3449020001,0.000454026853824247
2015,JP3870000001,0.0007706586691745367
2015,JP3495000006,0.0011141431647488632
2015,JP3982800009,0.0019547224025832136
2015,JP3269600007,0.001333114061299739
2015,JP3456000003,0.0008748651777487369
2015,JP3166000004,0.0005707749181514431
2015,JP3566800003,0.009965427677794415
2015,JP3385820000,0.0006512522531717319
2015,JP3686800008,0.0
2015,JP3711600001,0.001514189892387499
2015,JP3613400005,0.0008718813834874091
2015,JP3762600009,0.0059751407678128084
2015,JP3888300005,0.0009274157987969377
2015,JP3350800003,0.0009940431225333778
2015,BMG668971101,0.0019803447238619268
2015,JP3246400000,0.002080022857287563
2015,HK0388045442,0.007504972493267165
2015,HK2388011192,0.010317727556910133
2015,AU000000DXS1,0.001538194659074257
2015,JP3982100004,0.0019280321887471983
2015,JP3778630008,0.0012301064285584278
2015,JP3734800000,0.005493304717267503
2015,AU000000LLC3,0.0020395826261160824
2015,JP3898400001,0.007940010651072757
2015,SG1F60858221,0.002207723583983101
2015,AU000000MND5,0.00025851384062584794
2015,JP3502200003,0.0036476198383426804
2015,JP3197800000,0.0025730390838319727
2015,JP3358200008,0.0008382100370746405
2015,JP3894900004,0.001513505535735061
2015,JP3526600006,0.002377927886724956
2015,JP3160400002,0.004270058499888523
2015,JP3902900004,0.020851500072326223
2015,AU000000SBM8,4.324517276063225e-05
2015,JP3684000007,0.0029711044419064255
2015,AU000000ORG5,0.00234474771537209
2015,SG1T75931496,0.013442676895813735
2015,JP3294460005,0.0044260239420955555
2015,JP3827200001,0.0005212239457959148
2015,JP3818000006,0.0033628743881812585
2015,AU000000WBC1,0.023455479050598384
2015,JP3538800008,0.0024182817842999336
2015,JP3902400005,0.007097427734398003
2015,JP3158800007,1.4957082215898016e-20
2015,JP3205800000,0.006173676484479279
2015,JP3397200001,0.005015340031988904
2015,HK0010000088,0.0018364135634071975
2015,AU000000QBE9,0.0030605160170471945
2015,AU000000IVC8,0.00034946723662960654
2015,JP3845400005,0.00034503940416618435
2015,AU000000DOW2,0.0003341164272296711
2015,JP3148800000,0.0006352665139836516
2015,JP3112000009,0.0016257079103923695
2015,AU000000MTS0,0.00028534719074767864
2015,JP3788600009,0.010025951721597101
2015,JP3180400008,0.0023500466091853035
2015,JP3595200001,0.0007474132944808757
2015,JP3293200006,0.000533230594096916
2015,AU000000CSR5,0.00046193973858177394
2015,JP3223800008,0.0003094098149210484
2015,JP3888400003,0.0003567540169961843
2015,AU000000CGF5,0.0008070117848560256
2016,JP3535800001,0.0006125955371738338
2016,JP3571400005,0.0029529891028882522
2016,AU000000WES1,0.009241957298283705
2016,JP3551500006,0.00979728560878409
2016,AU000000WOR2,0.00013644982431868714
2016,JP3877600001,0.002372406067801089
2016,JP3539220008,0.002054819261414177
2016,JP3621000003,0.003477203427368863
2016,JP3190000004,0.0016691640382993649
2016,NZCENE0001S6,0.0002820791041665394
2016,JP3481800005,0.005520870673288119
2016,JP3903000002,0.0004368992121145311
2016,NZTELE0001S4,0.0007185408554381319
2016,JP3850200001,9.385859729607524e-13
2016,NZSKCE0001S2,0.000652218296857034
2016,AU000000STO6,0.0009923942070677952
2016,HK0023000190,0.0021670775195839534
2016,JP3401400001,0.002341207701409113
2016,BMG2442N1048,0.0009669354944189421
2016,JP3726800000,0.022058106478683285
2016,JP3122400009,0.00040956420547508444
2016,HK0019000162,0.0012711078469895586
2016,JP3626800001,0.001984675298294284
2016,JP3585800000,0.0015677164448556816
2016,JP3258000003,0.0032808350853668067
2016,AU000000GWA4,0.0002796552969662426
2016,JP3688370000,0.0013708866777194459
2016,BMG8063F1068,0.0012445761103210334
2016,JP3973400009,0.002858919861252496
2016,JP3942400007,0.008500985274476378
2016,AU000000MGR9,0.0013568983443039513
2016,JP3900000005,0.003641890282591728
2016,JP3493400000,0.0007735343146509549
2016,JP3111200006,0.002321066891920926
2016,JP3420600003,0.0030768035276402734
2016,JP3243600008,0.0003170084159110502
2016,JP3407400005,0.0024692719686919946
2016,JP3201200007,0.003689925046704873
2016,JP3443600006,0.0024857841007354183
2016,JP3678000005,0.0010694653495704125
2016,HK0004000045,0.003951973825924495
2016,JP3304200003,0.004482605521982117
2016,JP3165700000,0.0039608104997149035
2016,HK0016000132,0.008826676553666828
2016,JP3352400000,0.0005699846284162867
2016,HK0012000102,0.0050817055201015215
2016,AU000000ANZ3,0.013911158146204772
2016,SG1U68934629,0.0015510568091824824
2016,NZAIAE0002S6,0.001031944528341636
2016,BMG677491539,0.00048674812183581716
2016,JP3405400007,0.0005476542149152174
2016,JP3209000003,0.0015898322147662768
2016,JP3546800008,0.0031105967131649366
2016,JP3040890000,0.0009933522306712862
2016,JP3720800006,0.0013083645410273733
2016,AU000000ORI1,0.0008801144245896794
2016,AU000000TAH8,0.0003826949200388178
2016,JP3452000007,0.00024245595416493823
2016,JP3229400001,0.0012415376196829276
2016,AU000000PPT9,0.0006143122797773337
2016,JP3522200009,2.1429576933100713e-12
2016,JP3386030005,0.0008791475622482122
2016,KYG2108Y1052,0.0045762403291342655
2016,JP3493800001,0.0017538489866477634
2016,JP3762800005,0.0026148866727989744
2016,JP3027670003,0.002273654202560642
2016,JP3742600004,0.000576308424445999
2016,JP3544000007,0.0008025135072967425
2016,AU000000CQR9,0.000180267664875197
2016,AU000000IGO4,0.000263370715258133
2016,JP3792600003,0.0018816390417663018
2016,BMG988031446,0.0012113238497229242
2016,AU000000CSL8,0.010144300017967529
2016,JP3854600008,0.014156182672952078
2016,JP3270000007,0.0008631869649828444
2016,JP3362700001,1.4392939335765661e-12
2016,JP3549600009,0.0004024882034385325
2016,AU000000OZL8,5.4537878079628346e-05
2016,AU0000038911,0.0
2016,JP3156400008,0.0007319965138817343
2016,JP3733000008,0.0018631819622331814
2016,KYG217651051,0.013370109739436692
2016,JP3116000005,0.004710189151917933
2016,JP3667600005,0.0012212267809347094
2016,JP3592200004,0.0017878677848177423
2016,HK0011000095,0.009304394791527473
2016,AU000000CWY3,3.497209559042615e-05
2016,JP3711200000,0.0018655458755543947
2016,JP3605400005,0.0016398306722526699
2016,HK0242001243,0.0002563988920113482
2016,NZAIRE0001S2,0.00047914566647387527
2016,AU000000NAB4,0.01423734917396756
2016,JP3910660004,0.008152484166867167
2016,AU000000SUN6,0.003075962289312476
2016,AU000000SGM7,0.0006483027939389044
2016,JP3463000004,0.01119357317641846
2016,JP3870400003,0.0009751028414668639
2016,AU000000RHC8,0.002432717839783744
2016,AU000000NCM7,0.001992215876161899
2016,JP3811000003,0.0005413095695958436
2016,JP3300600008,0.0013812107062043
2016,AU0000088338,0.0019059973432060168
2016,JP3663900003,0.000974354807750785
2016,JP3977400005,0.001590337685885133
2016,JP3629000005,0.0016155906409014826
2016,JP3753000003,1.6343043590413916e-12
2016,JP3134800006,0.0012857295506674342
2016,JP3769000005,0.0010196733589128847
2016,JP3143600009,0.005555749174269158
2016,JP3786200000,0.001246648473764156
2016,JP3224200000,0.0019129428331141568
2016,JP3830000000,0.0010870485505871743
2016,JP3738600000,0.001989411507530827
2016,JP3357200009,0.0016389581707041388
2016,JP3814000000,0.005964789856580797
2016,HK0823032773,0.003995205545299014
2016,JP3890350006,0.012199825028836462
2016,JP3164800009,0.0009295759765515367
2016,JP3528600004,0.0003295094278213285
2016,JP3634600005,0.004728659353384443
2016,AU000000GPT8,0.0018126650332367178
2016,JP3942600002,0.0012079884409428752
2016,HK0200030994,0.00057582597681814
2016,HK0003000038,0.005293383710798438
2016,AU000000SHL7,0.0014574538418266646
2016,SG1J26887955,0.001261061171524275
2016,AU000000QAN2,0.0013344389916266632
2016,HK0002007356,0.003437321020947709
2016,JP3210200006,0.0016828922326552502
2016,AU000000BEN6,0.000907399335945521
2016,AU000000AMP6,0.003090683427517594
2016,SG1V61937297,0.001660736921849866
2016,AU000000CBA7,0.025734982658350784
2016,JP3256000005,0.0018124058125121617
2016,AU000000SGP0,0.0018224371651997411
2016,AU000000BSL0,2.245265838623686e-05
2016,AU000000BLD2,0.0006173151928783011
2016,BMG684371393,3.4346182309383994e-12
2016,JP3890310000,0.005099527528900136
2016,JP3893600001,0.005889666439089528
2016,JP3560800009,0.0005365527012954332
2016,JP3783600004,0.010737662635759126
2016,JP3496400007,0.020202061331462726
2016,NZFBUE0001S0,0.0007116466918074842
2016,BMG524401079,0.0010404140565691263
2016,JP3665200006,0.0009213699860267243
2016,AU000000MQG1,0.00456761438206019
2016,JP3638600001,0.0008521126290162018
2016,JP3260800002,0.0018722467419132326
2016,AU000000TCL6,0.004349767013878169
2016,AU000000TLS2,0.013183048700604733
2016,JP3505000004,0.005465756220562954
2016,JP3027680002,0.002365508370152617
2016,SGXE34184239,0.0008150905391350524
2016,JP3868400007,0.0029438818835616823
2016,JP3491000000,0.0004661174719228583
2016,JP3519400000,0.004493581871524499
2016,JP3672400003,0.011978770130389728
2016,JP3165600002,0.0006742704555385689
2016,JP3289800009,0.00035581470996979853
2016,AU000000IAG3,0.0025699581372373823
2016,IE00BKVD2N49,0.002180406867099473
2016,KYG0535Q1331,0.0009313166276503569
2016,JP3266400005,0.005100569037872493
2016,JP3820000002,0.0006928776266653775
2016,AU000000SIG5,0.00022586339916641536
2016,JP3228600007,0.003167613732579221
2016,JP3200450009,0.005355015592657825
2016,JP3657400002,0.0015935159841873737
2016,JP3596200000,0.0016687559354436154
2016,JP3351600006,0.0028662959851975408
2016,JP3347200002,0.0046223126495043045
2016,JP3126400005,0.001023161792290371
2016,JP3802300008,0.009504296719426687
2016,AU000000COH5,0.0013778021530453045
2016,JP3891600003,0.0006709387619655837
2016,JP3194000000,0.00041962893446851083
2016,JP3197600004,0.006091136878845991
2016,JP3371200001,0.005982324983398061
2016,JP3242800005,0.01065898307619518
2016,JP3435000009,0.008150636840112921
2016,JP3573000001,0.0034895798209600122
2016,HK0293001514,0.0006529960043183328
2016,SG9999000020,0.0014915083567890017
2016,JP3359600008,0.0008588410073270716
2016,JP3475350009,0.004284685841574844
2016,JP3633400001,0.05618935354471938
2016,JP3951600000,0.0038384956035996324
2016,AU000000WOW2,0.005774149260325816
2016,AU000000BHP4,0.009507326585936808
2016,AU000000MAH3,1.0007940497751405e-07
2016,JP3787000003,0.0011018792504708086
2016,JP3421100003,0.0003039204467698971
2016,SGXE21576413,0.0018440042504598536
2016,JP3402600005,0.0016520059317422574
2016,JP3955000009,0.0005243977364628338
2016,AU000000BWP3,0.0008719733293703667
2016,SG1R50925390,1.8110679786685564e-12
2016,JP3837800006,0.004517018308376662
2016,AU000000APA1,0.0019426244142486072
2016,SG1R89002252,0.0014265514319627287
2016,JP3582600007,0.0007358130788369573
2016,JP3635400009,0.0011070901558752244
2016,JP3320800000,0.0008109075286375324
2016,JP3940000007,0.0026179985785687
2016,JP3830800003,0.008505175437099168
2016,JP3419400001,0.0014712267621512407
2016,HK0000608585,0.0020660728239030777
2016,JP3866800000,0.006644817434402654
2016,HK0066009694,0.007725323733827692
2016,JP3634200004,0.0009254947838760279
2016,JP3215800008,0.0010657409435843256
2016,JP3814800003,0.008991909489205651
2016,AU000000BPT9,5.424481302245917e-05
2016,JP3358800005,0.002190832601380888
2016,JP3414750004,0.0018999860416553745
2016,JP3322930003,0.0009044709642896925
2016,JP3119600009,0.0040919222966404895
2016,JP3486800000,0.002931188010108395
2016,AU000000ERA9,0.00022652334531313248
2016,JP3619800000,0.0004974585738568564
2016,JP3388200002,0.0033773486247344574
2016,JP3819400007,0.0009564704191713715
2016,JP3368000000,5.8479767180529766e-12
2016,JP3659000008,0.004082312379304859
2016,JP3375800004,0.0005295330495685698
2016,JP3967200001,0.004319320771785564
2016,JP3174410005,0.0012502961113557269
2016,JP3914400001,0.00785071339272902
2016,JP3385980002,0.0006659932063550168
2016,JP3942800008,0.002156065286138674
2016,AU000000ASX7,0.0014068820330820067
2016,JP3118000003,0.0010133090906971432
2016,JP3743000006,0.0017223924034190277
2016,JP3419050004,0.0006571855187419611
2016,AU0000224040,0.0038974520893751774
2016,HK0006000050,0.005576716906685536
2016,JP3429800000,0.002806374531443004
2016,JP3551200003,1.6859667438722792e-12
2016,JP3551520004,0.004931779442777875
2016,AU000000CIM7,0.0016448929585634324
2016,JP3449020001,8.041710385184515e-06
2016,JP3870000001,0.0009316576432048676
2016,HK0000745908,0.0005067449618069399
2016,JP3495000006,0.0010665235355884347
2016,JP3982800009,0.0012411196215502947
2016,JP3269600007,0.000987441915980725
2016,JP3456000003,0.00045244943670712516
2016,HK0688002218,0.007858942859373441
2016,JP3166000004,0.000840907907170846
2016,JP3566800003,0.010966438951663965
2016,JP3385820000,0.0006255644060212164
2016,JP3686800008,5.172611290359587e-12
2016,JP3670800006,0.0007026569590690154
2016,JP3381000003,0.0032186049718733465
2016,JP3711600001,0.001344878602468589
2016,JP3613400005,0.0016803475374886703
2016,JP3762600009,0.006179565871583331
2016,JP3888300005,0.0013328249492087633
2016,JP3350800003,0.001578240609473202
2016,BMG668971101,0.0014853474597742358
2016,JP3735400008,0.025806725077459947
2016,JP3246400000,0.0011317458852121663
2016,HK0388045442,0.007282075401205747
2016,HK0083000502,0.00206968127961086
2016,HK2388011192,0.0074128020827516905
2016,AU000000DXS1,0.001294899924407893
2016,JP3982100004,0.0024890829995219545
2016,JP3778630008,0.0009862403731694784
2016,JP3734800000,0.00536549474026615
2016,AU000000LLC3,0.0014132414240191154
2016,JP3898400001,0.0072275705512960435
2016,SG1F60858221,0.002091089672787507
2016,HK0165000859,0.0010982743897190931
2016,AU000000MND5,0.00025765282161226334
2016,JP3502200003,0.003296018905192133
2016,JP3197800000,0.0019414823867380175
2016,JP3358200008,0.0009466137105095289
2016,JP3894900004,0.0014278501437479335
2016,JP3526600006,0.002219855021135941
2016,JP3160400002,0.004974486964045475
2016,JP3902900004,0.01880285343815897
2016,AU000000SBM8,0.00018955107591567082
2016,JP3684000007,0.002586474617140891
2016,AU000000ORG5,0.0003343387368956978
2016,HK0291001490,0.0015184697647499664
2016,SG1T75931496,0.010896953066272445
2016,JP3294460005,0.0032524267489941355
2016,JP3827200001,0.0007852506712205461
2016,JP3818000006,0.00229570837376735
2016,AU000000WBC1,0.019667263208479207
2016,JP3538800008,0.0022108628490743578
2016,JP3902400005,0.006044787266330435
2016,JP3835620000,0.0008190688762720872
2016,JP3158800007,8.07107684367409e-13
2016,JP3205800000,0.007811718400706066
2016,JP3397200001,0.0050602874329234125
2016,HK0010000088,0.0012273225760615538
2016,AU000000QBE9,0.002797288763332187
2016,AU000000IVC8,0.0006091469795326207
2016,JP3845400005,2.9673740864703423e-12
2016,AU000000DOW2,0.00017936827353516054
2016,JP3148800000,0.00035985224967615846
2016,JP3112000009,0.0019589091822418132
2016,AU000000MTS0,0.0005045854239572209
2016,JP3788600009,0.0066714309719152105
2016,JP3180400008,0.0021374437929096847
2016,JP3595200001,0.00034464537251980356
2016,JP3293200006,0.0005637701601992528
2016,AU000000CSR5,0.0002445167246264686
2016,JP3223800008,1.860966038773173e-12
2016,JP3888400003,0.0004642800510923684
2016,JP3765400001,0.000764142044292389
2016,AU000000CGF5,0.0007817729342516884
2017,JP3535800001,0.0005596105627600345
2017,JP3571400005,0.003999861424837717
2017,HK0000055878,0.002016613095526325
2017,AU000000WES1,0.008186183337983835
2017,JP3551500006,0.007831637808334435
2017,JP3249600002,0.00437159851485822
2017,AU000000WOR2,0.00034933569163121783
2017,JP3877600001,0.0025145934217822023
2017,JP3539220008,0.0023168362000058193
2017,JP3621000003,0.003187580400501036
2017,JP3190000004,0.0016877902186459588
2017,NZCENE0001S6,0.0003142136492515482
2017,JP3481800005,0.006784497285921546
2017,JP3903000002,0.0006391604266373822
2017,NZTELE0001S4,0.0007974110588970786
2017,JP3850200001,2.101130343077761e-12
2017,NZSKCE0001S2,0.00038566884326081305
2017,AU000000STO6,0.0014472517305939203
2017,HK0023000190,0.002796946720030203
2017,JP3401400001,0.0021919676985173186
2017,BMG2442N1048,0.0008007111596579719
2017,JP3726800000,0.01509213765419696
2017,JP3122400009,0.0009034478981079289
2017,HK0019000162,0.0013090623751355432
2017,JP3626800001,0.0018126778179264635
2017,JP3799000009,0.00099019399807424
2017,JP3585800000,0.00042086839768357376
2017,JP3258000003,0.0034052828346389998
2017,AU000000GWA4,0.0003273369976580613
2017,JP3688370000,0.0013485983770553712
2017,BMG8063F1068,0.0009529584470445993
2017,JP3973400009,0.002114869638512814
2017,JP3942400007,0.006146862369521571
2017,AU000000MGR9,0.0013936464833205055
2017,JP3900000005,0.003316598834153807
2017,JP3493400000,0.0008485625686742759
2017,JP3111200006,0.002939127356579488
2017,JP3420600003,0.002663123379747711
2017,JP3243600008,0.00043176286177411423
2017,JP3407400005,0.002459793009409016
2017,JP3201200007,0.002607317085984478
2017,JP3443600006,0.002307110470633038
2017,JP3678000005,0.0007342693373864568
2017,HK0004000045,0.005346340129509046
2017,JP3304200003,0.005965783567421797
2017,JP3165700000,0.003320805348283089
2017,HK0016000132,0.009550945207496669
2017,JP3352400000,0.0004304377815457937
2017,HK0012000102,0.004778942810929062
2017,AU000000ANZ3,0.015506699609152927
2017,SG1U68934629,0.0018405852639079632
2017,NZAIAE0002S6,0.0015247990860889136
2017,BMG677491539,0.0007089828363350602
2017,JP3405400007,0.0008617740676606303
2017,JP3209000003,0.0008915146430762662
2017,JP3546800008,0.002831865461934805
2017,JP3721400004,0.00043813430017491386
2017,JP3040890000,0.0009109413515772191
2017,JP3720800006,0.0015064576201962276
2017,AU000000ORI1,0.0012522339169660035
2017,AU000000TAH8,0.00046397815510843194
2017,JP3452000007,0.00031089582764179255
2017,JP3635000007,0.002545156347434671
2017,JP3229400001,0.0013871474476416408
2017,AU000000PPT9,0.0005400977622609509
2017,JP3522200009,0.0
2017,JP3386030005,0.002009034345571798
2017,KYG2108Y1052,0.004060432362521349
2017,JP3493800001,0.0016324878397974167
2017,JP3762800005,0.0022534165479711423
2017,JP3027670003,0.002034061736123144
2017,JP3742600004,0.0006692566295161072
2017,JP3544000007,0.0009294181817431639
2017,AU000000CQR9,0.00019600623145226383
2017,AU000000ILU1,0.0007444463725489012
2017,BMG2178K1009,0.005353317178594105
2017,AU000000IGO4,0.00042788122421917986
2017,JP3792600003,0.0016393524643595276
2017,BMG988031446,0.0010431457022152214
2017,AU000000CSL8,0.009320139042875325
2017,JP3854600008,0.013019666538118447
2017,JP3270000007,0.0007052669223791609
2017,JP3362700001,2.515635060815329e-12
2017,JP3549600009,0.00044764739029070944
2017,AU000000OZL8,0.0004545952948044413
2017,AU0000038911,4.0397294699765564e-09
2017,JP3156400008,0.0006767315816256648
2017,JP3733000008,0.0013798739809184626
2017,KYG217651051,0.010716602213471317
2017,JP3116000005,0.004481142361206577
2017,JP3667600005,0.0011354128744567962
2017,JP3592200004,0.0019836584808755374
2017,JP3126340003,0.0006690729194366458
2017,HK0011000095,0.009466375785481889
2017,AU000000CWY3,0.0002086789912282136
2017,JP3274400005,0.00034235823888784404
2017,JP3711200000,0.0016627162494140995
2017,HK0008011667,0.0015086171358979106
2017,JP3605400005,0.0011099815822562217
2017,HK0242001243,0.000298753584941612
2017,NZAIRE0001S2,0.00014238690741568783
2017,AU000000NAB4,0.014433094650334759
2017,JP3910660004,0.007706432198464078
2017,AU000000SUN6,0.003103875183967896
2017,AU000000SGM7,0.000602775942649266
2017,JP3463000004,0.008298091090585522
2017,JP3870400003,0.0005388104733012242
2017,AU000000RHC8,0.002470763352620838
2017,AU000000NCM7,0.0031120315157251036
2017,JP3811000003,0.0005027515086997737
2017,JP3300600008,0.0012465655070415538
2017,AU0000088338,0.0013445409889015405
2017,JP3663900003,0.0008515906170401315
2017,JP3977400005,0.0013214156044858883
2017,JP3629000005,0.0015666292286560714
2017,JP3753000003,8.07189833730877e-12
2017,JP3134800006,0.0012937470649162642
2017,JP3769000005,0.0010347123582456963
2017,JP3143600009,0.005483065979299447
2017,JP3786200000,0.001347789487206231
2017,JP3224200000,0.0015896542924337023
2017,JP3830000000,0.0015563064121741023
2017,JP3738600000,0.0014763438311051565
2017,JP3357200009,0.0013349060665680335
2017,HK0308001558,0.0005078142270564241
2017,JP3814000000,0.004884916953824458
2017,HK0823032773,0.003617710926479787
2017,JP3890350006,0.01306539607295755
2017,SG1T58930911,0.0003152838192879543
2017,JP3164800009,0.0010598707819030274
2017,JP3528600004,0.00012114392768681809
2017,SG1N31909426,0.0008123222333423014
2017,JP3634600005,0.0037406573738020497
2017,AU000000GPT8,0.0015336108681935513
2017,JP3942600002,0.0013853064689381125
2017,HK0200030994,0.0005483480269957783
2017,HK0003000038,0.0054645926476914
2017,AU000000SHL7,0.001625180324990554
2017,SG1J26887955,0.0011037821254789035
2017,AU000000QAN2,0.0007403754296820235
2017,HK0002007356,0.003984952511251695
2017,JP3210200006,0.0016747595468399985
2017,AU000000BEN6,0.001020915322286654
2017,AU000000AMP6,0.0026704271118152224
2017,SG1P66918738,0.0010855779466283743
2017,SG1V61937297,0.0011423042543179903
2017,AU000000CBA7,0.02522777055358111
2017,JP3256000005,0.001428217468275989
2017,AU000000SGP0,0.0018572110472366745
2017,AU000000BSL0,0.0009729329419724352
2017,AU000000BLD2,0.0011218107881632244
2017,BMG684371393,3.3614812193140705e-05
2017,JP3890310000,0.0053402923870428986
2017,JP3893600001,0.006357437884385383
2017,JP3560800009,0.0003550220028098321
2017,JP3783600004,0.008602980450268064
2017,JP3496400007,0.016348955045243627
2017,NZFBUE0001S0,0.001159789600847133
2017,BMG524401079,0.0010764966445726458
2017,JP3665200006,0.0008439166611816097
2017,AU000000MQG1,0.005009208446377471
2017,JP3638600001,0.0007983482487447018
2017,JP3260800002,0.0014072807809255017
2017,AU000000TCL6,0.0036970954628364507
2017,AU000000TLS2,0.01074109867498999
2017,HK0144000764,0.0014998793429352386
2017,JP3505000004,0.00416915602670137
2017,JP3027680002,0.001968496406859924
2017,SGXE34184239,0.0007237725929137413
2017,JP3868400007,0.002012226545465178
2017,JP3491000000,0.0005224821779284786
2017,JP3519400000,0.004157390951684501
2017,JP3672400003,0.00957612684901968
2017,JP3165600002,0.0005970901355861825
2017,JP3289800009,0.0003276886005127692
2017,AU000000IAG3,0.0024459220516798038
2017,JP3675600005,0.0014034430559478812
2017,IE00BKVD2N49,0.003007971395717554
2017,KYG0535Q1331,0.00102073158197633
2017,JP3266400005,0.00476038062343401
2017,JP3820000002,0.001035043733749082
2017,AU000000SIG5,0.0003671252170231977
2017,JP3228600007,0.0025477919371480803
2017,JP3200450009,0.00468044623421493
2017,JP3657400002,0.0014333625115068105
2017,JP3596200000,0.001649664469756038
2017,JP3351600006,0.0030586137901690382
2017,JP3347200002,0.003935943786815246
2017,JP3126400005,0.0012820912026702777
2017,JP3802300008,0.008010272316453492
2017,AU000000COH5,0.0014693135800753928
2017,JP3891600003,0.00048413011536185813
2017,JP3194000000,0.0004370272709339541
2017,JP3197600004,0.0031441601992069548
2017,JP3371200001,0.008609092327601783
2017,JP3404600003,0.003954373782799713
2017,JP3242800005,0.009292715896266854
2017,JP3435000009,0.009102066156843381
2017,JP3573000001,0.002638182869558948
2017,HK0293001514,0.00032775561991325636
2017,SG9999000020,0.001895892534266469
2017,JP3359600008,0.003451932576698965
2017,JP3475350009,0.0039480776234361555
2017,JP3633400001,0.04376438638057181
2017,JP3951600000,0.003648416868476032
2017,AU000000WOW2,0.005711329097025392
2017,AU000000BHP4,0.015824313217972605
2017,AU000000MAH3,1.1729368490544218e-06
2017,JP3131430005,0.000716917378097445
2017,JP3787000003,0.0013627025310424298
2017,JP3198900007,0.004679917064795692
2017,JP3421100003,0.00017418405284905513
2017,SGXE21576413,0.0020859065476669728
2017,JP3402600005,0.001975394041554157
2017,JP3955000009,0.0008068697244759981
2017,AU000000BWP3,0.0007039581537329364
2017,SG1R50925390,5.840196978596608e-12
2017,JP3837800006,0.004105684361580975
2017,AU000000APA1,0.0017331810313722287
2017,SG1R89002252,0.0015651504436891644
2017,JP3582600007,0.0007187940802182118
2017,JP3635400009,0.0009797585593562493
2017,JP3320800000,0.0007405101735960595
2017,JP3940000007,0.0019484070635291924
2017,JP3830800003,0.0070252605558235905
2017,JP3419400001,0.0017324378889672922
2017,HK0000608585,0.002703995265767641
2017,JP3866800000,0.006121063635922763
2017,HK0066009694,0.0071499730503390094
2017,JP3933800009,0.005871215448865137
2017,JP3634200004,0.0006568488264364626
2017,JP3215800008,0.0007133791955715064
2017,JP3814800003,0.007385568976024079
2017,BMG4600H1198,0.0005668168462007263
2017,AU000000BPT9,0.00017627883790673622
2017,JP3358800005,0.0018952703907866252
2017,JP3414750004,0.00215808117555381
2017,JP3322930003,0.0012239820905117886
2017,JP3119600009,0.002632210225848628
2017,JP3486800000,0.002529424087604198
2017,AU000000ERA9,0.00022811750959387175
2017,JP3619800000,0.0005663452765965334
2017,JP3388200002,0.0031861970764432935
2017,JP3819400007,0.0008048622742529751
2017,JP3368000000,7.355725068680519e-05
2017,JP3659000008,0.0034544998200751256
2017,JP3375800004,0.0004758645241732448
2017,JP3967200001,0.0033598317697693192
2017,JP3174410005,0.0010637929298809093
2017,JP3914400001,0.0068719600954080026
2017,HK0363006039,0.0006219693528972442
2017,JP3385980002,0.000853633962065878
2017,JP3942800008,0.00187735235177825
2017,AU000000ASX7,0.00163253299970629
2017,JP3118000003,0.0008040702381959097
2017,JP3743000006,0.0016260140928791105
2017,JP3419050004,0.0010151704014622657
2017,AU0000224040,0.004592983838465965
2017,HK0006000050,0.004808588851151617
2017,JP3429800000,0.0026896804154797334
2017,JP3551200003,6.979718908503743e-13
2017,JP3551520004,0.0034748667795350724
2017,JP3421800008,0.004040889077325294
2017,AU000000CIM7,0.002099301944613968
2017,JP3449020001,0.00047970198880722487
2017,JP3870000001,0.0005656642462402538
2017,HK0000745908,0.0004368047538524926
2017,JP3495000006,0.0014131325146324932
2017,JP3982800009,0.001352908731340615
2017,JP3269600007,0.0012054516235937799
2017,JP3456000003,0.0006290793780181232
2017,HK0688002218,0.00775509665958907
2017,JP3336000009,0.0011704561708586877
2017,JP3166000004,0.0008781497505612871
2017,JP3566800003,0.008076980809236904
2017,JP3385820000,0.0005950187662495226
2017,JP3686800008,2.4085411508136483e-11
2017,JP3670800006,0.0010554812988362325
2017,JP3381000003,0.004519361051681303
2017,JP3711600001,0.0013242336610057187
2017,JP3613400005,0.0013809849864415235
2017,JP3762600009,0.0060552120338701184
2017,JP3888300005,0.001223507469160974
2017,JP3350800003,0.00046140853074013566
2017,BMG668971101,0.0016968498279507104
2017,JP3735400008,0.02126993475147202
2017,JP3246400000,0.0010737568183209936
2017,HK0388045442,0.006863364476589339
2017,HK0083000502,0.002421544401145183
2017,HK2388011192,0.009867233521666024
2017,AU000000DXS1,0.0014526816826826224
2017,BMG2108M2182,0.0006930480898919606
2017,JP3982100004,0.0020009856360090226
2017,JP3778630008,0.0010919853214299898
2017,JP3734800000,0.006465369617729287
2017,AU000000LLC3,0.0014309854571753749
2017,JP3898400001,0.008808398850500216
2017,SG1F60858221,0.002018388502711456
2017,HK0165000859,0.0007846322623379533
2017,AU000000MND5,0.00027382091407626496
2017,JP3502200003,0.0028172824395364467
2017,JP3197800000,0.0026268318646128297
2017,JP3358200008,0.00103751663097403
2017,JP3894900004,0.001353930006782831
2017,JP3526600006,0.0015272677617206977
2017,JP3160400002,0.0035645970979907987
2017,JP3902900004,0.021167932762897787
2017,AU000000SBM8,0.00030812967744821724
2017,JP3684000007,0.0033531385522619487
2017,AU000000ORG5,0.0018100323961981338
2017,HK0291001490,0.0018380021213207538
2017,SG1T75931496,0.010403949227470897
2017,JP3294460005,0.003086962611724473
2017,JP3827200001,0.0008406870248609772
2017,JP3818000006,0.0029829348185135152
2017,AU000000WBC1,0.019256422851072208
2017,JP3538800008,0.002211793826460697
2017,JP3902400005,0.007447965193997645
2017,JP3835620000,0.0007229533483653868
2017,JP3158800007,1.4484828903133871e-11
2017,JP3205800000,0.0060755934798800235
2017,JP3397200001,0.004999398075243367
2017,HK0010000088,0.0014335693706739399
2017,AU000000QBE9,0.0029642085615235953
2017,AU000000IVC8,0.00034728867009959556
2017,JP3845400005,0.0
2017,AU000000DOW2,0.0005181065948671861
2017,JP3148800000,0.0003360064742024803
2017,JP3112000009,0.002043350963143229
2017,AU000000MTS0,0.00041175714324797187
2017,JP3788600009,0.006739443039810678
2017,JP3180400008,0.0018442883337084076
2017,JP3595200001,0.0011608244674203587
2017,JP3293200006,0.0007517576179559665
2017,AU000000CSR5,0.00032718984263880284
2017,JP3223800008,9.21438919496668e-12
2017,JP3400900001,2.3942091250882717e-12
2017,JP3888400003,0.0005632339497843611
2017,JP3695200000,0.001594111779546344
2017,JP3765400001,0.0006604731067335322
2017,AU000000CGF5,0.0010786194845849978
2018,JP3535800001,0.0004462128924998256
2018,JP3571400005,0.0055078383087701155
2018,HK0000055878,0.0029803295403119175
2018,AU000000WES1,0.0072535763096178265
2018,JP3551500006,0.009063992556981454
2018,JP3173400007,0.00148180135348238
2018,JP3249600002,0.004354450126595191
2018,AU000000WOR2,0.000576120362662149
2018,JP3877600001,0.0024585034637821654
2018,JP3539220008,0.0022062652605363076
2018,JP3621000003,0.0029401058803681396
2018,JP3190000004,0.0017089483028373805
2018,NZCENE0001S6,0.0004507820935775188
2018,JP3481800005,0.006470768277339576
2018,JP3903000002,0.0007577676430957342
2018,NZTELE0001S4,0.0007669178227050979
2018,JP3850200001,0.0
2018,NZSKCE0001S2,0.00032489980642771564
2018,AU000000STO6,0.0016784131436933004
2018,HK0023000190,0.002245793622462072
2018,JP3401400001,0.0021376921045036003
2018,BMG2442N1048,0.0006401955092489005
2018,JP3726800000,0.011971199232478462
2018,JP3122400009,0.0007937614026445579
2018,SG1S83002349,0.0010189254965778354
2018,HK0019000162,0.001250891377343741
2018,JP3626800001,0.0016019772013255642
2018,JP3799000009,0.001107682857731788
2018,JP3585800000,0.00037187913478179676
2018,JP3258000003,0.004198449899009029
2018,AU000000GWA4,0.00023282386073218925
2018,JP3899600005,0.004836984448993649
2018,JP3688370000,0.0013456714669674511
2018,BMG8063F1068,0.001494624700592673
2018,JP3973400009,0.0017280542959252634
2018,JP3942400007,0.005010226507320836
2018,AU000000MGR9,0.001191849100421477
2018,JP3900000005,0.0023061131259370497
2018,JP3766550002,0.0010501286068978796
2018,JP3493400000,0.0008000536746232675
2018,JP3111200006,0.0032886423394711557
2018,JP3420600003,0.0022675195729077516
2018,JP3243600008,0.0006749354252004043
2018,JP3407400005,0.0024253809432718946
2018,JP3201200007,0.0023030077349840018
2018,JP3443600006,0.0022706898486376382
2018,JP3678000005,0.0006334727661299087
2018,HK0004000045,0.002255752795880493
2018,JP3304200003,0.0069168803415352855
2018,JP3165700000,0.0030505202617566057
2018,HK0016000132,0.00908241457467349
2018,JP3352400000,0.00044274159658905666
2018,HK0012000102,0.005048599768282395
2018,AU000000ANZ3,0.01237862314016817
2018,SG1U68934629,0.002167966486507491
2018,NZAIAE0002S6,0.0010892449424461973
2018,BMG677491539,0.0010082438582254937
2018,JP3405400007,0.0010178892183388666
2018,JP3209000003,0.0007321118171211157
2018,JP3546800008,0.0033122304952697534
2018,JP3721400004,0.0005342643226839144
2018,JP3040890000,0.0006565281580092007
2018,JP3720800006,0.0015841574045448849
2018,HK0000049939,0.00823821645120635
2018,AU000000ORI1,0.0009735858113179984
2018,AU000000TAH8,0.001450947816379115
2018,JP3452000007,0.0003218401035184992
2018,JP3635000007,0.002787455136690498
2018,JP3326410002,0.0004915252385696405
2018,JP3229400001,0.0013105848007900441
2018,AU000000PPT9,0.00045742378043479696
2018,JP3522200009,0.000353587166295911
2018,JP3386030005,0.0023605268604160673
2018,KYG2108Y1052,0.0052572218132926505
2018,JP3493800001,0.0013653245408637655
2018,JP3762800005,0.002223312635166939
2018,JP3027670003,0.0014560626517472197
2018,JP3742600004,0.0004658447174423107
2018,JP3544000007,0.0007759535316637363
2018,AU000000CQR9,8.34688787821175e-05
2018,AU000000ILU1,0.0008420382738945135
2018,BMG2178K1009,0.004355677031730125
2018,AU000000IGO4,0.0004972978530329263
2018,JP3792600003,0.0015134863108401712
2018,BMG988031446,0.0011603053656645086
2018,AU000000CSL8,0.009708189279697407
2018,JP3854600008,0.011718395075673968
2018,JP3676800000,0.001180880992883582
2018,JP3270000007,0.0006188126734319999
2018,JP3362700001,0.000247251323356915
2018,JP3549600009,0.0006469244039173095
2018,AU000000OZL8,0.00038619936154015306
2018,AU0000038911,6.797785985013394e-05
2018,JP3156400008,0.0005243773516869192
2018,JP3733000008,0.0014776730441921336
2018,KYG217651051,0.009489521712586888
2018,JP3116000005,0.0046367866829059015
2018,JP3667600005,0.0010034952462316088
2018,JP3592200004,0.0033821122104887085
2018,JP3126340003,0.0010166663033232888
2018,HK0011000095,0.00834376153875904
2018,AU000000CWY3,0.0004522779913980641
2018,JP3274400005,0.0005065655916855388
2018,JP3711200000,0.0010557513238636732
2018,HK0008011667,0.0009704267212494006
2018,SG1L01001701,0.009539008973524875
2018,JP3605400005,0.0010608645872591316
2018,HK0242001243,0.000252238612537931
2018,NZAIRE0001S2,0.00032261125793810365
2018,AU000000NAB4,0.011562572312489298
2018,JP3910660004,0.006613717281672882
2018,AU000000SUN6,0.0025952186495813664
2018,AU000000SGM7,0.0006384201445363249
2018,JP3463000004,0.008519406903157984
2018,JP3870400003,0.0007957735666427258
2018,AU000000RHC8,0.0020254200755897896
2018,AU000000NCM7,0.0025656285207190164
2018,JP3811000003,0.0005197286619852803
2018,JP3300600008,0.0008624241074306373
2018,AU0000088338,0.0013467409532546854
2018,JP3663900003,0.0008661437173519055
2018,JP3977400005,0.0009646225034507711
2018,JP3629000005,0.0012284330047612206
2018,JP3753000003,1.5070736948121127e-05
2018,JP3134800006,0.0010998612209447223
2018,JP3769000005,0.0006509747607496812
2018,JP3143600009,0.006051828024588829
2018,JP3600200004,0.000683138706886768
2018,JP3786200000,0.0010607852192966135
2018,JP3224200000,0.0014315103645094745
2018,JP3830000000,0.0013588252334379416
2018,JP3738600000,0.0011745849174073226
2018,JP3357200009,0.0014794418709864054
2018,HK0308001558,0.00048535603552952387
2018,JP3814000000,0.004069171339987885
2018,HK0823032773,0.0035018281358020443
2018,JP3890350006,0.011928314948553344
2018,SG1T58930911,0.00040988895786926683
2018,JP3164800009,0.0007326097904155424
2018,JP3528600004,0.0001696457570444396
2018,SG1N31909426,0.0006674439476530023
2018,JP3634600005,0.0040592912359023615
2018,AU000000GPT8,0.0014093962930535288
2018,JP3942600002,0.0015304385543691856
2018,HK0200030994,0.0009187201337810576
2018,HK0003000038,0.005040087733184737
2018,AU000000SHL7,0.0014881452165594914
2018,SG1J26887955,0.0011916228052655912
2018,AU000000QAN2,0.0011683293164034573
2018,HK0002007356,0.004455844484702631
2018,JP3210200006,0.002000793928496295
2018,AU000000BEN6,0.0008021881760117433
2018,AU000000AMP6,0.0022238270621531848
2018,SG1P66918738,0.0006620982614723732
2018,SG1V61937297,0.0016572337303004598
2018,AU000000CBA7,0.020490389294889458
2018,JP3256000005,0.0019607778966034884
2018,AU000000SGP0,0.0015625762983699982
2018,AU000000BSL0,0.0010681985713488352
2018,AU000000BLD2,0.001297437261659125
2018,BMG684371393,5.8060349104053326e-05
2018,JP3890310000,0.0038769476363658883
2018,JP3893600001,0.006078360729952857
2018,JP3560800009,0.0005197691119814525
2018,JP3783600004,0.007028765435888262
2018,JP3496400007,0.012068379682299187
2018,NZFBUE0001S0,0.0006786555813087192
2018,BMG524401079,0.0013363511256435662
2018,JP3665200006,0.0007651189469828021
2018,AU000000MQG1,0.005086452084936953
2018,JP3638600001,0.0005351200334808294
2018,JP3260800002,0.0014206057552125105
2018,AU000000TCL6,0.003835004530190818
2018,AU000000TLS2,0.006306853759587776
2018,HK0144000764,0.0014535328724680282
2018,JP3505000004,0.004788647655648578
2018,JP3027680002,0.0012614908338588872
2018,SGXE34184239,0.0009079663150768908
2018,JP3868400007,0.001643163176160038
2018,JP3491000000,0.0005345747453227041
2018,JP3268950007,0.0008883955451430118
2018,JP3519400000,0.00524422452000707
2018,AU000000ELD6,7.453695159773493e-05
2018,JP3672400003,0.008059294307140679
2018,JP3165600002,0.0005709221236917912
2018,JP3289800009,0.00037030063277887227
2018,AU000000IAG3,0.002527274237377894
2018,JP3675600005,0.0016164094158796537
2018,IE00BKVD2N49,0.002592379746044161
2018,KYG0535Q1331,0.0009742988780075067
2018,JP3266400005,0.004552790596170874
2018,JP3820000002,0.0011706014870100866
2018,AU000000SIG5,0.00015159319195265445
2018,JP3436100006,0.01642512250665124
2018,JP3228600007,0.0023909385694220534
2018,JP3200450009,0.004492613053149193
2018,JP3657400002,0.0013575453145637881
2018,JP3596200000,0.0017482211784149756
2018,JP3351600006,0.004129088881430098
2018,JP3347200002,0.003478078878090853
2018,JP3126400005,0.0009848298802045976
2018,JP3802300008,0.00865523111057817
2018,AU000000COH5,0.0015309442166908326
2018,JP3891600003,0.0003788151057973165
2018,JP3194000000,0.0003344138493090788
2018,JP3197600004,0.002580753393818569
2018,JP3371200001,0.008684270372539913
2018,JP3404600003,0.0040541457909157655
2018,JP3242800005,0.009735014813230745
2018,JP3435000009,0.011616125494318038
2018,JP3573000001,0.0021457273962353788
2018,HK0293001514,0.0007208023634697326
2018,SG9999000020,0.0016375267826274314
2018,JP3359600008,0.0034340482017337294
2018,JP3475350009,0.004655354992403951
2018,JP3633400001,0.04123483382123931
2018,JP3951600000,0.003167778879739625
2018,AU000000WOW2,0.005218227192343196
2018,AU000000BHP4,0.014468512032362258
2018,AU000000MAH3,0.0001243500886691839
2018,JP3131430005,0.0008490082894839323
2018,JP3787000003,0.0018491506600506866
2018,JP3409000001,0.003446882160688405
2018,JP3198900007,0.00660489378746083
2018,JP3421100003,0.0002533582843165457
2018,SGXE21576413,0.002368711306459288
2018,JP3402600005,0.002585530087968482
2018,JP3955000009,0.0009083600294854318
2018,AU000000BWP3,0.0003770326702211288
2018,SG1R50925390,0.0
2018,JP3837800006,0.003653337846469498
2018,AU000000APA1,0.0013325555101205457
2018,MU0117U00026,0.0005021307321503277
2018,SG1R89002252,0.0017064589259154419
2018,JP3582600007,0.0006931728024222054
2018,JP3635400009,0.0007241197601519307
2018,JP3320800000,0.0005094433860671383
2018,JP3940000007,0.0019600946388678604
2018,JP3830800003,0.006832331252127016
2018,JP3419400001,0.0016954729542000807
2018,HK0000608585,0.002933026806821979
2018,JP3866800000,0.006674127988569771
2018,HK0066009694,0.006215876096869363
2018,JP3933800009,0.005072524616133494
2018,JP3634200004,0.0004997228067273114
2018,JP3215800008,0.0005963214590442591
2018,JP3814800003,0.0048235050977874705
2018,BMG4600H1198,0.0005492520457355853
2018,AU000000BPT9,0.00040783219223788453
2018,JP3358800005,0.0016540576868172626
2018,JP3414750004,0.0016163356897414744
2018,JP3322930003,0.00140894835175585
2018,JP3119600009,0.0019064263775173227
2018,JP3486800000,0.0024196510396012273
2018,AU000000ERA9,0.00018916842032164587
2018,JP3283650004,0.002109927672636854
2018,JP3619800000,0.000327195137856715
2018,JP3388200002,0.0029173110031885247
2018,JP3819400007,0.0007213273909669784
2018,JP3368000000,0.001184466509288148
2018,JP3659000008,0.002740090119986077
2018,JP3375800004,0.00038887756321240714
2018,JP3967200001,0.002403122123260815
2018,JP3174410005,0.00131966678148613
2018,JP3914400001,0.006091256963241113
2018,HK0363006039,0.0005493977123172248
2018,JP3385980002,0.0009403094980357073
2018,JP3404200002,0.000848358194801538
2018,JP3942800008,0.0022553533862957457
2018,AU000000ASX7,0.0015224165196807023
2018,JP3118000003,0.0005912037415667286
2018,JP3743000006,0.0010163158722854804
2018,JP3419050004,0.0006883962000207691
2018,JP3935600001,0.0008504015865209343
2018,AU0000224040,0.0040824532489456555
2018,HK0006000050,0.003405160568305158
2018,JP3429800000,0.0026513546092885396
2018,JP3551200003,1.2323472173686497e-21
2018,JP3551520004,0.002490339397892243
2018,JP3421800008,0.003330382086850594
2018,AU000000CIM7,0.0023933635896919076
2018,JP3449020001,0.00041191602540514236
2018,JP3870000001,0.0006204368992244593
2018,HK0000745908,0.0005445367769844959
2018,JP3495000006,0.0010306302367793444
2018,JP3982800009,0.002206920066358567
2018,JP3269600007,0.0011710816484912442
2018,JP3456000003,0.0007108853217745633
2018,HK0688002218,0.00799261814529148
2018,JP3336000009,0.001202559270971479
2018,JP3166000004,0.000813421229895507
2018,JP3566800003,0.007368875686065328
2018,HK0000139300,0.00022923834241260423
2018,JP3385820000,0.00046732783173377497
2018,JP3686800008,0.0
2018,JP3670800006,0.0010823708566911503
2018,JP3381000003,0.0039229187142321995
2018,JP3711600001,0.001273842210234168
2018,JP3613400005,0.0007956979858132152
2018,JP3762600009,0.004554052476029996
2018,JP3888300005,0.0011848521547615683
2018,JP3350800003,0.0004415774132047074
2018,BMG668971101,0.0014594312294503116
2018,JP3735400008,0.018332463859085192
2018,JP3246400000,0.0008087972874747677
2018,HK0388045442,0.00833126206025238
2018,HK0083000502,0.002167390639329271
2018,HK2388011192,0.009810921921410046
2018,AU000000DXS1,0.0014310041611543002
2018,BMG2108M2182,0.0006064505691431407
2018,JP3982100004,0.0013105012043142465
2018,JP3778630008,0.0012795327506599972
2018,JP3734800000,0.008547965422838415
2018,AU000000LLC3,0.0012727467258822605
2018,JP3898400001,0.008337903559307696
2018,HK0014000126,0.0010926149015458113
2018,SG1F60858221,0.0015653092345146388
2018,HK0165000859,0.0008134844538812193
2018,AU000000MND5,0.00029352402061214657
2018,JP3502200003,0.0023972979186723353
2018,JP3197800000,0.0026140042751605893
2018,JP3358200008,0.000746143543204115
2018,JP3894900004,0.0010140021429470097
2018,JP3526600006,0.0012686198786918481
2018,JP3160400002,0.0031015955190711255
2018,JP3485800001,0.0008017097324130661
2018,JP3902900004,0.0194848185996607
2018,AU000000SBM8,0.000361032486887442
2018,JP3684000007,0.0027180627392318453
2018,AU000000ORG5,0.0022253033483028615
2018,HK0291001490,0.002413470104377239
2018,AU000000ABC7,0.0003959285884692251
2018,SG1T75931496,0.007885685973260986
2018,JP3294460005,0.0034534890346134364
2018,JP3827200001,0.0008514586137470741
2018,JP3818000006,0.002351142444984645
2018,AU000000WBC1,0.015576516204915321
2018,JP3538800008,0.0021994706028048167
2018,JP3902400005,0.0072888272205305785
2018,JP3835620000,0.0007121285059135305
2018,KYG5427W1309,0.00097691530529598
2018,JP3158800007,0.0
2018,JP3205800000,0.006728537254397827
2018,JP3397200001,0.005148815119957652
2018,HK0010000088,0.0009944233152188015
2018,AU000000QBE9,0.0020793966980026135
2018,AU000000IVC8,0.0002929300994658623
2018,JP3845400005,0.0
2018,AU000000DOW2,0.0005299194739870764
2018,JP3148800000,0.00042192232782683244
2018,JP3389900006,0.0004158599409947974
2018,JP3112000009,0.0018047127009848448
2018,AU000000MTS0,0.0004437306735647392
2018,JP3788600009,0.007137519603907118
2018,JP3180400008,0.001535683962095343
2018,JP3595200001,0.0012851902299582673
2018,JP3293200006,0.0014090064179577656
2018,JP3351100007,0.00295405513246315
2018,AU000000CSR5,0.00034184081410721404
2018,JP3223800008,0.0
2018,JP3400900001,0.0
2018,JP3888400003,0.0007309885565296842
2018,JP3695200000,0.0012725256837424405
2018,JP3765400001,0.0007136099785421649
2018,AU000000CGF5,0.0011203484478536309
2019,JP3535800001,0.00041801272479834807
2019,JP3571400005,0.004654552143284122
2019,HK0000055878,0.0023599503089493565
2019,AU000000WES1,0.005297789387303794
2019,JP3551500006,0.007040430461656874
2019,JP3173400007,0.0017860177866509167
2019,JP3249600002,0.00401580254684328
2019,AU000000WOR2,0.000998192761505463
2019,JP3877600001,0.0026810629312841545
2019,JP3539220008,0.001706633940244764
2019,JP3621000003,0.0022675343512585495
2019,JP3190000004,0.001411652194733777
2019,NZCENE0001S6,0.0004912008673875685
2019,JP3481800005,0.006166093560459127
2019,JP3903000002,0.00014874764614125272
2019,NZTELE0001S4,0.0008365516103609023
2019,JP3850200001,2.230690784675352e-20
2019,NZSKCE0001S2,0.00037627929956358784
2019,AU000000STO6,0.0019871300535434194
2019,HK0023000190,0.0020435762766088513
2019,JP3796150005,0.0005392774200092031
2019,JP3401400001,0.0015839004008527942
2019,BMG2442N1048,0.0008249589389985199
2019,JP3726800000,0.009910943475011182
2019,JP3122400009,0.0009923348054881058
2019,SG1S83002349,0.0007831397906959678
2019,HK0019000162,0.0013579884855057273
2019,JP3626800001,0.000943419256683169
2019,JP3799000009,0.000861350386131722
2019,JP3585800000,0.0011756031121537612
2019,JP3258000003,0.004324523173286765
2019,US89677Q1076,0.004069983010814455
2019,AU000000GWA4,0.00025949407696801636
2019,JP3899600005,0.004777233849646806
2019,JP3688370000,0.0013134194420577232
2019,JP3499800005,0.0009350733370847084
2019,BMG8063F1068,0.0009292610691780496
2019,JP3733400000,0.0006015976122287942
2019,JP3973400009,0.0019555234154330116
2019,JP3942400007,0.005890730002640941
2019,AU000000MGR9,0.0013408888309906649
2019,JP3900000005,0.0024969252004072183
2019,JP3766550002,0.0010978026949186696
2019,JP3493400000,0.0008969306964237341
2019,JP3111200006,0.0030787326807699485
2019,JP3420600003,0.0019810406462515387
2019,JP3243600008,0.00044087349516156333
2019,JP3407400005,0.002048590643252295
2019,JP3201200007,0.00266029571693465
2019,JP3443600006,0.0023950700117249756
2019,JP3678000005,0.0006101769470789659
2019,HK0004000045,0.0017913795820552916
2019,JP3304200003,0.00503904266495942
2019,JP3165700000,0.0033049274910853716
2019,HK0016000132,0.00970767531016937
2019,JP3352400000,0.0002862013471875398
2019,JP3939000000,0.0007135556611914416
2019,HK0012000102,0.004986280242945707
2019,AU000000ANZ3,0.010370516377587052
2019,SG1U68934629,0.0015750840408393933
2019,NZAIAE0002S6,0.0012899393280035286
2019,BMG677491539,0.0007650190167346621
2019,JP3405400007,0.000879316198339889
2019,BMG8403G1033,7.549320488726425e-21
2019,JP3209000003,0.0006432405704120752
2019,JP3546800008,0.004147658228218057
2019,JP3721400004,0.0003944304337558367
2019,JP3040890000,0.0009566685789015325
2019,JP3720800006,0.0009062112676314985
2019,KYG525621408,0.0008200126994344342
2019,HK0000049939,0.006834297359920847
2019,AU000000ORI1,0.0008664520856362833
2019,AU000000TAH8,0.0012365808834803366
2019,JP3598600009,0.0013431888776027875
2019,JP3452000007,0.00048515344395079566
2019,JP3826800009,0.00020656894892328746
2019,JP3635000007,0.002500807713737725
2019,JP3756100008,0.0031106400090323257
2019,JP3326410002,0.0007003770168787188
2019,JP3229400001,0.0010829203768796506
2019,SG9999003735,7.581765800436337e-05
2019,AU000000PPT9,0.0003548431823614123
2019,JP3522200009,0.00034051266050003553
2019,JP3386030005,0.0008943127318987792
2019,SG2B80958517,0.00012594119616877666
2019,KYG2108Y1052,0.005438757360454457
2019,JP3493800001,0.0015328902228886306
2019,JP3762800005,0.0020805714424693266
2019,JP3027670003,0.0019453181239522228
2019,SG1B51001017,0.002021348693290998
2019,JP3742600004,0.0004942694695945419
2019,JP3544000007,0.0006944345233975644
2019,AU000000CQR9,0.00041258943531235587
2019,AU000000ILU1,0.0006739827007609582
2019,BMG2178K1009,0.004366621693634721
2019,AU000000IGO4,0.0004361943894809638
2019,JP3792600003,0.0012046973248605348
2019,BMG988031446,0.0008604719717700408
2019,AU000000CSL8,0.012788875098970934
2019,JP3854600008,0.010750792864723645
2019,JP3676800000,0.001267586969143031
2019,JP3270000007,0.0006257199368163118
2019,JP3362700001,1.8190171888608573e-20
2019,JP3549600009,0.0004736328371421985
2019,AU000000OZL8,0.00051294324670962
2019,AU0000038911,7.5232247700971e-06
2019,JP3156400008,0.0005772047937232756
2019,JP3733000008,0.001671698617076843
2019,KYG217651051,0.0076221656875430565
2019,JP3116000005,0.004084366212769483
2019,JP3667600005,0.000711510434468975
2019,JP3494600004,0.0002240324962843684
2019,JP3592200004,0.0034585263496843604
2019,JP3126340003,0.0012368633550855546
2019,HK0011000095,0.008857137441317988
2019,AU000000CWY3,0.00041622068177802886
2019,JP3274400005,0.0002607124365039964
2019,JP3711200000,0.0010229369771612392
2019,HK0008011667,0.0011996974592414996
2019,SG1L01001701,0.009210011771278084
2019,JP3605400005,0.0008245514925354263
2019,HK0242001243,0.0003302156059968981
2019,NZAIRE0001S2,5.8995568174806655e-05
2019,AU000000NAB4,0.009351219970383585
2019,JP3910660004,0.007032048483033945
2019,AU000000SUN6,0.0024249459826558564
2019,AU000000SGM7,0.0006450380480575306
2019,JP3463000004,0.012352197334048944
2019,JP3870400003,0.0007866311045857533
2019,AU000000RHC8,0.0017110632863010155
2019,AU000000NCM7,0.002652213189346181
2019,JP3811000003,0.00027257911280497663
2019,JP3300600008,0.0010292668930519347
2019,AU0000088338,0.0010039416227899953
2019,JP3663900003,0.0011516842528931297
2019,JP3977400005,0.000702040866879931
2019,JP3629000005,0.0011530745531315827
2019,JP3753000003,1.3199681962479033e-20
2019,JP3134800006,0.0012883322564234585
2019,JP3769000005,0.0005902032529344895
2019,JP3143600009,0.005718954208562524
2019,JP3600200004,0.0009561889172314032
2019,JP3786200000,0.000811080115798496
2019,JP3224200000,0.0011197590338708975
2019,JP3830000000,0.0010557225734942391
2019,JP3738600000,0.0011366823204320407
2019,JP3357200009,0.0013264910227635247
2019,HK0308001558,0.0005090822919501353
2019,JP3814000000,0.004654186787283955
2019,JP3893200000,0.004765080504340315
2019,HK0823032773,0.004673068949442349
2019,JP3890350006,0.010280752257325434
2019,SG1T58930911,0.00018619000271148265
2019,JP3164800009,0.0006461984358661281
2019,JP3528600004,9.984323184557463e-06
2019,SG1N31909426,0.0007568286166205196
2019,JP3634600005,0.003387780944905752
2019,AU000000GPT8,0.0016053855247887814
2019,JP3942600002,0.0017229659456990572
2019,HK0200030994,0.0006789250773401119
2019,HK0003000038,0.006707187418809507
2019,AU000000SHL7,0.001486807552447953
2019,JP3305990008,0.0011523293426513185
2019,SG1J26887955,0.0012009103975322843
2019,AU000000QAN2,0.0007657451805623885
2019,HK0002007356,0.0052505150831655455
2019,JP3210200006,0.0015985372184483305
2019,AU000000BEN6,0.0007357785833734233
2019,AU000000AMP6,0.0009718761670226168
2019,SG1P66918738,0.0007470330538480559
2019,SG1V61937297,0.0008791970224453915
2019,AU000000CBA7,0.017829373693480106
2019,JP3256000005,0.0018526875219705224
2019,AU000000SGP0,0.0014269768285100311
2019,AU000000BSL0,0.0006943620750363141
2019,AU000000BLD2,0.0007288411757945034
2019,SG1M51904654,0.0013215381052708124
2019,BMG684371393,6.608740300145455e-06
2019,JP3890310000,0.0036076422212123773
2019,JP3893600001,0.0055453551046203385
2019,JP3415400005,0.0007718163379803483
2019,JP3560800009,0.0006441823398297558
2019,JP3783600004,0.007130709377077318
2019,JP3496400007,0.01240832151074105
2019,NZFBUE0001S0,0.0005367101706075535
2019,BMG524401079,0.0014066046895052236
2019,JP3756600007,0.007636831798470973
2019,JP3665200006,0.0008827999784482552
2019,AU000000MQG1,0.005740999092011245
2019,JP3638600001,0.000413886982284487
2019,JP3260800002,0.001668290541631041
2019,AU000000TCL6,0.004691143243915836
2019,AU000000TLS2,0.005172239798504858
2019,HK0144000764,0.0013389751136731337
2019,JP3505000004,0.004195034834276189
2019,JP3027680002,0.0017008065090046646
2019,SGXE34184239,0.0006946147842709412
2019,JP3868400007,0.001401897611083414
2019,JP3491000000,0.0005335086425893437
2019,JP3268950007,0.0011647129063893987
2019,JP3519400000,0.006644684795008733
2019,AU000000ELD6,0.00011403062373093504
2019,JP3672400003,0.00697649913303958
2019,JP3165600002,0.0004613463984892764
2019,JP3289800009,1.4537342303574406e-20
2019,AU000000IAG3,0.0023769036507316106
2019,JP3675600005,0.0012079211710890238
2019,IE00BKVD2N49,0.0023539244208446563
2019,KYG0535Q1331,0.0008741413919777818
2019,JP3266400005,0.0038989256422804846
2019,JP3820000002,0.000983542943050603
2019,AU000000IRE2,0.00030485975126899633
2019,AU000000SIG5,0.00022629326431917746
2019,JP3436100006,0.017167795858630746
2019,JP3228600007,0.002993517639010421
2019,JP3200450009,0.004008940342265657
2019,JP3657400002,0.001339536367957068
2019,JP3613000003,0.0008328531393672783
2019,JP3596200000,0.001370110978602665
2019,JP3351600006,0.005190462358401897
2019,JP3347200002,0.0040216171856222
2019,JP3126400005,0.0008585384749682461
2019,JP3802300008,0.009823864925349103
2019,AU000000COH5,0.0017075453313035328
2019,JP3891600003,0.0003472231486828623
2019,JP3194000000,0.0003318659321192831
2019,JP3197600004,0.002373082252701457
2019,JP3371200001,0.007031540244422463
2019,JP3404600003,0.003859317556310943
2019,JP3242800005,0.007699976475095075
2019,JP3358000002,0.002487860049447214
2019,JP3435000009,0.012979579387754854
2019,JP3573000001,0.0024295836295745244
2019,HK0293001514,0.00020413725443032982
2019,SG9999000020,0.0009454503790429136
2019,JP3359600008,0.0013712791463331368
2019,JP3475350009,0.005027533974761863
2019,JP3633400001,0.03953262880694303
2019,AU000000FLT9,0.0006991321439939848
2019,JP3951600000,0.004006848856106222
2019,AU000000WOW2,0.00553784233745823
2019,AU000000BHP4,0.015181347060794988
2019,AU000000MAH3,0.00011417374614565354
2019,JP3131430005,0.0007494245840291218
2019,JP3787000003,0.0013467609493078591
2019,JP3409000001,0.0037366790460859885
2019,JP3198900007,0.007558925722446187
2019,JP3421100003,6.829181729363098e-05
2019,SGXE21576413,0.0022483613104671615
2019,JP3402600005,0.0017372185543426289
2019,JP3955000009,0.0007317296111667784
2019,AU000000BWP3,0.0005259051253108613
2019,JP3862400003,0.0021753306518981913
2019,SG1R50925390,4.023949829682209e-20
2019,JP3172100004,0.0002973919342880534
2019,JP3837800006,0.004810097148519682
2019,AU000000ALL7,0.0022536105257232554
2019,AU000000APA1,0.0015137179867378734
2019,MU0117U00026,1.6823992766703902e-05
2019,SG1R89002252,0.001269432478972621
2019,JP3582600007,0.0004998402044898027
2019,JP3635400009,0.0005321825719366182
2019,JP3320800000,0.0004926493664627836
2019,JP3940000007,0.0021401212056676123
2019,JP3830800003,0.0058780492203171966
2019,JP3419400001,0.0013951891633317687
2019,HK0000608585,0.003232463657697099
2019,JP3866800000,0.0046279133820556154
2019,HK0066009694,0.0067868989005671464
2019,HK0392044647,0.001726185109896767
2019,JP3933800009,0.0029434957431075984
2019,JP3634200004,0.0004890982958354443
2019,JP3215800008,0.0005690083743348011
2019,JP3814800003,0.003756083991245672
2019,BMG4600H1198,0.0006108292416889924
2019,AU000000BPT9,0.0004617369093545485
2019,JP3358800005,0.0014924193524106174
2019,JP3414750004,0.0011753528088223938
2019,JP3322930003,0.001058853826614797
2019,JP3119600009,0.001533600307261724
2019,JP3143000002,0.0007227907084652719
2019,JP3486800000,0.0020673128744984983
2019,AU000000ERA9,0.00010845639536646183
2019,JP3283650004,0.0019780380961487262
2019,JP3619800000,0.00019427858152915023
2019,JP3388200002,0.0038130656484138864
2019,JP3819400007,0.0007429762651364821
2019,JP3368000000,0.000862341992512664
2019,JP3659000008,0.0029082241421349853
2019,JP3718800000,0.0007088660380134327
2019,JP3375800004,0.0004302080402615901
2019,JP3967200001,0.0021814057813037318
2019,JP3174410005,0.0011087365797631957
2019,JP3574200006,0.002301322547638444
2019,JP3914400001,0.006927503963982218
2019,HK0363006039,0.00047129351472709386
2019,JP3385980002,0.0006744896797379519
2019,JP3404200002,0.0005062219212002383
2019,JP3942800008,0.0016360945989972284
2019,AU000000ASX7,0.0018193005236914832
2019,JP3118000003,0.0003952747460790446
2019,JP3743000006,0.0009007502977042977
2019,JP3419050004,0.0007980905538841635
2019,JP3935600001,0.0008062304129044796
2019,AU0000224040,0.004368118518164299
2019,HK0006000050,0.0026742993276643793
2019,JP3429800000,0.0026295760506502767
2019,JP3137200006,0.0027643736388600865
2019,JP3551200003,4.476583060871225e-20
2019,JP3551520004,0.0030212304072696327
2019,JP3421800008,0.003855686214542434
2019,AU000000CIM7,0.0022244327399772394
2019,JP3449020001,3.1557410587465504e-20
2019,JP3870000001,0.00028481090387182665
2019,HK0000745908,0.0006029751854666134
2019,JP3774200004,0.0017990712409549
2019,JP3495000006,0.0018360066427806894
2019,JP3982800009,0.0015414191106677703
2019,JP3102000001,0.0022004102313648607
2019,JP3269600007,0.0010427610010074028
2019,JP3276400003,0.0006678862175644422
2019,JP3456000003,0.00047555227902721763
2019,HK0688002218,0.008153451401410165
2019,JP3336000009,0.0009834587476490004
2019,JP3166000004,0.0007821453096867769
2019,JP3566800003,0.009046236988921347
2019,HK0000139300,0.00013074492567882626
2019,JP3385820000,0.0004769224855395357
2019,JP3686800008,9.017456785410928e-21
2019,JP3670800006,0.0014844375079125787
2019,JP3381000003,0.0019202531454415046
2019,JP3711600001,0.0014645520567687532
2019,JP3511800009,0.0011552363526399448
2019,JP3613400005,0.0012561827414063066
2019,JP3762600009,0.003062085873815596
2019,JP3888300005,0.0010534444211087466
2019,JP3350800003,0.0002838002779200264
2019,JP3579800008,0.0007726721745491772
2019,BMG668971101,0.001991773618276078
2019,JP3735400008,0.016699442943257342
2019,JP3246400000,0.0011983933603298461
2019,HK0388045442,0.007588563682807748
2019,HK0083000502,0.002374081786906197
2019,HK2388011192,0.008151906732039858
2019,AU000000DXS1,0.0017213530245092676
2019,BMG2108M2182,0.0003535922738977691
2019,JP3982100004,0.0013004547055878893
2019,JP3778630008,0.0018282838913124683
2019,JP3734800000,0.006986589399844422
2019,AU000000LLC3,0.0007902089558994713
2019,JP3898400001,0.00913871715507827
2019,HK0014000126,0.0011155606879922819
2019,SG1F60858221,0.0019984179566653773
2019,HK0165000859,0.000833534949239866
2019,AU000000MND5,0.000371379550666518
2019,JP3502200003,0.0019231010405021697
2019,JP3197800000,0.0020498691544790512
2019,JP3358200008,0.0005947300833602183
2019,JP3894900004,0.0010086539837787887
2019,JP3526600006,0.0014865331467712754
2019,JP3160400002,0.004623730071069167
2019,KYG210961051,0.002467182473023623
2019,JP3485800001,0.0007946341043560783
2019,JP3902900004,0.014215353812967105
2019,AU000000SBM8,0.0003911060533770822
2019,JP3684000007,0.001968224266052015
2019,AU000000ORG5,0.0010782812042567133
2019,HK0291001490,0.002493900386722881
2019,AU000000ABC7,7.389882542860356e-06
2019,SG1T75931496,0.00724384579942966
2019,JP3294460005,0.0023440216743924112
2019,JP3827200001,0.000555010469981119
2019,JP3818000006,0.0027305504098317536
2019,AU000000WBC1,0.01215863132254741
2019,JP3538800008,0.0021435365550502806
2019,JP3625000009,1.2737397290659015e-20
2019,JP3902400005,0.0053349382597796795
2019,JP3835620000,0.0004846882346006144
2019,KYG5427W1309,0.0007172333177029355
2019,JP3158800007,1.0937452277743627e-20
2019,JP3205800000,0.006972737155332726
2019,JP3397200001,0.00542529721188791
2019,HK0010000088,0.0009890912674839368
2019,AU000000QBE9,0.001979386994111681
2019,AU000000IVC8,0.0004069565162981647
2019,JP3845400005,1.8878386158252695e-20
2019,AU000000DOW2,0.000604803033456475
2019,JP3148800000,0.0004087378242435502
2019,JP3389900006,0.00033492673638328165
2019,JP3112000009,0.001436347699525767
2019,AU000000MTS0,0.0003648675030550896
2019,JP3788600009,0.006019224549614964
2019,JP3180400008,0.0014539343149887669
2019,JP3595200001,0.0005763872152028877
2019,JP3293200006,0.0014211563876107246
2019,JP3351100007,0.0022897689043652387
2019,AU000000CSR5,0.00014804042585911948
2019,JP3223800008,2.732224585119401e-20
2019,JP3400900001,8.475762774785818e-21
2019,JP3888400003,0.0004130234303323471
2019,JP3695200000,0.001028644314231631
2019,JP3765400001,0.0008542859924869016
2019,AU000000CGF5,0.00055043049209397
2020,JP3535800001,0.00047304605652627094
2020,JP3571400005,0.0066276233442607215
2020,HK0000055878,0.0015074245468795103
2020,AU000000WES1,0.006236638594510196
2020,JP3551500006,0.005975023512647737
2020,JP3173400007,0.0024972964719833894
2020,JP3249600002,0.004351003138137582
2020,AU000000WOR2,0.0009389294329518059
2020,JP3877600001,0.002291138503055187
2020,JP3539220008,0.0012907866735859337
2020,JP3621000003,0.0019362594260636159
2020,JP3190000004,0.0014696790346214877
2020,NZCENE0001S6,0.0006098615178064045
2020,JP3481800005,0.00766074906691505
2020,JP3903000002,0.0004281117893700705
2020,NZTELE0001S4,0.0008775983247135124
2020,JP3850200001,0.0
2020,NZSKCE0001S2,0.000346741394267988
2020,AU000000STO6,0.0021478855004452907
2020,HK0023000190,0.0011782211004751817
2020,JP3796150005,0.0004042705981512146
2020,JP3401400001,0.0012110938800908191
2020,BMG2442N1048,0.00047283653122035793
2020,JP3726800000,0.0076717248432237005
2020,JP3122400009,0.0019588916092131772
2020,SG1S83002349,0.00086472827201946
2020,HK0019000162,0.0014971258730861598
2020,JP3626800001,0.0010720917590580558
2020,JP3799000009,0.0009607610901199776
2020,JP3585800000,0.0012533907334932365
2020,JP3258000003,0.003615120186828279
2020,US89677Q1076,0.003333537977106974
2020,AU000000GWA4,0.00015824927075414906
2020,JP3899600005,0.0050074517767982555
2020,JP3688370000,0.0010611693022937946
2020,JP3499800005,0.0010091083777179401
2020,BMG8063F1068,0.0006201269428265715
2020,JP3733400000,0.00045050775619421776
2020,JP3973400009,0.0017474224039748978
2020,JP3942400007,0.005727548202779395
2020,AU000000MGR9,0.0016325018127777955
2020,JP3900000005,0.0021836969262346564
2020,JP3766550002,0.0010307810984923021
2020,JP3493400000,0.0005872466858270386
2020,JP3111200006,0.0027423737974310324
2020,JP3420600003,0.0026859421111044405
2020,JP3243600008,0.0006882116951828269
2020,JP3407400005,0.0019423405436624684
2020,JP3201200007,0.004109923956930436
2020,JP3443600006,0.0018080462991373772
2020,JP3678000005,0.0003714515368240267
2020,HK0004000045,0.0014045012254671311
2020,JP3304200003,0.004050955057197833
2020,JP3165700000,0.0036973047819932685
2020,HK0016000132,0.007381493072611742
2020,JP3352400000,0.000279217770529312
2020,JP3939000000,0.0008197909648354901
2020,JP3280200001,0.0009260102483913484
2020,HK0012000102,0.003992488029048124
2020,AU000000ANZ3,0.008788815530176556
2020,SG1U68934629,0.0016057200714375591
2020,NZAIAE0002S6,0.0012486895344414478
2020,BMG677491539,0.0005313270242693311
2020,JP3405400007,0.0006315015944023444
2020,BMG8403G1033,2.6402882893777614e-05
2020,JP3209000003,0.0008704058729396035
2020,JP3546800008,0.004854574678913994
2020,JP3721400004,0.0002731182956327438
2020,JP3040890000,0.0008559105375534417
2020,JP3720800006,0.0008463225377631414
2020,KYG525621408,0.0005648441173095319
2020,HK0000049939,0.004646137006559197
2020,AU000000ORI1,0.0010174028390665655
2020,JP3771800004,0.0012681679818043327
2020,AU000000TAH8,0.0011275981115542197
2020,JP3598600009,0.0013626309875703557
2020,JP3452000007,0.0007112422480358004
2020,JP3826800009,0.00017649854885370988
2020,JP3635000007,0.0022407329036981086
2020,JP3756100008,0.0032879024892994114
2020,JP3326410002,0.00039833608049343077
2020,JP3229400001,0.0011628643585312314
2020,SG9999003735,0.00011234688188738771
2020,AU000000PPT9,0.00023493023022001336
2020,JP3522200009,0.0008213123079934381
2020,JP3386030005,0.0009340253048033901
2020,JP3885400006,0.001370242786564567
2020,SG2B80958517,0.00016430048282598173
2020,KYG2108Y1052,0.005554969681052186
2020,JP3493800001,0.0016725262730153906
2020,JP3164630000,0.0011593464752245402
2020,JP3762800005,0.0029202684573671005
2020,JP3027670003,0.002050902298731749
2020,SG1B51001017,0.0015221785665484604
2020,JP3039710003,0.0010316716229612334
2020,JP3203500008,0.00018986251052914574
2020,JP3742600004,0.0003416851164623839
2020,JP3544000007,0.0006578705488933883
2020,HK2380027329,0.0
2020,AU000000CQR9,0.0002758526847065718
2020,AU000000ILU1,0.0005492679364254347
2020,BMG2178K1009,0.0034009957762350974
2020,AU000000IGO4,0.0004034371196868989
2020,JP3792600003,0.0010778460051122148
2020,BMG988031446,0.0008377455284390386
2020,AU000000CSL8,0.0173333520132921
2020,JP3854600008,0.008533905963083963
2020,JP3676800000,0.000871983273375191
2020,JP3270000007,0.0008254662911138885
2020,JP3362700001,0.00037369585022673673
2020,JP3549600009,0.00045483642868993844
2020,AU000000OZL8,0.0004075993512353294
2020,JP3156400008,0.00042707050869406044
2020,JP3292200007,0.0007503875162163776
2020,JP3733000008,0.002104438444712395
2020,JP3188220002,0.004539335683359982
2020,KYG217651051,0.006136913029878534
2020,JP3116000005,0.004121928688834477
2020,JP3667600005,0.0006971710641290395
2020,JP3494600004,0.0005237700798667473
2020,JP3592200004,0.002655834256579354
2020,JP3126340003,0.0009323490298675149
2020,HK0011000095,0.007200117699207947
2020,AU000000CWY3,0.00040417693564243664
2020,JP3274400005,0.00026068270994673604
2020,JP3711200000,0.0007550858099360738
2020,HK0008011667,0.0009559705782377577
2020,SG1L01001701,0.008587777967219129
2020,JP3605400005,0.000595350905756844
2020,HK0242001243,0.0002576717915986097
2020,NZAIRE0001S2,0.00031492444598284653
2020,AU000000NAB4,0.00918024476078856
2020,JP3910660004,0.007192365691678686
2020,AU000000JBH7,0.0005858820456519218
2020,AU000000SUN6,0.0019097794519719862
2020,AU000000SGM7,0.00033787153699178714
2020,JP3463000004,0.010992263921766155
2020,JP3870400003,0.0008959039635520697
2020,AU000000RHC8,0.00198231381199032
2020,AU000000NCM7,0.0027505205949139772
2020,JP3811000003,0.0002083952067808561
2020,JP3407200009,4.5922635143491795e-05
2020,JP3300600008,0.0006049037673333351
2020,AU0000088338,0.001028022136338293
2020,JP3663900003,0.0007608198179250771
2020,JP3977400005,0.0007460748214061341
2020,JP3629000005,0.001278420494013234
2020,JP3753000003,0.00013654112340684036
2020,JP3134800006,0.0007514026507490882
2020,JP3143600009,0.006766845692715083
2020,JP3600200004,0.0008908070348604241
2020,JP3786200000,0.001226569958222989
2020,JP3224200000,0.0006586680205872596
2020,JP3830000000,0.00098246454696034
2020,JP3738600000,0.0008047939739610486
2020,JP3357200009,0.0016291733720018601
2020,HK0308001558,0.00019139273806268597
2020,JP3814000000,0.00493155584608987
2020,JP3893200000,0.0048283644005889855
2020,HK0823032773,0.0038809954090730805
2020,JP3890350006,0.009043851695159592
2020,SG1T58930911,0.0002571147567479568
2020,JP3164800009,0.00047845048600887014
2020,JP3528600004,7.604463209963668e-05
2020,SG1N31909426,0.0006883251761394077
2020,JP3634600005,0.0033703653141064415
2020,AU000000GPT8,0.0014979467374461636
2020,JP3942600002,0.0017254838780761796
2020,HK0200030994,0.0006217535255982525
2020,BMG5320C1082,0.001312152462776677
2020,HK0003000038,0.006035687480021165
2020,AU000000SHL7,0.001891272846313095
2020,JP3548610009,0.0004526686909848823
2020,JP3305990008,0.0010198224024617287
2020,JP3277800003,0.0013162728750323069
2020,SG1J26887955,0.0012193430290243703
2020,AU000000QAN2,0.0010878232353069594
2020,HK0002007356,0.0038608757744594767
2020,JP3210200006,0.0013612186089694614
2020,AU000000BEN6,0.0006181664116320818
2020,AU000000AMP6,0.0007790853300469777
2020,SG1P66918738,0.0005427417973249233
2020,SG1V61937297,0.0009612730344285483
2020,AU000000CBA7,0.01834394133723188
2020,JP3256000005,0.002134660456716156
2020,AU000000SGP0,0.0014525798828796458
2020,AU000000BSL0,0.0007786843241072925
2020,AU000000BLD2,0.0006920920486228888
2020,SG1M51904654,0.0012575343098499162
2020,BMG684371393,0.00012106939116202035
2020,JP3890310000,0.0036759729242372783
2020,JP3893600001,0.005757077665979873
2020,JP3415400005,0.0005351208979225726
2020,JP3560800009,0.00036185344837916223
2020,JP3783600004,0.006025133598055367
2020,JP3496400007,0.01310258652513988
2020,NZFBUE0001S0,0.0006011664075441068
2020,BMG524401079,0.0007267210153825551
2020,JP3756600007,0.008772285717213021
2020,JP3665200006,0.0006403107144827292
2020,AU000000MQG1,0.006159232265620438
2020,JP3638600001,0.0004191603916474422
2020,JP3260800002,0.001929360003769426
2020,AU000000TCL6,0.005311505897494908
2020,AU000000TLS2,0.00557906220757527
2020,HK0144000764,0.0010258823304315214
2020,JP3505000004,0.003907509623724526
2020,JP3027680002,0.0018148583395587738
2020,SGXE34184239,0.00036246383430687634
2020,JP3491000000,0.0003418563848185164
2020,JP3268950007,0.0009322071848747829
2020,JP3519400000,0.010848527173411537
2020,AU000000ELD6,0.0001483946830498968
2020,JP3672400003,0.004144586653754209
2020,JP3165600002,0.00032581927874596406
2020,JP3289800009,0.0
2020,AU000000IAG3,0.0020167872257783152
2020,JP3675600005,0.0014224716533683098
2020,JP3162600005,0.005463884536282273
2020,IE00BKVD2N49,0.0027347939552258625
2020,KYG0535Q1331,0.0010147470200156197
2020,JP3266400005,0.0035806519799019523
2020,JP3820000002,0.0008577740779300338
2020,AU000000IRE2,0.00028504987931711164
2020,AU000000SIG5,7.457134450709204e-05
2020,JP3351500008,0.0008148743678196036
2020,JP3436100006,0.015906729107290525
2020,JP3228600007,0.002006421258339236
2020,JP3200450009,0.0040522486425554095
2020,JP3657400002,0.0008729414302876333
2020,JP3613000003,0.0008576517647715055
2020,JP3596200000,0.0013908255366976016
2020,JP3351600006,0.004692936402792295
2020,JP3347200002,0.003554149514975729
2020,JP3126400005,0.0007150517238009171
2020,JP3802300008,0.010249579563050412
2020,AU000000COH5,0.0016849602319876414
2020,JP3896800004,0.0006896690528076926
2020,JP3194000000,0.00033451389683198524
2020,JP3197600004,0.0023484001428386563
2020,JP3371200001,0.008908003642461861
2020,JP3404600003,0.0035272588417880934
2020,JP3242800005,0.006493367683933669
2020,JP3358000002,0.0025627373461839624
2020,JP3435000009,0.01659631723149672
2020,JP3573000001,0.001960889657859966
2020,HK0293001514,0.0007979235733165641
2020,SG9999000020,0.001181761459876625
2020,JP3359600008,0.0014025799576948177
2020,JP3475350009,0.0089714690608477
2020,JP3633400001,0.04170813346453772
2020,AU000000FLT9,0.0005013238241740307
2020,JP3951600000,0.003994973924372228
2020,AU000000ANN9,0.0004989164765199735
2020,AU000000WOW2,0.006426471256085461
2020,AU000000BHP4,0.013944443342860555
2020,AU000000MAH3,9.414777534075166e-05
2020,JP3459600007,0.00039124997160057656
2020,JP3122800000,0.0007594434759360232
2020,JP3131430005,0.0006799398640950422
2020,JP3787000003,0.0011021014841983473
2020,JP3409000001,0.003318671537279277
2020,JP3198900007,0.008574101293324893
2020,JP3421100003,0.00019002361198568505
2020,SGXE21576413,0.0014380749488061013
2020,JP3402600005,0.0015459585804541507
2020,JP3955000009,0.0008366586593319814
2020,AU000000BOQ8,0.000413497076325974
2020,AU000000BWP3,0.000381306723613592
2020,JP3862400003,0.0020443675952442524
2020,SG1R50925390,0.0
2020,JP3172100004,0.0002624955209629009
2020,JP3837800006,0.006890973610056943
2020,AU000000ALL7,0.0027433359673562302
2020,AU000000APA1,0.0016186125419195144
2020,JP3992400006,0.0003525765278683576
2020,MU0117U00026,9.294056974402092e-05
2020,SG1R89002252,0.0012705567916469684
2020,JP3582600007,0.0006339835695192918
2020,JP3635400009,0.000543333019786795
2020,JP3320800000,0.00036122262177590183
2020,JP3940000007,0.0013481069742512992
2020,JP3830800003,0.004752480423838857
2020,JP3419400001,0.0015108875403319077
2020,HK0000608585,0.0023525909560334593
2020,JP3866800000,0.004438552550376227
2020,HK0066009694,0.006336378641944668
2020,HK0392044647,0.0011004022449547476
2020,JP3933800009,0.003530648520409088
2020,JP3634200004,0.0005744007299331877
2020,JP3215800008,0.00042969271673030425
2020,JP3814800003,0.003553196738759034
2020,BMG4600H1198,0.00039137822626611094
2020,AU000000BPT9,0.000671589131690078
2020,JP3358800005,0.0015955242049138561
2020,JP3414750004,0.0011208232253041642
2020,JP3322930003,0.0009083530048418541
2020,JP3119600009,0.0016181732702974
2020,JP3906000009,0.0016444606344864319
2020,JP3143000002,0.0007422849675559259
2020,JP3486800000,0.0016541781439159784
2020,AU000000ERA9,8.40490329149556e-05
2020,JP3283650004,0.001490766254249327
2020,JP3619800000,0.00017507594192014752
2020,JP3388200002,0.0033595128388500665
2020,JP3425000001,0.00026721791307409863
2020,JP3368000000,0.0005928086964688062
2020,HK0270001396,0.0025199846338865494
2020,JP3659000008,0.0029886221633193297
2020,JP3718800000,0.0004365463841005119
2020,JP3375800004,0.0003421586327527811
2020,JP3967200001,0.0020920032223614264
2020,JP3174410005,0.000950488793418122
2020,JP3574200006,0.002071834425746962
2020,JP3914400001,0.007103359466387729
2020,JP3108600002,0.0014105986549197782
2020,HK0363006039,0.0003683611775623498
2020,JP3385980002,0.0007460360233521312
2020,JP3404200002,0.0004162703177385185
2020,JP3942800008,0.001215366853438231
2020,AU000000ASX7,0.0019275802934420967
2020,JP3118000003,0.0004826929209456914
2020,JP3743000006,0.0008181229128742622
2020,JP3419050004,0.0006184787568458261
2020,JP3935600001,0.0007580448658933154
2020,AU0000224040,0.003873234043787859
2020,HK0006000050,0.0028208268162773463
2020,JP3429800000,0.0019330022027588786
2020,JP3137200006,0.0016050298976891192
2020,JP3551200003,0.0
2020,JP3551520004,0.0018202597142614465
2020,JP3421800008,0.0037481686744334722
2020,AU000000CIM7,0.0011517458342437563
2020,JP3449020001,0.00016181191162924913
2020,JP3870000001,0.0003843579417366322
2020,HK0000745908,0.0006402974472020957
2020,JP3774200004,0.0018651418265236066
2020,JP3495000006,0.0012026982532722728
2020,JP3982800009,0.00151963467347916
2020,JP3102000001,0.0019154136644464284
2020,JP3269600007,0.000747121050694325
2020,JP3276400003,0.0003724056510570604
2020,JP3456000003,0.0002540587192401685
2020,HK0688002218,0.006626009961985466
2020,JP3336000009,0.0013590492487884753
2020,JP3166000004,0.0005841476564143414
2020,JP3566800003,0.007510388313666104
2020,HK0000139300,9.864918045634758e-05
2020,JP3385820000,0.00035299799689541623
2020,JP3686800008,0.0
2020,JP3670800006,0.0011069379751049617
2020,AU000000CPU5,0.00118041726967158
2020,JP3381000003,0.0019450747356502126
2020,JP3711600001,0.0017812298927194171
2020,JP3511800009,0.0009797618468034843
2020,JP3613400005,0.0007372305349066823
2020,JP3762600009,0.003296087497568985
2020,JP3888300005,0.00094054830737293
2020,JP3350800003,0.00026015332864724516
2020,JP3579800008,0.00037949456395149664
2020,BMG668971101,0.0009671052768009478
2020,JP3735400008,0.018438886803643622
2020,JP3246400000,0.0005793633570206635
2020,HK0388045442,0.007714597859936013
2020,HK0083000502,0.0017423124522690063
2020,KYG548561284,0.00034588304065017497
2020,HK2388011192,0.006526158613426545
2020,AU000000DXS1,0.0016720378130536731
2020,BMG2108M2182,0.0002506549296517976
2020,JP3982100004,0.0011319330671285138
2020,JP3778630008,0.0023601184408474046
2020,JP3734800000,0.0068560484724912284
2020,AU000000LLC3,0.0011738050944469871
2020,JP3898400001,0.00755101102855931
2020,HK0014000126,0.0007303872665731389
2020,SG1F60858221,0.0019184659749098617
2020,HK0165000859,0.0005432927237664736
2020,AU000000MND5,0.00022452161289015037
2020,JP3502200003,0.0016417530105830684
2020,JP3197800000,0.002295953883540312
2020,JP3358200008,0.00048308300887131886
2020,JP3894900004,0.0005517045334987405
2020,JP3588600001,0.0005631974140386377
2020,JP3526600006,0.0022185456203920088
2020,JP3160400002,0.004321090941763436
2020,KYG210961051,0.002688864651201883
2020,JP3485800001,0.0006026507756314497
2020,JP3902900004,0.012847785307235807
2020,AU000000SBM8,0.00026638283964588435
2020,JP3684000007,0.0016598726849668837
2020,AU000000ORG5,0.001619395957601866
2020,HK0291001490,0.0028372155793935125
2020,AU000000ABC7,0.00019027768786456027
2020,SG1T75931496,0.007025603046920322
2020,JP3294460005,0.0024528776180823154
2020,JP3827200001,0.00036810316867339756
2020,JP3818000006,0.00411605154104917
2020,AU000000WBC1,0.010946981130082294
2020,JP3538800008,0.0025455596655931836
2020,JP3625000009,0.0001256719345234699
2020,JP3902400005,0.005692366023391722
2020,JP3835620000,0.0005420145787799952
2020,KYG5427W1309,0.0005654858654493405
2020,JP3158800007,0.0
2020,JP3205800000,0.007152347683330865
2020,JP3397200001,0.004279195522261867
2020,HK0010000088,0.0006029402535269666
2020,AU000000QBE9,0.0021404064673797222
2020,AU000000IVC8,0.00026609668616903013
2020,JP3845400005,0.0
2020,AU000000DOW2,0.0005752902896548061
2020,JP3148800000,0.0005758081376962168
2020,JP3389900006,0.000263990561292029
2020,JP3112000009,0.0014331147528020508
2020,AU000000MTS0,0.00026652401737630783
2020,JP3788600009,0.006702213209052744
2020,JP3180400008,0.0013084271794459857
2020,JP3595200001,0.0008590364596092712
2020,JP3293200006,0.0010709193844116497
2020,JP3351100007,0.0027158807851108335
2020,AU000000CSR5,0.00019751221377505202
2020,JP3223800008,0.0
2020,JP3400900001,0.0
2020,JP3888400003,0.00028453819899673584
2020,JP3695200000,0.001121793220527926
2020,JP3765400001,0.0006490250688459871
2020,AU000000CGF5,0.0006343524651066054
2021,JP3535800001,0.00044880800936170046
2021,JP3571400005,0.009667753634291143
2021,HK0000055878,0.0010578834813208394
2021,AU000000WES1,0.007481782933893579
2021,JP3551500006,0.0075534205259286365
2021,JP3173400007,0.002874231107127742
2021,JP3249600002,0.003694485357415183
2021,AU000000WOR2,0.0006509949824777473
2021,JP3877600001,0.0018769214984000252
2021,JP3539220008,0.0011820706511065442
2021,JP3621000003,0.001666740141655017
2021,JP3190000004,0.0010213101778786616
2021,NZCENE0001S6,0.0006796086117251189
2021,JP3481800005,0.010078908442769654
2021,JP3903000002,0.00034333290718128735
2021,NZTELE0001S4,0.0009358934097131198
2021,JP3850200001,4.839955139365632e-11
2021,NZSKCE0001S2,0.00029578484426360103
2021,AU000000STO6,0.0016938009822292986
2021,HK0023000190,0.0010435615840109183
2021,JP3796150005,0.0004258128594651252
2021,JP3401400001,0.0012120834684827865
2021,BMG2442N1048,0.0004770550407438145
2021,JP3726800000,0.006333301031093295
2021,JP3122400009,0.002665483716368993
2021,SG1S83002349,0.0007544366031035946
2021,HK0019000162,0.0009421556082261979
2021,JP3626800001,0.0012168772415205933
2021,JP3799000009,0.001026936512509467
2021,JP3585800000,0.0009773852544632405
2021,JP3258000003,0.002903728766499081
2021,US89677Q1076,0.0030118307758566047
2021,AU000000GWA4,0.00015872279944737522
2021,JP3899600005,0.0034951603715900055
2021,JP3688370000,0.001129188001725312
2021,JP3499800005,0.0007100033576342027
2021,BMG8063F1068,0.0004648103013896605
2021,JP3733400000,0.0003950113152136761
2021,JP3973400009,0.0009745407704000858
2021,JP3942400007,0.004746437648075906
2021,AU000000MGR9,0.001170485812246128
2021,JP3900000005,0.0015031781867240897
2021,JP3766550002,0.0009545791237282257
2021,JP3493400000,0.00042799837690634047
2021,JP3111200006,0.00247597782219311
2021,JP3420600003,0.002089350024439416
2021,JP3243600008,0.0005011967135936492
2021,JP3407400005,0.0016654271430416947
2021,JP3201200007,0.003930543011517899
2021,JP3443600006,0.0012394392940095035
2021,JP3678000005,0.000245831846769767
2021,HK0004000045,0.0010564468297011296
2021,JP3304200003,0.004358305642478344
2021,JP3165700000,0.003327844609114172
2021,JP3802400006,0.008437283975361903
2021,HK0016000132,0.006256094459978947
2021,BMG2624N1535,0.0009497715023758767
2021,JP3352400000,0.00015558693927440683
2021,JP3939000000,0.0007203807614961953
2021,JP3280200001,0.0006899101725431324
2021,HK0012000102,0.003094669093042321
2021,AU000000ANZ3,0.008242489755154056
2021,SG1U68934629,0.00113708757492787
2021,NZAIAE0002S6,0.0012388382860326938
2021,BMG677491539,0.0009713677317344609
2021,JP3405400007,0.0005746881798532582
2021,BMG8403G1033,0.0001505672945517562
2021,AU0000033359,0.00035629188629103655
2021,JP3919800007,0.00024373595015468735
2021,JP3209000003,0.0007391123268885306
2021,JP3902000003,0.00036002117962365707
2021,JP3546800008,0.00468490980429016
2021,JP3721400004,0.00034925266065096594
2021,JP3040890000,0.0004995035085198325
2021,JP3720800006,0.0007757531076616141
2021,KYG525621408,0.0007741735156332908
2021,HK0000049939,0.002747582874787756
2021,AU000000ORI1,0.0007125513239241354
2021,JP3771800004,0.0014699591389242706
2021,AU000000TAH8,0.0011673373388200229
2021,JP3598600009,0.0011458870197268445
2021,JP3452000007,0.0012138094144627369
2021,JP3826800009,0.0001278254499252412
2021,JP3635000007,0.0022300510680846055
2021,JP3756100008,0.003577034492939712
2021,JP3780100008,0.0004667940029072384
2021,HK0440001847,0.0001570621292247972
2021,JP3326410002,0.000278586378412676
2021,JP3229400001,0.0012094530636471029
2021,SG9999003735,0.00020525586329670485
2021,AU000000PPT9,0.00021963306858361
2021,JP3522200009,0.0006834388200537692
2021,JP3386030005,0.0007079382332974447
2021,JP3885400006,0.0015273032612922906
2021,SG2B80958517,0.0001682726957569527
2021,KYG2108Y1052,0.004535196629944615
2021,JP3493800001,0.0008970130764134701
2021,JP3164630000,0.0011677125124312207
2021,JP3762800005,0.0034291338979052445
2021,JP3027670003,0.0014969860633149005
2021,SG1B51001017,0.0009804764669987625
2021,JP3039710003,0.0007595288370012155
2021,JP3203500008,0.00010598622556946005
2021,JP3742600004,0.0002739012811068601
2021,JP3544000007,0.0005786577625286043
2021,HK2380027329,4.697348662267413e-10
2021,AU000000CQR9,0.000313680851974502
2021,AU000000ILU1,0.00036862357935245983
2021,BMG2178K1009,0.0022383071854887113
2021,AU000000IGO4,0.0006228504535594877
2021,JP3792600003,0.0008394311578173901
2021,BMG988031446,0.00047958597709662603
2021,AU000000CSL8,0.01486067246972164
2021,JP3854600008,0.0075811656322734905
2021,JP3676800000,0.0008113481572856958
2021,JP3270000007,0.000885267179518524
2021,JP3362700001,0.0005960295545492127
2021,JP3549600009,0.000596064414728597
2021,AU000000OZL8,0.0007580284938604191
2021,JP3156400008,0.00023577008600974186
2021,JP3292200007,0.0004891880047025824
2021,JP3733000008,0.002664795750862285
2021,JP3188220002,0.0037453438709994136
2021,KYG217651051,0.004255571695530738
2021,JP3116000005,0.0032951460074481824
2021,JP3667600005,0.0004967251029343083
2021,JP3494600004,0.0006425180040000425
2021,JP3592200004,0.0023775239417346194
2021,JP3126340003,0.000760574380283549
2021,HK0011000095,0.005393733013872915
2021,AU000000CWY3,0.0005452339238422155
2021,JP3274400005,0.00019060093770425197
2021,JP3711200000,0.00045360821802886334
2021,HK0008011667,0.000758727019553499
2021,SG1L01001701,0.007753329937877438
2021,JP3605400005,0.0004963687756065132
2021,HK0242001243,0.0001494681902474795
2021,NZAIRE0001S2,0.00021234350257820308
2021,AU000000NAB4,0.009520725489018802
2021,JP3910660004,0.005456662903113529
2021,AU000000JBH7,0.0006502586526623352
2021,AU000000SUN6,0.0016204402938782888
2021,AU000000SGM7,0.00031066227585331503
2021,JP3463000004,0.008639232198159492
2021,JP3870400003,0.000628616954192424
2021,AU000000RHC8,0.0018154172213352758
2021,AU000000NCM7,0.002488064661371128
2021,JP3811000003,0.0002656311526430426
2021,JP3407200009,3.111464105808846e-05
2021,JP3300600008,0.00038890923694088016
2021,AU0000088338,0.0007573546656446633
2021,JP3663900003,0.0005346835795184781
2021,JP3977400005,0.0010042905021152744
2021,JP3629000005,0.0008778055364459087
2021,JP3753000003,0.0007080384771629549
2021,JP3134800006,0.0005085089301859377
2021,JP3769000005,0.00030707927478729934
2021,JP3143600009,0.007129344425641988
2021,JP3600200004,0.0010467625705038587
2021,JP3786200000,0.0010101554559231879
2021,JP3224200000,0.0005722992817483237
2021,JP3944130008,0.0010021869749595159
2021,JP3830000000,0.0010070938830240737
2021,JP3738600000,0.000654573846067352
2021,JP3357200009,0.0018283123916146247
2021,HK0308001558,0.00017213545185279196
2021,JP3814000000,0.0047433723346947095
2021,JP3893200000,0.003093254017917655
2021,HK0823032773,0.002851039674262378
2021,JP3890350006,0.006839781797711947
2021,SG1T58930911,0.0002446014116958711
2021,JP3164800009,0.0004142139157105163
2021,JP3528600004,0.00010682990189989278
2021,SG1N31909426,0.0004381075432310088
2021,JP3634600005,0.004394645663760093
2021,AU000000GPT8,0.0010239192039543867
2021,JP3942600002,0.0017702077879618752
2021,HK0200030994,0.0004164415786297451
2021,BMG5320C1082,0.0013160283364165952
2021,HK0003000038,0.004068764113054927
2021,AU000000SHL7,0.0021197974172069045
2021,JP3548610009,0.00040706906520963953
2021,JP3305990008,0.0007769809153136571
2021,JP3277800003,0.0015411790581922272
2021,SG1J26887955,0.0012423018207939817
2021,AU000000QAN2,0.0010511510772433503
2021,JP3263000006,0.0006099806265348479
2021,HK0002007356,0.0031695626389294084
2021,JP3210200006,0.0011804439777633475
2021,AU000000BEN6,0.0005864265352886181
2021,AU000000AMP6,0.0006211326254857555
2021,AU000000IFL2,0.00024436511187947066
2021,SG1P66918738,0.0003796167039285501
2021,SG1V61937297,0.001473697450286891
2021,AU000000CBA7,0.018331818708663315
2021,JP3256000005,0.0024028773529268734
2021,AU000000SGP0,0.0012730926393713315
2021,AU000000BSL0,0.0010026788397903303
2021,AU000000BLD2,0.0007263125934962604
2021,SG1M51904654,0.0016942604920443484
2021,BMG684371393,0.0001232815327335193
2021,JP3890310000,0.00273395067953389
2021,JP3271400008,0.00040039695450229265
2021,JP3893600001,0.0049657427476412505
2021,JP3415400005,0.0004346007357198693
2021,JP3560800009,0.00054432000332627
2021,JP3783600004,0.003793358522299135
2021,JP3496400007,0.010901469694815513
2021,NZFBUE0001S0,0.0005620552287351466
2021,BMG507361001,0.006655297043496524
2021,BMG524401079,0.000672178989249504
2021,JP3756600007,0.012250511573448272
2021,JP3665200006,0.0006214859502988123
2021,AU000000MQG1,0.005838120499580299
2021,JP3638600001,0.0004395303377913932
2021,JP3260800002,0.0012588292383513386
2021,AU000000TCL6,0.004478528275991871
2021,AU000000TLS2,0.00453114990900982
2021,HK0836012952,6.41078247127709e-11
2021,HK0144000764,0.0009480556008693692
2021,JP3219000001,0.00040996073571635374
2021,JP3505000004,0.003014860332466482
2021,JP3027680002,0.0012380770218336366
2021,SGXE34184239,0.0002468409951583922
2021,JP3868400007,0.0007053335081310085
2021,JP3491000000,0.00029727760642325735
2021,JP3268950007,0.0008237454392675416
2021,JP3519400000,0.013567270408250435
2021,AU000000ELD6,0.00025559697828118384
2021,JP3672400003,0.003469901763591221
2021,JP3165600002,0.00026965052732122485
2021,JP3289800009,0.00011034001489663501
2021,AU000000IAG3,0.0014059332090148818
2021,JP3675600005,0.0013901004083744165
2021,JP3162600005,0.00660227743188565
2021,IE00BKVD2N49,0.002498925879332384
2021,KYG0535Q1331,0.0009244281678944566
2021,JP3266400005,0.00432014212089075
2021,JP3820000002,0.0009894023720257064
2021,AU000000IRE2,0.00024020829663752908
2021,AU000000SIG5,5.726574760505049e-05
2021,JP3351500008,0.000755713945901498
2021,JP3436100006,0.026791841019396967
2021,JP3228600007,0.0014179272525724335
2021,AU000000SXL4,0.00011274125214469307
2021,JP3200450009,0.0034224778556895047
2021,JP3657400002,0.0005354836759816105
2021,JP3613000003,0.0009287018993685595
2021,JP3596200000,0.0016948611352050516
2021,JP3351600006,0.004401058511670342
2021,JP3347200002,0.002689004631404403
2021,JP3126400005,0.0004369894057111292
2021,JP3802300008,0.014503801876363137
2021,AU000000COH5,0.0015737929284477385
2021,JP3896800004,0.000819628599877312
2021,SG1M77906915,0.0014634041568698714
2021,JP3194000000,0.00024076836067674851
2021,JP3197600004,0.002534554341929315
2021,JP3196000008,0.0016784349811131002
2021,JP3371200001,0.011486629115035524
2021,JP3404600003,0.002715353329512723
2021,JP3242800005,0.0047798300749434105
2021,JP3411000007,0.0001251459100418765
2021,JP3358000002,0.003534447777073649
2021,JP3435000009,0.019823588190829747
2021,JP3573000001,0.001628572145249716
2021,HK0293001514,0.0007638655241970446
2021,SG9999000020,0.001473882961460125
2021,JP3359600008,0.001794921945372422
2021,JP3475350009,0.01066999617059147
2021,JP3633400001,0.03644097239528672
2021,AU000000FLT9,0.00037269420842637465
2021,JP3951600000,0.004409656046427463
2021,AU000000ANN9,0.0005104830859530468
2021,AU000000WOW2,0.006161106844613767
2021,AU000000BHP4,0.015905861670956107
2021,AU000000MAH3,8.774073649539472e-05
2021,JP3459600007,0.0004419462470469137
2021,JP3122800000,0.0006847866502346913
2021,JP3131430005,0.0006033120059019708
2021,JP3787000003,0.0009255491764758237
2021,JP3409000001,0.0022955292641795764
2021,JP3198900007,0.009003830683739328
2021,JP3421100003,0.0001169056686811153
2021,SGXE21576413,0.0012630414089914606
2021,JP3398000004,0.0007011575929516276
2021,JP3402600005,0.0020927946106197616
2021,JP3955000009,0.0009549000577543192
2021,AU000000BOQ8,0.00045102837267552083
2021,AU000000BWP3,0.00028551665080166325
2021,JP3862400003,0.0021002998520627254
2021,SG1R50925390,2.047794066475144e-11
2021,JP3172100004,0.0002919415007642393
2021,JP3305530002,0.0007139139539604733
2021,JP3837800006,0.007396967292655272
2021,AU000000ALL7,0.002462046368986684
2021,AU000000APA1,0.0014094450343831218
2021,JP3992400006,0.00018239678534977112
2021,MU0117U00026,2.3418071849539015e-05
2021,SG1R89002252,0.000804843565658501
2021,JP3582600007,0.00047203524448206804
2021,JP3635400009,0.0004826386545981702
2021,JP3320800000,0.00023571300440220432
2021,JP3940000007,0.0017037812129824287
2021,JP3830800003,0.004210752898576688
2021,JP3419400001,0.0013558545239762661
2021,HK0000608585,0.0018334711008074335
2021,JP3866800000,0.005093283065135279
2021,HK0066009694,0.005520239118435817
2021,HK0392044647,0.0007366997144036563
2021,JP3933800009,0.005034526417596623
2021,JP3634200004,0.0005900564625693083
2021,JP3215800008,0.00042651122779306406
2021,JP3814800003,0.0022776322268786508
2021,BMG4600H1198,0.0008990740867833247
2021,AU000000BPT9,0.0004469713688752425
2021,JP3358800005,0.0009390133703239683
2021,JP3414750004,0.0010884289682861095
2021,JP3322930003,0.001051146055405378
2021,JP3119600009,0.0018973307058289934
2021,JP3906000009,0.001556803879744742
2021,JP3143000002,0.0008416017858811538
2021,JP3486800000,0.0011753731823723468
2021,AU000000ERA9,0.00011228555734351457
2021,JP3283650004,0.0015311648970826068
2021,JP3619800000,0.0001803151974613576
2021,JP3388200002,0.004403734529409735
2021,JP3425000001,0.00020870481766956561
2021,JP3368000000,0.0005152537482064187
2021,HK0270001396,0.0018852849534399395
2021,JP3659000008,0.0016437547090660753
2021,JP3718800000,0.0002517222447427549
2021,JP3375800004,0.0005782969407373079
2021,JP3940400009,0.00038193651804139714
2021,JP3967200001,0.002217925179717109
2021,JP3174410005,0.0009270740610133975
2021,JP3574200006,0.001211522827488531
2021,JP3914400001,0.0101149809188822
2021,JP3108600002,0.001096414047805798
2021,HK0363006039,0.00023130149470740208
2021,JP3385980002,0.0011714642919369573
2021,JP3791200003,0.0006804946190608045
2021,JP3404200002,0.00032876993531339273
2021,JP3942800008,0.0012549622324446125
2021,AU000000ASX7,0.0017016470804222285
2021,JP3118000003,0.00047693640199813705
2021,JP3743000006,0.000710498879949817
2021,JP3419050004,0.0006665743606370703
2021,JP3935600001,0.0006790514185401322
2021,AU0000224040,0.0028674132114456393
2021,HK0006000050,0.0018585969972856585
2021,JP3429800000,0.0016719205014027493
2021,JP3137200006,0.0013431073854693922
2021,JP3551200003,1.2901104997157143e-10
2021,JP3551520004,0.0015290834907891902
2021,JP3421800008,0.0031683988531950678
2021,AU000000CIM7,0.0009232050261888033
2021,JP3449020001,0.00023168755212161596
2021,JP3870000001,0.0003937454104633064
2021,SG1S04926220,0.0055267041604421235
2021,HK0000745908,0.0005221978213345232
2021,JP3774200004,0.0012200062766017585
2021,JP3495000006,0.0010407765050612192
2021,JP3982800009,0.00178652648062669
2021,JP3102000001,0.0014979949223683953
2021,JP3269600007,0.0006197829774528839
2021,JP3276400003,0.00035301207583279056
2021,JP3456000003,0.00027300812386450403
2021,HK0688002218,0.004012062558079943
2021,JP3336000009,0.0009620450825178956
2021,JP3166000004,0.0005557371918572063
2021,JP3566800003,0.004634157576472183
2021,HK0000139300,2.1917146352236032e-05
2021,JP3385820000,0.00039995248381663993
2021,JP3670800006,0.0013407279592822547
2021,AU000000CPU5,0.0009451950903347053
2021,JP3381000003,0.0016325723234198355
2021,JP3300200007,0.0014183720108880077
2021,JP3711600001,0.0013755403436889685
2021,JP3511800009,0.000796350594291332
2021,AU000000GMG2,0.004001790380148762
2021,JP3613400005,0.0002954794755456832
2021,JP3762600009,0.002681610270121672
2021,JP3888300005,0.001019624424485016
2021,JP3350800003,0.0001914098039720529
2021,JP3579800008,0.00024956350765676754
2021,BMG668971101,0.0006741957977812786
2021,JP3735400008,0.015545105284600113
2021,HK0101000591,0.0018999890989705702
2021,JP3246400000,0.0005818188051127542
2021,HK0388045442,0.013448122064345815
2021,HK0083000502,0.0016582528615176994
2021,KYG548561284,0.0002067122316448889
2021,HK2388011192,0.005011045681874118
2021,AU000000DXS1,0.0011575874632285268
2021,BMG2108M2182,0.0003226935555122502
2021,JP3982100004,0.0008462192001474401
2021,JP3778630008,0.003018053116910354
2021,AU000000SEK6,0.0011631347839151263
2021,JP3734800000,0.012846911022079343
2021,AU000000LLC3,0.0009715479417951061
2021,JP3898400001,0.00599592812038352
2021,HK0014000126,0.0005686936008855858
2021,SG1F60858221,0.001495426146202815
2021,HK0165000859,0.0004266924887510236
2021,AU000000MND5,0.00014772058253102708
2021,JP3502200003,0.0012968474397113822
2021,JP3197800000,0.002944495161192894
2021,JP3358200008,0.0006476339097942687
2021,JP3894900004,0.00045425336534290133
2021,JP3131400008,0.0004629524901898501
2021,JP3588600001,0.0005041663570757469
2021,JP3526600006,0.001661914559165922
2021,JP3160400002,0.0034125674120028477
2021,KYG210961051,0.0037185923122052106
2021,JP3485800001,0.00034851466657603365
2021,JP3240400006,0.002108757770991832
2021,JP3902900004,0.00974180904274362
2021,AU000000SBM8,0.00021527654605407091
2021,JP3684000007,0.0023605764455745955
2021,AU000000ORG5,0.0009952010927627407
2021,HK0291001490,0.004754098017090509
2021,AU000000ABC7,0.0001778145352384169
2021,SG1T75931496,0.004650870874147464
2021,JP3294460005,0.0012896559833379523
2021,JP3827200001,0.00030722730538342865
2021,JP3818000006,0.005050085268925317
2021,AU000000WBC1,0.009338391924959114
2021,JP3538800008,0.0030848857457970104
2021,JP3625000009,0.00022207644919801728
2021,JP3902400005,0.005168369984173736
2021,JP3835620000,0.0003088987533572352
2021,KYG5427W1309,0.0006368093451479184
2021,JP3158800007,1.54476126941286e-06
2021,JP3205800000,0.0055254721518470705
2021,JP3397200001,0.0036826525825366654
2021,HK0010000088,0.0005419575566453024
2021,AU000000QBE9,0.0014074155442647446
2021,AU000000IVC8,0.0001723227424786298
2021,JP3845400005,1.2175486842212525e-09
2021,AU000000DOW2,0.0004712987717982248
2021,JP3148800000,0.00105317674350133
2021,JP3389900006,0.0002704232628105883
2021,JP3112000009,0.0013070363039816586
2021,AU000000MTS0,0.0003868177186032946
2021,JP3788600009,0.006478542570316083
2021,JP3180400008,0.0012513749433663288
2021,JP3595200001,0.0008587250145686137
2021,JP3293200006,0.0005070682800919255
2021,JP3351100007,0.003828296006868811
2021,AU000000CSR5,0.00024104109974268676
2021,JP3223800008,0.0002586117558415564
2021,JP3400900001,1.7460103731356101e-09
2021,JP3888400003,0.0003493554956483829
2021,JP3695200000,0.000944218643600075
2021,JP3765400001,0.0005804894218960117
2021,AU000000CGF5,0.0005427123815993387
2022,JP3535800001,0.00039296037201899247
2022,JP3571400005,0.012093803132419962
2022,HK0000055878,0.0008737947025460945
2022,AU000000WES1,0.0067133813336189615
2022,JP3551500006,0.009116913293641199
2022,JP3173400007,0.0025691816476818155
2022,JP3249600002,0.0035195205403808967
2022,AU000000WOR2,0.0007350071291810098
2022,JP3877600001,0.00286884853160974
2022,JP3539220008,0.0014120900267824545
2022,JP3621000003,0.0013899817301083032
2022,JP3190000004,0.0009846489644746359
2022,NZCENE0001S6,0.0006453246339941317
2022,JP3481800005,0.009425025220456266
2022,JP3903000002,0.0
2022,NZTELE0001S4,0.000869461449381371
2022,JP3850200001,1.8897348823091996e-20
2022,NZSKCE0001S2,0.00029754887967273333
2022,AU000000STO6,0.0027942788494032707
2022,HK0023000190,0.00077811310799119
2022,JP3796150005,0.00042560004494559254
2022,JP3401400001,0.0011661204721585593
2022,BMG2442N1048,0.0005995637507001791
2022,JP3726800000,0.006287440992358432
2022,JP3122400009,0.0026943548433724473
2022,SG1S83002349,0.000716444107636342
2022,HK0019000162,0.0008799928324240985
2022,JP3626800001,0.0011751072222522952
2022,JP3799000009,0.0009746510068955726
2022,JP3585800000,0.0009821066942445915
2022,JP3258000003,0.0022646120840077817
2022,US89677Q1076,0.0026949135555369135
2022,AU000000GWA4,0.00013545627279845838
2022,JP3899600005,0.0031073276612904577
2022,JP3688370000,0.0008470585482631041
2022,JP3499800005,0.0012502214876796297
2022,BMG8063F1068,0.00047734550140875605
2022,JP3733400000,0.00039049061718908127
2022,JP3973400009,0.0010472967673824294
2022,JP3942400007,0.00489218415931675
2022,AU000000MGR9,0.0011923086359006117
2022,JP3900000005,0.0013996760364154322
2022,JP3766550002,0.0009763893378392891
2022,JP3493400000,0.0004358695749977338
2022,JP3111200006,0.0020868476647583106
2022,JP3420600003,0.0021830537626809357
2022,JP3243600008,0.00039895106492026484
2022,JP3407400005,0.0016402266022886433
2022,JP3201200007,0.004470462048782769
2022,SG0531000230,0.0005648565651551673
2022,JP3443600006,0.0012864634656791735
2022,JP3678000005,0.00027706461921575727
2022,HK0004000045,0.0015935340214737273
2022,JP3304200003,0.00369599819726096
2022,JP3165700000,0.0043291720111858
2022,JP3802400006,0.0062453466791093214
2022,HK0016000132,0.005476651103234338
2022,BMG2624N1535,0.0005761322914721209
2022,JP3352400000,0.0002623926414937809
2022,JP3939000000,0.00044901468341476393
2022,JP3280200001,0.00044989765227328366
2022,HK0012000102,0.003315391995510693
2022,AU000000ANZ3,0.00835311804310902
2022,SG1U68934629,0.0012058122761710657
2022,JP3869010003,0.0008547408767635319
2022,NZAIAE0002S6,0.0011712970965176474
2022,BMG677491539,0.002758074626176558
2022,JP3405400007,0.0004722205497785522
2022,BMG8403G1033,0.00010913386247582545
2022,AU0000033359,0.00032316255747040355
2022,JP3919800007,0.00018305420069199995
2022,JP3209000003,0.00047877395925423853
2022,JP3902000003,0.0002969638570128597
2022,JP3546800008,0.004376708301749006
2022,JP3721400004,0.0003493491771330318
2022,JP3040890000,0.00045373353395927247
2022,JP3720800006,0.0004374575028339004
2022,KYG525621408,0.0008899430713166084
2022,HK0000049939,0.0025385695618096323
2022,AU000000ORI1,0.0005989844370268201
2022,JP3771800004,0.0013151083089055758
2022,AU000000TAH8,0.0012351461399098557
2022,JP3598600009,0.0012133189488463634
2022,JP3452000007,0.0010366601000849772
2022,JP3826800009,0.000143238091296722
2022,JP3635000007,0.002256553760298246
2022,JP3756100008,0.0026302678854716165
2022,JP3780100008,0.0003352781020249998
2022,HK0440001847,0.00021418808548454468
2022,JP3326410002,0.0002795406263469051
2022,JP3229400001,0.0008607176671910148
2022,SG9999003735,0.00012939910560808923
2022,AU000000PPT9,0.00022386841243981134
2022,JP3522200009,1.8504581100842934e-21
2022,JP3386030005,0.0006239861008453001
2022,JP3885400006,0.0014968224156235806
2022,SG2B80958517,0.00019487637365230996
2022,KYG2108Y1052,0.005397326548416377
2022,JP3493800001,0.0012628590521625454
2022,JP3164630000,0.0010217480026190166
2022,JP3762800005,0.003491936764694196
2022,JP3027670003,0.0014528559561644548
2022,SG1B51001017,0.0008511090893376927
2022,JP3039710003,0.0008722136285811268
2022,JP3203500008,0.0001406343358990822
2022,JP3742600004,0.0003265127945413526
2022,JP3544000007,0.00035694258617872027
2022,HK2380027329,0.00013223031121222401
2022,AU000000CQR9,0.0003002352028582653
2022,AU000000ILU1,0.0005984157226916485
2022,BMG2178K1009,0.0023809567861965636
2022,AU000000IGO4,0.0010071162514908199
2022,JP3792600003,0.0008613415820315223
2022,BMG988031446,0.0003854878887398697
2022,AU000000CSL8,0.013863117678783983
2022,JP3854600008,0.008302573131607392
2022,JP3676800000,0.0006866401682981484
2022,JP3270000007,0.0008345224641886451
2022,JP3362700001,0.0016939564033704047
2022,JP3549600009,0.00048498418796326284
2022,AU000000OZL8,0.0010318211970264646
2022,JP3156400008,0.0003096096467812718
2022,JP3292200007,0.0004494607082853822
2022,JP3733000008,0.0019347556806958816
2022,JP3188220002,0.0030408678726961454
2022,KYG217651051,0.004190052268368168
2022,JP3116000005,0.0033133350418317158
2022,JP3667600005,0.0004283887623761361
2022,JP3494600004,0.0007666059183789822
2022,JP3143900003,0.0009748005158131752
2022,JP3592200004,0.002855048183553596
2022,JP3126340003,0.0005612768793557833
2022,HK0011000095,0.005816080467172402
2022,AU000000CWY3,0.00062687532214287
2022,JP3274400005,0.00021791960096429242
2022,JP3711200000,0.0005515044721506912
2022,HK0008011667,0.0006634459867394863
2022,SG1L01001701,0.010531439679544568
2022,JP3605400005,1.1909327008244016e-20
2022,HK0242001243,0.00019013555988017653
2022,NZAIRE0001S2,0.00010015143206728749
2022,AU000000NAB4,0.010033589715276266
2022,JP3910660004,0.006554424067474771
2022,AU000000JBH7,0.000556544313523341
2022,AU000000SUN6,0.0015935488266075955
2022,AU000000SGM7,0.00045461199989630627
2022,JP3463000004,0.007119603687522773
2022,JP3870400003,0.0005904381728863476
2022,AU000000RHC8,0.001739704306919883
2022,AU000000NCM7,0.002050477976107808
2022,JP3811000003,0.00035714343092932687
2022,JP3407200009,9.999870996055286e-05
2022,JP3300600008,0.0003535597011090054
2022,AU0000088338,0.0007436360572766397
2022,JP3663900003,0.0007140098406542507
2022,JP3977400005,0.0007546778490892792
2022,JP3629000005,0.0011298630378162092
2022,JP3753000003,0.002332717959478727
2022,JP3134800006,0.0006715505150589875
2022,JP3769000005,0.00040289914759982176
2022,JP3143600009,0.008051943389248856
2022,JP3600200004,0.00048419976544962685
2022,JP3224200000,0.0005316420286215912
2022,JP3944130008,0.0008334546990013595
2022,JP3830000000,0.0008718972793937518
2022,JP3738600000,0.0006946699250217535
2022,JP3357200009,0.0017256645381671792
2022,HK0308001558,0.0003003028561233239
2022,JP3814000000,0.005518650532029366
2022,JP3893200000,0.0031673270056476375
2022,HK0823032773,0.002797276133219476
2022,JP3890350006,0.008008938993716758
2022,SG1T58930911,0.00021621465408198882
2022,JP3164800009,0.00032178575690051806
2022,JP3528600004,4.1879743886237477e-07
2022,SG1N31909426,0.00032873705919715126
2022,JP3634600005,0.004041585701940733
2022,AU000000GPT8,0.00107129308567616
2022,JP3942600002,0.0013292186690152992
2022,HK0200030994,0.00025072558524499714
2022,BMG5320C1082,0.0015095080370006214
2022,HK0003000038,0.004528416998411256
2022,AU000000SHL7,0.00208710473064214
2022,JP3548610009,0.00030351307138764064
2022,JP3305990008,0.0008719655042589386
2022,JP3277800003,0.0008653756469263411
2022,JP3783420007,0.0009359048353109407
2022,SG1J26887955,0.0011102908344297053
2022,AU000000QAN2,0.0010595488313556388
2022,JP3263000006,0.0005196092232126843
2022,HK0002007356,0.0036394768718130245
2022,JP3210200006,0.0010846125939546934
2022,AU000000BEN6,0.0005504337463972386
2022,AU000000AMP6,0.00031965165410199767
2022,AU000000IFL2,0.00027827968734671496
2022,SG1V61937297,0.0016580689768072013
2022,AU000000CBA7,0.017868559259893557
2022,JP3256000005,0.0020779162433051663
2022,AU000000SGP0,0.0010791260052022656
2022,AU000000BSL0,0.0009443182813314074
2022,AU000000BLD2,0.0006775312865989513
2022,SG1M51904654,0.0015178391635700334
2022,BMG684371393,0.00037860863822314843
2022,JP3890310000,0.003251318947551646
2022,JP3271400008,0.000410958515582599
2022,JP3305800009,7.201206540852116e-05
2022,JP3893600001,0.0064452050822530775
2022,JP3415400005,0.0003416553962859622
2022,JP3560800009,0.00033189718702777304
2022,JP3783600004,0.0036069334455089163
2022,JP3496400007,0.011498311508529755
2022,NZFBUE0001S0,0.0005410534569778938
2022,JP3658850007,0.00032783468966652484
2022,BMG507361001,0.006532379688044394
2022,BMG524401079,0.0007746867482670937
2022,JP3756600007,0.010083292124421604
2022,JP3834800009,0.00024512914842445715
2022,JP3665200006,0.00048234382963603466
2022,AU000000MQG1,0.008201755083033934
2022,JP3638600001,0.0005099183771033343
2022,JP3260800002,0.0008485326838305386
2022,AU000000TCL6,0.00437470489436866
2022,AU000000TLS2,0.005226747240346713
2022,HK0836012952,0.0004920085215120579
2022,HK0144000764,0.0012778745150013083
2022,JP3219000001,0.00042913745034495095
2022,JP3505000004,0.0030781703359726753
2022,JP3027680002,0.0011180042168016124
2022,SGXE34184239,0.00032512659783240876
2022,JP3868400007,0.0007215029493914879
2022,JP3684400009,0.00013140881650319713
2022,JP3491000000,0.00022680487168520594
2022,JP3268950007,0.0007501340621561008
2022,JP3519400000,0.008594308454888852
2022,JP3352000008,0.00019981697796393215
2022,AU000000ELD6,0.0003331513406656366
2022,JP3726200003,0.00027438687410601223
2022,JP3672400003,0.003469979438406145
2022,JP3165600002,0.00020265641383465245
2022,JP3289800009,0.0
2022,AU000000IAG3,0.001183652555861588
2022,JP3675600005,0.0011534306754930862
2022,JP3162600005,0.006080273647403419
2022,IE00BKVD2N49,0.0038058459176749763
2022,KYG0535Q1331,0.0006047325102855537
2022,JP3266400005,0.003912367503004868
2022,JP3820000002,0.0012157111428911147
2022,AU000000IRE2,0.000215876396488201
2022,AU000000SIG5,3.6944336834536167e-06
2022,JP3351500008,0.0007606736324227413
2022,JP3436100006,0.012155576524533135
2022,JP3228600007,0.0012082083718474436
2022,AU000000SXL4,2.28776979597237e-05
2022,JP3200450009,0.004238647354596066
2022,JP3657400002,0.000740743138915833
2022,JP3613000003,0.0007343330075090201
2022,JP3596200000,0.001132624785211118
2022,JP3351600006,0.0032643772110039528
2022,JP3347200002,0.003349048250155948
2022,JP3126400005,0.0003798197202557202
2022,JP3802300008,0.009332670238253009
2022,AU000000COH5,0.0014333160702213925
2022,JP3896800004,0.0006473142379171193
2022,SG1M77906915,0.0013279197545438307
2022,JP3194000000,0.0003071815464399755
2022,JP3197600004,0.00203105133440845
2022,JP3196000008,0.0009475269179444421
2022,JP3371200001,0.011268950543984305
2022,JP3404600003,0.0030848132992145104
2022,JP3242800005,0.005025004960456782
2022,SG1M31001969,0.005867180901039447
2022,JP3411000007,0.00023940167246426652
2022,JP3358000002,0.0034182981216438154
2022,JP3435000009,0.023000651581257348
2022,JP3573000001,0.0013954891594571465
2022,HK0293001514,0.0007429180465691166
2022,SG9999000020,0.0012289108388926758
2022,JP3359600008,0.001046602956445624
2022,JP3475350009,0.006546588810360752
2022,JP3633400001,0.050355429310942064
2022,AU000000FLT9,0.0005363937639458058
2022,JP3951600000,0.00396021417858371
2022,AU000000ANN9,0.00031752784756844014
2022,AU000000WOW2,0.004648015651395907
2022,AU000000BHP4,0.025582059936283926
2022,AU000000MAH3,7.600157108795674e-05
2022,JP3459600007,0.00039392518951321983
2022,JP3122800000,0.0005409590136102146
2022,JP3131430005,0.0005493589438206726
2022,JP3787000003,0.0008547547828824488
2022,JP3409000001,0.002306055736708367
2022,JP3198900007,0.010003780434095132
2022,JP3421100003,0.00015061618455804664
2022,SGXE21576413,0.001085759406784567
2022,JP3398000004,0.0005727014086192435
2022,JP3402600005,0.0020037395292291497
2022,JP3955000009,0.0006853304137082796
2022,AU000000BOQ8,0.0005750978818975073
2022,AU000000BWP3,0.00023946597446220525
2022,JP3862400003,0.0016860561973462494
2022,SG1R50925390,9.050590811260753e-21
2022,JP3172100004,0.00016482834455642647
2022,JP3305530002,0.0005538643425070207
2022,JP3837800006,0.007691482622983154
2022,AU000000ALL7,0.0030373172927089993
2022,AU000000APA1,0.001315563726902165
2022,JP3992400006,0.00019506219972361368
2022,MU0117U00026,4.786734199451812e-05
2022,SG1R89002252,0.000774827622820092
2022,JP3582600007,0.000527344524673414
2022,JP3635400009,0.0005198505858941436
2022,JP3320800000,0.00022960328137366532
2022,JP3940000007,0.001354995679791701
2022,JP3830800003,0.004932824003832344
2022,JP3419400001,0.0012212845435300966
2022,HK0000608585,0.0016041594666823397
2022,JP3866800000,0.004252924599843264
2022,HK0066009694,0.005174040579383598
2022,HK0392044647,0.0007722180615046154
2022,JP3933800009,0.0064497547190422245
2022,JP3634200004,0.0003892846336740393
2022,JP3215800008,0.00037258469759410886
2022,JP3814800003,0.002179194816228077
2022,JP3841800000,0.00014635118612273826
2022,BMG4600H1198,0.0008209540095616126
2022,AU000000BPT9,0.0003367411931265116
2022,JP3358800005,0.0009012806681090514
2022,JP3414750004,0.0010203806611201892
2022,JP3322930003,0.0010001558548434837
2022,JP3119600009,0.0024361732691099577
2022,JP3906000009,0.001710473430225953
2022,JP3143000002,0.0007375505789655487
2022,JP3486800000,0.0012727984129820209
2022,AU000000ERA9,0.00014432032369515542
2022,JP3283650004,0.0008640276703188373
2022,JP3619800000,4.8457952812885056e-05
2022,JP3388200002,0.003145918128731189
2022,JP3789000001,0.00025470643171574936
2022,JP3425000001,0.00013908879226884454
2022,JP3368000000,0.00041707803051942713
2022,HK0270001396,0.0014300803242045961
2022,JP3659000008,0.0016559654091293488
2022,JP3718800000,0.00034184642221824944
2022,JP3375800004,0.0009783291713012516
2022,JP3940400009,0.0005224823020020335
2022,JP3967200001,0.0021214247638588948
2022,JP3174410005,0.000652593291502151
2022,JP3574200006,0.0013259468427811649
2022,JP3914400001,0.007912827678745432
2022,JP3108600002,0.0007740259606671163
2022,HK0363006039,0.0003062846922956024
2022,JP3385980002,0.001244143588776531
2022,JP3791200003,0.0007667083836722252
2022,JP3404200002,0.00034942355847828826
2022,JP3942800008,0.0012701316736673995
2022,AU000000ASX7,0.0018454432556328111
2022,JP3118000003,0.0005357432096618688
2022,JP3743000006,0.0006282733395292926
2022,JP3419050004,0.0007714545228473166
2022,JP3935600001,0.0005497541337479433
2022,AU0000224040,0.002691484753803204
2022,HK0006000050,0.0020052322973138996
2022,JP3429800000,0.001646869602140202
2022,JP3137200006,0.0015170046281072693
2022,JP3551200003,1.312658422040717e-20
2022,JP3551520004,0.0016923954762226477
2022,JP3421800008,0.0025677675806341765
2022,AU000000CIM7,0.0006211648188198903
2022,JP3449020001,4.286030482955314e-21
2022,JP3870000001,0.00025731751270702204
2022,SG1S04926220,0.0064964620950950765
2022,HK0000745908,0.0005142684757115437
2022,JP3774200004,0.0011428404586457945
2022,JP3495000006,0.0006166206891990333
2022,JP3982800009,0.001379971656866083
2022,JP3102000001,0.0017521918511132328
2022,JP3269600007,0.0004603806988267433
2022,JP3276400003,0.00039047631521018695
2022,JP3456000003,0.00029149528580330806
2022,HK0688002218,0.00508372178119789
2022,JP3336000009,0.0006508202381202997
2022,JP3166000004,0.0007305876870148793
2022,JP3566800003,0.0044186213572564486
2022,HK0000139300,3.279923015311748e-05
2022,JP3385820000,0.00023769533390084784
2022,JP3670800006,0.0012873367463196274
2022,AU000000CPU5,0.001367357216073079
2022,JP3381000003,0.0019984874910104447
2022,JP3300200007,0.0011733497989950149
2022,JP3711600001,0.0014070346557003052
2022,JP3511800009,0.0009303007583110244
2022,JP3732200005,0.00048593287382324814
2022,AU000000GMG2,0.00494850061785324
2022,JP3613400005,0.000393955062678835
2022,JP3762600009,0.002417305887521197
2022,JP3888300005,0.0008176269000615743
2022,JP3350800003,6.509491969497852e-21
2022,JP3579800008,0.00039978516083126237
2022,BMG668971101,0.0006687913191732398
2022,JP3735400008,0.016182255910158636
2022,HK0101000591,0.0015561801065613876
2022,JP3246400000,5.795569024522712e-05
2022,HK0388045442,0.011123648060592873
2022,HK0083000502,0.0015385774519865551
2022,HK2388011192,0.006301562930858611
2022,AU000000DXS1,0.0012570293624051413
2022,BMG2108M2182,9.587816323450185e-05
2022,JP3982100004,0.0007255653454127218
2022,KYG9431R1039,0.0019131134081738202
2022,JP3778630008,0.0025477955376205707
2022,AU000000SEK6,0.00106973371187229
2022,JP3734800000,0.008318435829498367
2022,AU000000LLC3,0.0007524098126577851
2022,JP3898400001,0.007956881178400748
2022,HK0014000126,0.0004723155440863971
2022,SG1F60858221,0.0014034782597073469
2022,HK0165000859,0.00045184090141684054
2022,AU000000MND5,0.00011806043683181084
2022,JP3502200003,0.001679534317526297
2022,JP3197800000,0.002428516436766424
2022,JP3358200008,0.0005394534041096157
2022,JP3894900004,0.0005744708548445478
2022,JP3131400008,0.00040932501858243387
2022,JP3588600001,0.0004141147840043715
2022,JP3526600006,0.0013283790077534407
2022,JP3160400002,0.002296562158338706
2022,KYG210961051,0.0037123693752369705
2022,JP3485800001,0.00026874394654515833
2022,JP3240400006,0.0022559682207455227
2022,JP3902900004,0.013038918293705829
2022,AU000000SBM8,0.00018356237145904613
2022,JP3684000007,0.0018588031080043297
2022,AU000000ORG5,0.0009391238396862087
2022,HK0291001490,0.0038115063101459286
2022,JP3599000001,6.560516534180122e-05
2022,AU000000ABC7,1.2408892845157083e-05
2022,SG1T75931496,0.004663817270492492
2022,JP3294460005,0.002194650766187217
2022,JP3827200001,0.00022047548227726747
2022,JP3818000006,0.004360890333463509
2022,AU000000WBC1,0.008349802914911683
2022,JP3538800008,0.0024149065310642903
2022,JP3625000009,7.356524916752152e-21
2022,JP3902400005,0.003998549300231839
2022,JP3835620000,0.00030728916927096094
2022,AU000000SWM4,0.00015161932414022917
2022,KYG5427W1309,0.0004009904457590174
2022,JP3158800007,8.575953476219637e-05
2022,JP3205800000,0.0037355050613650425
2022,JP3397200001,0.0033607771681741193
2022,HK0010000088,0.0005004970814605704
2022,AU000000QBE9,0.0019191129215766407
2022,AU000000IVC8,0.00023733117739066132
2022,JP3845400005,8.997651252057359e-21
2022,AU000000DOW2,0.00046259677537531215
2022,JP3148800000,0.0012020631703958057
2022,JP3389900006,0.00020127231965072343
2022,JP3112000009,0.0016246657049575192
2022,AU000000MTS0,0.00040540599386160674
2022,JP3788600009,0.007968519744226424
2022,JP3180400008,0.0011045882371829312
2022,JP3595200001,0.000660357524202692
2022,JP3293200006,0.00040371595100640917
2022,JP3351100007,0.0031495560528187402
2022,AU000000CSR5,0.00018889119843172413
2022,JP3768600003,0.0006399444879649017
2022,JP3223800008,0.0010832777458643535
2022,JP3400900001,3.8051847981274575e-21
2022,JP3888400003,0.00025481842587329943
2022,JP3695200000,0.0008666380034729931
2022,JP3765400001,0.0004221984441067771
2022,AU000000CGF5,0.000498732633995148
2023,JP3535800001,0.0005591387535824248
2023,JP3571400005,0.009805918310379039
2023,HK0000055878,0.0008487492620382903
2023,AU000000WES1,0.006759225890637687
2023,JP3551500006,0.00739875781410177
2023,JP3173400007,0.0026460890941617816
2023,JP3249600002,0.0030845284420415657
2023,AU000000WOR2,0.001001364959242654
2023,JP3877600001,0.0036194608869026925
2023,JP3539220008,0.0015838813589853298
2023,JP3621000003,0.0015049591484434983
2023,JP3190000004,0.0009434630654549308
2023,NZCENE0001S6,0.0006415175456506264
2023,JP3481800005,0.008794683706787432
2023,JP3903000002,0.0003901240867805253
2023,NZTELE0001S4,0.0011265160592093938
2023,JP3850200001,0.0
2023,NZSKCE0001S2,0.0003619128534999389
2023,AU000000STO6,0.0027673764873448127
2023,HK0023000190,0.0006078515066311447
2023,JP3796150005,0.0005763701738415375
2023,JP3401400001,0.0005834532734893818
2023,BMG2442N1048,0.0006709535954995518
2023,JP3726800000,0.0070153939878486735
2023,JP3122400009,0.0025871087470696924
2023,SG1S83002349,0.0007331702427171881
2023,HK0019000162,0.0013519890321981125
2023,JP3626800001,0.0008672697186823019
2023,JP3799000009,0.0009746451888966233
2023,JP3585800000,0.0011379858146748035
2023,JP3258000003,0.0022829960866927942
2023,US89677Q1076,0.0039322309434911265
2023,AU000000GWA4,0.00016031921166561065
2023,JP3899600005,0.0027115281277080784
2023,JP3688370000,0.0008951844667915079
2023,JP3499800005,0.0013205596075247185
2023,BMG8063F1068,0.0006428636758144766
2023,JP3733400000,0.0003235616911787326
2023,JP3973400009,0.0008867292431825448
2023,JP3942400007,0.004517374052308522
2023,AU000000MGR9,0.001171114781976054
2023,JP3900000005,0.002244957481549463
2023,JP3766550002,0.0007679806028220424
2023,JP3493400000,0.00038750176164459
2023,JP3111200006,0.0017059444022462155
2023,JP3420600003,0.002155820654316907
2023,JP3243600008,0.0005197873031304026
2023,JP3407400005,0.001590236305792826
2023,JP3201200007,0.004128322564359882
2023,SG0531000230,0.0007076464408249538
2023,JP3443600006,0.0012400246157126798
2023,JP3678000005,0.00021100915686784343
2023,HK0004000045,0.0013409028364642119
2023,JP3931600005,0.002078310690940349
2023,JP3304200003,0.003933367137644545
2023,JP3165700000,0.0037988288924622753
2023,JP3802400006,0.005930505044394474
2023,HK0016000132,0.006948222233786877
2023,BMG2624N1535,0.0008795199158492122
2023,JP3352400000,0.0003805409937029368
2023,JP3939000000,0.0005434220286977553
2023,JP3280200001,0.00041307614180019443
2023,HK0012000102,0.003015802115811991
2023,AU000000ANZ3,0.008938611689607997
2023,SG1U68934629,0.0018214020169440392
2023,JP3869010003,0.0012842232626647794
2023,NZAIAE0002S6,0.00142221315372373
2023,BMG677491539,0.002018767703175647
2023,JP3405400007,0.00038091393295210514
2023,BMG8403G1033,9.767720926581944e-05
2023,AU0000033359,0.00031878530917148044
2023,JP3919800007,5.763161751257297e-05
2023,JP3209000003,0.0003200712259941306
2023,JP3902000003,0.0002830781792261555
2023,JP3546800008,0.003607725696436623
2023,JP3721400004,0.00018874835215649182
2023,JP3040890000,0.0003470004051215527
2023,JP3720800006,0.00031896554239841177
2023,KYG525621408,0.0008005987264486893
2023,HK0000049939,0.0036847549843483343
2023,AU000000ORI1,0.0006851942128416166
2023,JP3771800004,0.0014143445408323241
2023,AU000000TAH8,0.0002820447038653071
2023,JP3598600009,0.0013249931503693708
2023,JP3452000007,0.0007446328762045415
2023,JP3826800009,0.0001273443464472998
2023,JP3635000007,0.0024553920475931293
2023,JP3756100008,0.0026638144347598167
2023,JP3780100008,0.0005068960156556568
2023,HK0440001847,0.0003098309355489583
2023,JP3326410002,0.0003168840176907356
2023,JP3229400001,0.000588483121338632
2023,SG9999003735,7.227515517941644e-05
2023,AU000000PPT9,0.0003577917516216457
2023,JP3522200009,0.0
2023,JP3386030005,0.0006074096940728726
2023,JP3885400006,0.001209053757703399
2023,SG2B80958517,0.0002780148983342155
2023,KYG2108Y1052,0.005708251000261731
2023,JP3493800001,0.0013771417628661439
2023,JP3164630000,0.0009890864774695946
2023,JP3762800005,0.002617888042128093
2023,JP3027670003,0.0011380890172003647
2023,SG1B51001017,0.0013548197108883054
2023,JP3039710003,0.0008458516092665202
2023,JP3203500008,0.00015048465076467757
2023,JP3742600004,0.00040063604602261655
2023,JP3544000007,0.0001971856353210399
2023,HK2380027329,0.0002141716370197371
2023,AU000000CQR9,0.0003808878204418189
2023,AU000000ILU1,0.0006752492687672935
2023,BMG2178K1009,0.0023535799842837103
2023,AU000000IGO4,0.0013028969968576502
2023,JP3792600003,0.0005085633494900913
2023,BMG988031446,0.00045514907195465547
2023,AU000000CSL8,0.017558657688074512
2023,JP3854600008,0.007649361110292604
2023,JP3676800000,0.0007408240913230198
2023,JP3270000007,0.0009757362234136867
2023,JP3362700001,0.0016540642998397513
2023,JP3549600009,0.00020780494755859628
2023,JP3436120004,0.001014701209422015
2023,JP3156400008,0.0001705879904570808
2023,JP3292200007,0.00040686461581917967
2023,JP3733000008,0.001847383884978519
2023,JP3188220002,0.003066955771263377
2023,KYG217651051,0.004056246060640839
2023,JP3116000005,0.003051065121759075
2023,JP3667600005,0.000530255752754738
2023,JP3494600004,0.0006833411708281229
2023,JP3126340003,0.0004891494328373024
2023,HK0011000095,0.0050187589340776285
2023,AU000000CWY3,0.0007505406918490418
2023,JP3274400005,0.00014342254358137876
2023,JP3711200000,0.0006709605823813666
2023,HK0008011667,0.0007971302853258879
2023,SG1L01001701,0.011668572942992974
2023,JP3605400005,0.0
2023,HK0242001243,0.00016588848046022897
2023,NZAIRE0001S2,0.00017357942811806665
2023,AU000000NAB4,0.011798494500014963
2023,JP3910660004,0.007319439423144793
2023,AU000000JBH7,0.0005108190620544062
2023,AU000000SUN6,0.0019368974288207553
2023,AU000000SGM7,0.00045819250015332447
2023,JP3463000004,0.008426093026387659
2023,JP3870400003,0.0005356777202230772
2023,AU000000RHC8,0.0020097095617572593
2023,JP3811000003,0.0004960062359003402
2023,JP3407200009,0.00014625825276688627
2023,JP3300600008,0.00042906859918514335
2023,AU0000088338,0.0008117281122932299
2023,JP3663900003,0.0010303551869666446
2023,JP3977400005,0.0008004617169445179
2023,JP3629000005,0.0011226208300502377
2023,JP3753000003,0.002263418083463358
2023,JP3134800006,0.0009328984040145007
2023,JP3769000005,0.00044949646990318117
2023,JP3143600009,0.008603272277519235
2023,JP3600200004,0.0003831523985428746
2023,JP3224200000,0.0007064161227236792
2023,JP3944130008,0.0007181992186357231
2023,JP3830000000,0.000837884586322617
2023,JP3738600000,0.0007742677694482754
2023,JP3357200009,0.001574741131363216
2023,HK0308001558,0.000299689117050991
2023,JP3814000000,0.004781762456999375
2023,JP3893200000,0.0029164987929579354
2023,HK0823032773,0.00295511892392016
2023,JP3890350006,0.010217850539157327
2023,SG1T58930911,0.0001837794219067669
2023,JP3164800009,0.00033173053290457504
2023,JP3528600004,1.2285192190941979e-05
2023,SG1N31909426,0.0003481944350989254
2023,JP3634600005,0.0033641219252141513
2023,AU000000GPT8,0.001066895552453105
2023,JP3942600002,0.0011675881630531886
2023,HK0200030994,0.00032802693029711726
2023,BMG5320C1082,0.0012808174677726967
2023,HK0003000038,0.0035250025648985548
2023,AU000000SHL7,0.0019422797609747985
2023,JP3548610009,0.00028885111228906164
2023,JP3305990008,0.0009428724834388868
2023,JP3277800003,0.0006878266406650379
2023,JP3783420007,0.0013266639010763393
2023,SG1J26887955,0.001135341020113773
2023,AU000000QAN2,0.0013534598927942218
2023,JP3263000006,0.0004388693526574765
2023,HK0002007356,0.0014379020435485472
2023,JP3210200006,0.001107464949499846
2023,AU000000BEN6,0.0006626456553216338
2023,AU000000AMP6,0.0005312982679662231
2023,AU000000IFL2,0.0002806221697948642
2023,SG1V61937297,0.0020921266179936915
2023,AU000000CBA7,0.0220941859369286
2023,JP3256000005,0.0019218460420748343
2023,AU000000SGP0,0.0011239694927601687
2023,AU000000BSL0,0.00097124910190527
2023,AU000000BLD2,0.0003670344762025614
2023,SG1M51904654,0.0019165350478868456
2023,BMG684371393,0.00032047459075614063
2023,JP3890310000,0.003029659775022692
2023,JP3271400008,0.0005274571843835478
2023,JP3305800009,2.741321245471383e-09
2023,JP3597800006,0.0007375821040032072
2023,JP3893600001,0.007914163835630988
2023,JP3415400005,0.0005245180713569589
2023,JP3560800009,0.00023744716216353697
2023,JP3783600004,0.003390299686569674
2023,JP3496400007,0.012291667409526242
2023,NZFBUE0001S0,0.00045021331938401184
2023,JP3658850007,0.00040520784548564014
2023,BMG507361001,0.0025616699912368777
2023,BMG524401079,0.0008765287187011868
2023,JP3756600007,0.009426426145895428
2023,JP3834800009,0.0001174125121995269
2023,JP3665200006,0.000581949258962934
2023,AU000000MQG1,0.008852449691104646
2023,JP3638600001,0.00045847799668542397
2023,JP3260800002,0.000924139291338218
2023,AU000000TCL6,0.005175162538414781
2023,AU000000TLS2,0.005760341140396204
2023,HK0836012952,0.0
2023,HK0144000764,0.0013844337736242098
2023,JP3219000001,0.0006101774747521958
2023,JP3505000004,0.002766225709127681
2023,JP3027680002,0.0008789338992385589
2023,SGXE34184239,0.0006006837060803189
2023,JP3868400007,0.0008066754342686398
2023,JP3684400009,0.00014671596316613458
2023,JP3491000000,0.00021390709747790265
2023,JP3268950007,0.0006690235316023236
2023,JP3519400000,0.0071145655924557735
2023,JP3352000008,0.00030599089702548196
2023,AU000000ELD6,0.0003265170872647963
2023,JP3726200003,0.00045428980842402816
2023,JP3672400003,0.002543548147803998
2023,JP3165600002,0.00021061177761495052
2023,JP3289800009,0.0
2023,AU000000IAG3,0.0013779363134186749
2023,JP3675600005,0.0013645732044076334
2023,JP3162600005,0.005870502284865392
2023,IE00BKVD2N49,0.0025625376205872237
2023,KYG0535Q1331,0.0006263285056359593
2023,JP3266400005,0.002949299308031419
2023,JP3820000002,0.0009320752420375594
2023,AU000000IRE2,0.00019308388343800733
2023,AU000000SIG5,5.310503267738231e-05
2023,JP3351500008,0.0007440265483208841
2023,JP3436100006,0.014252699698373783
2023,JP3228600007,0.0009305343049224787
2023,AU000000SXL4,0.0
2023,JP3200450009,0.003697516898711702
2023,JP3657400002,0.0008431767835657127
2023,JP3613000003,0.0008279810772246742
2023,JP3596200000,0.0010342393522522976
2023,JP3351600006,0.003415348878600147
2023,JP3347200002,0.002831025459314055
2023,JP3126400005,0.0004112336467042655
2023,JP3802300008,0.011014373291798354
2023,AU000000COH5,0.001699688440475275
2023,JP3896800004,0.0005263249554002313
2023,SG1M77906915,0.00157441574574242
2023,JP3194000000,0.00034851025019736566
2023,JP3197600004,0.001932390492261382
2023,JP3196000008,0.0006112192560357203
2023,JP3371200001,0.01016164243073498
2023,JP3404600003,0.003742051377178236
2023,JP3242800005,0.005298063047611699
2023,SG1M31001969,0.006470557356863705
2023,JP3411000007,0.00022392235736151867
2023,JP3358000002,0.0030198335774698987
2023,JP3435000009,0.019107500362585197
2023,JP3573000001,0.001574637700885087
2023,HK0293001514,0.0007928489580965801
2023,SG9999000020,0.0018582586074954784
2023,JP3359600008,0.0008900691884740282
2023,JP3475350009,0.010329416628247686
2023,JP3633400001,0.04016690391822066
2023,AU000000FLT9,0.000548728765203133
2023,JP3951600000,0.004096958621710699
2023,AU000000ANN9,0.0002976142887045836
2023,AU000000WOW2,0.0052272744449630305
2023,AU000000BHP4,0.02966767395396159
2023,AU000000MAH3,0.0001420360561737475
2023,JP3459600007,0.0003220940019109384
2023,JP3122800000,0.0005340240276147621
2023,JP3131430005,0.0006042810933644561
2023,JP3787000003,0.0007738842797988727
2023,JP3409000001,0.001879917747850346
2023,JP3198900007,0.010252578702429797
2023,JP3421100003,0.0001281426930227941
2023,SGXE21576413,0.0016322651147842185
2023,JP3398000004,0.0005412295967929598
2023,JP3402600005,0.0019015597832914288
2023,JP3955000009,0.0008441671584933137
2023,AU000000BOQ8,0.0005826333730248284
2023,AU000000BWP3,0.00016031220696795327
2023,JP3862400003,0.0014061085132983688
2023,SG1R50925390,0.0005615157105109054
2023,JP3172100004,0.00021072201864675847
2023,JP3305530002,0.0004752807883675633
2023,JP3837800006,0.006609938017539653
2023,AU000000ALL7,0.002761935937104903
2023,AU000000APA1,0.0015165633467782583
2023,JP3992400006,0.00028724862438994674
2023,MU0117U00026,0.0
2023,SG1R89002252,0.000998761700902389
2023,JP3582600007,0.00043505736131069765
2023,JP3635400009,0.000511550486944727
2023,JP3320800000,0.00032511742335772907
2023,JP3940000007,0.0012366259194273356
2023,JP3830800003,0.00459753726566115
2023,JP3419400001,0.001026809831562486
2023,HK0000608585,0.00137147121533347
2023,JP3866800000,0.003932886014092916
2023,HK0066009694,0.00557365273626099
2023,HK0392044647,0.000892916879288103
2023,JP3933800009,0.0038206722458811165
2023,JP3634200004,0.0003906906034352597
2023,JP3215800008,0.000337791268149601
2023,JP3814800003,0.0020262461082743433
2023,JP3841800000,0.00011553782874132032
2023,BMG4600H1198,0.0006209229332127332
2023,AU000000BPT9,0.00035606288214361394
2023,JP3358800005,0.0006997874749847843
2023,JP3414750004,0.0010968859925388976
2023,JP3322930003,0.0008787480707380382
2023,JP3119600009,0.0027513895060781945
2023,JP3906000009,0.0013603810226060886
2023,JP3143000002,0.00043794148855937407
2023,JP3486800000,0.001318260227069977
2023,AU000000ERA9,0.00014281831237312266
2023,JP3283650004,0.0010777974313169114
2023,JP3619800000,0.0
2023,JP3388200002,0.0029857284596945225
2023,JP3789000001,0.0005332924286589149
2023,JP3425000001,0.00019469695828575165
2023,JP3819400007,0.0004054693097146527
2023,JP3368000000,0.0002745777853684475
2023,HK0270001396,0.001251809485711235
2023,JP3659000008,0.0018141637199635369
2023,JP3718800000,0.00038650797793719695
2023,JP3375800004,0.0007209145407854878
2023,JP3940400009,0.0006327039535369757
2023,JP3967200001,0.0013529218733157292
2023,JP3174410005,0.00019652948135207517
2023,JP3574200006,0.001359067426804143
2023,JP3914400001,0.006667734556460945
2023,JP3108600002,0.0006252545887351156
2023,HK0363006039,0.00026419932204897625
2023,JP3385980002,0.0009906638036042547
2023,JP3404200002,0.0002825465302359074
2023,JP3942800008,0.001430750877903702
2023,AU000000ASX7,0.0016534197421842164
2023,JP3118000003,0.0007121178920737799
2023,JP3743000006,0.0004868148998605319
2023,JP3419050004,0.0007227159211717316
2023,JP3935600001,0.0005813830328558215
2023,AU0000224040,0.008009512367204333
2023,HK0006000050,0.001975265714439324
2023,JP3429800000,0.001569727425913532
2023,JP3137200006,0.001621833276687657
2023,JP3551200003,0.0
2023,JP3551520004,0.0014981432023548878
2023,JP3421800008,0.0021387241837274237
2023,AU000000CIM7,0.0009099079370581194
2023,JP3449020001,0.0
2023,JP3870000001,0.00021092469303528438
2023,SG1S04926220,0.007499775318216455
2023,SG1S76928401,0.000162476310571951
2023,HK0000745908,0.0007518605817937764
2023,JP3774200004,0.0011295822247637964
2023,JP3495000006,0.0004233104433963887
2023,JP3982800009,0.001516618635121166
2023,JP3102000001,0.001478038423093897
2023,JP3269600007,0.00043811964739334
2023,JP3276400003,0.0006416932732713118
2023,JP3456000003,0.00038835961356086576
2023,HK0688002218,0.004942602085519551
2023,JP3336000009,0.00039248202032658085
2023,JP3166000004,0.0006626834085731886
2023,JP3566800003,0.0043100120345371095
2023,HK0000139300,0.00011422457712242356
2023,JP3385820000,0.00020249324664913863
2023,JP3670800006,0.00119257210813882
2023,AU000000CPU5,0.001646465167156581
2023,JP3381000003,0.002948949531125875
2023,JP3300200007,0.0010441196241907985
2023,JP3711600001,0.0013260950037352133
2023,JP3511800009,0.0011330772335987136
2023,JP3732200005,0.000457501489633201
2023,AU000000GMG2,0.004672016650042693
2023,JP3613400005,0.0004378127851179221
2023,JP3762600009,0.0022283834602776433
2023,JP3888300005,0.0007132882107808631
2023,JP3350800003,0.0
2023,JP3579800008,0.0004410780414437567
2023,BMG668971101,0.0008479861636506788
2023,JP3735400008,0.018310601173945566
2023,HK0101000591,0.0015772670963653268
2023,JP3246400000,0.0
2023,HK0388045442,0.00965773415120189
2023,HK0083000502,0.0018851565761464522
2023,HK2388011192,0.0059684830455896875
2023,AU000000DXS1,0.0011652438962143196
2023,BMG2108M2182,0.0001086171798268353
2023,JP3982100004,0.0007808095013428823
2023,KYG9431R1039,0.0015940706796026955
2023,JP3778630008,0.0025600883253738124
2023,AU000000SEK6,0.0009499183392603769
2023,JP3734800000,0.005536357001440456
2023,AU000000LLC3,0.0007409764227266717
2023,JP3898400001,0.00846385944961061
2023,HK0014000126,0.0006073504173945619
2023,SG1F60858221,0.0017329901091664467
2023,HK0165000859,0.0004134157936498732
2023,AU000000MND5,0.00020469015735281081
2023,JP3502200003,0.001377948485044785
2023,JP3197800000,0.0020304341889459945
2023,JP3358200008,0.0006246111698661783
2023,JP3894900004,0.0008251646464795946
2023,JP3131400008,0.0004522868249817494
2023,JP3588600001,0.00038388545119054905
2023,JP3526600006,0.0017772046742348066
2023,JP3160400002,0.0029991525270092884
2023,KYG210961051,0.0033555689944356837
2023,JP3485800001,9.811141312204551e-05
2023,JP3240400006,0.001795836198586485
2023,JP3902900004,0.015806653073589656
2023,AU000000SBM8,0.00012036070959481961
2023,JP3684000007,0.0016893203763019354
2023,AU000000ORG5,0.001346816085716565
2023,HK0291001490,0.00412716965383768
2023,JP3599000001,2.060805541740383e-05
2023,AU000000ABC7,0.0
2023,SG1T75931496,0.005481249471241178
2023,JP3294460005,0.0024682626308586966
2023,JP3827200001,0.00018304951824434963
2023,JP3818000006,0.005011233916330603
2023,AU000000WBC1,0.009798945344758753
2023,JP3538800008,0.0023353454003040017
2023,JP3625000009,0.0
2023,JP3902400005,0.00393055229424215
2023,JP3835620000,0.0002802515240052964
2023,AU000000SWM4,0.0001490135938377475
2023,KYG5427W1309,0.0
2023,JP3158800007,0.0
2023,JP3205800000,0.003202549452264526
2023,JP3397200001,0.0032242930642238992
2023,HK0010000088,0.0004620895952818131
2023,AU000000QBE9,0.0023218113044835165
2023,JP3845400005,0.0
2023,AU000000DOW2,0.0003605164777753494
2023,JP3148800000,0.0009591545759959073
2023,JP3389900006,0.00017648060894773682
2023,JP3112000009,0.001390550293361693
2023,AU000000MTS0,0.00043556335446848877
2023,JP3788600009,0.008605675934221709
2023,JP3180400008,0.0009072670734313099
2023,JP3595200001,0.00038218269780269877
2023,JP3293200006,0.0004785245163251308
2023,JP3351100007,0.0023589789858243027
2023,AU000000CSR5,9.311740325662023e-05
2023,JP3768600003,0.0007128460051857496
2023,JP3223800008,0.0011278338764861863
2023,JP3400900001,0.0
2023,JP3888400003,0.0002557161777600471
2023,JP3695200000,0.0008101974338960053
2023,JP3765400001,0.0004192147307137615
2023,AU000000CGF5,0.0006432794002011454
2024,JP3535800001,0.0005333231578854371
2024,JP3571400005,0.014452128938134225
2024,HK0000055878,0.0005841974510793998
2024,AU000000WES1,0.007006404560815378
2024,JP3551500006,0.00822699301054151
2024,JP3173400007,0.002430632214416871
2024,JP3249600002,0.003245379664295947
2024,AU000000WOR2,0.000848526899593514
2024,JP3877600001,0.004602069096036191
2024,JP3539220008,0.0013809821508024157
2024,JP3621000003,0.001057069781042586
2024,JP3190000004,0.0011642660489690798
2024,NZCENE0001S6,0.0005864599328676687
2024,JP3481800005,0.007655711632459722
2024,JP3903000002,0.00045665444174106725
2024,NZTELE0001S4,0.0010207083378509687
2024,JP3850200001,6.85272227836821e-21
2024,NZSKCE0001S2,0.00029544596529533013
2024,AU000000STO6,0.002709094288671026
2024,HK0023000190,0.0005257977651742384
2024,JP3796150005,0.0007406225023114429
2024,JP3401400001,5.22193966258239e-05
2024,BMG2442N1048,0.0006683361077145692
2024,JP3726800000,0.0086154711059382
2024,JP3122400009,0.00520628263048169
2024,SG1S83002349,0.0006754812468470649
2024,HK0019000162,0.001221000836138739
2024,JP3626800001,0.0006606720478281886
2024,JP3799000009,0.000815780161255915
2024,JP3585800000,0.001540183971482308
2024,JP3258000003,0.0019584904468456146
2024,US89677Q1076,0.00377767432464929
2024,AU000000GWA4,0.00010786930180986317
2024,JP3899600005,0.002835352990927124
2024,JP3688370000,0.0009078391026961336
2024,JP3499800005,0.0017494590745080723
2024,BMG8063F1068,0.00043393780269188514
2024,JP3733400000,0.0003764482293481682
2024,JP3973400009,0.0008892703752563967
2024,JP3942400007,0.0032512574818840518
2024,AU000000MGR9,0.0009534371120090041
2024,JP3900000005,0.0036517243299777425
2024,JP3766550002,0.0005428964234199736
2024,JP3493400000,0.00040347723142609027
2024,JP3111200006,0.0016297914762248478
2024,JP3420600003,0.0022883706223206807
2024,JP3243600008,0.0006571756862942432
2024,JP3407400005,0.0017754635400717463
2024,JP3201200007,0.0029497702617313306
2024,SG0531000230,0.0005284758953216035
2024,JP3443600006,0.0012755123745625608
2024,JP3678000005,0.00021147309593439313
2024,HK0004000045,0.0015213252611544095
2024,JP3931600005,0.0012086675967366467
2024,JP3304200003,0.004469790522046623
2024,JP3165700000,0.0033338197589603043
2024,JP3802400006,0.004241173529909253
2024,HK0016000132,0.004447975665584369
2024,BMG2624N1535,0.0005196689705393889
2024,JP3352400000,0.00043821155084641973
2024,JP3939000000,0.000473200568945481
2024,JP3280200001,0.0003049280177936246
2024,HK0012000102,0.0020954307723175195
2024,AU000000ANZ3,0.008557371576321741
2024,SG1U68934629,0.0016192996655297436
2024,JP3869010003,0.001393035872270305
2024,NZAIAE0002S6,0.0012611373335412374
2024,BMG677491539,0.001640094315861314
2024,JP3405400007,0.00043859865162642947
2024,BMG8403G1033,0.0
2024,AU0000033359,0.0002177016153149555
2024,JP3919800007,0.00011719971098735218
2024,JP3209000003,0.00020368923375405548
2024,JP3902000003,0.0003551198771260791
2024,JP3546800008,0.003930381808642741
2024,JP3721400004,0.00012898242879082433
2024,JP3040890000,0.0001926668306526344
2024,JP3720800006,0.0002527869444846583
2024,KYG525621408,0.0002792088306538783
2024,HK0000049939,0.003417153455440215
2024,AU000000ORI1,0.0006688187008160399
2024,JP3771800004,0.0009438140339103934
2024,AU000000TAH8,0.000182524524885859
2024,JP3598600009,0.001169027095237979
2024,JP3452000007,0.0005367734558881244
2024,JP3826800009,9.122271389141113e-05
2024,JP3635000007,0.003690725151859634
2024,JP3756100008,0.0024960353359737113
2024,JP3780100008,0.00038573338960756233
2024,HK0440001847,0.00035442239022841855
2024,JP3326410002,0.0004854030905004757
2024,JP3229400001,0.0006318214925621232
2024,SG9999003735,0.00010086015640089741
2024,AU000000PPT9,0.00031734111726322155
2024,JP3522200009,6.156694383602946e-20
2024,JP3386030005,0.0007248965524660365
2024,JP3885400006,0.0007555278150231269
2024,SG2B80958517,0.0003818184697504029
2024,KYG2108Y1052,0.0035489287058173393
2024,JP3493800001,0.0015618621901378983
2024,JP3164630000,0.0007658427726595033
2024,JP3762800005,0.002884075211952988
2024,JP3027670003,0.001018841915812259
2024,SG1B51001017,0.00106588874823606
2024,JP3039710003,0.000673341968890748
2024,JP3203500008,0.00022216706829193176
2024,JP3742600004,0.00043383935727171264
2024,JP3544000007,7.830523219387359e-05
2024,HK2380027329,0.0
2024,AU000000CQR9,0.0003776184331423117
2024,AU000000ILU1,0.00043081145772554927
2024,BMG2178K1009,0.002365656106607628
2024,AU000000IGO4,0.0005270304858545764
2024,JP3792600003,0.00031541333649929713
2024,BMG988031446,0.00034361499951934176
2024,AU000000CSL8,0.01532166434819113
2024,JP3854600008,0.009779425856696472
2024,JP3676800000,0.0007780879106471285
2024,JP3270000007,0.0008341887131407756
2024,JP3362700001,0.002157543386569555
2024,JP3549600009,1.653869669487472e-18
2024,JP3436120004,0.001153975906542867
2024,JP3156400008,0.00010094599498362017
2024,JP3292200007,0.0004652564379551877
2024,JP3733000008,0.003027056357634389
2024,JP3188220002,0.0034482250644297992
2024,KYG217651051,0.0030737323716375172
2024,JP3116000005,0.0033048711244955628
2024,JP3667600005,0.0004460335490940259
2024,JP3494600004,0.0017626394961214823
2024,JP3126340003,0.0006176074366390893
2024,HK0011000095,0.0030839336705308566
2024,AU000000CWY3,0.0006669391495537979
2024,JP3274400005,0.00012779424677134883
2024,JP3711200000,0.0006278892664944926
2024,HK0008011667,0.0008336040688645424
2024,SG1L01001701,0.010076426170939689
2024,JP3605400005,3.504155909593581e-20
2024,HK0242001243,1.0859315248686817e-18
2024,NZAIRE0001S2,2.540967173714542e-19
2024,AU000000NAB4,0.01055202270967123
2024,JP3910660004,0.008454905201913814
2024,AU000000JBH7,0.0005190916840821252
2024,AU000000SUN6,0.0020304755556361785
2024,AU000000SGM7,0.0004444033869243455
2024,JP3463000004,0.0074386893968302606
2024,JP3870400003,0.0005391481810523292
2024,JP3152740001,0.00058436729172052
2024,AU000000RHC8,0.0014928277970334932
2024,JP3811000003,0.0005213533685281995
2024,JP3407200009,0.0001524240569936034
2024,JP3300600008,0.00027724867054686945
2024,AU0000088338,0.0007979888541219247
2024,JP3663900003,0.0011809159181413987
2024,JP3977400005,0.0006412646104729949
2024,JP3629000005,0.0017330614242987857
2024,JP3753000003,0.0029219032237432505
2024,JP3134800006,0.0006036806302829379
2024,JP3769000005,0.0005539834583358898
2024,JP3143600009,0.01181278316155583
2024,JP3600200004,0.0004418491198424296
2024,JP3224200000,0.0007094786794918659
2024,JP3944130008,0.0008310347783897819
2024,JP3830000000,0.0008664269038813979
2024,JP3738600000,0.001001881868956965
2024,JP3357200009,0.001396951388435101
2024,HK0308001558,0.0002433613102356933
2024,JP3814000000,0.004583375558697791
2024,JP3893200000,0.0037054160119550645
2024,HK0823032773,0.002135892987111804
2024,JP3890350006,0.011303321863700174
2024,SG1T58930911,0.00011015496386315447
2024,JP3164800009,0.0003949346392966552
2024,JP3528600004,0.0
2024,SG1N31909426,0.00034066213573338215
2024,JP3634600005,0.004644626516682336
2024,AU000000GPT8,0.0009456300336974231
2024,JP3942600002,0.0005977255633053779
2024,HK0200030994,0.0001393506496459848
2024,BMG5320C1082,0.0014020681856229842
2024,HK0003000038,0.0025084075413181013
2024,AU000000SHL7,0.001723500265117848
2024,JP3548610009,0.00018890624366245227
2024,JP3305990008,0.001040920356115385
2024,JP3277800003,0.0004909493324109264
2024,JP3783420007,0.0016076279334544486
2024,SG1J26887955,0.0011294235268985919
2024,AU000000QAN2,0.0007882087861283915
2024,JP3263000006,0.0007465319343554381
2024,HK0002007356,0.0009598016795726638
2024,JP3210200006,0.0015764402573334255
2024,AU000000BEN6,0.0005886639647912267
2024,AU000000AMP6,0.00029769402162622575
2024,AU000000IFL2,0.0001037657903115499
2024,SG1V61937297,0.002160126944978619
2024,AU000000CBA7,0.02037784897325321
2024,JP3256000005,0.001213260223817702
2024,AU000000SGP0,0.0010827315691938585
2024,AU000000BSL0,0.0009771621180232847
2024,SG1M51904654,0.0017671146622786655
2024,BMG684371393,9.926121972264471e-05
2024,JP3890310000,0.0036846972531746195
2024,JP3271400008,0.0006602812102683752
2024,JP3305800009,2.817450171943343e-05
2024,JP3597800006,0.0007626733728136231
2024,JP3893600001,0.009709611874333142
2024,JP3415400005,0.0006683298498297474
2024,JP3560800009,0.00011792570690752982
2024,JP3783600004,0.0035575751578902468
2024,JP3496400007,0.012495478158232041
2024,NZFBUE0001S0,0.000278937836069729
2024,JP3658850007,0.0005015278839118843
2024,BMG507361001,0.0017227096879070607
2024,BMG524401079,0.0006131102136470825
2024,JP3756600007,0.011893488404646591
2024,JP3834800009,0.0
2024,JP3665200006,0.0006656405481194856
2024,AU000000MQG1,0.007811798756459063
2024,JP3638600001,0.0004230983471191498
2024,JP3260800002,0.0007734542363472157
2024,AU000000TCL6,0.004384513969974245
2024,AU000000TLS2,0.005045964226407552
2024,HK0836012952,6.0393490576485654e-21
2024,HK0144000764,0.0012976860416354405
2024,JP3219000001,0.0006516232909482908
2024,JP3505000004,0.0032725754119346307
2024,JP3027680002,0.0007762265751506095
2024,SGXE34184239,0.0007959022175630562
2024,JP3868400007,0.0011935266286304458
2024,JP3684400009,0.00027879136203015897
2024,JP3491000000,0.00036457938709173434
2024,JP3268950007,0.0006391972044927253
2024,JP3519400000,0.009311351023728758
2024,JP3352000008,0.0003129871202338879
2024,AU000000ELD6,0.0003288713254097878
2024,JP3726200003,0.0005002342870096441
2024,JP3672400003,0.002560129987151357
2024,JP3165600002,0.00020647463560026746
2024,JP3289800009,0.0005206946952458683
2024,AU000000IAG3,0.0016172698101506698
2024,JP3675600005,0.0015021149797661956
2024,JP3162600005,0.0060128341263850854
2024,IE00BKVD2N49,0.003001284325439409
2024,KYG0535Q1331,0.0007603647324283132
2024,JP3266400005,0.0028747014885503012
2024,JP3820000002,0.001194358953640016
2024,AU000000IRE2,0.00010153035221339811
2024,AU000000SIG5,0.000136352625586066
2024,JP3351500008,0.0008185955458853268
2024,JP3436100006,0.010299139551051351
2024,JP3228600007,0.001687625810278551
2024,AU000000SXL4,0.0
2024,JP3200450009,0.0037717798271096085
2024,JP3657400002,0.0008068161533169438
2024,JP3613000003,0.0010091822275385223
2024,JP3596200000,0.0007268641919107604
2024,JP3351600006,0.0018155181894888353
2024,JP3347200002,0.0026780188216395787
2024,JP3126400005,0.0002703823577155156
2024,JP3802300008,0.013296791106409463
2024,AU000000COH5,0.0021152486914401527
2024,JP3896800004,0.0005866511645563273
2024,JP3891600003,4.0082762875715785e-05
2024,SG1M77906915,0.0015481391624650055
2024,JP3194000000,0.0003336102284782079
2024,JP3197600004,0.0014246195440640909
2024,JP3196000008,0.0007315800039328653
2024,JP3371200001,0.013019233383556312
2024,JP3404600003,0.0044689873554702815
2024,JP3242800005,0.006123780598427528
2024,SG1M31001969,0.005933538449736107
2024,JP3411000007,0.00027447186779310586
2024,JP3358000002,0.0023275301715228727
2024,JP3435000009,0.020007730602157766
2024,JP3573000001,0.0016040016222708565
2024,HK0293001514,0.0004953070306136367
2024,SG9999000020,0.0016885607222507843
2024,JP3359600008,0.000655324430208446
2024,JP3475350009,0.009614991566532706
2024,JP3633400001,0.05246649864307553
2024,AU000000FLT9,0.0006584546387286358
2024,JP3951600000,0.0036731710764089107
2024,AU000000ANN9,0.00016368877782235516
2024,AU000000WOW2,0.004733896429600911
2024,AU000000BHP4,0.025521982919009263
2024,AU000000MAH3,0.00017255283270335315
2024,JP3459600007,0.0002809699830792797
2024,JP3122800000,0.0005964158214005243
2024,JP3131430005,0.0004734445691509183
2024,JP3787000003,0.0009276922959290675
2024,JP3409000001,0.002392524376694339
2024,JP3198900007,0.010924640906690508
2024,JP3421100003,0.00013861618645112596
2024,SGXE21576413,0.0015917502626356494
2024,JP3398000004,0.0005227409438481433
2024,JP3402600005,0.0012426949639243803
2024,JP3955000009,0.0009145427022573307
2024,AU000000BOQ8,0.0004541248329896653
2024,AU000000BWP3,0.00011847879320929606
2024,JP3862400003,0.001297626792874613
2024,SG1R50925390,0.0010397040510298236
2024,JP3172100004,0.00022868386008725555
2024,JP3305530002,0.0004674234754085631
2024,JP3336600006,0.0005431937195291448
2024,JP3837800006,0.007183398467493789
2024,AU000000ALL7,0.0029718440495727252
2024,AU000000APA1,0.001105824597939268
2024,JP3992400006,0.00025214790618305967
2024,MU0117U00026,4.9128257042714833e-20
2024,SG1R89002252,0.0007282894107661266
2024,JP3582600007,0.0004710725064329257
2024,JP3635400009,0.000591845695191768
2024,JP3320800000,0.0005421999997541805
2024,JP3940000007,0.001164189709464149
2024,JP3830800003,0.005181603589513875
2024,JP3419400001,0.0009592492815689513
2024,HK0000608585,0.0005938043936118793
2024,JP3866800000,0.003774073361132584
2024,HK0066009694,0.0033111088645852026
2024,HK0392044647,0.0008244281864261921
2024,JP3933800009,0.003911964017985101
2024,JP3634200004,0.0004282504870474884
2024,JP3215800008,0.0002599882941835061
2024,JP3814800003,0.0023215273611093645
2024,JP3841800000,0.00021775953833389988
2024,BMG4600H1198,0.0003127462778512723
2024,AU000000BPT9,0.0003416876709974577
2024,JP3358800005,0.0007266496169662954
2024,JP3414750004,0.000951357400654626
2024,JP3322930003,0.0008506080325832892
2024,JP3119600009,0.003275486749600501
2024,JP3906000009,0.0015759360104062102
2024,JP3143000002,0.0002541861383531391
2024,JP3486800000,0.001484247780025686
2024,AU000000ERA9,0.0002010212184369276
2024,JP3283650004,0.0006410274692123934
2024,JP3619800000,7.604198606045801e-19
2024,JP3388200002,0.0033340528690934835
2024,JP3789000001,0.0004417391763542245
2024,JP3425000001,1.2181174246527554e-05
2024,JP3819400007,0.0005322828019865113
2024,JP3368000000,0.00029358623162649764
2024,HK0270001396,0.0004469386112344513
2024,JP3659000008,0.0019119749541210423
2024,JP3718800000,0.0005007227818267905
2024,JP3375800004,0.0008224822882573717
2024,JP3940400009,0.0008420987282602774
2024,JP3967200001,0.0014427184608236192
2024,JP3174410005,3.567698815761318e-19
2024,JP3574200006,0.0012125527208378603
2024,JP3914400001,0.006840057459387768
2024,JP3108600002,0.0006054113021070975
2024,HK0363006039,0.0002102779276952297
2024,JP3404200002,0.0003953381500288472
2024,JP3942800008,0.0015789389039943713
2024,AU000000ASX7,0.0014268044164959179
2024,JP3118000003,0.0008570297785719861
2024,JP3743000006,0.000487953721506257
2024,JP3419050004,0.0006712704052734587
2024,JP3935600001,0.0009442065749377549
2024,AU0000224040,0.00643596055609799
2024,HK0006000050,0.0018531582524741448
2024,JP3429800000,0.0012941811599295097
2024,JP3137200006,0.0017326129126430505
2024,JP3551200003,5.534649649239945e-21
2024,JP3551520004,0.0012466965803722434
2024,JP3421800008,0.002621851976381684
2024,AU000000CIM7,0.0008521986719666421
2024,JP3449020001,2.0526961779705284e-20
2024,JP3870000001,0.0002507108058351851
2024,SG1S04926220,0.00715019723831819
2024,SG1S76928401,0.00017927014622919125
2024,HK0000745908,0.00039863930033646984
2024,JP3774200004,0.001175013404784772
2024,JP3495000006,0.00016694366031578636
2024,JP3982800009,0.001284169356956057
2024,JP3102000001,0.0017226538729685418
2024,JP3269600007,0.0005165270858954712
2024,JP3276400003,0.0007602669404301178
2024,JP3456000003,0.00044113880775939674
2024,HK0688002218,0.002781628196238486
2024,JP3336000009,0.0004318449669285619
2024,JP3166000004,0.0009165860029986735
2024,JP3566800003,0.004383564794466497
2024,HK0000139300,0.0001386688351731686
2024,JP3385820000,0.00025494187507257306
2024,JP3670800006,0.0010229863818527925
2024,AU000000CPU5,0.0015622584902529972
2024,JP3381000003,0.0030191026374842703
2024,JP3300200007,0.0013651780400829483
2024,JP3711600001,0.001985370623615291
2024,JP3511800009,0.0011907121841329296
2024,JP3732200005,0.000714394839952503
2024,AU000000GMG2,0.005477245057042415
2024,JP3613400005,0.0004069982031439505
2024,JP3762600009,0.002747886952098667
2024,JP3888300005,0.0009401156017235207
2024,JP3350800003,5.244117953860512e-20
2024,JP3579800008,0.00044791228433406217
2024,BMG668971101,0.0007954376850321039
2024,JP3735400008,0.018556165566147042
2024,HK0101000591,0.0009243280981080082
2024,JP3246400000,3.3289335639611815e-20
2024,HK0388045442,0.00617453815529511
2024,HK0083000502,0.0014985593437268515
2024,HK2388011192,0.004062924500825214
2024,AU000000DXS1,0.0009873104709074276
2024,BMG2108M2182,7.633235936966636e-05
2024,KYG9431R1039,0.0013525399832845998
2024,JP3778630008,0.0023569159278293396
2024,AU000000SEK6,0.0007715696317619338
2024,JP3734800000,0.0034656200636070883
2024,AU000000LLC3,0.0005733377770412281
2024,JP3898400001,0.011807665207957787
2024,HK0014000126,0.0003899082366368193
2024,SG1F60858221,0.001711324946943471
2024,HK0165000859,0.0003002171289609809
2024,AU000000MND5,0.0002098141075948768
2024,JP3502200003,0.0018301596942988142
2024,JP3197800000,0.0014384708243490199
2024,JP3358200008,0.0007089882405516382
2024,JP3894900004,0.0009250592187858359
2024,JP3131400008,0.00039781781457057713
2024,JP3588600001,0.0007817092254876216
2024,JP3526600006,0.002068953300354949
2024,JP3160400002,0.0021806017507326144
2024,KYG210961051,0.0014369539421558105
2024,JP3485800001,0.00021212029771088993
2024,JP3240400006,0.0019704833052426353
2024,JP3902900004,0.01870029087839109
2024,AU000000SBM8,2.839431801294618e-05
2024,JP3684000007,0.0020747800954678684
2024,AU000000ORG5,0.0012241164406631214
2024,HK0291001490,0.0018995030189148227
2024,JP3599000001,0.0
2024,AU000000ABC7,4.0090151189921155e-05
2024,SG1T75931496,0.0050121075433637455
2024,JP3294460005,0.002678195515551357
2024,JP3827200001,0.0001882041170197103
2024,JP3818000006,0.004912962837249944
2024,AU000000WBC1,0.008807622913688489
2024,JP3538800008,0.0032419741505493524
2024,JP3625000009,6.751604504165169e-20
2024,JP3902400005,0.004898011828364562
2024,AU000000SWM4,0.00011675838261504808
2024,KYG5427W1309,0.0
2024,JP3158800007,2.426301905536471e-19
2024,JP3205800000,0.0031326742341309627
2024,JP3397200001,0.0038475705883312663
2024,HK0010000088,0.00028030076875703994
2024,AU000000QBE9,0.00253097882086067
2024,JP3845400005,1.1329244525398105e-20
2024,AU000000DOW2,0.00041019312580015745
2024,JP3148800000,0.0011471143302928687
2024,JP3389900006,0.0
2024,JP3112000009,0.0012508304857450185
2024,AU000000MTS0,0.00029842471176912626
2024,JP3788600009,0.012119352051669734
2024,JP3180400008,0.0012902768354456327
2024,JP3595200001,0.0001441588121825152
2024,JP3293200006,0.0005531575453773466
2024,JP3351100007,0.0018198129300948686
2024,JP3768600003,0.0007121921637154715
2024,JP3223800008,0.0019341899339071118
2024,JP3400900001,5.3000700138848735e-20
2024,JP3888400003,0.0003128538483026188
2024,JP3695200000,0.0007317863240592611
2024,JP3765400001,0.0004066342444162967
2024,AU000000CGF5,0.0005841022718130173
