Year,ISIN,Weight
2013,AU000000TAH8,1.3045228097425128e-07
2013,AU000000BHP4,4.170164254472588e-09
2013,JP3850200001,3.286002658984556e-12
2013,JP3320800000,1.973749996738428e-08
2013,AU000000ANZ3,1.6371831470585427e-07
2013,JP3753000003,4.4459864579011546e-11
2013,HK0002007356,0.0818687707683368
2013,AU000000SGM7,2.3393719392091304e-08
2013,JP3119600009,0.015847696812132876
2013,JP3528600004,1.409537367582015e-07
2013,JP3686800008,2.2131777695673736e-10
2013,JP3733000008,3.90524537993996e-08
2013,JP3362700001,1.0771687759308142e-10
2013,JP3414750004,0.070549247077697
2013,AU000000GWA4,4.725258125090666e-08
2013,AU000000CQR9,3.665092695357381e-07
2013,JP3505000004,3.6965982912808804e-08
2013,JP3481800005,1.0439493712522319e-08
2013,JP3197600004,0.002970208882459405
2013,AU000000BSL0,1.6519277720314607e-10
2013,JP3982800009,7.734421852272387e-09
2013,AU000000DOW2,1.4182078666824852e-08
2013,JP3783600004,1.9060267732968773e-08
2013,JP3242800005,3.1262525373240764e-08
2013,JP3351600006,4.996657668873323e-09
2013,JP3544000007,2.3978902921675103e-09
2013,JP3634600005,1.199688172760634e-08
2013,JP3359600008,4.031858386815139e-09
2013,NZFBUE0001S0,7.72814643058569e-09
2013,JP3811000003,3.396670787364501e-08
2013,JP3573000001,0.015484231728007811
2013,JP3194000000,4.566190749774082e-08
2013,JP3902900004,7.461559427361189e-08
2013,JP3228600007,0.0
2013,JP3711600001,8.84577447525017e-09
2013,JP3940000007,7.099304270822677e-09
2013,JP3190000004,1.9599864046871888e-08
2013,JP3787000003,5.9032994023413646e-08
2013,AU000000NAB4,1.5265627210711094e-07
2013,SGXE34184239,4.975301053809083e-08
2013,JP3452000007,2.764510298458683e-08
2013,JP3134800006,4.016672663540605e-08
2013,JP3224200000,2.1944596306308606e-08
2013,JP3405400007,7.117750539732608e-08
2013,JP3165700000,1.0698005326581194e-07
2013,JP3667600005,2.9748330253361433e-08
2013,JP3407400005,1.4671451196928557e-08
2013,JP3522200009,0.0
2013,AU000000MND5,6.548987289585753e-08
2013,JP3269600007,3.804662004221434e-09
2013,AU000000PPT9,1.8364467136114512e-07
2013,AU000000STO6,3.6319331263210815e-09
2013,JP3566800003,2.7388066192214607e-08
2013,JP3158800007,1.0057615040499107e-10
2013,JP3688370000,5.401885783349082e-09
2013,HK0006000050,0.2425664165611129
2013,JP3633400001,1.3607581019451396e-08
2013,AU000000WBC1,1.3716281703621542e-07
2013,JP3429800000,0.01392655708851852
2013,BMG2442N1048,5.737855166491456e-08
2013,JP3200450009,4.9352988184944656e-08
2013,AU000000COH5,0.0015514092391561945
2013,AU000000SGP0,1.1681684162430735e-07
2013,JP3300600008,1.4075558366879284e-08
2013,JP3818000006,1.9634627532603167e-08
2013,JP3870000001,1.0716203530457675e-08
2013,JP3289800009,1.2825843532819434e-10
2013,JP3402600005,9.87633019107166e-09
2013,HK0019000162,0.005797134144629207
2013,JP3665200006,1.0809271246165046e-08
2013,AU000000BWP3,3.98269705327915e-08
2013,AU000000QAN2,1.7084458568847897e-10
2013,JP3830000000,3.322854502209598e-08
2013,AU000000CWY3,4.0099208848159174e-09
2013,JP3388200002,1.819196653066007e-08
2013,JP3868400007,1.645091901650179e-08
2013,NZTELE0001S4,8.439441240156628e-08
2013,JP3672400003,1.5639925717579045e-08
2013,NZCENE0001S6,5.236644338639298e-10
2013,HK0200030994,2.46862413788596e-07
2013,JP3786200000,9.497556968371098e-09
2013,IE00BKVD2N49,2.8703082790578786e-08
2013,AU000000ORG5,0.015061929488942041
2013,BMG524401079,1.0635831403894505e-07
2013,JP3659000008,6.8869459309426736e-09
2013,HK0003000038,0.004285415756014845
2013,JP3491000000,6.329896920829211e-09
2013,JP3792600003,3.023078614420909e-08
2013,JP3368000000,4.158042095549415e-10
2013,JP3229400001,6.029558390256159e-09
2013,JP3495000006,2.1820402637292312e-08
2013,AU000000BLD2,3.126323708619826e-09
2013,JP3174410005,4.714462464332693e-10
2013,JP3165600002,8.060116660632373e-09
2013,AU000000ERA9,9.710648887611816e-09
2013,BMG677491539,0.0022268485001965513
2013,JP3629000005,1.1163059640005754e-08
2013,SG1R50925390,1.1252134106847535e-09
2013,JP3890310000,9.845027296266922e-08
2013,HK0293001514,8.324211433522988e-11
2013,AU0000088338,2.0501465348796576e-09
2013,JP3164800009,0.029186427431226434
2013,JP3371200001,0.024665021195469216
2013,HK0066009694,6.4163646147682525e-09
2013,JP3027680002,4.3670834806250476e-08
2013,JP3973400009,1.2120119749722168e-08
2013,JP3443600006,1.772291774757763e-08
2013,JP3118000003,1.1056282341486398e-07
2013,SG1V61937297,2.904986216574613e-10
2013,JP3769000005,9.163494682661494e-08
2013,JP3942800008,7.818638959854858e-09
2013,AU000000ORI1,4.754479698577002e-09
2013,JP3270000007,1.2679622748057783e-08
2013,BMG8063F1068,0.01077640108853514
2013,JP3743000006,5.7807036227185805e-09
2013,AU000000SHL7,6.629313080724472e-09
2013,JP3493400000,4.410666695972152e-09
2013,NZAIAE0002S6,0.00012143161002135711
2013,AU000000IVC8,3.3984623318516475e-08
2013,JP3304200003,6.335789946605792e-08
2013,JP3902400005,2.0664075054952738e-08
2013,BMG684371393,5.62996155438283e-10
2013,JP3942400007,2.2476749038651066e-08
2013,JP3535800001,1.2739454367509593e-08
2013,JP3180400008,0.0
2013,JP3596200000,1.5311409428729798e-08
2013,JP3830800003,4.528327222962071e-09
2013,JP3891600003,1.7276090350500246e-08
2013,JP3385980002,8.166929771955907e-09
2013,SG1R89002252,1.0199881565991183e-07
2013,JP3893600001,1.2501571293240367e-08
2013,JP3502200003,2.3032427487496034e-07
2013,JP3819400007,1.0469763389429183e-07
2013,JP3903000002,2.27299689518379e-10
2013,AU000000WOW2,1.6483370096584766e-08
2013,AU000000TCL6,5.968417439732012e-08
2013,JP3854600008,9.432614662690828e-09
2013,AU0000224040,4.342791556962831e-09
2013,AU000000GPT8,1.6105847209143438e-07
2013,JP3762600009,2.4765256203826387e-07
2013,AU000000CSL8,4.079769572856648e-08
2013,JP3420600003,3.1338952104077226e-08
2013,AU000000QBE9,1.0353456645706105e-07
2013,AU000000MTS0,2.9388680243124796e-08
2013,JP3914400001,2.3904672786637552e-08
2013,JP3571400005,1.1709801763505838e-07
2013,JP3788600009,1.4066799182024624e-08
2013,JP3385820000,5.799810219366399e-08
2013,JP3595200001,1.0625621448357474e-10
2013,JP3613400005,2.10640271385067e-08
2013,JP3845400005,0.0
2013,JP3293200006,9.65610911198605e-09
2013,JP3496400007,6.978711044125476e-08
2013,AU000000CSR5,4.2369516015643115e-09
2013,AU000000SBM8,0.002624557295765126
2013,JP3419400001,2.0383232482541418e-08
2013,JP3551200003,1.8109627510230976e-12
2013,SGXE21576413,1.9091961055726285e-07
2013,HK0823032773,0.038736713627201755
2013,SG1U68934629,1.4589410587962958e-08
2013,JP3246400000,0.03549921899950174
2013,JP3657400002,2.553154763534954e-08
2013,JP3814800003,1.2337794091272482e-08
2013,AU000000TLS2,0.0046089906651354895
2013,AU000000CBA7,1.002797948888295e-07
2013,JP3223800008,4.4668735478839863e-11
2013,JP3358800005,1.0647187147342565e-08
2013,AU000000IGO4,3.2985682020821155e-08
2013,AU000000SIG5,0.016252890891180104
2013,JP3201200007,4.1395737665881506e-08
2013,JP3734800000,0.012168198345922619
2013,AU000000AMP6,1.354509399160306e-07
2013,JP3814000000,5.011848767458676e-09
2013,JP3888300005,5.153792592632626e-10
2013,JP3519400000,4.135704994734756e-08
2013,JP3551500006,1.560927537013726e-08
2013,JP3210200006,1.999238454738315e-08
2013,JP3720800006,1.9510926149156806e-08
2013,JP3678000005,6.764167312149243e-09
2013,JP3449020001,1.4139993002856603e-10
2013,SG1J26887955,0.011970643435017738
2013,AU000000OZL8,8.609080504693383e-09
2013,JP3582600007,2.8595439960666264e-07
2013,JP3820000002,1.804967078950817e-08
2013,AU000000SUN6,1.4392589949412413e-07
2013,JP3122400009,1.5483444347571857e-07
2013,JP3493800001,9.496455274541218e-09
2013,AU000000APA1,5.798286970748243e-09
2013,JP3375800004,1.887020984356619e-08
2013,SG1F60858221,2.6130344629131184e-08
2013,JP3539220008,0.00804599273091426
2013,JP3726800000,3.394698663307488e-08
2013,JP3910660004,8.000889980734825e-08
2013,AU000000CIM7,4.9371008381059225e-09
2013,HK0010000088,1.6025816406667958e-08
2013,JP3977400005,0.06974144284618168
2013,JP3148800000,1.5050233521050846e-08
2013,JP3357200009,0.0251048159566789
2013,AU000000MQG1,2.1789612765999345e-07
2013,JP3827200001,1.6779437894912935e-08
2013,JP3866800000,4.0626694831138815e-09
2013,HK0011000095,0.020116217105835475
2013,JP3205800000,4.922590000272953e-09
2013,JP3592200004,1.6996004340951067e-08
2013,AU000000WES1,1.2478842007131766e-08
2013,JP3982100004,0.13852012171199812
2013,JP3898400001,7.527415338873398e-09
2013,JP3684000007,1.4547238328950077e-08
2013,AU000000IAG3,9.715050994839338e-08
2013,AU000000LLC3,3.6503871584507e-08
2013,JP3638600001,2.1069518994441295e-09
2013,JP3260800002,0.04972644973837711
2013,JP3258000003,1.6582229442390035e-08
2013,HK0388045442,0.0
2013,AU000000MGR9,2.0874186780709635e-07
2013,JP3350800003,0.007732778479103516
2013,JP3890350006,1.7222753858017595e-07
2013,AU000000NCM7,1.0615002201247202e-08
2013,JP3435000009,1.2502318106051437e-08
2013,JP3738600000,0.02225672565497438
2013,JP3266400005,2.601531770981051e-08
2013,JP3605400005,5.347014275229034e-12
2013,JP3166000004,3.853007704313917e-08
2013,JP3900000005,5.197668523649021e-08
2013,JP3421100003,1.0508129954529565e-08
2013,JP3551520004,1.3042892687480767e-07
2013,JP3619800000,1.1507469046682701e-09
2013,JP3621000003,1.7040807690550333e-09
2013,AU000000ASX7,9.197592148655527e-08
2013,JP3197800000,4.0935956931640325e-08
2013,JP3111200006,1.3613693268744676e-09
2013,JP3626800001,8.684505562301094e-09
2013,AU000000DXS1,1.0788145411598563e-07
2013,JP3955000009,2.8610085583175345e-08
2013,JP3634200004,1.4585275183328292e-08
2013,AU000000WOR2,6.604173426826463e-08
2013,JP3126400005,5.397544309191954e-08
2013,AU000000MAH3,6.879732514821487e-09
2013,JP3215800008,1.5562331064593513e-09
2013,JP3475350009,1.8786202677417764e-08
2013,JP3526600006,0.0
2013,AU000000BEN6,1.3243968978553576e-07
2013,JP3888400003,2.206102383254718e-09
2013,JP3778630008,8.469150896209041e-08
2013,JP3401400001,7.284845052177905e-10
2013,JP3209000003,1.057501291768513e-07
2013,JP3463000004,1.3740756279483178e-08
2013,SG9999000020,3.085126167384029e-08
2013,JP3951600000,4.379910351448762e-09
2013,JP3294460005,1.2288910696818425e-08
2013,AU0000038911,2.820673415542506e-09
2013,JP3256000005,2.09540377310185e-08
2013,JP3870400003,7.409866646041074e-08
2013,JP3635400009,7.91474184483417e-09
2013,JP3877600001,8.734034340459107e-08
2013,JP3456000003,5.1913774996106866e-08
2013,JP3112000009,1.6960383759432082e-09
2013,JP3116000005,9.068712808620232e-09
2014,AU000000TAH8,1.380006294024874e-07
2014,AU000000BHP4,7.886232363273033e-09
2014,JP3850200001,2.350544889525291e-11
2014,JP3320800000,1.7490560880434904e-08
2014,AU000000ANZ3,1.6645286498181156e-07
2014,JP3419050004,8.992059258779843e-08
2014,JP3753000003,1.5528607503855996e-10
2014,HK0002007356,0.1168493464697024
2014,AU000000SGM7,3.079060133455456e-08
2014,JP3119600009,0.03309271283638464
2014,AU000000BPT9,1.7914364925427016e-08
2014,JP3528600004,1.2808448614027838e-07
2014,JP3686800008,3.5372442592068775e-10
2014,JP3733000008,6.972547164364522e-08
2014,JP3362700001,2.3293662872189936e-10
2014,JP3414750004,0.05112820415813998
2014,AU000000GWA4,5.5480775386260024e-08
2014,AU000000CQR9,4.0661377193927577e-07
2014,JP3505000004,3.1701612357860154e-08
2014,JP3481800005,1.6967617560227856e-08
2014,JP3197600004,0.0
2014,AU000000BSL0,3.113077862053632e-10
2014,JP3982800009,1.6154091069899286e-08
2014,AU000000DOW2,1.6199697136436086e-08
2014,JP3783600004,5.682632424875593e-09
2014,JP3242800005,2.6236058020864227e-08
2014,JP3351600006,1.5658128364407307e-08
2014,JP3544000007,2.65389541974843e-09
2014,JP3634600005,1.5052565435391604e-08
2014,JP3359600008,1.3957558503133163e-08
2014,NZFBUE0001S0,7.773437000309437e-09
2014,JP3811000003,4.236615295526422e-08
2014,JP3573000001,0.0016105889328140418
2014,JP3194000000,7.53966438670125e-08
2014,JP3902900004,8.754191308650719e-08
2014,HK0004000045,1.4984678423052816e-07
2014,JP3228600007,1.8766148475144308e-11
2014,JP3711600001,1.0186450780585943e-08
2014,JP3940000007,1.3093793523729577e-08
2014,JP3190000004,1.656528176279986e-08
2014,JP3787000003,6.139906368324635e-08
2014,AU000000NAB4,1.7525818885031378e-07
2014,SGXE34184239,6.394659196521781e-08
2014,JP3452000007,3.394200107469476e-08
2014,JP3134800006,6.867949817517827e-08
2014,JP3224200000,3.233302734212262e-08
2014,JP3405400007,1.1336423374784413e-07
2014,JP3165700000,9.055490628017438e-08
2014,JP3397200001,2.0168120288463507e-08
2014,JP3667600005,4.991388101442175e-08
2014,JP3407400005,2.1444308103127938e-08
2014,JP3522200009,1.0977698372673306e-11
2014,AU000000MND5,7.534308210654451e-08
2014,JP3269600007,1.654534998536169e-09
2014,AU000000PPT9,2.517306066403353e-07
2014,AU000000STO6,5.489877311918357e-09
2014,JP3566800003,3.319656090658311e-08
2014,JP3158800007,1.2576880736806315e-10
2014,JP3688370000,6.7795987807663555e-09
2014,HK0006000050,0.14658718948125027
2014,JP3633400001,1.1933298681355547e-08
2014,AU000000WBC1,1.3894156879260554e-07
2014,JP3429800000,0.03392278582598613
2014,BMG2442N1048,5.3154470843911576e-08
2014,JP3200450009,7.333805673906071e-08
2014,AU000000COH5,0.000901701448236193
2014,AU000000SGP0,1.1332796172504509e-07
2014,JP3300600008,1.4317070428856863e-08
2014,JP3818000006,3.404870373734303e-08
2014,JP3870000001,1.507126969488145e-08
2014,JP3289800009,2.5576813183172046e-10
2014,JP3402600005,8.453189494470404e-09
2014,HK0019000162,2.1882292296604766e-10
2014,JP3665200006,0.006692182592058594
2014,AU000000BWP3,7.316696780334861e-08
2014,AU000000QAN2,1.0197240652492717e-10
2014,JP3830000000,5.01587865938192e-08
2014,AU000000CWY3,6.463755900263644e-09
2014,JP3388200002,2.9500175421243006e-08
2014,JP3868400007,4.183294373194493e-08
2014,NZTELE0001S4,1.1290601852513458e-07
2014,JP3672400003,2.3885956163815866e-08
2014,NZCENE0001S6,1.6902372300096516e-09
2014,HK0200030994,2.698392660174229e-07
2014,JP3786200000,7.858706905765095e-09
2014,IE00BKVD2N49,4.222558276477397e-08
2014,AU000000ORG5,1.0710649268300157e-09
2014,BMG524401079,2.1502527346757745e-07
2014,JP3659000008,1.6841943254705256e-09
2014,HK0003000038,0.007280984809913378
2014,JP3491000000,8.25360334973799e-09
2014,JP3792600003,3.480854358654596e-08
2014,JP3368000000,5.598235363763875e-10
2014,JP3229400001,6.973913887263443e-09
2014,JP3495000006,8.109162816666016e-09
2014,AU000000BLD2,3.227701649216584e-09
2014,JP3174410005,8.527830253380724e-10
2014,JP3165600002,1.733210663197243e-08
2014,AU000000ERA9,1.0683172300349438e-08
2014,BMG677491539,4.872026785563346e-10
2014,JP3629000005,1.1005727168154733e-08
2014,SG1R50925390,1.693190269548017e-09
2014,JP3890310000,1.360638438988886e-07
2014,HK0293001514,1.867308034504243e-10
2014,AU0000088338,1.9609469435321116e-09
2014,JP3164800009,0.023386142543405555
2014,JP3371200001,0.045069187413084376
2014,HK0066009694,0.019774804655499408
2014,JP3027680002,1.7660364355187485e-08
2014,JP3973400009,2.182951969707049e-08
2014,JP3443600006,2.2378474759799405e-08
2014,JP3118000003,1.0468704910404856e-07
2014,SG1V61937297,4.166420159790222e-10
2014,HK0242001243,6.7265133631914785e-09
2014,JP3769000005,6.713772082372775e-08
2014,JP3942800008,1.6998138684818116e-08
2014,AU000000ORI1,4.590191785905907e-09
2014,JP3270000007,3.892696971368324e-08
2014,BMG8063F1068,0.018342770009649585
2014,JP3743000006,0.0
2014,AU000000SHL7,7.95105128791906e-08
2014,JP3493400000,1.0671979823465272e-08
2014,NZAIAE0002S6,0.00532678644195066
2014,AU000000IVC8,4.15679374093096e-08
2014,JP3304200003,8.597161312306356e-08
2014,JP3902400005,3.823725373380543e-08
2014,BMG684371393,1.5891798363196931e-09
2014,JP3942400007,1.2592715501704369e-08
2014,JP3535800001,7.613586226289104e-09
2014,JP3180400008,2.621380264066357e-10
2014,JP3596200000,0.000962039926045553
2014,JP3830800003,2.9897365035020496e-09
2014,JP3891600003,3.044859437767234e-08
2014,BMG668971101,2.4090542120508777e-08
2014,JP3385980002,4.9304436895662905e-09
2014,SG1R89002252,1.5568165413655478e-07
2014,JP3893600001,1.814820157272342e-08
2014,JP3502200003,2.5983507104755443e-07
2014,JP3903000002,3.675330593757181e-10
2014,AU000000WOW2,2.2490964838192098e-08
2014,AU000000TCL6,8.901529249331996e-08
2014,JP3854600008,1.3440653756425258e-08
2014,AU0000224040,4.21147861555919e-09
2014,AU000000GPT8,1.6198052084836764e-07
2014,JP3762600009,3.1563233256768065e-07
2014,AU000000CSL8,5.094097050464279e-08
2014,JP3420600003,2.6701938573284217e-08
2014,AU000000QBE9,1.7296986284883776e-07
2014,AU000000MTS0,3.4973647919121264e-08
2014,JP3914400001,3.182358225045834e-08
2014,JP3571400005,7.39580389714602e-08
2014,JP3788600009,1.930978111350183e-08
2014,JP3385820000,9.348166548578515e-08
2014,JP3595200001,4.007008737176165e-10
2014,JP3613400005,1.0787713419831496e-08
2014,JP3845400005,1.2529847912827426e-11
2014,JP3293200006,5.91715794751393e-09
2014,JP3496400007,7.378565667993343e-08
2014,AU000000CSR5,8.420898131470715e-09
2014,AU000000SBM8,0.0106550376971642
2014,JP3419400001,2.2172573659078956e-08
2014,JP3551200003,1.7297200989800596e-11
2014,SGXE21576413,2.878836503240784e-07
2014,HK0823032773,0.033777664141470216
2014,SG1U68934629,2.61540883264318e-08
2014,JP3246400000,0.0189729571669202
2014,JP3657400002,2.8986617726509487e-08
2014,JP3814800003,0.031526646382053686
2014,AU000000TLS2,5.3472011981798494e-08
2014,AU000000CBA7,1.198491438768018e-07
2014,JP3223800008,1.1189515704103172e-10
2014,JP3358800005,1.7453345817930793e-08
2014,AU000000IGO4,4.1165116489539094e-08
2014,AU000000SIG5,0.005198730836306513
2014,JP3201200007,1.0775971643096158e-07
2014,JP3734800000,0.024105159095804
2014,AU000000AMP6,1.5691293341839028e-07
2014,JP3814000000,1.237001291866159e-08
2014,JP3888300005,6.197815527512125e-10
2014,JP3519400000,4.9408265917132166e-08
2014,JP3551500006,1.576456658335436e-08
2014,JP3210200006,2.3601488179556454e-08
2014,JP3720800006,2.7570263961054172e-08
2014,JP3678000005,9.491118657231991e-09
2014,JP3449020001,2.5861740458581397e-10
2014,SG1J26887955,1.203138187127064e-07
2014,AU000000OZL8,5.972643937825464e-09
2014,JP3582600007,4.124070602759815e-07
2014,JP3820000002,2.6728804802433275e-08
2014,AU000000SUN6,2.0040017605410788e-07
2014,JP3122400009,9.460522914728577e-08
2014,JP3894900004,2.6144172435886507e-08
2014,JP3493800001,1.0181201608698987e-08
2014,AU000000APA1,1.1362750011070675e-08
2014,JP3375800004,2.2896898264714158e-08
2014,SG1F60858221,4.196091362321609e-08
2014,JP3539220008,1.3329108265394552e-07
2014,JP3726800000,1.7217619112561414e-08
2014,JP3910660004,1.0154938513297206e-07
2014,AU000000CIM7,5.544627591132718e-08
2014,HK0010000088,7.06034761301998e-08
2014,JP3977400005,0.046223815945204146
2014,JP3148800000,2.586433026142361e-08
2014,JP3357200009,0.050849864672248765
2014,AU000000MQG1,3.041330114235591e-07
2014,JP3827200001,2.581378929366986e-08
2014,JP3866800000,8.994556449360211e-09
2014,HK0011000095,4.663961904286712e-08
2014,JP3205800000,1.0112673359782023e-09
2014,JP3592200004,2.871635882875591e-08
2014,AU000000WES1,1.788091787608581e-08
2014,JP3982100004,0.1646361963233815
2014,JP3898400001,1.4382087079063105e-08
2014,JP3684000007,9.748278464077968e-09
2014,AU000000IAG3,1.206740325263281e-07
2014,AU000000LLC3,4.274893432113918e-08
2014,JP3638600001,5.916379783302997e-09
2014,JP3260800002,0.09388502957037408
2014,JP3258000003,1.3268788174562201e-08
2014,HK0388045442,1.0285926340478569e-07
2014,AU000000MGR9,1.988409860386187e-07
2014,JP3350800003,4.119617720063856e-11
2014,JP3890350006,1.9496819911469979e-07
2014,AU000000NCM7,5.1114566150570465e-09
2014,JP3435000009,3.232755352899033e-08
2014,JP3738600000,0.00922959068952812
2014,JP3266400005,3.715679832951797e-08
2014,JP3546800008,2.3999033336291124e-08
2014,JP3605400005,2.1343079333916826e-11
2014,JP3166000004,1.1850642485185395e-07
2014,JP3900000005,7.216590207035685e-08
2014,JP3421100003,1.2098551145562022e-08
2014,JP3551520004,1.037171236244829e-07
2014,JP3619800000,2.026200075727971e-09
2014,JP3621000003,1.6462122722210346e-09
2014,AU000000ASX7,1.3704369565909838e-07
2014,JP3197800000,4.363628414124168e-08
2014,JP3762800005,1.1004186896481967e-07
2014,JP3111200006,2.3188013130288076e-09
2014,JP3626800001,1.2728965621340004e-08
2014,AU000000DXS1,1.1231098003015068e-07
2014,JP3955000009,9.208437099472686e-08
2014,JP3634200004,1.2114660449581215e-08
2014,AU000000WOR2,5.760615977704279e-08
2014,JP3126400005,8.597279918483152e-08
2014,AU000000MAH3,2.4774374959835353e-09
2014,HK0016000132,6.496085170531847e-08
2014,JP3215800008,2.950444770816827e-09
2014,JP3475350009,1.0881219296522169e-08
2014,JP3526600006,1.3905642753951353e-11
2014,AU000000BEN6,1.4051668943209157e-07
2014,JP3888400003,3.810524712307427e-09
2014,JP3778630008,3.682738601906874e-08
2014,JP3401400001,3.8129350586835526e-09
2014,JP3209000003,3.8470773220754585e-08
2014,JP3463000004,0.0
2014,SG9999000020,4.215496350789943e-08
2014,JP3951600000,0.0
2014,JP3294460005,1.796301963229488e-08
2014,AU0000038911,4.939180782926704e-09
2014,JP3256000005,2.9616243805656112e-08
2014,JP3870400003,5.2373772663771105e-08
2014,JP3635400009,1.4357255510681623e-08
2014,JP3877600001,1.0842788851959438e-07
2014,JP3456000003,4.61275875905519e-08
2014,JP3112000009,1.6132145232570774e-09
2014,JP3116000005,1.7887154569242997e-09
2015,AU000000TAH8,0.0
2015,AU000000BHP4,0.0
2015,JP3850200001,0.0
2015,JP3320800000,3.42720407189585e-16
2015,AU000000ANZ3,0.0
2015,JP3419050004,4.229074861041453e-15
2015,JP3753000003,0.0
2015,HK0002007356,0.11589836071373795
2015,AU000000SGM7,0.0
2015,JP3119600009,0.015074630252357966
2015,AU000000BPT9,0.0
2015,JP3528600004,0.0
2015,JP3686800008,0.0
2015,JP3733000008,4.4873758883561416e-15
2015,JP3362700001,0.0
2015,JP3414750004,0.048529102970366
2015,JP3027670003,8.978864585628198e-15
2015,AU000000GWA4,0.0
2015,AU000000CQR9,2.8099334080816182e-14
2015,JP3505000004,1.4731916922752633e-15
2015,JP3481800005,6.632784462973192e-16
2015,JP3197600004,6.556541054960975e-16
2015,AU000000BSL0,0.0
2015,JP3982800009,0.0
2015,AU000000DOW2,0.0
2015,JP3783600004,1.2981491657801244e-15
2015,JP3242800005,0.0
2015,JP3351600006,3.741808771890206e-15
2015,JP3544000007,2.509916132857214e-17
2015,JP3634600005,0.0
2015,JP3359600008,0.0
2015,NZFBUE0001S0,2.093065714017274e-16
2015,JP3811000003,4.596012756181591e-16
2015,JP3573000001,0.03599495731638106
2015,JP3194000000,0.0
2015,JP3902900004,0.012444508091478587
2015,HK0004000045,2.215482635541739e-15
2015,JP3347200002,2.2363060633869453e-15
2015,JP3228600007,0.0
2015,JP3711600001,0.0
2015,JP3940000007,0.0
2015,JP3190000004,0.0001545012556649338
2015,JP3787000003,0.0
2015,AU000000NAB4,0.0
2015,SGXE34184239,1.7593872406167763e-16
2015,JP3585800000,0.0
2015,JP3452000007,1.4994533741340005e-15
2015,JP3134800006,2.190301253817933e-15
2015,JP3224200000,1.7653605171826376e-15
2015,JP3405400007,0.0
2015,JP3165700000,8.57475840847284e-15
2015,JP3397200001,0.0
2015,JP3667600005,0.0
2015,JP3407400005,0.0
2015,JP3243600008,0.004332803751022131
2015,JP3522200009,0.0
2015,AU000000MND5,0.0
2015,JP3269600007,0.0
2015,AU000000PPT9,3.4473271531687005e-15
2015,AU000000STO6,0.0
2015,HK0000608585,0.0
2015,JP3566800003,1.5136214421999704e-15
2015,JP3158800007,0.0
2015,JP3688370000,6.650945416634712e-16
2015,AU000000CGF5,0.0
2015,HK0006000050,0.10918318457254413
2015,JP3633400001,0.0
2015,AU000000WBC1,0.0
2015,JP3429800000,0.00745854106033203
2015,BMG2442N1048,2.8814434062481167e-15
2015,JP3200450009,7.683068553772793e-16
2015,HK0012000102,1.9879491321386272e-15
2015,AU000000COH5,3.873335660855066e-15
2015,AU000000SGP0,5.485969797428434e-15
2015,JP3300600008,0.0
2015,JP3818000006,4.488740893641929e-16
2015,JP3870000001,6.383991049422453e-16
2015,JP3289800009,0.0
2015,JP3402600005,0.0
2015,HK0019000162,0.0
2015,JP3665200006,7.426643082839791e-17
2015,AU000000BWP3,0.0
2015,AU000000QAN2,0.0
2015,JP3830000000,0.0
2015,AU000000CWY3,0.0
2015,JP3388200002,1.5176486749911667e-15
2015,JP3868400007,0.0
2015,NZTELE0001S4,0.0
2015,JP3672400003,0.0
2015,NZCENE0001S6,0.0
2015,HK0200030994,0.0
2015,JP3786200000,0.0
2015,JP3486800000,5.0429699096455624e-15
2015,IE00BKVD2N49,0.0
2015,AU000000ORG5,0.0
2015,BMG524401079,2.3828291543600183e-15
2015,JP3659000008,2.08044912670763e-15
2015,HK0003000038,0.0
2015,JP3491000000,1.6654116177412422e-16
2015,JP3792600003,1.3140259575966111e-15
2015,JP3368000000,0.0
2015,JP3229400001,5.456857810947291e-16
2015,JP3495000006,0.0
2015,AU000000BLD2,0.0
2015,JP3174410005,0.0
2015,JP3165600002,1.0602890746951732e-15
2015,AU000000ERA9,0.0
2015,BMG677491539,0.0
2015,JP3629000005,5.607333450887423e-16
2015,SG1R50925390,0.0
2015,JP3890310000,6.196464908955051e-16
2015,HK0293001514,0.0
2015,AU0000088338,0.0
2015,JP3164800009,0.0019877689450108695
2015,JP3371200001,0.04296438384314972
2015,HK0066009694,0.001581464619168617
2015,JP3027680002,9.946253676553529e-15
2015,JP3973400009,1.2502763934194434e-15
2015,JP3443600006,2.0722603533121e-16
2015,JP3118000003,1.4529791154500423e-14
2015,SG1V61937297,0.0
2015,HK0242001243,0.0
2015,JP3769000005,9.867339617222376e-16
2015,JP3942800008,7.216060317260497e-17
2015,AU000000ORI1,0.0
2015,JP3270000007,0.0
2015,BMG8063F1068,0.023179158384027964
2015,JP3743000006,8.757251569117727e-16
2015,AU000000SHL7,0.0
2015,NZSKCE0001S2,1.7333107220401572e-15
2015,JP3493400000,4.942696741274143e-16
2015,NZAIAE0002S6,3.1504784892149644e-15
2015,AU000000IVC8,1.0651348620899607e-15
2015,JP3304200003,0.0
2015,JP3902400005,0.0
2015,BMG988031446,0.026968987175175974
2015,BMG684371393,0.0
2015,JP3942400007,0.0
2015,JP3535800001,0.0
2015,JP3967200001,0.0
2015,JP3180400008,0.0
2015,JP3596200000,0.0007940718826105101
2015,JP3830800003,6.687164906386797e-17
2015,JP3891600003,4.335977652151078e-16
2015,BMG668971101,0.0
2015,JP3385980002,0.0
2015,SG1R89002252,0.0
2015,JP3893600001,0.0
2015,JP3502200003,9.4973737108122e-15
2015,JP3903000002,0.0
2015,AU000000WOW2,1.8050864797560253e-16
2015,AU000000TCL6,4.618163674874696e-15
2015,JP3854600008,0.0
2015,AU0000224040,0.0
2015,AU000000GPT8,1.4303066707543835e-15
2015,JP3762600009,9.43717270720235e-15
2015,AU000000CSL8,0.0
2015,JP3420600003,0.0
2015,AU000000QBE9,1.0722879185416258e-15
2015,AU000000MTS0,0.0
2015,JP3914400001,4.550005986551596e-16
2015,JP3358200008,0.0
2015,JP3571400005,0.0
2015,JP3788600009,1.73276962180033e-16
2015,JP3385820000,4.406929674747276e-15
2015,JP3595200001,0.0
2015,JP3613400005,2.7137824131154185e-16
2015,JP3845400005,0.0
2015,JP3549600009,0.0
2015,JP3293200006,0.0
2015,JP3496400007,3.870919524888874e-15
2015,AU000000CSR5,2.3475313814701045e-16
2015,AU000000SBM8,0.008527517163587711
2015,JP3419400001,5.555793643096178e-16
2015,JP3551200003,0.0
2015,SGXE21576413,0.0
2015,HK0823032773,0.04109063715268489
2015,SG1U68934629,0.0
2015,JP3246400000,8.805155384763109e-16
2015,JP3657400002,0.0
2015,JP3814800003,0.04123527005258083
2015,AU000000TLS2,0.0
2015,AU000000CBA7,0.0
2015,JP3223800008,0.0
2015,JP3358800005,0.02969787387553488
2015,AU000000IGO4,2.0328011402394406e-15
2015,AU000000SIG5,0.00736826767428132
2015,JP3201200007,2.7966814053415906e-15
2015,JP3734800000,0.020667799663774376
2015,AU000000AMP6,0.0
2015,JP3814000000,1.1248408993134177e-15
2015,JP3837800006,0.0
2015,JP3888300005,0.0
2015,JP3160400002,2.0156971599503717e-15
2015,JP3519400000,5.316819371459206e-16
2015,JP3551500006,0.0
2015,JP3210200006,1.0167512164498899e-16
2015,JP3720800006,0.0
2015,JP3678000005,1.4165888429423661e-16
2015,JP3449020001,0.0
2015,SG1J26887955,1.9120536764245534e-16
2015,AU000000OZL8,0.0
2015,JP3582600007,1.3556556496846657e-14
2015,JP3538800008,6.089759864874915e-16
2015,JP3820000002,2.8106742251520566e-16
2015,AU000000SUN6,0.0
2015,JP3122400009,1.0887988531093176e-15
2015,JP3894900004,0.0
2015,JP3493800001,6.080654457298318e-16
2015,AU000000APA1,1.1055318984331902e-15
2015,JP3375800004,1.3061364734249408e-15
2015,SG1F60858221,4.3767061026886466e-16
2015,JP3539220008,0.0
2015,JP3726800000,2.621056487652233e-15
2015,JP3910660004,4.806966295283905e-15
2015,AU000000CIM7,7.393290704462502e-16
2015,HK0010000088,4.304481562050357e-15
2015,JP3977400005,0.0611559299880566
2015,JP3148800000,1.1437248019387514e-15
2015,JP3357200009,0.05290938462887455
2015,AU000000MQG1,7.490921579262028e-15
2015,JP3827200001,4.84447619517847e-16
2015,JP3866800000,0.0
2015,HK0011000095,5.459400116460805e-16
2015,JP3205800000,2.3427425054845178e-15
2015,JP3592200004,0.0
2015,AU000000WES1,0.0
2015,JP3982100004,0.1568159575047629
2015,JP3898400001,0.0
2015,JP3684000007,0.0
2015,AU000000IAG3,0.0
2015,AU000000LLC3,1.114274714585565e-15
2015,JP3638600001,0.0
2015,JP3260800002,0.08666508956363332
2015,JP3258000003,0.0
2015,HK0388045442,4.404023663174593e-15
2015,AU000000MGR9,0.0
2015,JP3350800003,0.0
2015,JP3890350006,2.613736981171303e-16
2015,AU000000NCM7,5.449202140282917e-16
2015,SG1T75931496,0.0
2015,JP3435000009,1.3425929465293911e-15
2015,JP3738600000,0.016558387857749168
2015,JP3266400005,0.0
2015,JP3546800008,0.0
2015,JP3605400005,0.0
2015,JP3166000004,2.939342146433829e-15
2015,JP3900000005,1.3730444154160356e-16
2015,JP3421100003,1.2806199233578224e-15
2015,JP3663900003,1.8787917599638773e-15
2015,JP3551520004,3.918006911796522e-15
2015,JP3619800000,0.0
2015,JP3621000003,0.013087961096588552
2015,AU000000ASX7,5.703125003497468e-15
2015,JP3197800000,0.0
2015,JP3762800005,4.622386536389472e-15
2015,JP3111200006,2.2410107433106482e-05
2015,JP3626800001,0.0
2015,AU000000DXS1,3.842545873428724e-15
2015,JP3955000009,0.0
2015,HK2388011192,0.0
2015,JP3634200004,0.0
2015,AU000000WOR2,0.0
2015,JP3126400005,2.974254439418465e-15
2015,NZAIRE0001S2,0.0
2015,AU000000MAH3,0.0
2015,HK0016000132,3.0128900405484e-15
2015,JP3215800008,0.0
2015,JP3475350009,3.0797133807945118e-15
2015,JP3526600006,0.0
2015,AU000000BEN6,0.0
2015,JP3888400003,0.0
2015,JP3778630008,5.335131819085001e-15
2015,JP3401400001,0.0
2015,JP3156400008,0.0033359815416175937
2015,JP3209000003,5.157042769251437e-15
2015,JP3463000004,6.09096742837284e-17
2015,SG9999000020,0.0
2015,JP3951600000,7.082819531230846e-16
2015,JP3294460005,9.141205801226892e-16
2015,AU0000038911,2.643541235926534e-16
2015,JP3256000005,7.317684335894288e-16
2015,JP3870400003,3.4663742180982118e-15
2015,JP3635400009,0.0
2015,JP3877600001,0.0
2015,JP3456000003,2.3913343583936056e-15
2015,JP3112000009,0.0
2015,JP3116000005,0.014315107295516891
2016,AU000000TAH8,1.3871820449771202e-07
2016,AU000000BHP4,5.1936857702092854e-09
2016,JP3850200001,4.227580042134488e-13
2016,JP3320800000,1.4467948400028317e-08
2016,AU000000ANZ3,2.0965097537212872e-07
2016,JP3419050004,4.369296587779284e-08
2016,JP3753000003,2.322373085207722e-11
2016,HK0002007356,0.11220137259922287
2016,AU000000SGM7,2.4871757275724267e-08
2016,JP3119600009,0.01451828510267247
2016,AU000000BPT9,2.1265821542539392e-08
2016,JP3528600004,1.0138072402145348e-07
2016,JP3686800008,9.002021281992618e-11
2016,JP3733000008,3.8670652742544324e-08
2016,JP3362700001,2.820766267006724e-11
2016,JP3414750004,0.032860436281117504
2016,HK0023000190,1.3715207533749603e-07
2016,JP3027670003,2.1396895345425478e-08
2016,AU000000GWA4,3.5495171053684173e-08
2016,AU000000CQR9,3.260828885388319e-07
2016,JP3505000004,2.202489408749158e-08
2016,JP3481800005,7.667848818539736e-09
2016,JP3197600004,4.28880331564803e-08
2016,JP3352400000,1.2738140908102687e-08
2016,AU000000BSL0,1.3760206538063085e-10
2016,JP3982800009,7.194835131552037e-09
2016,AU000000DOW2,9.9283700498793e-09
2016,JP3783600004,7.156543368426828e-09
2016,JP3242800005,1.11196561192468e-08
2016,JP3351600006,4.689809497209185e-08
2016,JP3544000007,3.139031994093103e-09
2016,JP3835620000,0.03203218809306463
2016,JP3634600005,1.4205009089583599e-08
2016,JP3359600008,0.020875450338523022
2016,NZFBUE0001S0,5.390737678684188e-09
2016,JP3811000003,4.097027610452423e-08
2016,JP3573000001,0.01849933435154502
2016,JP3194000000,4.022748315500062e-08
2016,JP3902900004,2.549080159040511e-08
2016,HK0004000045,1.2343113828123658e-07
2016,JP3322930003,0.013242397703796824
2016,JP3347200002,6.609377478292373e-08
2016,JP3228600007,0.0
2016,JP3711600001,1.1320932792177066e-08
2016,JP3940000007,5.409403754039406e-09
2016,JP3190000004,1.2278824678312677e-08
2016,JP3787000003,3.4054574383744934e-08
2016,AU000000NAB4,2.0339887023224774e-07
2016,SGXE34184239,4.3920027789490417e-08
2016,JP3585800000,8.588101181948133e-12
2016,JP3452000007,1.295448474557232e-08
2016,JP3134800006,3.291103658056945e-08
2016,JP3224200000,9.124871988170425e-09
2016,JP3405400007,4.296364529419617e-08
2016,JP3942600002,5.0967403851863776e-08
2016,JP3802300008,0.012408361835283477
2016,JP3165700000,9.835649022184043e-09
2016,JP3397200001,5.4184457313369425e-09
2016,JP3667600005,2.4213259643200983e-08
2016,JP3407400005,1.3638463108207804e-08
2016,JP3560800009,8.030899323380586e-09
2016,JP3243600008,0.013784813856652525
2016,JP3522200009,1.1435477049077003e-12
2016,AU000000MND5,6.548396345429875e-08
2016,JP3269600007,0.0
2016,AU000000PPT9,2.0473218366867725e-07
2016,AU000000STO6,1.0578054547083318e-09
2016,HK0083000502,1.9489854880245713e-07
2016,HK0000608585,2.1610815809370853e-07
2016,JP3566800003,3.5616390358548303e-08
2016,JP3158800007,5.049353770736615e-11
2016,JP3688370000,3.2367299497434766e-09
2016,AU000000CGF5,3.512258797526221e-07
2016,HK0006000050,0.09783690280020588
2016,JP3633400001,7.693201757319593e-09
2016,HK0688002218,4.83864210777725e-08
2016,AU000000WBC1,1.9847382693895702e-07
2016,JP3429800000,0.009466166428808992
2016,HK0165000859,0.016958097261594977
2016,BMG2442N1048,8.603170262693078e-09
2016,JP3200450009,6.014098174390598e-08
2016,HK0012000102,1.2974963178725986e-07
2016,JP3143600009,3.830449295916426e-08
2016,AU000000COH5,1.6877890056143328e-07
2016,AU000000SGP0,7.886760434320308e-08
2016,JP3300600008,9.393001367957899e-09
2016,JP3818000006,1.797876124428433e-08
2016,JP3870000001,8.697885867641242e-09
2016,JP3289800009,6.874117237728954e-11
2016,JP3402600005,3.0472972436843217e-09
2016,HK0019000162,2.876830925589409e-10
2016,JP3665200006,9.597883088407216e-09
2016,AU000000BWP3,1.0393399449120096e-07
2016,AU000000QAN2,5.126624775075716e-10
2016,JP3830000000,1.622506281820483e-08
2016,AU000000CWY3,3.27569710293259e-09
2016,JP3388200002,1.2177340983931583e-08
2016,JP3868400007,2.4403284929129268e-08
2016,NZTELE0001S4,1.411944751803736e-07
2016,JP3672400003,2.8206765298115688e-08
2016,NZCENE0001S6,2.4039199327119394e-09
2016,JP3711200000,0.08130670994989751
2016,HK0200030994,1.0747467735295383e-07
2016,JP3786200000,5.695508391136171e-09
2016,JP3486800000,3.293873675141459e-08
2016,IE00BKVD2N49,3.88223649540615e-08
2016,AU000000ORG5,1.9215871495045454e-10
2016,BMG524401079,1.436789317144032e-07
2016,JP3659000008,6.5920055469141974e-09
2016,KYG0535Q1331,1.8346601805130497e-07
2016,HK0003000038,6.850774027862024e-09
2016,JP3491000000,4.356895367563266e-09
2016,JP3792600003,2.4371596519500426e-08
2016,JP3368000000,1.930483106212527e-10
2016,JP3229400001,9.123285670203108e-09
2016,JP3495000006,1.1825129586709413e-08
2016,HK0291001490,8.24055778190261e-09
2016,AU000000BLD2,4.223906187095597e-09
2016,JP3735400008,0.14398759575277315
2016,JP3174410005,2.075519501165553e-10
2016,JP3165600002,1.2366628942809335e-08
2016,AU000000ERA9,1.686363132928092e-09
2016,BMG677491539,1.9427158896494651e-10
2016,JP3629000005,9.900275817991893e-09
2016,SG1R50925390,8.206639026369236e-11
2016,JP3890310000,7.340038472210137e-08
2016,HK0293001514,1.4513953210994987e-10
2016,AU0000088338,1.375191747864534e-08
2016,JP3164800009,1.782376584030371e-08
2016,JP3371200001,0.0009238514998784261
2016,HK0066009694,4.906765315465693e-08
2016,JP3027680002,0.024565822287406103
2016,JP3973400009,5.234171640672457e-09
2016,JP3443600006,2.4911812258212073e-08
2016,JP3118000003,1.0432411489028288e-07
2016,SG1V61937297,3.297543718026553e-10
2016,HK0242001243,4.2610130070122235e-09
2016,JP3769000005,0.0
2016,JP3942800008,1.3802885116748584e-08
2016,AU000000ORI1,3.4276975520563153e-09
2016,JP3270000007,3.623427714885864e-08
2016,BMG8063F1068,1.919253209882136e-08
2016,JP3742600004,2.3019528954420276e-08
2016,JP3743000006,7.014825225778236e-09
2016,AU000000SHL7,1.1122876487070658e-07
2016,NZSKCE0001S2,9.693233744862567e-08
2016,JP3493400000,3.966722497691133e-09
2016,NZAIAE0002S6,1.2343012322180776e-07
2016,AU000000IVC8,6.084160360827748e-08
2016,JP3304200003,5.57938376612896e-08
2016,JP3902400005,1.704137379326729e-08
2016,BMG988031446,0.011692795146666792
2016,BMG684371393,1.5909463319514335e-10
2016,JP3942400007,1.2486880409113963e-08
2016,JP3535800001,1.0615738031462524e-08
2016,JP3967200001,0.0
2016,JP3180400008,0.0
2016,JP3596200000,8.184868824695311e-09
2016,JP3830800003,2.984219705705012e-09
2016,JP3891600003,1.2383957031983049e-08
2016,BMG668971101,1.7435943692790808e-08
2016,JP3385980002,6.425752712096102e-09
2016,SG1R89002252,1.87152455186351e-07
2016,JP3893600001,2.5870365054492154e-08
2016,JP3502200003,1.0683887418712733e-07
2016,JP3819400007,0.006770791482033749
2016,JP3903000002,1.5820977911677582e-10
2016,KYG2108Y1052,1.5504215105808107e-08
2016,AU000000WOW2,1.462604917924073e-08
2016,AU000000TCL6,1.0307167282258965e-07
2016,JP3854600008,7.337487424856157e-09
2016,AU0000224040,2.641741664241095e-09
2016,AU000000GPT8,1.55856773453903e-07
2016,JP3762600009,1.2086398680932015e-07
2016,AU000000CSL8,5.837187929068233e-08
2016,JP3420600003,6.457691013004397e-09
2016,AU000000QBE9,1.6614043154243323e-07
2016,AU000000MTS0,2.9109801738237584e-08
2016,JP3914400001,2.1916375758571572e-08
2016,JP3358200008,4.834916053150799e-08
2016,JP3571400005,7.615205587472074e-08
2016,JP3788600009,1.7782396715872212e-08
2016,JP3385820000,3.5088161638953214e-08
2016,JP3595200001,1.8350879992151653e-10
2016,JP3613400005,6.274878587976298e-09
2016,JP3845400005,1.8495957006424205e-12
2016,JP3549600009,1.0154920322844046e-09
2016,JP3293200006,8.197614376875089e-09
2016,JP3496400007,0.0
2016,AU000000CSR5,5.111782816838417e-09
2016,AU000000SBM8,0.0034060455807290715
2016,JP3419400001,1.0972899085002503e-08
2016,JP3551200003,6.105607853927131e-12
2016,SGXE21576413,1.9396950472631287e-07
2016,HK0823032773,0.040663834419750695
2016,SG1U68934629,1.0213587984483416e-08
2016,JP3246400000,0.0
2016,JP3657400002,3.07057912695161e-08
2016,JP3814800003,0.020150441174785996
2016,AU000000TLS2,7.9542641609594e-08
2016,AU000000CBA7,1.55678169862278e-07
2016,JP3223800008,2.3027066442863443e-11
2016,AU000000RHC8,8.308852735274433e-08
2016,JP3358800005,7.929356525716356e-09
2016,AU000000IGO4,4.155391747043426e-08
2016,AU000000SIG5,4.136935227904529e-08
2016,JP3201200007,9.191116384896417e-08
2016,JP3734800000,5.998977716827317e-08
2016,AU000000AMP6,1.9426631016183106e-07
2016,JP3814000000,6.9862394841982115e-09
2016,JP3837800006,3.026842166001724e-08
2016,JP3888300005,7.75068354105238e-10
2016,JP3160400002,6.251450240420465e-08
2016,JP3519400000,4.3574170109812724e-08
2016,JP3551500006,1.2096498540899351e-08
2016,JP3210200006,1.722443576409234e-08
2016,JP3720800006,1.6117354352369347e-08
2016,JP3678000005,3.154727493766014e-09
2016,JP3449020001,6.810785270048062e-11
2016,SG1J26887955,1.5403705560304082e-07
2016,AU000000OZL8,1.650006599598603e-08
2016,JP3386030005,2.8149730577890245e-11
2016,JP3582600007,1.783654828527215e-07
2016,JP3538800008,1.4204806964917581e-08
2016,JP3820000002,1.5395716569982185e-08
2016,AU000000SUN6,2.0022327831871455e-07
2016,JP3122400009,4.233978163839799e-08
2016,JP3894900004,4.832810655762093e-08
2016,JP3381000003,4.833775172045623e-11
2016,JP3493800001,1.3864014424691934e-08
2016,AU000000APA1,9.098975467195405e-09
2016,JP3375800004,1.4643865601938444e-08
2016,SG1F60858221,3.7484250525318704e-08
2016,KYG217651051,1.1700234805340621e-08
2016,JP3539220008,7.040027257802004e-08
2016,JP3726800000,3.0755941793014624e-08
2016,JP3910660004,6.1371260776471e-08
2016,AU000000CIM7,8.372748347621073e-09
2016,HK0010000088,1.0801614329921347e-07
2016,JP3977400005,0.027248303079019785
2016,JP3148800000,1.4788540878313986e-08
2016,JP3357200009,0.04439196358012883
2016,AU000000MQG1,2.566342021585802e-07
2016,JP3827200001,1.2053964369995013e-08
2016,JP3866800000,9.671262851857343e-09
2016,HK0011000095,1.088374784887742e-07
2016,JP3205800000,8.085965130788735e-09
2016,JP3592200004,9.564358141972723e-09
2016,AU000000WES1,2.067634683780285e-08
2016,JP3765400001,1.1823897217838192e-09
2016,JP3982100004,0.09060552113442664
2016,JP3898400001,1.4212450472682512e-08
2016,JP3684000007,1.7574649456905646e-08
2016,AU000000IAG3,1.345957062550982e-07
2016,AU000000LLC3,5.564685268155964e-08
2016,JP3638600001,2.7672409160327454e-09
2016,JP3260800002,0.05557386210245731
2016,JP3258000003,1.3419350012585067e-08
2016,HK0388045442,1.5620328494307773e-07
2016,AU000000MGR9,2.1365280061573157e-07
2016,JP3350800003,0.0
2016,JP3890350006,8.066667151220613e-08
2016,HK0000745908,1.583890418187086e-07
2016,AU000000NCM7,8.178596694087227e-09
2016,SG1T75931496,7.736503951367736e-08
2016,JP3435000009,3.4886780335328025e-08
2016,JP3738600000,0.037485842475490354
2016,JP3040890000,5.303222708710398e-08
2016,JP3266400005,2.188465851401898e-08
2016,JP3546800008,3.6787879464797884e-08
2016,JP3605400005,1.9139728969302078e-12
2016,JP3166000004,5.7658045178997805e-08
2016,JP3900000005,2.365921547043076e-08
2016,JP3421100003,6.825827454083705e-09
2016,JP3663900003,4.908155987808354e-08
2016,JP3551520004,5.3396023362907376e-08
2016,JP3619800000,1.3974274010865737e-09
2016,JP3621000003,0.00913899107207312
2016,AU000000ASX7,1.637647706719692e-07
2016,JP3197800000,2.416790819474654e-08
2016,JP3762800005,3.52224534143163e-08
2016,JP3111200006,7.102069598407366e-10
2016,JP3626800001,0.007391096925590456
2016,AU000000DXS1,9.476728316792316e-08
2016,JP3955000009,6.310202634076642e-08
2016,HK2388011192,1.5286113666612603e-07
2016,JP3634200004,6.677148227811656e-09
2016,AU000000WOR2,5.4270698150750285e-08
2016,JP3126400005,7.303345867176401e-08
2016,NZAIRE0001S2,7.456502759048235e-10
2016,AU000000MAH3,2.415087761365311e-07
2016,HK0016000132,8.52979957657361e-08
2016,JP3215800008,2.571747913992273e-09
2016,JP3475350009,3.063652906940859e-08
2016,JP3526600006,7.368646617488702e-12
2016,AU000000BEN6,1.6111295822391321e-07
2016,JP3670800006,1.1321660603785162e-08
2016,JP3888400003,1.366027239868269e-09
2016,JP3778630008,7.041265196673676e-08
2016,JP3401400001,2.5355448023300106e-09
2016,JP3156400008,1.0311422453185099e-08
2016,JP3209000003,2.9800837623299045e-08
2016,JP3463000004,1.5648973102361633e-08
2016,SG9999000020,8.91166573111294e-08
2016,JP3951600000,2.3959073058933187e-08
2016,JP3294460005,1.2750187962836316e-08
2016,AU0000038911,1.0013876788545532e-08
2016,JP3256000005,4.347751936846711e-08
2016,JP3870400003,3.2414588162254955e-08
2016,JP3635400009,8.411233176489257e-09
2016,JP3877600001,1.0623710705006173e-07
2016,JP3456000003,3.374467901880314e-08
2016,JP3112000009,9.498720346004391e-10
2016,JP3116000005,4.24084437092824e-09
2017,AU000000TAH8,1.72472107353779e-16
2017,AU000000BHP4,1.5091618849358514e-18
2017,JP3850200001,0.0
2017,SG1N31909426,1.3652687467039971e-17
2017,JP3320800000,0.0
2017,AU000000ANZ3,5.861022784003431e-16
2017,JP3419050004,5.897707338559504e-16
2017,JP3753000003,0.0
2017,HK0002007356,0.1528129112212367
2017,AU000000SGM7,3.0405920424593164e-17
2017,JP3119600009,1.1380149588096892e-16
2017,AU000000BPT9,0.0
2017,JP3528600004,0.0
2017,JP3686800008,0.0
2017,JP3733000008,3.741029860718067e-17
2017,JP3362700001,0.0
2017,JP3414750004,0.03621513765849355
2017,HK0023000190,2.0919231504037566e-16
2017,JP3027670003,3.632782586647086e-16
2017,AU000000GWA4,1.9702064442981817e-16
2017,AU000000CQR9,3.0722574731134726e-16
2017,JP3505000004,0.0
2017,JP3481800005,0.0
2017,JP3197600004,3.079464259414723e-16
2017,JP3352400000,1.0422137247820676e-16
2017,AU000000BSL0,0.0
2017,JP3982800009,1.3622011949307502e-16
2017,AU000000DOW2,0.0
2017,JP3783600004,4.616057693577823e-17
2017,JP3242800005,6.206618421992996e-17
2017,JP3351600006,0.0
2017,JP3544000007,0.0
2017,JP3835620000,3.8395314799839106e-16
2017,JP3198900007,0.03925461306186592
2017,JP3634600005,0.0
2017,JP3359600008,0.021570819691284097
2017,NZFBUE0001S0,0.0
2017,JP3811000003,1.2421703850910047e-17
2017,JP3573000001,0.046452668878887396
2017,JP3194000000,1.234507737734009e-16
2017,JP3902900004,0.016590314089443434
2017,HK0004000045,6.144506644044273e-17
2017,JP3322930003,7.613288105200641e-16
2017,JP3347200002,0.0
2017,JP3228600007,0.0
2017,JP3711600001,1.328443054287749e-17
2017,JP3940000007,8.786288192916306e-17
2017,JP3190000004,0.0
2017,JP3695200000,2.4455630494487646e-17
2017,JP3787000003,1.8314720932901763e-16
2017,AU000000NAB4,1.9889640991954343e-16
2017,SGXE34184239,8.523489827385066e-17
2017,JP3585800000,0.0
2017,JP3452000007,1.3629720349917754e-16
2017,JP3134800006,2.0149624792033044e-16
2017,JP3224200000,2.608653660460542e-17
2017,JP3405400007,2.781608066113974e-16
2017,JP3942600002,3.1594876373150714e-16
2017,JP3802300008,0.0020604689793176836
2017,JP3165700000,3.3205750093881865e-16
2017,JP3397200001,0.0
2017,JP3667600005,0.0
2017,JP3407400005,8.626203540488343e-17
2017,JP3560800009,0.0
2017,JP3131430005,0.0
2017,JP3243600008,0.028714391302177157
2017,JP3522200009,0.0
2017,AU000000MND5,1.1075670423962049e-17
2017,JP3269600007,0.0
2017,AU000000PPT9,1.3528630834099316e-15
2017,AU000000STO6,0.0
2017,HK0083000502,3.692901477800365e-16
2017,HK0000608585,4.2858568824160195e-18
2017,JP3566800003,2.239028962053989e-16
2017,JP3158800007,0.0
2017,JP3688370000,3.675863666431488e-18
2017,AU000000CGF5,1.2055491089393317e-15
2017,HK0006000050,0.0
2017,JP3633400001,2.593945642843579e-17
2017,HK0688002218,3.3383048988861235e-16
2017,AU000000WBC1,3.4444963654053064e-16
2017,JP3429800000,0.0
2017,HK0363006039,1.6309752054852455e-16
2017,HK0165000859,3.7181939553886744e-16
2017,BMG2442N1048,2.397805590726795e-16
2017,JP3200450009,3.3327659827745263e-17
2017,HK0012000102,6.152933694119715e-16
2017,JP3143600009,0.0
2017,AU000000COH5,6.17944389351872e-16
2017,AU000000SGP0,3.9777742612558233e-16
2017,JP3300600008,0.0
2017,JP3818000006,9.957440196795422e-18
2017,JP3870000001,0.0
2017,JP3249600002,2.4797139365316053e-16
2017,JP3289800009,0.0
2017,JP3402600005,0.0
2017,HK0019000162,0.0
2017,JP3665200006,3.065098249565491e-17
2017,AU000000BWP3,6.3842532370166e-16
2017,AU000000QAN2,0.0
2017,JP3830000000,2.7012169815129523e-16
2017,AU000000CWY3,2.203798618016207e-17
2017,AU000000ILU1,1.2613033727649527e-16
2017,JP3388200002,6.339865973405758e-17
2017,HK0008011667,0.0
2017,JP3421800008,2.9062652587224334e-16
2017,JP3868400007,0.0
2017,NZTELE0001S4,6.416933774029924e-16
2017,JP3672400003,0.0
2017,NZCENE0001S6,0.0
2017,JP3711200000,0.10746929102084618
2017,HK0200030994,2.5721911377930853e-16
2017,JP3786200000,0.00852772344571323
2017,JP3486800000,1.5037759286158235e-17
2017,IE00BKVD2N49,1.8508394861031457e-16
2017,AU000000ORG5,0.0
2017,BMG524401079,2.425405771639454e-16
2017,JP3659000008,1.326152072831425e-16
2017,KYG0535Q1331,2.4427464128532413e-16
2017,HK0003000038,1.0541456943597465e-16
2017,JP3491000000,3.9970072045011504e-17
2017,JP3792600003,0.0
2017,JP3368000000,0.0
2017,JP3229400001,1.9927721713690744e-17
2017,JP3126340003,0.0
2017,JP3495000006,2.530984288570974e-17
2017,HK0291001490,6.529298552022764e-17
2017,AU000000BLD2,0.0
2017,JP3735400008,0.07726028395605589
2017,JP3174410005,0.0
2017,JP3165600002,0.0
2017,AU000000ERA9,0.0
2017,BMG677491539,0.0
2017,JP3629000005,0.0
2017,SG1R50925390,0.0
2017,JP3890310000,4.957058186422432e-16
2017,HK0293001514,0.0
2017,AU0000088338,0.0
2017,JP3164800009,1.3648000830886738e-16
2017,SG1T58930911,0.0
2017,JP3371200001,2.5545238467942378e-17
2017,HK0066009694,3.8817888262681776e-16
2017,JP3027680002,0.02291164066011355
2017,JP3973400009,8.801710553610409e-17
2017,JP3443600006,0.0
2017,JP3118000003,5.081508523625459e-16
2017,SG1V61937297,0.0
2017,HK0242001243,0.0
2017,JP3769000005,2.6886562558899207e-16
2017,JP3400900001,0.0
2017,JP3942800008,1.5379629919282343e-16
2017,AU000000ORI1,0.0
2017,JP3270000007,0.0
2017,BMG8063F1068,0.0
2017,JP3742600004,2.634611246656462e-17
2017,JP3743000006,7.32883417373652e-18
2017,AU000000SHL7,6.5815698347052155e-16
2017,NZSKCE0001S2,3.321663211804208e-16
2017,JP3493400000,6.343049808051351e-17
2017,NZAIAE0002S6,5.885445783081021e-16
2017,AU000000IVC8,1.0481734289427193e-16
2017,JP3304200003,1.6991050094054174e-16
2017,JP3902400005,7.681204250958094e-17
2017,BMG988031446,0.03554898629348698
2017,BMG684371393,0.0
2017,JP3942400007,3.3053689730272946e-16
2017,JP3535800001,5.380131313543638e-17
2017,JP3967200001,3.5835802571409433e-16
2017,JP3180400008,2.786943463028853e-18
2017,JP3596200000,0.0
2017,JP3830800003,5.730586429577134e-17
2017,JP3891600003,0.0
2017,BMG668971101,5.431558009857201e-17
2017,JP3385980002,0.0
2017,SG1R89002252,7.294551003478992e-16
2017,JP3893600001,1.5409445113069415e-16
2017,JP3502200003,7.734852503290552e-17
2017,JP3819400007,9.183082607644662e-17
2017,JP3903000002,0.0
2017,KYG2108Y1052,1.0117990317597347e-16
2017,AU000000WOW2,1.1266693872839882e-16
2017,AU000000TCL6,4.77816217746598e-16
2017,JP3854600008,5.3667481345111267e-17
2017,JP3933800009,0.0
2017,JP3404600003,0.0
2017,AU0000224040,0.0
2017,AU000000GPT8,5.55986687037721e-16
2017,JP3762600009,0.0
2017,AU000000CSL8,2.6625169625863107e-17
2017,JP3420600003,0.0
2017,AU000000QBE9,1.0807216478587051e-15
2017,AU000000MTS0,0.0
2017,JP3914400001,1.787869704193575e-16
2017,JP3358200008,0.0
2017,JP3571400005,0.0
2017,JP3788600009,1.084464503953673e-16
2017,JP3385820000,3.0852895195998985e-16
2017,JP3595200001,0.0
2017,JP3613400005,0.0
2017,JP3845400005,0.0
2017,JP3549600009,0.0
2017,JP3293200006,0.0
2017,JP3496400007,0.0
2017,AU000000CSR5,0.0
2017,AU000000SBM8,0.008597185191580523
2017,HK0144000764,3.172874011972935e-16
2017,BMG2178K1009,0.030612457396143614
2017,JP3419400001,5.5317063928048806e-17
2017,JP3551200003,0.0
2017,SGXE21576413,9.316486087608095e-16
2017,HK0823032773,0.03891562213571516
2017,JP3274400005,1.0904896847697173e-15
2017,SG1U68934629,5.403684246154332e-17
2017,JP3246400000,0.0
2017,JP3657400002,1.8993905162867745e-16
2017,JP3675600005,7.204628892390277e-17
2017,JP3814800003,0.057178413892894804
2017,AU000000TLS2,1.156163635700017e-16
2017,AU000000CBA7,1.4356162455464856e-16
2017,JP3223800008,0.0
2017,AU000000RHC8,0.0
2017,JP3358800005,6.133932725662367e-17
2017,AU000000IGO4,1.1407926981080227e-16
2017,AU000000SIG5,0.0008462447841739106
2017,JP3201200007,2.76455170980175e-16
2017,BMG4600H1198,0.0
2017,JP3734800000,3.4088851355347165e-16
2017,AU000000AMP6,1.1766662618192944e-15
2017,JP3814000000,0.0
2017,JP3837800006,3.6885921679440675e-16
2017,JP3888300005,0.0
2017,JP3160400002,4.676391031474044e-16
2017,JP3519400000,4.094029613118492e-16
2017,JP3551500006,0.0
2017,JP3210200006,0.0
2017,JP3720800006,0.0
2017,JP3678000005,0.0
2017,JP3336000009,4.372591621022409e-16
2017,JP3449020001,0.0
2017,SG1J26887955,5.673851085996804e-16
2017,AU000000OZL8,4.7623781662868185e-17
2017,JP3386030005,0.0
2017,JP3721400004,0.0
2017,JP3582600007,0.0
2017,JP3538800008,2.2440425250075665e-16
2017,JP3820000002,0.0
2017,AU000000SUN6,3.1702543704485214e-16
2017,JP3122400009,5.874146547440452e-16
2017,JP3894900004,3.917375984633236e-16
2017,JP3381000003,0.0
2017,JP3493800001,0.0
2017,AU000000APA1,1.3134376864178498e-17
2017,JP3375800004,1.8531376582712414e-17
2017,SG1F60858221,3.0471625919514305e-16
2017,KYG217651051,2.460910866263453e-17
2017,JP3539220008,0.0
2017,JP3726800000,0.0
2017,JP3910660004,1.202594481155356e-16
2017,AU000000CIM7,0.0
2017,HK0010000088,2.570203501877148e-16
2017,JP3977400005,0.0007083173062207996
2017,JP3148800000,4.011159060383032e-17
2017,JP3357200009,0.024312310987237986
2017,AU000000MQG1,3.4926002242309644e-16
2017,JP3827200001,4.8039225836227563e-17
2017,JP3866800000,6.31211127941585e-18
2017,HK0011000095,5.11067465395023e-16
2017,JP3205800000,5.758631397486904e-17
2017,JP3592200004,1.3408510404423876e-17
2017,AU000000WES1,7.77355715607626e-18
2017,JP3765400001,4.519227768610291e-17
2017,JP3982100004,0.11327520480425285
2017,JP3898400001,0.0
2017,BMG2108M2182,0.0
2017,JP3684000007,0.0
2017,AU000000IAG3,2.3459520067267933e-16
2017,AU000000LLC3,3.4782508560348187e-16
2017,JP3635000007,1.0389438920798026e-16
2017,JP3638600001,1.1549320082718303e-17
2017,JP3260800002,0.06196393997490577
2017,JP3799000009,0.0
2017,JP3258000003,6.707371008166179e-17
2017,HK0388045442,0.0
2017,AU000000MGR9,1.3980311364249395e-15
2017,JP3350800003,0.0
2017,JP3890350006,0.0
2017,HK0000745908,3.4765686560951543e-16
2017,AU000000NCM7,3.114464109272867e-17
2017,SG1T75931496,3.010234518609918e-16
2017,JP3435000009,2.7027948642779477e-16
2017,JP3738600000,0.018555056767988055
2017,JP3040890000,1.3510251953098033e-15
2017,JP3266400005,0.0
2017,JP3546800008,0.0
2017,JP3605400005,0.0
2017,JP3166000004,0.0
2017,JP3900000005,5.955735716046295e-17
2017,JP3421100003,0.0
2017,JP3663900003,0.0
2017,JP3551520004,1.1024453391992826e-17
2017,JP3619800000,0.0
2017,JP3621000003,0.017141861472666883
2017,AU000000ASX7,2.929638070392685e-16
2017,JP3197800000,1.0944195442328906e-16
2017,JP3762800005,3.412366739361011e-16
2017,JP3111200006,0.0008693956399863402
2017,HK0000055878,0.00827889156750015
2017,JP3626800001,0.023355847819765182
2017,AU000000DXS1,4.538606383140214e-16
2017,JP3955000009,1.943996641564767e-16
2017,HK2388011192,8.680889283094256e-16
2017,JP3634200004,0.0
2017,AU000000WOR2,2.267757848332875e-16
2017,JP3126400005,1.7154434286440422e-16
2017,HK0308001558,1.8975970499926013e-16
2017,NZAIRE0001S2,0.0
2017,SG1P66918738,3.3788313163642757e-16
2017,AU000000MAH3,1.371927575597599e-16
2017,HK0016000132,4.1270352994367094e-17
2017,JP3215800008,0.0
2017,JP3475350009,1.5386509271458867e-16
2017,JP3526600006,0.0
2017,AU000000BEN6,0.0
2017,JP3670800006,0.0
2017,JP3888400003,0.0
2017,JP3778630008,2.7173644727949637e-16
2017,JP3401400001,0.0
2017,JP3156400008,3.696213921320668e-17
2017,JP3209000003,0.0
2017,JP3463000004,2.8076227462033104e-16
2017,SG9999000020,1.43285135014524e-16
2017,JP3951600000,4.999820823503867e-16
2017,JP3294460005,3.9642329946260485e-17
2017,AU0000038911,9.297943724939755e-17
2017,JP3256000005,2.891870636902831e-16
2017,JP3870400003,0.0
2017,JP3635400009,0.0
2017,JP3877600001,3.81707553438491e-17
2017,JP3456000003,2.0874545759932241e-16
2017,JP3112000009,0.0
2017,JP3116000005,2.1138000210885806e-17
2018,AU000000TAH8,0.0
2018,AU000000BHP4,1.1056423511029592e-16
2018,JP3850200001,0.0
2018,SG1N31909426,1.9580919644673204e-17
2018,JP3320800000,0.0
2018,AU000000ANZ3,2.3305606852958655e-15
2018,JP3419050004,1.454989333006448e-15
2018,JP3753000003,0.0
2018,HK0002007356,0.26933991585902806
2018,AU000000SGM7,2.476484534898144e-16
2018,JP3119600009,1.0425115114996197e-16
2018,AU000000BPT9,0.0
2018,JP3528600004,0.0
2018,JP3351100007,0.0
2018,JP3686800008,0.0
2018,JP3733000008,0.0
2018,JP3362700001,0.0
2018,JP3414750004,0.021919122321629035
2018,MU0117U00026,0.024066314965679094
2018,HK0023000190,4.707650888589591e-16
2018,JP3027670003,3.243842233380853e-16
2018,AU000000GWA4,5.515825651534577e-16
2018,AU000000CQR9,2.3186309580263006e-15
2018,JP3505000004,5.084381467448143e-16
2018,JP3481800005,0.0
2018,JP3197600004,1.7033027480710412e-15
2018,JP3352400000,1.1221367168378973e-15
2018,AU000000BSL0,0.0
2018,JP3982800009,1.5270394386408654e-16
2018,AU000000DOW2,0.0
2018,JP3783600004,7.103901359198647e-17
2018,JP3242800005,6.274553262875253e-16
2018,JP3351600006,7.814574353368118e-16
2018,JP3544000007,0.0
2018,JP3835620000,2.7493116812635708e-15
2018,JP3198900007,0.009065356921485343
2018,JP3634600005,2.6488578485971817e-16
2018,JP3359600008,0.015821890343655158
2018,NZFBUE0001S0,0.0
2018,JP3811000003,3.211222594187532e-16
2018,JP3573000001,0.03378533131374578
2018,JP3766550002,5.455275267821001e-16
2018,SG1S83002349,2.205473764886545e-15
2018,JP3194000000,1.5714516326291157e-15
2018,JP3902900004,0.054633954271053296
2018,HK0004000045,9.882388340666798e-16
2018,JP3322930003,0.000915455996136474
2018,JP3347200002,0.0
2018,JP3228600007,0.0
2018,JP3711600001,0.0
2018,JP3940000007,1.0843140433243668e-16
2018,JP3190000004,7.377075678084842e-16
2018,JP3695200000,5.691595580533351e-18
2018,JP3787000003,4.852039971000177e-16
2018,AU000000NAB4,8.984012154994315e-16
2018,SGXE34184239,9.593642806657425e-16
2018,JP3585800000,0.0
2018,JP3452000007,0.0
2018,JP3134800006,9.586511976154045e-16
2018,JP3224200000,1.6576487529852882e-16
2018,JP3405400007,8.437019334987736e-16
2018,JP3942600002,2.4549935194079802e-15
2018,JP3802300008,0.0
2018,JP3165700000,0.006956372074793626
2018,JP3173400007,0.0
2018,JP3397200001,0.0
2018,JP3667600005,2.377993204616154e-16
2018,JP3407400005,0.0
2018,JP3560800009,0.0
2018,JP3131430005,2.917508534404037e-16
2018,JP3243600008,0.0
2018,JP3522200009,0.0
2018,AU000000MND5,1.440687454465736e-15
2018,JP3269600007,0.0
2018,AU000000PPT9,3.932905409669001e-15
2018,AU000000STO6,0.0
2018,HK0083000502,1.3731783599067602e-15
2018,HK0000608585,3.4007181520200267e-16
2018,JP3566800003,8.586965067797182e-16
2018,JP3158800007,0.0
2018,JP3688370000,1.9341440756421413e-16
2018,AU000000CGF5,2.4320936438103624e-15
2018,HK0006000050,0.0
2018,JP3633400001,4.876675138222564e-16
2018,HK0688002218,2.917864095211087e-15
2018,AU000000WBC1,1.826802315264271e-15
2018,JP3429800000,0.0
2018,HK0363006039,1.1605231152221505e-16
2018,HK0165000859,4.9026533069916035e-16
2018,BMG2442N1048,3.629481914601655e-16
2018,JP3200450009,1.1265302769630553e-15
2018,HK0012000102,2.2453378396079573e-15
2018,JP3143600009,2.1565259225646187e-16
2018,AU000000COH5,1.011566875966779e-15
2018,AU000000SGP0,5.234048020381235e-16
2018,JP3300600008,0.0
2018,JP3818000006,0.0
2018,JP3870000001,0.0
2018,JP3249600002,5.451874585264588e-16
2018,JP3289800009,0.0
2018,JP3402600005,1.5019041461227275e-16
2018,HK0019000162,0.0
2018,JP3665200006,0.0
2018,AU000000BWP3,2.316966875571905e-15
2018,AU000000QAN2,0.0
2018,JP3830000000,1.0179808016378684e-15
2018,AU000000CWY3,0.0
2018,JP3485800001,0.0
2018,AU000000ILU1,2.8231948757254494e-16
2018,JP3388200002,3.2567262008733696e-16
2018,HK0008011667,3.971073074234239e-16
2018,JP3421800008,1.0266832839632786e-15
2018,JP3868400007,3.180972503677205e-16
2018,NZTELE0001S4,4.225503781897856e-15
2018,JP3672400003,2.6485370929542906e-16
2018,NZCENE0001S6,0.0
2018,JP3711200000,0.07674114787101606
2018,HK0200030994,3.1367633093575993e-15
2018,JP3786200000,0.044166173810202755
2018,JP3486800000,1.3060664578618692e-15
2018,IE00BKVD2N49,0.0
2018,AU000000ORG5,0.0
2018,HK0000139300,1.2043233263327612e-15
2018,BMG524401079,1.4635414959106991e-15
2018,JP3659000008,2.595972742373525e-16
2018,KYG0535Q1331,2.2188346079536595e-15
2018,HK0003000038,3.076601561547183e-16
2018,JP3491000000,1.301782885699138e-16
2018,JP3792600003,2.3354642426893703e-16
2018,JP3368000000,0.0
2018,JP3229400001,0.0
2018,JP3126340003,0.0
2018,JP3495000006,0.0
2018,HK0291001490,7.285734036459471e-16
2018,AU000000BLD2,0.0
2018,JP3735400008,0.022183806259439578
2018,JP3174410005,0.0
2018,JP3165600002,4.217407216076993e-16
2018,AU000000ERA9,0.0
2018,BMG677491539,0.0
2018,JP3629000005,0.0
2018,SG1R50925390,0.0
2018,JP3409000001,1.1421015317913289e-15
2018,JP3890310000,3.654190546917751e-15
2018,HK0293001514,0.0
2018,AU0000088338,0.0
2018,JP3164800009,1.381998362306315e-15
2018,SG1T58930911,0.0
2018,HK0000049939,5.892223844981487e-16
2018,AU000000ELD6,1.2077193236144131e-15
2018,JP3389900006,1.9431187132976142e-15
2018,JP3371200001,0.0
2018,HK0066009694,3.836889144357463e-16
2018,JP3027680002,0.012845200358072314
2018,JP3973400009,4.074743441459629e-16
2018,JP3443600006,4.888748340249631e-16
2018,JP3118000003,2.842430835967073e-15
2018,SG1V61937297,0.0
2018,HK0242001243,0.0
2018,JP3769000005,1.2612418347279278e-15
2018,JP3400900001,0.0
2018,JP3942800008,6.479304871494299e-16
2018,AU000000ORI1,0.0
2018,JP3270000007,2.761302608319647e-16
2018,BMG8063F1068,5.932112834651051e-16
2018,JP3742600004,3.403404825310579e-17
2018,JP3743000006,8.081351892602986e-17
2018,AU000000SHL7,1.3738799103262338e-15
2018,NZSKCE0001S2,4.08016726148552e-16
2018,JP3493400000,2.4251683911188764e-16
2018,NZAIAE0002S6,1.6134755441175186e-15
2018,AU000000IVC8,9.556863679156532e-17
2018,JP3304200003,1.2217720347546465e-15
2018,JP3902400005,4.549182088058123e-16
2018,BMG988031446,0.03863880719783591
2018,BMG684371393,0.0
2018,JP3942400007,8.780582783121715e-16
2018,JP3535800001,2.1774541907936925e-16
2018,JP3967200001,0.0
2018,JP3180400008,0.0
2018,JP3596200000,0.0
2018,JP3830800003,3.7600173551315706e-16
2018,JP3891600003,0.0
2018,BMG668971101,5.923487415643682e-16
2018,JP3385980002,0.0
2018,SG1R89002252,1.6986394287586128e-15
2018,HK0014000126,1.615081225476241e-16
2018,JP3893600001,2.43999711840681e-16
2018,JP3502200003,1.1626199803818063e-15
2018,JP3819400007,9.630523233102879e-16
2018,JP3903000002,0.0
2018,KYG2108Y1052,6.047363139210515e-16
2018,AU000000WOW2,6.591140954674728e-16
2018,AU000000TCL6,2.0772932779953195e-15
2018,JP3854600008,3.952266750201471e-16
2018,JP3933800009,0.0
2018,JP3404600003,1.3780576478772893e-16
2018,JP3600200004,0.020989895820437292
2018,AU0000224040,0.0
2018,AU000000GPT8,1.737338999723773e-15
2018,JP3762600009,1.322060929748404e-15
2018,AU000000CSL8,2.563405772863068e-16
2018,JP3420600003,0.0
2018,AU000000QBE9,3.409727291247244e-15
2018,AU000000MTS0,0.0
2018,JP3914400001,0.0
2018,JP3358200008,0.0
2018,JP3571400005,0.0
2018,JP3788600009,3.411286344376637e-16
2018,JP3385820000,1.2462649189638448e-15
2018,JP3595200001,0.0
2018,JP3613400005,0.0
2018,JP3845400005,0.0
2018,JP3549600009,0.0
2018,JP3293200006,0.025484268244247918
2018,JP3496400007,0.0
2018,AU000000CSR5,0.0
2018,AU000000SBM8,0.011065758332147348
2018,HK0144000764,5.575378324595384e-16
2018,BMG2178K1009,0.01861281669562299
2018,JP3419400001,0.0
2018,JP3551200003,0.0
2018,SGXE21576413,5.232632650384337e-15
2018,HK0823032773,0.04042781849057703
2018,JP3274400005,3.0650319276643537e-15
2018,SG1U68934629,1.1107822540004297e-15
2018,JP3246400000,0.0
2018,JP3657400002,0.03621027866602432
2018,JP3675600005,0.0
2018,JP3814800003,0.03909181997709578
2018,AU000000TLS2,7.025274128976434e-16
2018,AU000000CBA7,5.913529762385658e-16
2018,JP3223800008,0.0
2018,AU000000RHC8,2.6362050832227724e-16
2018,JP3358800005,6.250132257447181e-16
2018,AU000000IGO4,6.749201374598648e-16
2018,AU000000SIG5,0.0
2018,JP3201200007,0.0
2018,BMG4600H1198,0.0
2018,JP3734800000,2.2403905554695746e-15
2018,AU000000AMP6,3.4703514246676172e-15
2018,JP3814000000,0.0
2018,JP3837800006,1.832158824707333e-15
2018,JP3888300005,0.0
2018,JP3160400002,8.683833396865018e-16
2018,JP3519400000,1.8832560326879245e-15
2018,JP3551500006,1.2369458507569852e-17
2018,JP3210200006,7.171918854911751e-16
2018,JP3720800006,2.1709484231495807e-16
2018,JP3678000005,4.387661597470939e-17
2018,JP3336000009,2.188046934874631e-15
2018,JP3449020001,0.0
2018,AU000000ABC7,0.0
2018,JP3935600001,0.0
2018,SG1J26887955,1.1961688218159153e-15
2018,AU000000OZL8,3.908815533811651e-16
2018,JP3386030005,0.0
2018,JP3721400004,0.0
2018,JP3582600007,0.0
2018,JP3538800008,0.0
2018,JP3436100006,4.453355702595227e-16
2018,JP3820000002,1.2240425795591937e-16
2018,AU000000SUN6,0.0
2018,JP3122400009,0.0
2018,JP3894900004,1.6218595528448399e-15
2018,JP3381000003,0.0
2018,JP3493800001,0.0
2018,AU000000APA1,0.0
2018,JP3375800004,0.0
2018,JP3676800000,2.494818346604595e-16
2018,SG1F60858221,2.0880592662659194e-15
2018,KYG217651051,1.5023534382180508e-16
2018,JP3539220008,0.0023692131664159975
2018,JP3726800000,5.830556432276991e-16
2018,JP3910660004,2.4364452891367563e-15
2018,AU000000CIM7,0.0
2018,HK0010000088,2.3076197898876365e-15
2018,JP3977400005,5.104456278988052e-16
2018,JP3148800000,1.3439595331995012e-16
2018,JP3357200009,0.0
2018,AU000000MQG1,1.6254965385203735e-16
2018,JP3404200002,2.1649684637439034e-16
2018,JP3827200001,1.4296869293549917e-16
2018,JP3866800000,5.230951447642461e-16
2018,HK0011000095,1.3134828748542416e-15
2018,JP3205800000,2.2220260554997565e-16
2018,JP3592200004,0.0
2018,AU000000WES1,4.91575058755304e-17
2018,JP3765400001,2.4991798204472455e-16
2018,JP3982100004,0.11892541121481649
2018,JP3898400001,1.2068043670454958e-16
2018,BMG2108M2182,0.00813207656614689
2018,JP3684000007,0.0
2018,AU000000IAG3,1.652554080975614e-15
2018,AU000000LLC3,8.720326365386906e-16
2018,JP3635000007,4.64471997862935e-16
2018,JP3638600001,4.3121607898511204e-17
2018,JP3260800002,0.009259140729025705
2018,JP3799000009,0.0
2018,JP3258000003,2.0509639644659163e-16
2018,HK0388045442,1.6433897499234488e-16
2018,AU000000MGR9,2.1942435054624e-15
2018,JP3350800003,0.0
2018,JP3890350006,0.0
2018,HK0000745908,3.925106653830927e-15
2018,AU000000NCM7,0.0
2018,SG1T75931496,1.2864442831403646e-15
2018,JP3435000009,0.0
2018,JP3738600000,4.401480288228265e-16
2018,JP3040890000,8.002920682855223e-16
2018,JP3266400005,0.0
2018,JP3546800008,0.0
2018,JP3605400005,0.0
2018,JP3166000004,0.0
2018,JP3900000005,0.0
2018,JP3421100003,0.0
2018,JP3663900003,0.0
2018,JP3551520004,2.3484101327431204e-15
2018,JP3619800000,0.0
2018,JP3621000003,0.0
2018,JP3326410002,0.038352652533480726
2018,AU000000ASX7,7.645206010892932e-16
2018,JP3197800000,5.863731846827334e-16
2018,JP3762800005,0.0
2018,JP3111200006,0.0
2018,JP3268950007,0.0
2018,HK0000055878,4.0970235404249e-16
2018,JP3626800001,2.562574195340253e-16
2018,AU000000DXS1,7.81990038969457e-16
2018,JP3955000009,0.0
2018,HK2388011192,2.8573548421748746e-15
2018,KYG5427W1309,0.0
2018,JP3634200004,0.0
2018,AU000000WOR2,0.0
2018,JP3126400005,0.0
2018,HK0308001558,3.7957782809808943e-16
2018,NZAIRE0001S2,0.0
2018,SG1P66918738,0.0
2018,AU000000MAH3,8.232897726470004e-16
2018,SG1L01001701,1.0502134324562227e-15
2018,HK0016000132,1.7551374959063424e-15
2018,JP3215800008,0.0
2018,JP3475350009,7.922167986895697e-17
2018,JP3526600006,0.0
2018,AU000000BEN6,0.0
2018,JP3670800006,0.0
2018,JP3888400003,0.0
2018,JP3778630008,0.0
2018,JP3899600005,6.333309088996664e-17
2018,JP3401400001,0.0
2018,JP3156400008,2.366656403879368e-16
2018,JP3209000003,7.246315548171869e-16
2018,JP3463000004,1.7911293191044753e-15
2018,SG9999000020,2.1658526783910492e-16
2018,JP3951600000,1.2892873262574346e-15
2018,JP3294460005,0.0
2018,AU0000038911,5.288759820761632e-16
2018,JP3256000005,1.5485207926470194e-15
2018,JP3283650004,1.2012708689950696e-15
2018,JP3870400003,0.0
2018,JP3635400009,0.0
2018,JP3877600001,4.312394443359578e-16
2018,JP3456000003,4.187822044744927e-16
2018,JP3112000009,0.0
2018,JP3116000005,8.484052322635631e-17
2019,AU000000TAH8,6.522923267779738e-08
2019,AU000000BHP4,5.991548631753148e-09
2019,JP3850200001,3.436080783818969e-12
2019,SG1N31909426,1.2030976668390617e-09
2019,JP3320800000,3.1222233331210246e-09
2019,AU000000ANZ3,1.2075953557693398e-07
2019,JP3419050004,1.3910004931938458e-08
2019,JP3753000003,3.0512454227581e-11
2019,HK0002007356,0.1973152440022252
2019,AU000000SGM7,1.8373353161267485e-08
2019,JP3305990008,0.16655193185391648
2019,US89677Q1076,6.278949880345436e-08
2019,JP3119600009,0.009434296677041447
2019,AU000000BPT9,6.871377511229033e-09
2019,JP3528600004,3.9282321093256184e-08
2019,JP3351100007,4.187638482692686e-08
2019,JP3686800008,6.381932478342016e-11
2019,JP3733000008,2.1075331853877812e-08
2019,JP3362700001,5.969978016237011e-11
2019,JP3625000009,5.965109842521107e-11
2019,JP3414750004,0.006705028256710105
2019,MU0117U00026,0.030764427699860535
2019,HK0023000190,6.978677678681484e-08
2019,JP3027670003,7.95607607727584e-09
2019,AU000000GWA4,1.5291632604826805e-08
2019,AU000000CQR9,1.7965595560461535e-08
2019,KYG525621408,6.48488257221792e-10
2019,JP3756100008,0.017965966632493197
2019,JP3358000002,1.940272754433103e-08
2019,JP3505000004,5.0275506430063164e-09
2019,JP3481800005,4.782331363379821e-09
2019,JP3197600004,4.102562856961654e-08
2019,JP3352400000,1.1074828370298344e-08
2019,AU000000BSL0,4.893285598871606e-10
2019,JP3982800009,9.562210252649216e-09
2019,AU000000DOW2,1.2560201016293004e-08
2019,JP3783600004,3.231033675164455e-09
2019,JP3242800005,9.727382904692071e-09
2019,JP3351600006,1.8906169156894005e-08
2019,JP3826800009,2.0813682082250623e-08
2019,JP3544000007,1.2934508826286968e-09
2019,JP3835620000,2.0262929630137215e-08
2019,JP3198900007,0.0012427652517876737
2019,JP3613000003,0.05744135507673453
2019,JP3634600005,1.0689921774848028e-08
2019,JP3359600008,0.0026740937967699332
2019,NZFBUE0001S0,2.6406416285893383e-09
2019,JP3811000003,2.4774561105774666e-08
2019,JP3573000001,0.03919109629851296
2019,JP3766550002,3.2067606521168546e-08
2019,SG1S83002349,5.1683963934793316e-08
2019,JP3194000000,1.6014236920459328e-08
2019,JP3902900004,2.1250408613755437e-08
2019,HK0004000045,5.172215811592435e-08
2019,JP3322930003,1.6781196720073924e-08
2019,JP3347200002,3.5729255445014276e-08
2019,JP3228600007,0.008964222106317856
2019,SG1B51001017,1.0942080922595219e-09
2019,JP3711600001,0.012415519655755082
2019,BMG8403G1033,1.0978483709685742e-10
2019,JP3415400005,5.275481827991226e-10
2019,JP3940000007,1.7610266606396078e-09
2019,JP3190000004,1.2676677342435493e-08
2019,JP3695200000,8.638370697773495e-09
2019,JP3787000003,1.24827905025323e-08
2019,AU000000NAB4,1.1483988968696745e-07
2019,SGXE34184239,1.9256773849375075e-08
2019,JP3585800000,1.001382994574592e-11
2019,JP3452000007,2.1022225242852876e-08
2019,JP3134800006,1.6830552801195713e-08
2019,JP3224200000,7.618314402331093e-09
2019,JP3405400007,1.4406617972557228e-08
2019,JP3942600002,2.9297042927701904e-08
2019,JP3802300008,0.0014626242945804994
2019,JP3165700000,0.003742732452346478
2019,JP3173400007,4.564131010938995e-08
2019,JP3397200001,5.134079133543132e-09
2019,JP3667600005,6.514159372227171e-09
2019,JP3407400005,8.92718992466734e-09
2019,JP3560800009,7.297380134108764e-10
2019,JP3131430005,2.666467223781413e-08
2019,JP3243600008,0.0
2019,JP3522200009,0.0
2019,AU000000MND5,4.790608250747977e-08
2019,JP3269600007,5.682563708919527e-10
2019,KYG210961051,0.03613062610909831
2019,AU000000PPT9,1.0893061287159552e-07
2019,AU000000STO6,1.3610304248177226e-09
2019,HK0083000502,6.93917267953203e-08
2019,HK0000608585,8.132814544109696e-08
2019,JP3566800003,1.040612387055842e-08
2019,JP3158800007,3.312904126786844e-11
2019,JP3688370000,1.7244558388501372e-09
2019,AU000000CGF5,1.1200257054655311e-07
2019,HK0006000050,4.716949979466644e-11
2019,JP3633400001,5.3225317799310775e-09
2019,HK0688002218,2.953082066027653e-08
2019,AU000000WBC1,1.23670560753528e-07
2019,JP3429800000,9.13251082419539e-11
2019,HK0363006039,1.2741815566212962e-08
2019,HK0165000859,0.004731702284214854
2019,BMG2442N1048,6.882293065510918e-09
2019,JP3200450009,8.872857210744974e-09
2019,HK0012000102,5.996275165535056e-08
2019,JP3143600009,0.002514022604299869
2019,AU000000COH5,8.83386333642996e-08
2019,AU000000SGP0,3.243489573403198e-08
2019,JP3300600008,3.6719723079069016e-09
2019,JP3818000006,1.6436429025733434e-08
2019,JP3870000001,4.173211298999234e-08
2019,JP3249600002,1.6540420676151435e-08
2019,JP3289800009,2.982045826896794e-11
2019,JP3402600005,2.8255250495126818e-09
2019,AU000000FLT9,2.9290848865763346e-08
2019,HK0019000162,1.3766759868217145e-10
2019,JP3665200006,0.0
2019,AU000000BWP3,4.985871990146915e-08
2019,AU000000QAN2,3.0395991309889575e-10
2019,JP3830000000,1.841846691067148e-08
2019,AU000000CWY3,3.725729686288845e-09
2019,JP3485800001,7.353386679259537e-10
2019,AU000000ILU1,8.921762169219199e-09
2019,JP3388200002,4.553547317387763e-09
2019,HK0008011667,1.019311079169548e-08
2019,JP3421800008,0.0143766059206022
2019,JP3868400007,7.98801766335529e-09
2019,NZTELE0001S4,3.8699559699067605e-08
2019,JP3672400003,7.022726078020018e-09
2019,JP3276400003,3.430378737818052e-08
2019,NZCENE0001S6,1.168231630744875e-09
2019,JP3711200000,1.1239841539192717e-08
2019,HK0200030994,4.1770142406214014e-08
2019,JP3786200000,0.002895914838478027
2019,JP3486800000,6.937123758615622e-10
2019,IE00BKVD2N49,2.1227125793171203e-08
2019,AU000000ORG5,2.1613792402197944e-10
2019,HK0000139300,2.9544480201215728e-08
2019,BMG524401079,5.9568947989802106e-08
2019,JP3659000008,3.08033348568143e-09
2019,KYG0535Q1331,6.671148981607194e-08
2019,HK0003000038,2.337775035790622e-09
2019,JP3491000000,9.941864081973625e-10
2019,JP3792600003,8.505167230298762e-09
2019,JP3368000000,7.497260901411094e-10
2019,JP3229400001,8.265594038458992e-09
2019,JP3126340003,1.6211692555953136e-08
2019,JP3495000006,4.7719346397010715e-09
2019,HK0291001490,0.0
2019,HK0392044647,1.0444790592458876e-09
2019,AU000000BLD2,3.6341405357244924e-09
2019,JP3735400008,0.03953358899423135
2019,JP3174410005,3.104188670494422e-11
2019,JP3165600002,5.91625403009822e-09
2019,AU000000ERA9,8.026850652480009e-10
2019,BMG677491539,2.513688595428328e-10
2019,JP3629000005,8.804227575672124e-09
2019,SG1R50925390,1.955520746691128e-11
2019,JP3409000001,3.978061320648556e-08
2019,JP3890310000,4.3395536485732544e-08
2019,HK0293001514,5.7889001303841054e-11
2019,AU0000088338,7.07028916908637e-09
2019,JP3164800009,9.549552685952373e-09
2019,SG1T58930911,4.530222958369578e-09
2019,HK0000049939,8.267562513616139e-10
2019,AU000000ELD6,7.815929072035388e-09
2019,JP3389900006,9.599116671402519e-08
2019,JP3499800005,5.30784871891002e-08
2019,JP3774200004,6.990133051322534e-09
2019,JP3371200001,7.995181408899067e-09
2019,JP3494600004,2.5868655420909797e-08
2019,HK0066009694,2.2471882239321456e-08
2019,JP3027680002,4.547684976543615e-09
2019,JP3973400009,4.518571830326276e-09
2019,JP3102000001,5.961116442627238e-09
2019,JP3443600006,9.415667799461176e-09
2019,JP3718800000,1.244672545276889e-09
2019,JP3118000003,3.7574017449207795e-08
2019,SG1V61937297,1.0284785796645531e-10
2019,HK0242001243,2.1651101040796653e-09
2019,JP3769000005,2.2129057771290167e-08
2019,JP3400900001,1.8891023113784598e-11
2019,JP3942800008,8.7304564580119e-09
2019,AU000000ORI1,1.591044960691158e-09
2019,JP3270000007,7.897434723077482e-11
2019,BMG8063F1068,9.018971782992424e-09
2019,JP3742600004,2.3727342748406313e-09
2019,JP3743000006,0.0014290340839951982
2019,AU000000SHL7,5.0575207329207234e-08
2019,NZSKCE0001S2,3.908815239260863e-08
2019,JP3493400000,5.749293078656611e-09
2019,NZAIAE0002S6,5.5872972160150456e-08
2019,AU000000IVC8,3.419265824535842e-08
2019,JP3304200003,3.2680749967399614e-08
2019,JP3902400005,1.0874186464109864e-08
2019,BMG988031446,0.039293896218479916
2019,BMG684371393,3.322812338606658e-10
2019,JP3942400007,2.651418162941278e-08
2019,JP3535800001,7.877228956701888e-09
2019,JP3967200001,7.126403532067312e-09
2019,JP3180400008,5.96304401564184e-11
2019,JP3596200000,6.132789504702214e-09
2019,JP3830800003,1.0122413193983555e-09
2019,JP3891600003,6.604451615902648e-09
2019,BMG668971101,3.907336860401944e-09
2019,JP3385980002,5.971089891808004e-09
2019,SG1R89002252,6.264274184698026e-08
2019,HK0014000126,5.2552789630745814e-08
2019,JP3511800009,3.820898125339484e-08
2019,JP3939000000,0.0
2019,JP3579800008,1.3796599698580538e-09
2019,JP3893600001,3.828883420220341e-09
2019,JP3502200003,3.967290979379525e-08
2019,JP3819400007,1.7854625916921255e-08
2019,JP3903000002,6.301590410426253e-11
2019,KYG2108Y1052,6.4107527755988346e-09
2019,AU000000WOW2,1.1826173015392763e-08
2019,AU000000TCL6,3.6988313305234706e-08
2019,JP3854600008,8.89624322717812e-09
2019,JP3933800009,6.484425639507598e-08
2019,JP3404600003,4.4043276380510885e-09
2019,JP3600200004,0.0
2019,AU0000224040,2.0331558184659803e-09
2019,JP3143000002,4.756946097994506e-09
2019,AU000000GPT8,3.394317248749709e-08
2019,SG2B80958517,5.703276891499657e-08
2019,JP3762600009,5.060914382306972e-08
2019,AU000000CSL8,5.901307063566644e-08
2019,JP3420600003,3.68144119520368e-09
2019,AU000000QBE9,7.762238446627697e-08
2019,AU000000MTS0,2.305820928322749e-08
2019,JP3914400001,2.0300348285399018e-08
2019,JP3358200008,1.0491430366560333e-08
2019,JP3571400005,6.70719189496321e-08
2019,JP3788600009,5.944654409299511e-09
2019,JP3385820000,7.712368796843249e-09
2019,JP3595200001,1.2997318805471913e-10
2019,JP3613400005,2.7848794851920656e-09
2019,JP3845400005,4.908161258714273e-12
2019,JP3549600009,6.667477654164732e-10
2019,JP3293200006,0.01089762055087056
2019,JP3496400007,3.0374239736544254e-08
2019,AU000000CSR5,2.1376676482002347e-09
2019,AU000000SBM8,0.0002766542233294815
2019,HK0144000764,1.8953678619172067e-08
2019,BMG2178K1009,1.0436128544118001e-10
2019,JP3419400001,1.0669819390547418e-08
2019,JP3551200003,3.4023989205981494e-12
2019,SGXE21576413,4.373505187895265e-08
2019,HK0823032773,0.014792534325869048
2019,JP3274400005,2.6623556154152328e-08
2019,SG1U68934629,3.897631698221705e-08
2019,JP3246400000,5.9532397957779995e-12
2019,JP3657400002,0.013515034663797085
2019,JP3675600005,2.0839356826005463e-12
2019,JP3814800003,0.041811425091595716
2019,AU000000TLS2,3.039881022790745e-08
2019,AU000000CBA7,8.201508193817213e-08
2019,JP3223800008,1.3162900606418308e-11
2019,AU000000RHC8,3.769888746151351e-08
2019,JP3358800005,7.010790413524863e-09
2019,AU000000IGO4,2.2669797976067897e-08
2019,AU000000SIG5,0.00866529637275561
2019,JP3201200007,2.2379101030805467e-08
2019,BMG4600H1198,0.000966902709451157
2019,JP3734800000,4.317636467499039e-08
2019,AU000000AMP6,9.826367760874511e-08
2019,JP3814000000,3.299687844535309e-09
2019,JP3837800006,3.113791971845631e-08
2019,JP3888300005,6.036236997442966e-10
2019,JP3160400002,3.4996212894744956e-08
2019,JP3519400000,5.278556149428148e-08
2019,JP3551500006,7.774496196323093e-09
2019,JP3210200006,8.349311030873336e-09
2019,JP3172100004,3.587377976732881e-08
2019,JP3720800006,8.113867873314083e-09
2019,SG1M51904654,2.981785407036334e-08
2019,JP3678000005,1.7004409130146811e-09
2019,JP3336000009,2.2773112609836806e-08
2019,JP3449020001,2.6618408031742425e-11
2019,AU000000ABC7,7.917431734588758e-10
2019,JP3935600001,7.092345778606724e-11
2019,SG1J26887955,5.1557266614489986e-08
2019,AU000000OZL8,1.905639136905894e-08
2019,JP3386030005,3.416379719312103e-11
2019,JP3721400004,3.6301357526074457e-09
2019,JP3582600007,2.6466448224681065e-08
2019,JP3538800008,1.2489426451737299e-08
2019,JP3436100006,5.87428193829105e-08
2019,JP3820000002,7.251359996339074e-09
2019,AU000000SUN6,7.724155285530335e-08
2019,JP3122400009,5.098127647406361e-08
2019,JP3894900004,1.581027994259275e-08
2019,JP3733400000,9.768653600402237e-10
2019,JP3381000003,2.6775643499778835e-11
2019,JP3493800001,9.14350146818996e-09
2019,JP3862400003,7.492404713308905e-08
2019,AU000000APA1,3.994306868655946e-09
2019,JP3375800004,8.428740630668877e-09
2019,JP3676800000,2.620951011092778e-10
2019,SG1F60858221,2.2293879917956868e-08
2019,KYG217651051,2.755369425126199e-09
2019,JP3539220008,2.7445451763096588e-08
2019,JP3726800000,1.3909559648458864e-08
2019,JP3910660004,4.310058909600243e-08
2019,AU000000CIM7,4.375657889234267e-09
2019,HK0010000088,5.35315550850805e-08
2019,JP3977400005,2.1474300659443723e-09
2019,JP3148800000,6.981437469197644e-09
2019,JP3357200009,7.959013977003739e-09
2019,SG9999003735,0.004757005143807508
2019,AU000000MQG1,9.253845954292839e-08
2019,JP3404200002,2.388990317804845e-09
2019,JP3827200001,7.647218689538499e-09
2019,JP3866800000,1.1906414591779966e-08
2019,HK0011000095,4.683488442722225e-08
2019,JP3205800000,4.2738607628672e-09
2019,JP3592200004,5.942622955634794e-09
2019,AU000000WES1,6.417846768194653e-09
2019,JP3765400001,1.0416649026744265e-09
2019,JP3982100004,0.09317037384635535
2019,JP3898400001,2.6986837621457125e-09
2019,BMG2108M2182,2.737840445039578e-08
2019,JP3684000007,1.3955852918025019e-08
2019,AU000000IAG3,8.953872354677874e-08
2019,AU000000LLC3,2.144126561846377e-08
2019,JP3635000007,5.582244054200698e-09
2019,JP3638600001,2.772717316958776e-10
2019,AU000000IRE2,7.19330818571145e-08
2019,JP3260800002,0.05262381309790258
2019,JP3799000009,4.5557451250621614e-08
2019,JP3258000003,5.3110175352471115e-09
2019,HK0388045442,2.9018429188432458e-08
2019,AU000000MGR9,6.486907263241556e-08
2019,JP3350800003,0.0
2019,JP3890350006,5.73498136303862e-08
2019,HK0000745908,2.634880368330199e-08
2019,JP3756600007,6.491987160357917e-08
2019,AU000000NCM7,5.761327184429225e-09
2019,SG1T75931496,2.660025497187281e-08
2019,JP3435000009,4.2047203018198133e-08
2019,JP3738600000,6.293723198739619e-09
2019,JP3040890000,0.00867163166650482
2019,JP3266400005,7.78978362573429e-09
2019,JP3546800008,1.5571250626889658e-08
2019,JP3605400005,1.3164788338387143e-11
2019,JP3166000004,2.2097376796094126e-08
2019,JP3893200000,2.216582400008588e-08
2019,JP3900000005,7.919410647747958e-09
2019,JP3421100003,3.9389314657772245e-10
2019,JP3663900003,2.2378617436270863e-09
2019,JP3551520004,8.764990648445755e-09
2019,JP3619800000,7.802891118178125e-10
2019,JP3621000003,3.522210608277037e-10
2019,JP3326410002,0.05306748631691911
2019,AU000000ASX7,7.398735595775199e-08
2019,JP3197800000,2.8590782907561847e-08
2019,JP3762800005,3.010564208253947e-08
2019,JP3111200006,6.4811745493547e-10
2019,JP3268950007,1.2341635118847024e-08
2019,HK0000055878,2.2207584574157706e-08
2019,JP3626800001,3.6543082475113914e-09
2019,AU000000DXS1,3.960679076000345e-08
2019,JP3955000009,8.404463751617747e-09
2019,HK2388011192,6.299592101719417e-08
2019,KYG5427W1309,3.748137955110252e-10
2019,JP3634200004,6.3606002555907945e-09
2019,AU000000WOR2,5.7514959958753654e-08
2019,JP3126400005,3.3334330377637144e-08
2019,HK0308001558,8.62628899433093e-09
2019,NZAIRE0001S2,1.6468568282030522e-10
2019,SG1P66918738,3.981623367452789e-08
2019,JP3137200006,8.649730409835143e-09
2019,AU000000MAH3,9.826604591524073e-08
2019,SG1L01001701,4.5248979557254116e-08
2019,HK0016000132,6.828997304148269e-08
2019,JP3215800008,1.1113563438202553e-09
2019,JP3475350009,1.748514250214602e-08
2019,JP3526600006,1.759428336783876e-11
2019,JP3598600009,0.0
2019,AU000000BEN6,8.379657444367273e-08
2019,JP3670800006,7.27772482293543e-09
2019,JP3888400003,8.698370781467478e-10
2019,JP3778630008,2.2640027756844494e-08
2019,JP3899600005,2.5160568780136188e-08
2019,JP3401400001,6.435324492355727e-10
2019,JP3156400008,4.662612167676896e-09
2019,JP3209000003,2.8369333741355083e-08
2019,JP3463000004,2.184815559790602e-08
2019,SG9999000020,2.840266930764933e-08
2019,JP3951600000,0.0
2019,JP3294460005,6.696173040370419e-10
2019,JP3574200006,1.7853768398022698e-09
2019,AU0000038911,2.039657921655508e-09
2019,JP3256000005,1.4179652052440271e-08
2019,JP3283650004,2.3409352705821584e-08
2019,JP3870400003,1.9038399754419757e-08
2019,JP3635400009,5.674671014902778e-09
2019,JP3877600001,5.164946086338019e-09
2019,JP3456000003,2.167603611180014e-08
2019,JP3796150005,1.8480407217127018e-08
2019,JP3112000009,4.0556029948537065e-10
2019,JP3116000005,5.557115013994831e-10
2019,AU000000ALL7,8.108601018284977e-08
2020,AU000000TAH8,0.0
2020,AU000000BHP4,1.6507244283685403e-16
2020,JP3850200001,0.0
2020,SG1N31909426,1.3443015192164027e-17
2020,JP3320800000,2.722930371303967e-17
2020,AU000000ANZ3,3.1527872370868146e-15
2020,JP3419050004,1.5630280671137337e-15
2020,JP3588600001,7.842649575723247e-16
2020,JP3753000003,0.0
2020,AU000000ANN9,0.0
2020,HK2380027329,0.0
2020,HK0002007356,0.1277491687629744
2020,AU000000SGM7,4.1442186583634707e-16
2020,JP3305990008,0.09830981299248469
2020,JP3459600007,0.0
2020,US89677Q1076,2.000384964360239e-15
2020,BMG5320C1082,4.316420359114427e-16
2020,JP3119600009,0.05757905770439124
2020,AU000000BPT9,5.356386205336539e-16
2020,JP3528600004,3.263816312598997e-15
2020,JP3351100007,0.0
2020,JP3686800008,0.0
2020,JP3733000008,2.226818341812655e-16
2020,JP3362700001,0.0
2020,JP3425000001,5.3625423263065407e-17
2020,JP3625000009,0.0
2020,JP3414750004,5.253653359266162e-17
2020,MU0117U00026,0.03146042559210597
2020,HK0023000190,1.5917533129405293e-16
2020,JP3027670003,1.865806794381311e-16
2020,AU000000GWA4,7.515482119176369e-16
2020,AU000000CQR9,1.0935052254600573e-15
2020,KYG525621408,0.0
2020,JP3756100008,5.003233620760211e-16
2020,JP3358000002,0.0
2020,JP3505000004,0.0
2020,JP3481800005,7.52234146205839e-17
2020,JP3197600004,8.75604255089092e-16
2020,JP3352400000,8.032600723059143e-16
2020,AU000000BSL0,0.0
2020,JP3982800009,8.325178650634516e-16
2020,AU000000DOW2,1.2515642630245136e-16
2020,JP3783600004,0.0
2020,JP3242800005,0.0
2020,JP3351600006,1.6777879984693935e-16
2020,JP3826800009,6.556134653612778e-17
2020,JP3544000007,4.504405179867098e-17
2020,JP3835620000,0.02713687183085106
2020,JP3198900007,2.8469876556677777e-16
2020,JP3613000003,0.15194708219909037
2020,JP3634600005,2.8027884200529685e-16
2020,JP3359600008,0.004211234335605799
2020,NZFBUE0001S0,3.410781579084701e-17
2020,JP3811000003,1.4427659909187197e-15
2020,JP3280200001,0.0
2020,JP3573000001,0.0466166283813155
2020,JP3766550002,2.162392835003405e-15
2020,SG1S83002349,6.7294950733795695e-15
2020,JP3194000000,1.883232972972644e-15
2020,JP3902900004,0.007433324248619809
2020,HK0004000045,0.0
2020,JP3322930003,3.0280045696498872e-15
2020,JP3347200002,7.996543276198009e-16
2020,JP3228600007,0.0
2020,SG1B51001017,6.041224715641894e-17
2020,JP3711600001,0.0
2020,BMG8403G1033,0.0
2020,JP3415400005,0.0
2020,JP3940000007,0.0
2020,JP3190000004,6.632203788507984e-16
2020,JP3695200000,3.954686609481269e-16
2020,JP3787000003,2.4048979525307045e-16
2020,AU000000NAB4,1.913547236187954e-15
2020,SGXE34184239,1.0070791413049402e-15
2020,JP3585800000,0.0
2020,JP3452000007,2.422283447963301e-15
2020,JP3134800006,0.0
2020,JP3224200000,0.0
2020,JP3405400007,3.981065619368504e-16
2020,JP3942600002,1.3987588290275628e-15
2020,JP3802300008,0.0
2020,JP3165700000,2.911417173504246e-15
2020,JP3173400007,2.1330463989002183e-15
2020,JP3397200001,0.0
2020,JP3667600005,8.358007210676584e-16
2020,JP3407400005,6.618662075601218e-17
2020,JP3560800009,0.0
2020,JP3131430005,0.0
2020,JP3992400006,1.5974421943440903e-15
2020,JP3243600008,0.01810526844688547
2020,JP3522200009,0.0
2020,AU000000MND5,1.756298707102531e-15
2020,JP3269600007,0.0
2020,KYG210961051,0.022014323438582294
2020,AU000000PPT9,7.896375096887579e-16
2020,AU000000STO6,7.55626184522129e-17
2020,HK0083000502,1.20474038265753e-15
2020,HK0000608585,0.0
2020,JP3566800003,3.702987159079157e-16
2020,JP3158800007,0.0
2020,JP3688370000,3.215263531601038e-17
2020,AU000000CGF5,2.1263046413393413e-15
2020,HK0006000050,0.0
2020,JP3633400001,3.775149522325573e-16
2020,HK0688002218,6.671392097620032e-16
2020,AU000000WBC1,2.581491403753759e-15
2020,JP3429800000,0.0
2020,HK0363006039,8.4277103717211075e-16
2020,HK0165000859,0.039838747024573594
2020,BMG2442N1048,0.0
2020,JP3200450009,3.1514687715300023e-16
2020,HK0012000102,3.784304905650076e-16
2020,JP3143600009,0.01970938072089559
2020,AU000000COH5,0.0
2020,AU000000SGP0,0.0
2020,JP3300600008,2.617481499123398e-16
2020,JP3818000006,1.4428571886178919e-15
2020,JP3870000001,1.079429100563181e-15
2020,JP3249600002,5.888873299669881e-16
2020,JP3289800009,0.0
2020,JP3402600005,2.2896373198589666e-17
2020,AU000000FLT9,9.727427961219363e-16
2020,HK0019000162,2.6595893744244863e-16
2020,JP3665200006,0.009325145714032857
2020,AU000000BWP3,0.0
2020,AU000000QAN2,0.0
2020,JP3830000000,4.752939316824114e-16
2020,AU000000CWY3,2.4897112404239676e-17
2020,JP3485800001,0.0
2020,AU000000ILU1,0.0
2020,JP3388200002,0.0
2020,HK0008011667,0.0020494492774993747
2020,JP3421800008,2.709599847252146e-16
2020,NZTELE0001S4,1.4566197128083218e-15
2020,JP3672400003,4.142551199050752e-16
2020,JP3276400003,0.0
2020,NZCENE0001S6,0.0
2020,JP3711200000,9.696339490069393e-17
2020,HK0200030994,0.0
2020,JP3786200000,7.717839189341501e-17
2020,JP3486800000,5.191712176913953e-16
2020,IE00BKVD2N49,2.7885103970116104e-16
2020,AU000000ORG5,0.0
2020,HK0000139300,0.0
2020,JP3548610009,0.0
2020,BMG524401079,9.183078007939776e-16
2020,JP3659000008,0.0
2020,KYG0535Q1331,4.2594518088223165e-15
2020,HK0003000038,0.0008177463300011493
2020,JP3491000000,0.0
2020,JP3792600003,0.0
2020,JP3368000000,0.0
2020,JP3039710003,0.0
2020,JP3229400001,0.0
2020,JP3126340003,1.0979308776388913e-15
2020,JP3495000006,0.0
2020,HK0291001490,1.3744198112969772e-15
2020,HK0392044647,2.76553586158602e-16
2020,AU000000BLD2,0.0
2020,JP3735400008,6.627754809677606e-16
2020,JP3174410005,0.0
2020,JP3165600002,2.734483052911028e-16
2020,AU000000ERA9,0.0
2020,BMG677491539,0.0
2020,AU000000BOQ8,8.705252493617818e-16
2020,JP3629000005,2.6306400475603845e-16
2020,SG1R50925390,0.0
2020,JP3409000001,4.453925352838402e-16
2020,JP3890310000,0.0
2020,JP3351500008,0.0
2020,HK0293001514,0.0
2020,AU0000088338,0.0
2020,JP3164800009,1.1652772097383255e-16
2020,SG1T58930911,7.862450872488084e-16
2020,HK0000049939,0.0
2020,AU000000ELD6,0.0
2020,JP3389900006,0.0
2020,JP3499800005,1.4777507560721883e-16
2020,JP3774200004,0.0
2020,JP3371200001,5.41189881604108e-16
2020,JP3494600004,1.2554044826367435e-15
2020,HK0066009694,0.0
2020,JP3027680002,0.0
2020,JP3973400009,0.0
2020,JP3102000001,0.0
2020,JP3443600006,2.965418372832463e-16
2020,JP3718800000,0.0
2020,JP3118000003,5.596219155935325e-16
2020,SG1V61937297,0.0
2020,HK0242001243,6.624963924852216e-16
2020,JP3400900001,0.0
2020,JP3942800008,0.0
2020,AU000000ORI1,2.5841943502052416e-17
2020,JP3270000007,3.0267914494553554e-16
2020,BMG8063F1068,5.139365191104268e-16
2020,JP3742600004,0.0
2020,JP3743000006,0.0
2020,AU000000SHL7,0.02088811161522811
2020,NZSKCE0001S2,7.385671756532338e-16
2020,JP3493400000,0.0
2020,NZAIAE0002S6,0.0
2020,AU000000IVC8,1.3684671617139033e-15
2020,JP3304200003,5.829045116229272e-17
2020,JP3902400005,1.4197789378912558e-15
2020,BMG988031446,0.0053985016832681166
2020,BMG684371393,0.0
2020,JP3942400007,0.0
2020,JP3535800001,3.9248293560846916e-16
2020,AU000000CPU5,1.6988095424391033e-15
2020,JP3967200001,0.0
2020,JP3180400008,0.0
2020,JP3596200000,8.514798025470082e-16
2020,JP3830800003,0.0
2020,BMG668971101,0.003913759789403615
2020,JP3385980002,2.1345920032234017e-16
2020,JP3407200009,0.0
2020,SG1R89002252,4.095631217029393e-15
2020,HK0014000126,6.503742093706433e-16
2020,JP3511800009,0.0
2020,JP3939000000,0.0
2020,JP3579800008,0.0
2020,JP3893600001,3.528062896548499e-18
2020,JP3502200003,2.6700255484893056e-16
2020,JP3903000002,0.0
2020,KYG2108Y1052,4.474542861559314e-16
2020,AU000000WOW2,3.7195196143250854e-16
2020,AU000000TCL6,1.3015845920670415e-15
2020,JP3854600008,2.2077661280097213e-16
2020,JP3933800009,0.0
2020,JP3404600003,0.0
2020,JP3600200004,0.0
2020,AU0000224040,0.0
2020,JP3143000002,0.0
2020,AU000000GPT8,1.2915867879316646e-15
2020,SG2B80958517,6.714070328709007e-16
2020,JP3762600009,0.0
2020,AU000000CSL8,0.0
2020,JP3420600003,8.96259067792075e-16
2020,AU000000QBE9,4.118956856454151e-15
2020,AU000000MTS0,5.093636239704745e-16
2020,JP3914400001,1.6467540397206859e-15
2020,JP3358200008,3.0523437394376587e-16
2020,JP3571400005,4.784356887735163e-15
2020,JP3788600009,5.890470975577891e-16
2020,JP3385820000,1.0675082584427235e-15
2020,JP3595200001,0.0
2020,JP3613400005,2.575883068954372e-16
2020,JP3845400005,0.0
2020,JP3549600009,0.0
2020,JP3293200006,5.289841638549292e-16
2020,JP3496400007,0.0
2020,AU000000CSR5,0.0
2020,AU000000SBM8,1.7533675988517279e-16
2020,HK0144000764,3.9896300752772174e-16
2020,BMG2178K1009,0.0
2020,JP3419400001,1.4492578295274524e-16
2020,JP3551200003,0.0
2020,SGXE21576413,5.522454284416521e-15
2020,HK0823032773,3.343578287680569e-16
2020,JP3274400005,0.0
2020,SG1U68934629,2.292132833131298e-15
2020,JP3246400000,0.0
2020,JP3657400002,0.0
2020,JP3675600005,0.0
2020,JP3814800003,0.014796154538147118
2020,AU000000TLS2,2.6635914154352565e-15
2020,AU000000CBA7,2.2628993614571715e-15
2020,JP3223800008,0.0
2020,AU000000RHC8,3.1085468961891195e-16
2020,JP3358800005,3.105038013570392e-16
2020,AU000000IGO4,0.0
2020,JP3203500008,1.0356733518918683e-16
2020,AU000000SIG5,0.0
2020,JP3201200007,0.010389205759572499
2020,BMG4600H1198,2.4255002307664723e-16
2020,JP3734800000,4.0906473599147005e-15
2020,AU000000AMP6,0.0
2020,HK0270001396,0.02010457897601193
2020,JP3814000000,0.05160874724094268
2020,JP3837800006,3.1189449954908798e-15
2020,JP3888300005,0.0
2020,JP3160400002,0.0
2020,JP3519400000,1.492884955855097e-15
2020,JP3551500006,5.10581562640092e-16
2020,JP3210200006,5.951650078155814e-16
2020,JP3172100004,6.249369188289695e-16
2020,JP3720800006,3.927262102867237e-16
2020,SG1M51904654,1.7328332809600666e-15
2020,JP3678000005,3.4828801727593485e-17
2020,JP3292200007,1.569143398525303e-16
2020,JP3336000009,0.0
2020,JP3449020001,0.0
2020,AU000000ABC7,0.0
2020,JP3935600001,0.0
2020,SG1J26887955,0.0
2020,AU000000OZL8,4.999803525201286e-16
2020,JP3386030005,0.0
2020,JP3721400004,3.471901666830039e-16
2020,JP3582600007,1.4286502156465798e-15
2020,JP3538800008,1.6239571653597793e-15
2020,JP3436100006,3.6925433502988355e-15
2020,JP3820000002,6.267537010501489e-16
2020,AU000000SUN6,2.35524360775415e-15
2020,JP3122400009,1.035119936210248e-14
2020,JP3894900004,2.312283404214527e-16
2020,JP3733400000,0.0
2020,JP3381000003,0.0
2020,JP3493800001,0.0
2020,JP3862400003,0.0
2020,AU000000APA1,0.0
2020,JP3375800004,4.904801841607497e-16
2020,JP3676800000,2.2967192445945524e-16
2020,SG1F60858221,1.7381962463923222e-15
2020,KYG217651051,0.0
2020,JP3539220008,4.3271135559082505e-16
2020,JP3726800000,0.0
2020,JP3910660004,4.247541885549424e-16
2020,AU000000CIM7,0.0
2020,HK0010000088,0.0
2020,JP3977400005,6.80726282112572e-16
2020,JP3148800000,2.0037004519786824e-16
2020,JP3357200009,9.523278897483013e-16
2020,SG9999003735,0.0
2020,AU000000MQG1,0.0
2020,JP3404200002,0.0
2020,JP3827200001,2.2039699570807639e-16
2020,JP3866800000,8.438135938066523e-16
2020,HK0011000095,0.0002470301875669728
2020,JP3205800000,4.8514846136416615e-17
2020,JP3592200004,0.0
2020,JP3277800003,0.0
2020,AU000000WES1,0.0
2020,JP3765400001,0.0
2020,JP3982100004,0.12040625937350648
2020,JP3898400001,0.0
2020,JP3122800000,0.0
2020,BMG2108M2182,3.3574009999663167e-15
2020,JP3906000009,7.854942747404053e-16
2020,JP3684000007,0.0
2020,AU000000IAG3,5.683030736753456e-15
2020,AU000000LLC3,0.0
2020,JP3635000007,1.0553602204247507e-16
2020,JP3162600005,1.9538608147867977e-15
2020,JP3638600001,0.0
2020,AU000000IRE2,1.2178887099380263e-15
2020,JP3260800002,0.0
2020,JP3799000009,1.388528961820462e-15
2020,JP3258000003,2.0304269429531235e-16
2020,HK0388045442,2.349433354907126e-15
2020,AU000000MGR9,1.3428022898608308e-15
2020,JP3350800003,0.0
2020,JP3885400006,0.0
2020,JP3890350006,1.4358345162524905e-15
2020,HK0000745908,2.1238967349896027e-15
2020,JP3756600007,0.0
2020,AU000000NCM7,0.0
2020,SG1T75931496,2.124465236625307e-15
2020,JP3435000009,0.0
2020,JP3738600000,1.8538720113347632e-16
2020,JP3040890000,0.0
2020,JP3266400005,0.0
2020,JP3546800008,1.2689893814394636e-16
2020,JP3605400005,0.0
2020,JP3166000004,2.693642929527657e-16
2020,JP3893200000,1.7590588598248066e-16
2020,JP3900000005,9.424653100352788e-16
2020,JP3421100003,0.0
2020,JP3663900003,0.0
2020,JP3551520004,2.1940609772930867e-15
2020,JP3619800000,0.0
2020,JP3621000003,0.0
2020,JP3326410002,0.08794398383620923
2020,AU000000ASX7,2.4116437138484543e-16
2020,JP3197800000,2.8171947450225506e-15
2020,KYG548561284,1.9181169493310713e-16
2020,JP3762800005,0.0
2020,JP3111200006,0.0
2020,JP3268950007,7.858531852937784e-16
2020,HK0000055878,1.7509934292258151e-15
2020,JP3626800001,1.4231092986100396e-16
2020,AU000000DXS1,1.621328025874914e-15
2020,JP3108600002,0.0
2020,JP3955000009,1.4411892715757932e-15
2020,HK2388011192,1.2476301221502876e-15
2020,KYG5427W1309,0.0
2020,JP3634200004,1.1136604419114122e-16
2020,AU000000WOR2,1.1040071063645429e-15
2020,JP3896800004,1.739372305404698e-16
2020,JP3126400005,0.0
2020,JP3188220002,0.0
2020,HK0308001558,7.88765916609595e-17
2020,NZAIRE0001S2,0.0
2020,SG1P66918738,1.4988155182344575e-15
2020,JP3137200006,0.0
2020,AU000000MAH3,1.3692185388623433e-16
2020,SG1L01001701,3.4605187088653245e-15
2020,HK0016000132,0.0
2020,JP3215800008,5.4345966657676903e-17
2020,JP3475350009,2.4954319851442953e-15
2020,JP3526600006,0.0
2020,JP3598600009,2.9405777198907604e-16
2020,AU000000BEN6,2.669564293775448e-15
2020,JP3670800006,6.504563761276171e-16
2020,JP3888400003,0.0
2020,JP3778630008,2.8520356740013014e-16
2020,JP3899600005,0.0
2020,JP3401400001,0.0
2020,JP3156400008,2.4427532888607826e-15
2020,JP3209000003,1.362778471949375e-16
2020,JP3463000004,0.0
2020,AU000000JBH7,0.0
2020,SG9999000020,2.5379458278110466e-16
2020,JP3951600000,0.0
2020,JP3294460005,0.0
2020,JP3574200006,0.0
2020,JP3164630000,0.0
2020,JP3256000005,3.1207714857185195e-15
2020,JP3283650004,2.958994564795808e-15
2020,JP3771800004,1.1828843040625106e-15
2020,JP3870400003,0.0
2020,JP3635400009,0.0
2020,JP3877600001,6.38936421890855e-17
2020,JP3456000003,0.0
2020,JP3796150005,0.0
2020,JP3112000009,0.0
2020,JP3116000005,5.193754002912236e-16
2020,AU000000ALL7,0.0
2021,AU000000TAH8,7.88601021325353e-08
2021,AU000000BHP4,6.033366284781658e-09
2021,JP3850200001,0.0
2021,SG1N31909426,1.3372744276860724e-09
2021,JP3320800000,6.296873274981261e-09
2021,JP3305530002,2.2382244449059913e-09
2021,AU000000ANZ3,1.0536473389081775e-07
2021,JP3419050004,0.00032637286079664437
2021,JP3588600001,5.385837219343802e-08
2021,JP3753000003,1.525461781535646e-10
2021,AU000000ANN9,6.30272873399255e-09
2021,HK2380027329,0.0
2021,HK0002007356,0.1552107499314322
2021,AU000000SGM7,1.4147453726812126e-08
2021,JP3305990008,0.056856199546617844
2021,JP3459600007,5.138833368208197e-09
2021,US89677Q1076,5.4163188459606305e-08
2021,BMG5320C1082,7.53081565934237e-09
2021,JP3119600009,0.04844032959062209
2021,AU000000BPT9,8.727214943339599e-09
2021,JP3528600004,0.0
2021,JP3351100007,3.1839952782004405e-08
2021,JP3733000008,1.8977567549035253e-08
2021,AU000000SXL4,1.5839758993071822e-07
2021,JP3362700001,1.8871864533154398e-10
2021,JP3425000001,4.96522470668946e-10
2021,JP3625000009,2.121368693382695e-11
2021,JP3414750004,5.921509558595446e-09
2021,MU0117U00026,0.016748659145229786
2021,HK0023000190,3.818931959904125e-08
2021,JP3027670003,1.9345592967207244e-08
2021,AU000000GWA4,1.1904855579350803e-08
2021,AU000000CQR9,6.125212216727059e-08
2021,KYG525621408,1.0662347000189854e-09
2021,JP3756100008,1.9015829941062874e-08
2021,JP3358000002,4.7118461675033024e-08
2021,JP3505000004,8.464491940381037e-09
2021,JP3481800005,1.5322777456549865e-08
2021,JP3197600004,5.2302005422417236e-08
2021,JP3352400000,3.3326487222498135e-09
2021,JP3131400008,8.057727860866264e-08
2021,AU000000BSL0,7.596626140148084e-10
2021,JP3982800009,4.4099736809258695e-09
2021,AU000000DOW2,1.2674918402257215e-08
2021,JP3783600004,5.635068512978631e-09
2021,JP3242800005,8.3112231095878e-09
2021,JP3351600006,2.5042670677467796e-08
2021,JP3826800009,1.1351504381383563e-08
2021,JP3544000007,8.476902197364977e-10
2021,JP3791200003,1.1748771691206051e-08
2021,JP3835620000,0.031832397588854755
2021,JP3198900007,3.0410693653310105e-08
2021,JP3613000003,0.12647708097770025
2021,JP3634600005,1.156775080313864e-08
2021,JP3359600008,0.0
2021,NZFBUE0001S0,3.938294141060431e-09
2021,JP3811000003,2.2634195355134603e-08
2021,JP3280200001,1.1180032139161764e-08
2021,AU0000033359,4.095385553468996e-08
2021,JP3573000001,0.027289492683763034
2021,JP3766550002,4.928779449135064e-08
2021,SG1S83002349,4.858368257559788e-08
2021,JP3194000000,8.705662685237892e-09
2021,JP3902900004,1.8360806459073487e-09
2021,HK0004000045,2.693598968422696e-08
2021,JP3322930003,3.1480451457844885e-09
2021,JP3219000001,4.948905583356576e-09
2021,JP3347200002,4.7997858361656524e-08
2021,JP3228600007,0.0
2021,SG1B51001017,6.565247729852918e-10
2021,JP3711600001,2.2576720205017384e-09
2021,BMG8403G1033,0.0
2021,JP3415400005,2.4833949725813764e-09
2021,JP3300200007,2.993987672411432e-08
2021,JP3940000007,1.4651471193105202e-09
2021,JP3190000004,9.219977069385865e-09
2021,JP3695200000,7.832025631507971e-09
2021,JP3787000003,1.0922682810152287e-08
2021,AU000000NAB4,1.042913530241992e-07
2021,SGXE34184239,1.078360258248369e-08
2021,JP3585800000,0.0
2021,JP3452000007,1.7773426446470242e-08
2021,JP3134800006,1.6154143795178033e-08
2021,JP3224200000,8.848452268764227e-09
2021,JP3405400007,1.0311004596904982e-08
2021,JP3942600002,3.908863773488391e-08
2021,JP3802300008,0.01553968228213412
2021,JP3165700000,1.0516071606727929e-08
2021,JP3173400007,5.63573626949031e-08
2021,JP3397200001,1.70391586327743e-08
2021,JP3667600005,3.5399015689185047e-09
2021,JP3407400005,3.6104868556588925e-09
2021,JP3560800009,3.234912985401452e-10
2021,JP3131430005,2.370722770050852e-08
2021,JP3992400006,1.2304016728938212e-08
2021,JP3243600008,0.033274017828152834
2021,JP3522200009,0.0
2021,AU000000MND5,5.4546351627152326e-08
2021,JP3269600007,3.3768471296773855e-10
2021,KYG210961051,7.047254072509351e-10
2021,AU000000PPT9,1.4409784027012635e-07
2021,AU000000STO6,2.3453085661732305e-09
2021,HK0083000502,4.214354452346922e-08
2021,JP3263000006,1.611118876966975e-09
2021,HK0000608585,2.2916634183351017e-08
2021,JP3566800003,1.294933920244148e-08
2021,JP3158800007,1.110968190173928e-11
2021,JP3688370000,2.7384786428379653e-09
2021,HK0440001847,6.858588727156823e-08
2021,AU000000CGF5,1.2796117606361256e-07
2021,HK0006000050,3.2613815318414595e-10
2021,JP3633400001,3.224200283291863e-09
2021,HK0688002218,1.2281829407048926e-08
2021,AU000000WBC1,1.0401831236703574e-07
2021,JP3429800000,3.1638556224427315e-10
2021,HK0363006039,3.4003763859919063e-09
2021,HK0165000859,0.020299539929834694
2021,BMG2442N1048,3.5186585412794615e-09
2021,JP3200450009,8.630752821199197e-09
2021,HK0012000102,4.583489922993829e-08
2021,JP3143600009,0.01962518554511735
2021,AU000000COH5,4.554141810477768e-08
2021,AU000000SGP0,9.355106346115093e-08
2021,JP3300600008,3.0041276687287994e-09
2021,JP3818000006,3.3825536557746095e-08
2021,JP3870000001,3.179416349623183e-08
2021,JP3271400008,5.6304424347309365e-08
2021,JP3249600002,4.07390148014745e-09
2021,JP3289800009,1.0897396363040651e-11
2021,JP3402600005,2.6289852495617516e-09
2021,AU000000FLT9,2.8294099604775043e-08
2021,JP3780100008,1.1095432957137471e-08
2021,HK0019000162,8.722318998067236e-09
2021,JP3665200006,0.011841658413027143
2021,AU000000BWP3,6.230623870505565e-08
2021,AU000000QAN2,1.7645027064368305e-09
2021,JP3830000000,2.5082332800695486e-08
2021,AU000000CWY3,1.9862030723619463e-09
2021,JP3485800001,5.628455722362047e-10
2021,AU000000ILU1,3.778789301787745e-09
2021,JP3388200002,9.111691268735377e-09
2021,HK0008011667,5.834620008777474e-09
2021,JP3421800008,1.2189407870493816e-08
2021,JP3868400007,0.010483899054278292
2021,NZTELE0001S4,4.817497609668475e-08
2021,JP3672400003,1.166444987192417e-08
2021,JP3276400003,2.350194429435974e-08
2021,NZCENE0001S6,2.5124887427545603e-09
2021,JP3711200000,2.1531489212060402e-08
2021,HK0200030994,4.333149224259007e-08
2021,JP3786200000,0.010966004698174906
2021,JP3486800000,0.0010655359023220533
2021,IE00BKVD2N49,7.001785407390262e-09
2021,AU000000ORG5,3.5315576544475537e-10
2021,HK0000139300,3.488365073989096e-08
2021,JP3548610009,7.637299037620082e-08
2021,BMG524401079,2.553826502445958e-08
2021,JP3659000008,9.488838611190221e-09
2021,KYG0535Q1331,3.3526324691080526e-08
2021,HK0003000038,2.698566578304461e-09
2021,JP3491000000,2.479980685264089e-09
2021,JP3792600003,1.2083185739048334e-08
2021,JP3368000000,2.3330778124356506e-10
2021,JP3039710003,3.568864648975183e-08
2021,JP3229400001,4.098877215170633e-08
2021,JP3126340003,1.5450287198992578e-08
2021,JP3495000006,3.686916886068497e-08
2021,HK0291001490,4.192816178808255e-09
2021,HK0392044647,2.023126199432865e-09
2021,AU000000BLD2,4.435399999324765e-09
2021,JP3735400008,2.4754094821225413e-09
2021,JP3174410005,2.120649663927563e-10
2021,JP3165600002,5.5936558478258755e-09
2021,AU000000ERA9,4.808628785511913e-09
2021,BMG677491539,1.1614369953209887e-09
2021,AU000000BOQ8,1.1746791430770086e-07
2021,JP3629000005,7.395389247137055e-09
2021,SG1R50925390,0.0
2021,JP3409000001,3.5670411655614145e-08
2021,JP3890310000,3.6554312529614224e-08
2021,JP3351500008,3.060676148580406e-08
2021,HK0293001514,2.2741033883441128e-10
2021,AU0000088338,6.993515581409123e-09
2021,JP3164800009,3.658110849440033e-09
2021,SG1T58930911,7.716759011917202e-09
2021,JP3902000003,4.33686244953422e-08
2021,HK0000049939,4.4305765047714184e-09
2021,BMG2624N1535,0.03597986659496894
2021,AU000000ELD6,8.854486638966401e-10
2021,JP3389900006,7.05181037210018e-08
2021,JP3499800005,5.3431972642747264e-08
2021,JP3774200004,6.897435083244377e-09
2021,JP3371200001,8.064699648518095e-09
2021,JP3494600004,2.5269038014855636e-08
2021,HK0066009694,1.5016325899254068e-08
2021,JP3027680002,1.664135239073748e-08
2021,JP3973400009,3.924916345911773e-09
2021,JP3102000001,5.26328674913787e-09
2021,JP3443600006,5.3697515925992975e-09
2021,JP3718800000,5.555922524863779e-10
2021,JP3118000003,9.386318008599398e-08
2021,SG1V61937297,7.027701379004854e-10
2021,HK0242001243,6.970850445129026e-09
2021,JP3769000005,1.623601915263372e-08
2021,JP3400900001,0.0
2021,JP3942800008,1.4350251662002051e-08
2021,AU000000ORI1,2.128821488651697e-09
2021,JP3270000007,2.1587309854674415e-08
2021,BMG8063F1068,6.499560701516413e-09
2021,JP3742600004,1.4511040840998012e-09
2021,JP3743000006,3.4814222461127677e-09
2021,AU000000SHL7,3.5529737370801246e-08
2021,JP3944130008,5.199156597001727e-08
2021,NZSKCE0001S2,5.887550027314834e-08
2021,JP3493400000,2.7561155219448163e-09
2021,NZAIAE0002S6,6.974407631617497e-08
2021,AU000000IVC8,4.3211465042489265e-08
2021,JP3304200003,1.935794681408375e-08
2021,JP3902400005,7.946001538432687e-09
2021,BMG988031446,1.5506496829023514e-08
2021,BMG684371393,6.559960399999834e-11
2021,JP3942400007,3.5873117818024524e-08
2021,SG1S04926220,4.5371347767428835e-08
2021,JP3535800001,1.4759808694735791e-08
2021,AU000000CPU5,9.021908852329007e-08
2021,JP3967200001,1.8785175099447053e-08
2021,JP3180400008,7.256331649538103e-12
2021,JP3596200000,1.212537772417486e-08
2021,JP3830800003,3.4216093144508436e-09
2021,BMG668971101,6.581120245810585e-09
2021,JP3385980002,4.830287083045096e-09
2021,JP3407200009,1.4487897481530666e-09
2021,JP3196000008,1.5844909070715186e-08
2021,SG1R89002252,6.727939688103684e-08
2021,HK0014000126,3.4877866205510125e-08
2021,JP3511800009,4.304969622874342e-08
2021,JP3939000000,5.59191160085201e-09
2021,JP3579800008,1.0794969674069726e-09
2021,JP3893600001,1.5405536809038843e-09
2021,JP3502200003,4.3876203117710154e-08
2021,JP3903000002,0.0
2021,KYG2108Y1052,1.698479722180345e-10
2021,AU000000WOW2,1.4381411494100831e-08
2021,AU000000TCL6,5.0551902557921673e-08
2021,JP3854600008,8.096944623728318e-09
2021,JP3933800009,5.6198919488345116e-08
2021,JP3404600003,2.50326876544381e-09
2021,JP3600200004,5.5831234556006736e-09
2021,AU0000224040,1.8609758842437728e-09
2021,JP3143000002,1.609315971733469e-08
2021,AU000000GPT8,6.69586824325516e-08
2021,SG2B80958517,3.4408063127832356e-08
2021,JP3762600009,3.4762576380663e-08
2021,AU000000CSL8,5.409868473454743e-08
2021,JP3420600003,1.4268151723407841e-08
2021,AU000000QBE9,8.376448746473166e-08
2021,AU000000MTS0,1.5764791583784572e-08
2021,JP3914400001,1.7973504849382435e-08
2021,JP3358200008,2.6668101540480888e-08
2021,JP3571400005,4.9752141006891245e-08
2021,JP3788600009,4.889104138111884e-09
2021,JP3385820000,1.2174000492866256e-08
2021,JP3595200001,6.681981364598175e-11
2021,JP3613400005,1.7985127942434097e-09
2021,JP3845400005,0.0
2021,JP3549600009,8.281004196802145e-10
2021,JP3293200006,1.0220541247973807e-09
2021,JP3496400007,4.448197153340633e-09
2021,AU000000CSR5,3.6292508579727943e-09
2021,AU000000SBM8,0.0
2021,HK0144000764,1.0847403925367256e-08
2021,BMG2178K1009,6.733005847095175e-10
2021,JP3419400001,1.215307573346144e-08
2021,JP3551200003,0.0
2021,SGXE21576413,5.899932187494793e-08
2021,HK0823032773,3.149779037089777e-08
2021,JP3274400005,0.0
2021,SG1U68934629,2.403436873209557e-08
2021,JP3246400000,0.0
2021,JP3657400002,0.0
2021,JP3675600005,3.819432342661776e-09
2021,JP3814800003,0.02750534947398929
2021,AU000000TLS2,5.579909930658669e-08
2021,AU000000CBA7,8.912889318874631e-08
2021,JP3223800008,6.251183629973666e-11
2021,AU000000RHC8,2.538925892110398e-08
2021,BMG507361001,0.02474650806056759
2021,HK0836012952,0.0
2021,JP3358800005,5.277810155792662e-09
2021,AU000000IGO4,2.6218062512497232e-08
2021,JP3203500008,0.0
2021,AU000000SIG5,1.9533850306070045e-08
2021,JP3201200007,0.021622999771574516
2021,BMG4600H1198,1.4564258836305115e-08
2021,JP3734800000,4.9736863531852335e-08
2021,AU000000AMP6,9.219945965986765e-08
2021,HK0270001396,0.018988839753999523
2021,JP3814000000,0.058979925501073505
2021,JP3837800006,3.710688729396824e-08
2021,JP3888300005,6.150268055430403e-10
2021,JP3160400002,1.5683626014218656e-08
2021,JP3519400000,8.449536152861746e-08
2021,JP3551500006,1.1662648831164664e-08
2021,JP3210200006,1.4982995129998895e-08
2021,JP3172100004,2.754970044926238e-08
2021,JP3720800006,1.6113682018406388e-09
2021,SG1M51904654,3.009611786921516e-08
2021,JP3678000005,1.5081786207844145e-09
2021,JP3292200007,1.5222728484468477e-09
2021,JP3336000009,3.7639078503441545e-08
2021,JP3449020001,1.6577481004055863e-11
2021,AU000000ABC7,6.177382814651628e-10
2021,JP3935600001,1.2104804816831496e-09
2021,SG1J26887955,1.2620192469344051e-08
2021,AU000000OZL8,1.4883940700695851e-08
2021,JP3386030005,2.1725501694563585e-11
2021,JP3721400004,0.0
2021,JP3582600007,3.060722865069327e-08
2021,JP3538800008,1.0627423859839861e-08
2021,JP3436100006,5.825725787541251e-08
2021,JP3820000002,1.0735250247810156e-08
2021,AU000000SUN6,9.357223367732404e-08
2021,JP3122400009,2.9591742092975655e-08
2021,JP3894900004,1.7077248051132227e-08
2021,AU000000SEK6,1.2304464862243652e-07
2021,JP3733400000,5.880117955506017e-10
2021,JP3381000003,3.745160821844692e-11
2021,JP3493800001,5.822223927408522e-09
2021,JP3862400003,5.828956906113053e-08
2021,AU000000APA1,3.1572887455536655e-09
2021,JP3375800004,1.397015395911173e-08
2021,JP3676800000,4.943935159140977e-09
2021,SG1F60858221,2.2828510323607043e-08
2021,KYG217651051,1.6388406316440602e-09
2021,JP3539220008,6.928738774040153e-09
2021,JP3726800000,1.4950286768127457e-08
2021,JP3910660004,2.4384911655183526e-08
2021,AU000000CIM7,1.8997822439583245e-08
2021,HK0010000088,5.341275033968902e-08
2021,JP3977400005,1.2818339609428074e-08
2021,JP3148800000,9.247845548485883e-09
2021,JP3357200009,2.4807385345799965e-08
2021,SG9999003735,4.2944908471140586e-08
2021,AU000000MQG1,8.191728750331144e-08
2021,JP3404200002,1.1525393778787993e-09
2021,JP3827200001,4.323295629135206e-09
2021,JP3866800000,1.2375769706665483e-08
2021,HK0011000095,2.7746560209201242e-08
2021,JP3205800000,9.384227762470072e-09
2021,JP3592200004,9.442258861298634e-09
2021,JP3277800003,9.09144074023585e-09
2021,AU000000WES1,1.0517549449403545e-08
2021,JP3765400001,6.831740623116493e-09
2021,JP3982100004,0.10488093087574574
2021,JP3411000007,4.9927688211071414e-08
2021,JP3898400001,8.169666143696869e-10
2021,JP3122800000,3.874709780263463e-08
2021,BMG2108M2182,0.001997520205324687
2021,JP3906000009,8.219445715213066e-09
2021,JP3684000007,1.3818699472075332e-08
2021,AU000000IAG3,7.911550074300415e-08
2021,AU000000GMG2,7.292004973134781e-08
2021,AU000000LLC3,3.378205145447905e-08
2021,JP3635000007,1.2529648100394794e-08
2021,JP3162600005,2.8290152108143184e-08
2021,JP3638600001,7.116364860462485e-10
2021,AU000000IRE2,8.370084283515273e-08
2021,JP3260800002,1.1930151667543622e-08
2021,JP3799000009,2.3799677111938088e-08
2021,JP3258000003,1.0212014911779478e-08
2021,HK0388045442,1.7741298596503368e-08
2021,AU000000MGR9,8.933358622436896e-08
2021,JP3350800003,0.0
2021,JP3885400006,7.056024503461887e-08
2021,JP3890350006,4.626343616823688e-08
2021,HK0000745908,0.005299550883135886
2021,JP3756600007,1.8877506125993696e-08
2021,AU000000NCM7,0.007861787926085561
2021,SG1T75931496,4.688391735641453e-08
2021,JP3435000009,2.5666607828433495e-08
2021,JP3738600000,8.03636193248852e-09
2021,JP3040890000,1.9130026971876622e-08
2021,JP3266400005,1.1365349819665925e-08
2021,JP3546800008,1.410508758476373e-08
2021,JP3605400005,0.0
2021,JP3166000004,5.74926847357225e-09
2021,JP3893200000,2.4690875660592392e-08
2021,JP3900000005,9.285156281290364e-09
2021,JP3421100003,0.0
2021,JP3663900003,3.394496119040934e-10
2021,JP3551520004,5.1024327668052215e-08
2021,JP3619800000,5.957154123900195e-10
2021,JP3621000003,1.1171720931387118e-09
2021,JP3326410002,0.09468117030461784
2021,AU000000ASX7,5.7760325706864125e-08
2021,JP3197800000,6.650961063884749e-08
2021,KYG548561284,0.01116909760942468
2021,JP3762800005,2.8042028955655033e-08
2021,JP3111200006,7.284480118516982e-10
2021,JP3268950007,1.7263353111699757e-08
2021,HK0101000591,4.608853019915907e-08
2021,JP3398000004,1.4516627389128832e-08
2021,HK0000055878,2.0379534515880223e-08
2021,JP3626800001,3.164536631521493e-09
2021,AU000000DXS1,4.592303932696591e-08
2021,JP3802400006,3.706040858911874e-08
2021,AU000000IFL2,1.6295945821018997e-07
2021,JP3108600002,4.377690681999834e-08
2021,JP3240400006,2.4793914142482538e-08
2021,JP3955000009,1.2571886803326774e-08
2021,HK2388011192,4.24710793753136e-08
2021,KYG5427W1309,2.886883335473646e-10
2021,JP3634200004,9.144796312959572e-09
2021,SG1M77906915,3.212632246676116e-08
2021,AU000000WOR2,7.195629533880688e-08
2021,JP3896800004,5.0779912714856315e-09
2021,JP3126400005,1.712992950130446e-08
2021,JP3188220002,8.76230818176104e-09
2021,HK0308001558,1.4093738212212208e-10
2021,NZAIRE0001S2,1.225540496820528e-09
2021,SG1P66918738,1.4671458804128816e-08
2021,JP3137200006,1.4853601680665736e-08
2021,AU000000MAH3,5.9003422932481245e-08
2021,SG1L01001701,5.731682028228293e-08
2021,HK0016000132,1.7276507554985455e-08
2021,JP3215800008,1.218118328490684e-09
2021,JP3475350009,5.8216649063579254e-08
2021,JP3526600006,8.138903575214746e-09
2021,JP3598600009,3.5068309303646246e-08
2021,AU000000BEN6,9.121055156721694e-08
2021,JP3670800006,8.862459330213703e-09
2021,JP3888400003,1.0206076516173082e-09
2021,JP3778630008,4.2960415447428034e-08
2021,JP3899600005,2.4813811962866674e-08
2021,JP3401400001,3.750212425524777e-10
2021,JP3156400008,2.7509358964037814e-08
2021,JP3209000003,3.206589831331221e-08
2021,JP3463000004,2.86073406980945e-08
2021,AU000000JBH7,6.854271094858692e-08
2021,SG9999000020,2.2333280768843937e-08
2021,JP3951600000,1.8602665674941538e-08
2021,JP3294460005,2.4059761738189894e-10
2021,JP3574200006,4.765228252184065e-09
2021,JP3164630000,0.0
2021,JP3256000005,4.497587665948131e-08
2021,JP3283650004,3.4085403067304215e-08
2021,JP3771800004,3.1086549144069456e-08
2021,JP3870400003,1.767216414756241e-08
2021,JP3635400009,8.544462819754893e-09
2021,JP3877600001,3.764271571666768e-09
2021,JP3919800007,4.211075652972533e-09
2021,JP3940400009,1.4236892061137575e-08
2021,JP3456000003,1.3804423973440306e-08
2021,JP3796150005,2.6733033336097015e-08
2021,JP3112000009,4.281047577711318e-10
2021,JP3116000005,9.379928447433533e-09
2021,AU000000ALL7,8.454890702527328e-08
2022,AU000000TAH8,3.1806533533510447e-08
2022,AU000000BHP4,6.652204140621046e-09
2022,JP3850200001,0.0
2022,SG1N31909426,0.0
2022,JP3320800000,2.0421434296799793e-08
2022,JP3305530002,2.2341718775296174e-08
2022,AU000000ANZ3,3.565872094379764e-07
2022,JP3419050004,0.005841032448373278
2022,JP3588600001,1.202115617796794e-07
2022,JP3753000003,0.0
2022,AU000000ANN9,2.167820196941233e-08
2022,HK2380027329,0.0
2022,HK0002007356,0.0696014842105968
2022,AU000000SGM7,6.1074669111650544e-09
2022,JP3305990008,0.017267381070484193
2022,JP3459600007,1.8377270533965976e-08
2022,US89677Q1076,3.9724698099944953e-07
2022,BMG5320C1082,3.565923706254852e-08
2022,JP3119600009,0.07199390173644034
2022,AU000000BPT9,2.9290161120460888e-08
2022,JP3528600004,5.035728444583168e-08
2022,JP3351100007,0.0
2022,JP3733000008,9.963362054539831e-08
2022,AU000000SXL4,1.4606018787044403e-07
2022,AU000000SWM4,7.410998760042388e-08
2022,JP3362700001,0.0
2022,JP3425000001,2.5123636142591025e-09
2022,SG0531000230,2.7638317396318468e-08
2022,JP3625000009,0.0
2022,JP3414750004,0.0
2022,MU0117U00026,0.022517115276694047
2022,JP3684400009,3.4248065907441033e-09
2022,HK0023000190,9.355141993282027e-08
2022,JP3027670003,0.0
2022,AU000000GWA4,0.0
2022,AU000000CQR9,8.635366037676197e-08
2022,KYG525621408,5.7950756424071645e-09
2022,JP3756100008,0.0
2022,JP3358000002,0.0
2022,JP3505000004,4.201848382447275e-09
2022,JP3481800005,0.0
2022,JP3197600004,1.4292302306162243e-07
2022,JP3352400000,6.165284158770024e-09
2022,JP3131400008,1.5142122587514275e-07
2022,AU000000BSL0,6.55412821657249e-10
2022,JP3982800009,0.0
2022,AU000000DOW2,4.1938248367400605e-09
2022,JP3783600004,5.9974139420849696e-09
2022,JP3242800005,3.422127926768224e-08
2022,JP3351600006,1.5170802043245873e-08
2022,JP3789000001,0.030522079399282736
2022,JP3826800009,0.0
2022,JP3544000007,0.0
2022,JP3791200003,1.779425696684552e-08
2022,JP3835620000,0.0250825834356925
2022,JP3198900007,0.0
2022,JP3613000003,0.0
2022,JP3634600005,0.0
2022,JP3359600008,0.0
2022,NZFBUE0001S0,0.0
2022,JP3811000003,5.6172899924626195e-08
2022,JP3280200001,1.0904942870634723e-09
2022,AU0000033359,0.0
2022,JP3573000001,0.12182236504333586
2022,JP3766550002,3.53792486058206e-08
2022,SG1S83002349,3.1669509961141854e-07
2022,JP3194000000,4.4394123273087005e-08
2022,JP3902900004,1.3755878493569846e-07
2022,HK0004000045,0.0
2022,JP3322930003,1.4066467434936732e-07
2022,JP3219000001,3.053752228749757e-08
2022,JP3347200002,4.507551533139196e-08
2022,JP3228600007,0.0
2022,SG1B51001017,7.003160808281698e-10
2022,JP3711600001,0.0
2022,BMG8403G1033,0.0
2022,JP3415400005,0.0
2022,JP3300200007,0.0
2022,JP3940000007,0.0
2022,JP3190000004,5.4646576167949815e-08
2022,JP3695200000,3.415373733143267e-08
2022,JP3787000003,1.8084719735231456e-08
2022,AU000000NAB4,3.271756610518051e-07
2022,SGXE34184239,1.575041876659613e-07
2022,JP3585800000,0.0
2022,JP3452000007,5.086490571441609e-08
2022,JP3134800006,0.0
2022,JP3224200000,0.0
2022,JP3405400007,4.2430496494585386e-08
2022,JP3942600002,1.8938553711106716e-08
2022,JP3802300008,6.622397618626616e-08
2022,JP3165700000,1.0110626515281671e-07
2022,JP3173400007,6.827713815886293e-08
2022,JP3397200001,0.0
2022,JP3667600005,8.369091161507386e-08
2022,JP3407400005,1.4303643865590078e-09
2022,JP3560800009,0.0
2022,JP3131430005,4.588825266862668e-09
2022,JP3992400006,2.480246951709384e-08
2022,JP3243600008,0.00985843983300408
2022,JP3522200009,0.0
2022,AU000000MND5,1.1013488004994105e-07
2022,JP3269600007,0.0
2022,KYG210961051,0.0
2022,AU000000PPT9,0.0
2022,AU000000STO6,1.4692638427393027e-08
2022,HK0083000502,0.0
2022,JP3263000006,2.4819200716852182e-08
2022,HK0000608585,0.0
2022,JP3566800003,0.0
2022,JP3158800007,2.2095359650039834e-10
2022,JP3688370000,0.0
2022,HK0440001847,0.0
2022,AU000000CGF5,1.440082635904347e-07
2022,HK0006000050,0.0
2022,JP3633400001,0.0
2022,HK0688002218,2.3550977885592567e-07
2022,AU000000WBC1,3.922201848760769e-07
2022,JP3429800000,0.0
2022,HK0363006039,5.514372681473028e-09
2022,HK0165000859,0.009926667513537173
2022,BMG2442N1048,0.0
2022,JP3200450009,8.358391138489043e-09
2022,HK0012000102,0.0
2022,JP3143600009,2.9731309710996414e-08
2022,AU000000COH5,0.0
2022,AU000000SGP0,0.0
2022,JP3300600008,6.825868059084691e-09
2022,JP3818000006,3.16392298080495e-08
2022,JP3870000001,1.3878069651832015e-07
2022,JP3271400008,2.198896635292278e-07
2022,JP3249600002,3.1222329630843764e-08
2022,JP3289800009,0.0
2022,JP3402600005,3.1939604886155332e-09
2022,AU000000FLT9,4.4770375300418605e-08
2022,JP3780100008,0.0
2022,HK0019000162,1.5378548572471942e-08
2022,KYG9431R1039,9.91404547358057e-08
2022,JP3665200006,0.0
2022,AU000000BWP3,9.763157621355518e-10
2022,JP3732200005,1.8803793260293306e-07
2022,AU000000QAN2,0.0
2022,JP3830000000,0.0
2022,AU000000CWY3,3.896435994216591e-09
2022,JP3485800001,0.0
2022,AU000000ILU1,0.0
2022,JP3388200002,0.0
2022,HK0008011667,0.01747413969792357
2022,JP3421800008,1.5549270574566667e-08
2022,JP3868400007,0.006749955922958972
2022,NZTELE0001S4,0.0
2022,JP3672400003,0.0
2022,JP3276400003,5.991336932995932e-08
2022,NZCENE0001S6,0.0
2022,JP3711200000,2.943191686102826e-09
2022,HK0200030994,6.321403900391014e-08
2022,JP3486800000,0.013974800767842278
2022,IE00BKVD2N49,0.0
2022,AU000000ORG5,1.0211550724017923e-09
2022,HK0000139300,0.0
2022,JP3548610009,0.0
2022,JP3305800009,0.0
2022,BMG524401079,8.409440040592862e-08
2022,JP3659000008,0.0
2022,JP3869010003,2.1883211315130607e-07
2022,JP3658850007,3.0969148186366713e-09
2022,KYG0535Q1331,2.8957806100706413e-07
2022,HK0003000038,0.0
2022,JP3491000000,0.0
2022,JP3792600003,0.0
2022,JP3368000000,0.0
2022,JP3039710003,0.0
2022,JP3229400001,0.0
2022,JP3126340003,0.0
2022,JP3495000006,0.0
2022,HK0291001490,2.4006368739929365e-08
2022,HK0392044647,1.5348499139667123e-08
2022,AU000000BLD2,0.0
2022,JP3735400008,0.05194837587329444
2022,JP3174410005,0.0
2022,JP3165600002,0.0
2022,AU000000ERA9,0.0
2022,BMG677491539,0.0
2022,AU000000BOQ8,2.3156967628034084e-07
2022,JP3629000005,8.423089176946444e-09
2022,SG1R50925390,0.0
2022,JP3409000001,8.46128880682467e-08
2022,JP3890310000,0.0
2022,JP3351500008,1.2097864803361605e-07
2022,HK0293001514,0.0
2022,AU0000088338,0.0
2022,JP3164800009,1.924187307002589e-08
2022,SG1T58930911,1.4172822214819076e-08
2022,JP3902000003,0.0
2022,HK0000049939,9.332959414629745e-09
2022,BMG2624N1535,0.01106227231921169
2022,AU000000ELD6,0.019395478783957875
2022,JP3389900006,2.3282974774094515e-07
2022,JP3499800005,1.0161361546678906e-07
2022,JP3774200004,1.5838886714197148e-08
2022,JP3371200001,0.0
2022,JP3494600004,0.0
2022,HK0066009694,0.0
2022,JP3027680002,0.0
2022,JP3973400009,0.0
2022,JP3143900003,0.18462418883833845
2022,JP3352000008,0.007976767111744769
2022,JP3102000001,0.0
2022,JP3443600006,4.722179153757793e-09
2022,JP3718800000,0.0
2022,JP3118000003,0.0
2022,SG1V61937297,0.0
2022,HK0242001243,0.0
2022,JP3769000005,0.0
2022,JP3400900001,0.0
2022,JP3942800008,2.440879906104039e-09
2022,AU000000ORI1,7.2517014083757225e-09
2022,JP3783420007,0.0
2022,JP3270000007,0.0
2022,BMG8063F1068,1.194177610312445e-08
2022,JP3742600004,0.0
2022,JP3743000006,0.0
2022,AU000000SHL7,1.4220681791983427e-08
2022,JP3944130008,0.0
2022,NZSKCE0001S2,7.636167218979783e-08
2022,JP3493400000,0.0
2022,NZAIAE0002S6,0.0
2022,AU000000IVC8,1.1762672768060442e-07
2022,JP3304200003,3.918319784898937e-08
2022,JP3902400005,8.556495114699676e-08
2022,BMG988031446,0.0
2022,BMG684371393,3.977243248458666e-10
2022,JP3942400007,0.0
2022,SG1S04926220,3.234338576265919e-07
2022,JP3535800001,0.0
2022,AU000000CPU5,2.5056020490987256e-07
2022,JP3967200001,0.0
2022,JP3180400008,0.0
2022,JP3596200000,1.9700592179006116e-10
2022,JP3830800003,1.4661338572299467e-09
2022,BMG668971101,0.0
2022,JP3385980002,4.2609449827834746e-09
2022,JP3407200009,1.6649551272577207e-08
2022,JP3196000008,0.0
2022,SG1R89002252,4.1940511469865854e-07
2022,HK0014000126,0.0
2022,JP3511800009,8.484783962206066e-08
2022,JP3939000000,0.0
2022,JP3579800008,0.0
2022,JP3893600001,1.6325609298041993e-09
2022,JP3502200003,2.2619510415088942e-08
2022,JP3903000002,0.0
2022,KYG2108Y1052,2.4633160439289814e-07
2022,AU000000WOW2,3.01095233359813e-08
2022,AU000000TCL6,8.511120255791095e-08
2022,JP3854600008,2.217726600532703e-08
2022,JP3933800009,0.0
2022,JP3404600003,5.961854378791334e-09
2022,JP3600200004,0.0
2022,AU0000224040,5.860744376343549e-09
2022,JP3143000002,0.0
2022,AU000000GPT8,0.0
2022,SG2B80958517,1.239081834514377e-07
2022,JP3762600009,5.682852095066682e-08
2022,AU000000CSL8,0.0
2022,JP3420600003,5.123711519612357e-08
2022,AU000000QBE9,3.433301710787859e-07
2022,JP3599000001,2.045008739347632e-09
2022,AU000000MTS0,1.983723965834075e-07
2022,JP3914400001,1.7459889711953582e-08
2022,JP3358200008,1.300668455286644e-07
2022,JP3571400005,0.0
2022,JP3788600009,4.456253220445698e-08
2022,JP3385820000,7.94150647917766e-09
2022,JP3595200001,0.0
2022,JP3613400005,0.03911825844536858
2022,JP3845400005,0.0
2022,JP3549600009,0.0
2022,JP3293200006,2.2404067526695818e-08
2022,JP3496400007,0.0026532295850962787
2022,AU000000CSR5,2.53802129057269e-08
2022,AU000000SBM8,0.0
2022,HK0144000764,3.4035175319120576e-08
2022,BMG2178K1009,0.0
2022,JP3419400001,1.1324220631054073e-08
2022,JP3551200003,0.0
2022,SGXE21576413,3.408254899296504e-07
2022,HK0823032773,0.0
2022,JP3274400005,2.341455926815643e-08
2022,SG1U68934629,2.245185576316821e-07
2022,JP3246400000,0.0
2022,JP3768600003,0.053807143810396266
2022,JP3657400002,0.0029910597803637063
2022,JP3675600005,0.0
2022,JP3814800003,0.018618103955708787
2022,AU000000TLS2,1.3586842875864527e-07
2022,AU000000CBA7,2.797590700474271e-07
2022,JP3223800008,0.0
2022,AU000000RHC8,2.0411214168893326e-08
2022,BMG507361001,0.0
2022,HK0836012952,0.0
2022,JP3358800005,2.0099311356860715e-08
2022,AU000000IGO4,8.588627040929977e-08
2022,JP3203500008,1.299261044866604e-07
2022,AU000000SIG5,3.0519341497004843e-07
2022,JP3201200007,0.00226299917661241
2022,BMG4600H1198,1.1287588764888603e-07
2022,JP3734800000,1.0596956605616604e-07
2022,AU000000AMP6,1.0788710999728584e-07
2022,HK0270001396,0.0
2022,JP3814000000,0.007815269146380607
2022,JP3837800006,0.0
2022,JP3888300005,0.0
2022,JP3160400002,0.0
2022,JP3519400000,0.0
2022,JP3551500006,4.415692694805477e-08
2022,JP3210200006,2.656537419444173e-08
2022,JP3172100004,4.4999789782817985e-08
2022,JP3720800006,2.4485876186438938e-08
2022,SG1M51904654,0.0
2022,JP3678000005,0.0
2022,JP3292200007,2.2108406321151644e-08
2022,JP3336000009,0.0
2022,JP3449020001,0.0
2022,AU000000ABC7,0.0
2022,JP3935600001,0.0
2022,SG1J26887955,0.0025131929204983356
2022,AU000000OZL8,5.817524951973819e-09
2022,JP3386030005,0.0
2022,JP3721400004,0.0
2022,JP3582600007,1.5023772446714622e-07
2022,JP3538800008,2.543433812834827e-08
2022,JP3436100006,3.164301154637589e-07
2022,JP3820000002,5.377554588341357e-08
2022,AU000000SUN6,1.6517191802822593e-07
2022,JP3122400009,3.577546577610855e-07
2022,JP3894900004,7.141636181339532e-08
2022,AU000000SEK6,1.2923162701714778e-07
2022,JP3733400000,1.6188654483258386e-09
2022,JP3381000003,0.0
2022,JP3493800001,0.0
2022,JP3862400003,0.0
2022,AU000000APA1,1.9779834034113376e-09
2022,JP3375800004,3.3525659379066423e-09
2022,JP3676800000,3.413947824007798e-08
2022,SG1F60858221,6.371743367374051e-08
2022,KYG217651051,0.0
2022,JP3539220008,1.6705751059345334e-07
2022,JP3726800000,0.0
2022,JP3910660004,5.17519154036597e-08
2022,AU000000CIM7,1.1740198841378309e-08
2022,HK0010000088,0.0
2022,JP3977400005,4.397396373223606e-08
2022,JP3148800000,3.786053001624594e-08
2022,JP3357200009,0.0
2022,SG9999003735,0.0
2022,AU000000MQG1,1.2253809611331817e-07
2022,JP3404200002,0.0
2022,JP3827200001,2.8562464580930146e-08
2022,JP3866800000,5.878779910135822e-08
2022,HK0011000095,0.05858059924432209
2022,JP3205800000,0.0
2022,JP3592200004,4.9038596934568925e-09
2022,JP3277800003,0.0
2022,AU000000WES1,0.0
2022,JP3765400001,0.0
2022,JP3982100004,0.012133471614413482
2022,JP3411000007,3.331014530332766e-07
2022,JP3898400001,0.0
2022,JP3122800000,0.0
2022,BMG2108M2182,0.0
2022,JP3906000009,0.0
2022,JP3684000007,0.0
2022,AU000000IAG3,4.384493968800511e-07
2022,AU000000GMG2,0.0
2022,AU000000LLC3,0.0
2022,JP3635000007,1.5101318629219146e-08
2022,JP3162600005,8.97376793854053e-08
2022,JP3638600001,1.0223016048468877e-09
2022,AU000000IRE2,0.0
2022,JP3260800002,0.019399456214837307
2022,JP3799000009,8.624663337724388e-08
2022,JP3258000003,0.0
2022,HK0388045442,4.183976490759645e-08
2022,AU000000MGR9,0.0
2022,JP3350800003,0.0
2022,JP3885400006,0.0
2022,JP3890350006,1.1831295396719085e-07
2022,HK0000745908,2.2616941701437973e-07
2022,JP3756600007,2.3711395407851827e-08
2022,AU000000NCM7,0.0
2022,SG1T75931496,1.509579153917319e-07
2022,JP3435000009,0.0
2022,JP3738600000,3.6575188898790745e-08
2022,JP3040890000,0.0
2022,JP3266400005,0.0
2022,JP3546800008,0.0
2022,JP3605400005,0.0
2022,JP3166000004,3.795355199461664e-08
2022,JP3893200000,6.207365107899075e-08
2022,JP3900000005,4.385490774991894e-08
2022,JP3421100003,3.6996729573310933e-09
2022,JP3663900003,3.020031919199484e-09
2022,JP3551520004,0.0
2022,JP3619800000,0.0
2022,JP3621000003,0.0
2022,JP3326410002,0.0824495310630352
2022,AU000000ASX7,0.0
2022,JP3197800000,2.1047983618404915e-07
2022,JP3762800005,0.0
2022,JP3111200006,0.0
2022,JP3268950007,0.0
2022,HK0101000591,4.2891893514004216e-08
2022,JP3398000004,4.5248808915041456e-08
2022,HK0000055878,0.0
2022,JP3626800001,2.015279021339333e-08
2022,JP3834800009,1.896002023382987e-07
2022,AU000000DXS1,0.0
2022,JP3802400006,3.5408828607535805e-08
2022,AU000000IFL2,1.922169612881192e-08
2022,JP3841800000,0.0
2022,JP3108600002,0.0
2022,JP3240400006,0.0
2022,JP3955000009,1.3635363367711554e-07
2022,HK2388011192,3.195166667386589e-08
2022,KYG5427W1309,0.0
2022,JP3634200004,0.0
2022,SG1M77906915,3.729093033940171e-08
2022,AU000000WOR2,4.186318587850618e-08
2022,JP3896800004,3.0753662278481966e-09
2022,JP3126400005,0.0
2022,JP3188220002,0.0
2022,HK0308001558,0.0
2022,NZAIRE0001S2,0.0
2022,JP3137200006,0.0
2022,AU000000MAH3,1.6451347864337957e-08
2022,JP3726200003,4.99656721119757e-10
2022,SG1L01001701,4.422100336363451e-07
2022,HK0016000132,0.0
2022,JP3215800008,2.4512205271665915e-09
2022,JP3475350009,2.699149174301256e-07
2022,JP3526600006,0.0
2022,JP3598600009,0.0
2022,AU000000BEN6,1.5289912571812653e-07
2022,JP3670800006,7.273539591226124e-10
2022,JP3888400003,1.8098205844259417e-09
2022,JP3778630008,0.0
2022,JP3899600005,5.985694141961769e-08
2022,SG1M31001969,3.6489543973779615e-07
2022,JP3401400001,7.315817475727761e-11
2022,JP3156400008,0.0
2022,JP3209000003,7.234215538807081e-08
2022,JP3463000004,0.0
2022,AU000000JBH7,0.0
2022,SG9999000020,1.4930833129422666e-09
2022,JP3951600000,0.0
2022,JP3294460005,5.073684720053022e-09
2022,JP3574200006,0.0
2022,JP3164630000,0.0
2022,JP3256000005,2.4819398708664126e-07
2022,JP3283650004,1.3743792910252325e-07
2022,JP3771800004,0.0
2022,JP3870400003,3.488328994403105e-08
2022,JP3635400009,0.0
2022,JP3877600001,7.050817015766349e-09
2022,JP3919800007,8.382693212478219e-08
2022,JP3940400009,0.0
2022,JP3456000003,4.1331003988744205e-08
2022,JP3796150005,9.614272500454078e-09
2022,JP3112000009,0.0
2022,JP3116000005,0.0
2022,AU000000ALL7,0.0
2023,AU000000TAH8,0.0
2023,AU000000BHP4,0.0
2023,JP3850200001,1.0453888382633612e-17
2023,SG1N31909426,1.2000313137115264e-18
2023,JP3320800000,0.0
2023,JP3305530002,0.0
2023,AU000000ANZ3,0.0
2023,JP3419050004,0.0
2023,JP3588600001,1.273348545786217e-16
2023,JP3753000003,1.4362356409690095e-17
2023,AU000000ANN9,0.0
2023,HK2380027329,1.4645046100384002e-17
2023,HK0002007356,0.010654731442845653
2023,AU000000SGM7,0.0
2023,JP3305990008,0.0
2023,JP3459600007,0.0
2023,US89677Q1076,0.0
2023,BMG5320C1082,0.0
2023,JP3119600009,0.05385974939228541
2023,AU000000BPT9,0.0
2023,JP3528600004,0.0
2023,JP3351100007,9.19087503053306e-15
2023,JP3733000008,0.0
2023,AU000000SXL4,0.0
2023,AU000000SWM4,0.0
2023,JP3362700001,2.5791305447365837e-17
2023,JP3425000001,0.0
2023,SG0531000230,0.0
2023,JP3625000009,2.724213485122036e-17
2023,JP3414750004,0.0
2023,MU0117U00026,0.04572746586295078
2023,JP3684400009,2.9411620204771693e-16
2023,HK0023000190,0.0
2023,JP3027670003,0.0
2023,AU000000GWA4,0.0
2023,AU000000CQR9,0.0
2023,KYG525621408,0.0
2023,JP3756100008,3.6164256366235605e-16
2023,JP3358000002,0.0
2023,JP3505000004,1.7545347857803032e-15
2023,JP3481800005,0.0
2023,JP3197600004,1.353953366534288e-15
2023,JP3352400000,0.0
2023,JP3131400008,0.0
2023,AU000000BSL0,0.0
2023,JP3982800009,0.0
2023,AU000000DOW2,0.0
2023,JP3783600004,2.937919385746215e-16
2023,JP3242800005,4.529650759770318e-16
2023,JP3351600006,0.0
2023,JP3789000001,0.031003093621483548
2023,JP3826800009,0.0
2023,JP3544000007,6.229444589393695e-17
2023,JP3835620000,0.0
2023,JP3198900007,1.6910223314743294e-15
2023,JP3613000003,0.09054685915109859
2023,JP3634600005,0.0
2023,JP3359600008,0.0
2023,NZFBUE0001S0,0.0
2023,JP3811000003,0.0
2023,JP3280200001,8.671091900833533e-16
2023,AU0000033359,0.0
2023,JP3573000001,0.10012180864652227
2023,JP3766550002,0.0
2023,SG1S83002349,0.0
2023,JP3194000000,0.0
2023,JP3902900004,0.0
2023,HK0004000045,0.0
2023,JP3322930003,0.0
2023,JP3219000001,0.0
2023,JP3347200002,0.0
2023,JP3228600007,6.94426519203214e-17
2023,SG1B51001017,0.0
2023,JP3711600001,5.724512092556377e-16
2023,BMG8403G1033,4.8197787630791896e-17
2023,JP3415400005,1.8950874825263607e-16
2023,JP3300200007,9.346882302505216e-16
2023,JP3940000007,8.057598121936017e-16
2023,JP3190000004,0.0
2023,JP3695200000,0.0
2023,JP3787000003,0.0
2023,AU000000NAB4,0.0
2023,SGXE34184239,0.0
2023,JP3585800000,1.1630847568202653e-15
2023,JP3452000007,0.0
2023,JP3134800006,2.322486722112613e-15
2023,JP3224200000,0.0
2023,JP3405400007,0.0
2023,JP3942600002,0.0
2023,JP3802300008,0.0
2023,JP3165700000,0.0
2023,JP3173400007,0.0
2023,JP3397200001,1.3735202425752799e-15
2023,JP3667600005,0.0
2023,JP3407400005,1.0993148508206491e-16
2023,JP3560800009,5.322690910476996e-17
2023,JP3131430005,1.0727211488812238e-16
2023,JP3992400006,2.8673524787324576e-16
2023,JP3243600008,0.0
2023,JP3522200009,1.6603667364871458e-17
2023,AU000000MND5,0.0
2023,JP3269600007,7.7132672485563e-17
2023,KYG210961051,0.0
2023,AU000000PPT9,0.0
2023,AU000000STO6,0.0
2023,HK0083000502,0.0
2023,JP3263000006,2.1450391128718606e-16
2023,HK0000608585,5.797875947114073e-15
2023,JP3566800003,2.143880625886793e-15
2023,JP3158800007,2.906773253494393e-17
2023,JP3688370000,0.0
2023,HK0440001847,0.0
2023,AU000000CGF5,0.0
2023,HK0006000050,7.786724080476755e-17
2023,JP3633400001,0.0
2023,HK0688002218,0.0
2023,AU000000WBC1,0.0
2023,JP3429800000,1.0605079791721819e-16
2023,HK0363006039,0.0
2023,HK0165000859,0.0
2023,BMG2442N1048,0.0
2023,JP3200450009,0.0
2023,HK0012000102,5.297928319487325e-16
2023,JP3143600009,0.0
2023,JP3436120004,1.5115982102207232e-15
2023,AU000000COH5,1.6276645663661514e-15
2023,AU000000SGP0,0.0
2023,JP3300600008,3.4687931938434055e-17
2023,JP3818000006,0.0
2023,JP3870000001,0.0
2023,JP3271400008,0.0
2023,JP3249600002,3.0265015687836633e-16
2023,JP3289800009,1.6687324242120316e-17
2023,JP3402600005,0.0
2023,AU000000FLT9,0.0
2023,JP3780100008,1.6536263085220804e-15
2023,HK0019000162,8.148393007649083e-16
2023,KYG9431R1039,0.0
2023,JP3665200006,1.500519191253385e-15
2023,AU000000BWP3,0.0
2023,JP3732200005,0.0
2023,AU000000QAN2,4.91915248063904e-17
2023,JP3830000000,0.0
2023,AU000000CWY3,0.0
2023,JP3485800001,7.115443082709597e-17
2023,AU000000ILU1,0.0
2023,JP3388200002,3.3087917645050244e-15
2023,HK0008011667,0.05465057231059697
2023,JP3421800008,0.008221940074652708
2023,JP3868400007,0.007059747612917123
2023,NZTELE0001S4,0.0
2023,JP3672400003,0.0
2023,JP3276400003,0.0
2023,NZCENE0001S6,0.0
2023,JP3711200000,2.784032152731578e-15
2023,HK0200030994,0.0
2023,JP3486800000,0.00430525727958393
2023,IE00BKVD2N49,1.9499004648287287e-15
2023,AU000000ORG5,0.0
2023,HK0000139300,2.7953308693091624e-15
2023,JP3548610009,8.597901580039442e-15
2023,JP3305800009,0.0
2023,BMG524401079,0.0
2023,JP3659000008,2.0103897766247888e-15
2023,JP3869010003,1.653080236028364e-16
2023,JP3658850007,2.274210333359719e-15
2023,KYG0535Q1331,0.0
2023,HK0003000038,7.632751410716302e-16
2023,JP3491000000,8.026893925937613e-17
2023,JP3792600003,3.157240087132687e-16
2023,JP3368000000,5.118160918695769e-17
2023,JP3039710003,3.6579312098080225e-15
2023,JP3229400001,2.093035425058141e-15
2023,JP3126340003,7.585160071925716e-16
2023,JP3495000006,1.792291995590433e-15
2023,HK0291001490,0.0
2023,HK0392044647,0.0
2023,AU000000BLD2,1.255976634198444e-16
2023,JP3735400008,0.0
2023,JP3174410005,2.572328678267575e-17
2023,JP3165600002,2.905387869075908e-17
2023,AU000000ERA9,0.0
2023,BMG677491539,0.0
2023,AU000000BOQ8,0.0
2023,JP3629000005,5.025300748683631e-16
2023,SG1R50925390,0.0
2023,JP3409000001,0.0
2023,JP3890310000,2.446487875170182e-15
2023,JP3351500008,0.0
2023,HK0293001514,3.6191664994421267e-17
2023,AU0000088338,0.0
2023,JP3164800009,0.0
2023,SG1T58930911,0.0
2023,JP3902000003,0.0
2023,HK0000049939,0.0
2023,BMG2624N1535,0.0
2023,AU000000ELD6,0.003574698841883448
2023,JP3389900006,0.0
2023,JP3499800005,0.0
2023,JP3774200004,6.02788498818008e-16
2023,JP3371200001,0.0
2023,JP3494600004,0.0
2023,HK0066009694,3.1889691471539973e-15
2023,JP3027680002,0.10875833185459573
2023,JP3973400009,0.0
2023,SG1S76928401,0.0
2023,JP3352000008,0.08087104500074903
2023,JP3102000001,3.845222367468392e-16
2023,JP3443600006,1.803330321917642e-16
2023,JP3718800000,5.114666704361676e-16
2023,JP3118000003,3.840860372300352e-15
2023,SG1V61937297,6.034183484613109e-17
2023,HK0242001243,1.9939799429991373e-17
2023,JP3769000005,6.552722420940138e-15
2023,JP3400900001,1.657515044050393e-17
2023,JP3942800008,0.0
2023,AU000000ORI1,0.0
2023,JP3783420007,2.5723965795069923e-15
2023,JP3270000007,0.0
2023,BMG8063F1068,0.0
2023,JP3742600004,1.156535757635325e-15
2023,JP3743000006,1.0452477805008627e-16
2023,AU000000SHL7,0.0
2023,JP3944130008,0.0
2023,NZSKCE0001S2,0.0
2023,JP3493400000,3.4912603049686773e-16
2023,NZAIAE0002S6,0.0
2023,JP3304200003,0.0
2023,JP3902400005,0.0
2023,BMG988031446,7.494554620286517e-16
2023,BMG684371393,1.870106115642678e-18
2023,JP3942400007,3.108798373949433e-15
2023,SG1S04926220,0.0
2023,JP3535800001,0.0
2023,AU000000CPU5,0.0
2023,JP3967200001,5.915184989519e-16
2023,JP3180400008,0.008723400082178236
2023,JP3596200000,0.0
2023,JP3830800003,0.0
2023,BMG668971101,6.358513619127918e-16
2023,JP3385980002,1.267133457115978e-16
2023,JP3407200009,0.0
2023,JP3196000008,1.8219608037073307e-15
2023,JP3597800006,8.007463071531427e-16
2023,SG1R89002252,0.0
2023,HK0014000126,3.5253161512563156e-15
2023,JP3511800009,0.0
2023,JP3939000000,6.284099862853935e-16
2023,JP3579800008,0.0
2023,JP3893600001,0.0
2023,JP3502200003,0.0
2023,JP3819400007,0.1794147026211647
2023,JP3903000002,0.0
2023,KYG2108Y1052,0.0
2023,AU000000WOW2,0.0
2023,AU000000TCL6,0.0
2023,JP3854600008,0.0
2023,JP3933800009,8.307668530739292e-15
2023,JP3404600003,0.0
2023,JP3600200004,1.834166254321018e-15
2023,AU0000224040,0.0
2023,JP3143000002,1.4801911531412758e-15
2023,AU000000GPT8,0.0
2023,SG2B80958517,0.0
2023,JP3762600009,0.0
2023,AU000000CSL8,4.747669750311654e-15
2023,JP3420600003,4.610015214105481e-16
2023,AU000000QBE9,0.0
2023,JP3599000001,0.0
2023,AU000000MTS0,0.0
2023,JP3914400001,0.0
2023,JP3358200008,1.0333261123963079e-15
2023,JP3571400005,0.0
2023,JP3788600009,0.0
2023,JP3385820000,0.0
2023,JP3595200001,2.9902550466770926e-17
2023,JP3613400005,0.01957701878100607
2023,JP3845400005,7.612746909257901e-18
2023,JP3549600009,3.644020813624105e-17
2023,JP3293200006,1.646624125332101e-17
2023,JP3496400007,0.011112688750658545
2023,AU000000CSR5,0.0
2023,AU000000SBM8,6.853462249518584e-16
2023,HK0144000764,0.0
2023,BMG2178K1009,1.886848079692118e-16
2023,JP3419400001,1.426043643705902e-16
2023,JP3551200003,9.12222184078608e-18
2023,SGXE21576413,0.0
2023,HK0823032773,8.279988296234318e-15
2023,JP3274400005,0.021268564840182903
2023,SG1U68934629,0.0
2023,JP3246400000,1.6899862282763898e-17
2023,JP3768600003,0.01669639341630369
2023,JP3657400002,0.0
2023,JP3675600005,4.579132120822058e-16
2023,JP3814800003,0.009427364200409799
2023,AU000000TLS2,0.0
2023,AU000000CBA7,0.0
2023,JP3223800008,1.0338914322724305e-16
2023,AU000000RHC8,0.0
2023,BMG507361001,0.0
2023,HK0836012952,1.0793594422354085e-17
2023,JP3358800005,0.0
2023,AU000000IGO4,0.0
2023,JP3203500008,0.0
2023,AU000000SIG5,1.2683219443165507e-15
2023,JP3201200007,0.005400445598036309
2023,BMG4600H1198,0.0
2023,JP3734800000,0.0
2023,AU000000AMP6,0.0
2023,HK0270001396,4.4222250789111966e-16
2023,JP3814000000,0.011250432048655326
2023,JP3837800006,0.0
2023,JP3888300005,1.0276486060636734e-16
2023,JP3160400002,0.00532366773524292
2023,JP3519400000,4.929584071190729e-15
2023,JP3551500006,0.0
2023,JP3210200006,0.0
2023,JP3172100004,0.0
2023,JP3720800006,0.0
2023,SG1M51904654,0.0
2023,JP3678000005,0.0
2023,JP3292200007,0.0
2023,JP3336000009,2.9184806438501945e-15
2023,JP3449020001,1.3589229332777377e-17
2023,AU000000ABC7,1.107810548647807e-16
2023,JP3935600001,4.23621250841601e-16
2023,SG1J26887955,7.55781421348833e-16
2023,JP3386030005,1.8624443845152534e-17
2023,JP3721400004,0.0
2023,JP3582600007,0.0
2023,JP3538800008,0.0
2023,JP3436100006,0.0
2023,JP3820000002,0.0
2023,AU000000SUN6,0.0
2023,JP3122400009,0.0
2023,JP3894900004,0.0
2023,AU000000SEK6,0.0
2023,JP3733400000,0.0
2023,JP3381000003,2.8582166132881216e-17
2023,JP3493800001,1.4215081593194862e-15
2023,JP3862400003,3.7342197847753184e-15
2023,AU000000APA1,0.0
2023,JP3375800004,0.0
2023,JP3676800000,0.0
2023,JP3931600005,2.5249581475253194e-16
2023,SG1F60858221,0.0
2023,KYG217651051,9.812855910597816e-17
2023,JP3539220008,0.0
2023,JP3726800000,8.000750944639152e-16
2023,JP3910660004,0.0
2023,AU000000CIM7,0.0
2023,HK0010000088,0.0
2023,JP3977400005,0.0
2023,JP3148800000,0.0
2023,JP3357200009,5.6629193334293545e-15
2023,SG9999003735,8.523378011297423e-15
2023,AU000000MQG1,0.0
2023,JP3404200002,3.2363037483859065e-16
2023,JP3827200001,0.0
2023,JP3866800000,0.0
2023,HK0011000095,0.06687064912521729
2023,JP3205800000,1.423650356850755e-15
2023,JP3277800003,1.4784017161440311e-15
2023,AU000000WES1,0.0
2023,JP3765400001,4.1439190727162247e-16
2023,JP3982100004,4.796252450039897e-15
2023,JP3411000007,0.0
2023,JP3898400001,1.3074809150471695e-16
2023,JP3122800000,0.0
2023,BMG2108M2182,0.0
2023,JP3906000009,0.0
2023,JP3684000007,0.0
2023,AU000000IAG3,0.0
2023,AU000000GMG2,0.0
2023,AU000000LLC3,2.5012681654240357e-15
2023,JP3635000007,0.0
2023,JP3162600005,0.0
2023,JP3638600001,0.0
2023,AU000000IRE2,0.0
2023,JP3260800002,1.3271328331683395e-15
2023,JP3799000009,0.0
2023,JP3258000003,5.656745264214886e-16
2023,HK0388045442,0.0
2023,AU000000MGR9,0.0
2023,JP3350800003,2.3419028483404983e-17
2023,JP3885400006,1.049277435411136e-15
2023,JP3890350006,0.0
2023,HK0000745908,0.0
2023,JP3756600007,2.544473966855839e-15
2023,SG1T75931496,0.0
2023,JP3435000009,3.335021028473709e-15
2023,JP3738600000,0.0
2023,JP3040890000,0.008436743043947783
2023,JP3266400005,1.3776429844394448e-15
2023,JP3546800008,9.494686695148664e-16
2023,JP3605400005,1.3837006756122205e-17
2023,JP3166000004,0.0
2023,JP3893200000,0.0
2023,JP3900000005,0.0
2023,JP3421100003,0.0
2023,JP3663900003,9.671182780148902e-17
2023,JP3551520004,1.1266949735772902e-15
2023,JP3619800000,6.963389339793648e-17
2023,JP3621000003,3.0046454184250847e-16
2023,JP3326410002,4.478230042645484e-15
2023,AU000000ASX7,0.0
2023,JP3197800000,0.0
2023,JP3762800005,2.7340022352849798e-15
2023,JP3111200006,2.589798223677754e-16
2023,JP3268950007,1.5542716821895331e-15
2023,HK0101000591,0.0
2023,JP3398000004,5.635638650404491e-16
2023,HK0000055878,0.0
2023,JP3626800001,0.0
2023,JP3834800009,0.0
2023,AU000000DXS1,0.0
2023,JP3802400006,0.0
2023,AU000000IFL2,0.0
2023,JP3841800000,0.0
2023,JP3108600002,2.9958417779590865e-15
2023,JP3240400006,5.901053109832741e-16
2023,JP3955000009,0.0
2023,HK2388011192,0.0
2023,KYG5427W1309,3.5007796953943274e-17
2023,JP3634200004,4.6321712311764636e-17
2023,SG1M77906915,0.0
2023,AU000000WOR2,0.0
2023,JP3896800004,0.0
2023,JP3126400005,0.0
2023,JP3188220002,1.5932197699638112e-16
2023,HK0308001558,6.162467550325705e-16
2023,NZAIRE0001S2,6.543109197472696e-18
2023,JP3137200006,0.0
2023,AU000000MAH3,0.0
2023,JP3726200003,0.0
2023,SG1L01001701,0.0
2023,HK0016000132,0.0
2023,JP3215800008,0.0
2023,JP3475350009,0.0
2023,JP3526600006,1.6601516315819697e-15
2023,JP3598600009,2.971624710006207e-15
2023,AU000000BEN6,0.0
2023,JP3670800006,0.0
2023,JP3888400003,0.0
2023,JP3778630008,0.03714262866458715
2023,JP3899600005,0.0
2023,SG1M31001969,0.0
2023,JP3401400001,2.49633473463225e-17
2023,JP3156400008,0.0
2023,JP3209000003,0.0
2023,JP3463000004,1.2649264068243756e-15
2023,AU000000JBH7,0.0
2023,SG9999000020,0.0
2023,JP3951600000,6.575408816233797e-15
2023,JP3294460005,0.0
2023,JP3574200006,1.2111729430685226e-15
2023,JP3164630000,1.59729042343281e-14
2023,JP3256000005,0.0
2023,JP3283650004,0.0
2023,JP3771800004,1.4863873282236738e-16
2023,JP3870400003,2.4046819550359783e-15
2023,JP3635400009,0.0
2023,JP3877600001,0.0
2023,JP3919800007,0.0
2023,JP3940400009,0.0
2023,JP3456000003,1.4025434092426203e-15
2023,JP3796150005,2.959386271696212e-15
2023,JP3112000009,2.4582827641498726e-18
2023,JP3116000005,9.540305025861173e-16
2023,AU000000ALL7,0.0
2024,AU000000TAH8,0.0
2024,AU000000BHP4,5.82769623652729e-17
2024,JP3850200001,0.0
2024,SG1N31909426,1.0008722747853173e-17
2024,JP3320800000,0.0
2024,JP3305530002,0.0
2024,AU000000ANZ3,0.0
2024,JP3419050004,2.493303918115536e-16
2024,JP3588600001,0.0
2024,JP3753000003,8.365167055851414e-18
2024,AU000000ANN9,0.0
2024,HK2380027329,0.0
2024,HK0002007356,0.0
2024,AU000000SGM7,0.0
2024,JP3305990008,0.0
2024,JP3459600007,6.911253353093167e-18
2024,US89677Q1076,0.0
2024,BMG5320C1082,7.368349154850581e-17
2024,JP3119600009,0.03041359168860815
2024,AU000000BPT9,2.0873746789425337e-17
2024,JP3528600004,2.4330406503742953e-17
2024,JP3351100007,4.3700225415683114e-16
2024,JP3733000008,0.0
2024,AU000000SXL4,0.0
2024,AU000000SWM4,3.3877303173102606e-17
2024,JP3362700001,3.439349327502837e-18
2024,JP3425000001,5.404640697917564e-19
2024,SG0531000230,0.0
2024,JP3625000009,0.0
2024,JP3414750004,0.0
2024,MU0117U00026,0.04654799505300425
2024,JP3684400009,9.010149068440309e-18
2024,HK0023000190,0.0
2024,JP3027670003,0.0028873281512904283
2024,AU000000GWA4,0.0
2024,AU000000CQR9,0.0
2024,KYG525621408,1.0449311571902938e-17
2024,JP3756100008,6.450652718007018e-17
2024,JP3358000002,5.409235034268872e-16
2024,JP3505000004,0.0
2024,JP3481800005,0.0
2024,JP3197600004,0.0
2024,JP3352400000,8.63289154244208e-17
2024,JP3131400008,3.3514892878695126e-16
2024,AU000000BSL0,0.0
2024,JP3982800009,0.0
2024,AU000000DOW2,0.0
2024,JP3783600004,1.7695107906837025e-17
2024,JP3242800005,0.0
2024,JP3351600006,1.7525687358022716e-16
2024,JP3789000001,0.041385289505003156
2024,JP3826800009,8.412924190215927e-17
2024,JP3544000007,1.3915994614314696e-17
2024,JP3198900007,0.0
2024,JP3613000003,0.03470458477256519
2024,JP3634600005,0.0
2024,JP3359600008,9.259240689990353e-17
2024,NZFBUE0001S0,0.0
2024,JP3811000003,2.359087308530988e-16
2024,JP3280200001,1.458772066564205e-17
2024,AU0000033359,0.0
2024,JP3573000001,0.09457359783311277
2024,JP3766550002,0.0
2024,SG1S83002349,9.424622230500537e-17
2024,JP3194000000,0.0
2024,JP3902900004,8.56561556242732e-17
2024,HK0004000045,8.95649054095069e-17
2024,JP3322930003,6.250880605084386e-17
2024,JP3219000001,0.0
2024,JP3347200002,2.0297106841466524e-16
2024,JP3228600007,0.0
2024,SG1B51001017,0.0
2024,JP3711600001,1.9336798113815555e-17
2024,BMG8403G1033,0.0
2024,JP3415400005,0.0
2024,JP3300200007,0.0
2024,JP3940000007,1.8965730088280392e-18
2024,JP3190000004,0.0
2024,JP3695200000,2.6803547753392443e-18
2024,JP3787000003,0.0
2024,AU000000NAB4,0.0
2024,SGXE34184239,0.0
2024,JP3585800000,9.727338520421967e-17
2024,JP3452000007,5.588414804172943e-17
2024,JP3134800006,1.3363420805108121e-16
2024,JP3224200000,2.217170189011024e-16
2024,JP3405400007,5.958164835865678e-17
2024,JP3942600002,6.04219802492086e-17
2024,JP3802300008,0.0
2024,JP3165700000,0.0
2024,JP3173400007,0.0
2024,JP3397200001,0.0
2024,JP3667600005,4.3350664981711094e-17
2024,JP3407400005,5.090099095337511e-17
2024,JP3560800009,0.0
2024,JP3131430005,0.0
2024,JP3992400006,1.468681367247512e-16
2024,JP3243600008,0.0
2024,JP3522200009,0.0
2024,AU000000MND5,0.0
2024,JP3269600007,3.975586403129758e-18
2024,KYG210961051,3.742252266169407e-18
2024,AU000000PPT9,0.0
2024,AU000000STO6,0.0
2024,HK0083000502,2.5379054714578556e-16
2024,JP3263000006,1.2173652105636326e-16
2024,HK0000608585,2.5459784067913886e-16
2024,JP3566800003,1.7846386586342233e-16
2024,JP3158800007,0.0
2024,JP3688370000,2.82425384501087e-17
2024,HK0440001847,6.981270909929966e-16
2024,AU000000CGF5,0.0
2024,HK0006000050,0.0
2024,JP3633400001,7.799156608486139e-17
2024,HK0688002218,7.055470205496885e-17
2024,AU000000WBC1,0.0
2024,JP3429800000,0.0
2024,HK0363006039,4.0507178461155366e-18
2024,HK0165000859,7.823787769166225e-16
2024,BMG2442N1048,8.426981821922875e-17
2024,JP3200450009,0.0
2024,HK0012000102,2.736466702606708e-16
2024,JP3143600009,3.410897482262363e-17
2024,JP3436120004,0.0
2024,AU000000COH5,3.332084693232375e-17
2024,AU000000SGP0,0.0
2024,JP3300600008,0.0
2024,JP3818000006,0.0
2024,JP3870000001,1.3393661520226633e-16
2024,JP3271400008,5.147532732955512e-16
2024,JP3249600002,5.2424012304203585e-17
2024,JP3289800009,0.0
2024,JP3402600005,2.0955058141914147e-17
2024,AU000000FLT9,0.0
2024,JP3780100008,2.5513561244714333e-17
2024,HK0019000162,0.0
2024,KYG9431R1039,6.18076018612971e-17
2024,JP3665200006,1.8814168010572298e-17
2024,AU000000BWP3,0.0
2024,JP3732200005,1.660751961270974e-16
2024,AU000000QAN2,0.0
2024,JP3830000000,3.905194216125395e-17
2024,AU000000CWY3,0.0
2024,JP3485800001,0.0
2024,AU000000ILU1,1.2066406681584359e-17
2024,JP3388200002,1.3062127718456771e-16
2024,HK0008011667,0.071326556497868
2024,JP3421800008,0.0
2024,JP3868400007,1.8503840545352406e-16
2024,NZTELE0001S4,0.0
2024,JP3672400003,1.1381810644587142e-16
2024,JP3276400003,2.218890374858841e-16
2024,NZCENE0001S6,0.0
2024,JP3711200000,1.9258433803216505e-16
2024,HK0200030994,9.517962208714234e-17
2024,JP3486800000,0.0
2024,IE00BKVD2N49,0.0
2024,AU000000ORG5,0.0
2024,HK0000139300,8.933808412449937e-16
2024,JP3548610009,0.0
2024,JP3305800009,1.7778348667140367e-16
2024,BMG524401079,4.1216947375144297e-16
2024,JP3659000008,8.95473755032067e-17
2024,JP3869010003,0.0
2024,JP3658850007,2.6940529420555074e-16
2024,KYG0535Q1331,2.7826719538566546e-16
2024,HK0003000038,0.0
2024,JP3491000000,3.583954509547117e-17
2024,JP3792600003,0.0
2024,JP3368000000,0.0
2024,JP3039710003,3.5750392923248397e-16
2024,JP3229400001,0.0
2024,JP3126340003,1.0371847883771737e-16
2024,JP3495000006,7.450650928679368e-17
2024,HK0291001490,1.9453687810125035e-16
2024,HK0392044647,0.0
2024,JP3735400008,0.003845952168313966
2024,JP3174410005,1.9834502623663163e-18
2024,JP3165600002,1.1893723136034943e-16
2024,AU000000ERA9,2.0393055373419913e-16
2024,BMG677491539,2.1823848571608523e-18
2024,AU000000BOQ8,0.0
2024,JP3629000005,1.5064805410425692e-16
2024,SG1R50925390,0.0
2024,JP3409000001,0.0
2024,JP3890310000,1.671219857069094e-16
2024,JP3351500008,1.9759531079411864e-16
2024,HK0293001514,0.0
2024,AU0000088338,0.0
2024,JP3164800009,0.0
2024,SG1T58930911,0.0
2024,JP3902000003,1.3972081724972733e-16
2024,HK0000049939,2.5302220054281106e-17
2024,BMG2624N1535,0.0006154022656834812
2024,AU000000ELD6,0.0051398838157555625
2024,JP3389900006,0.0
2024,JP3499800005,3.1611990235601466e-16
2024,JP3774200004,4.96193848206009e-18
2024,JP3371200001,0.0
2024,JP3494600004,1.6807326581762326e-16
2024,HK0066009694,1.130116602990876e-16
2024,JP3027680002,0.08663576817027015
2024,JP3973400009,0.0
2024,SG1S76928401,0.0
2024,JP3352000008,0.0668631629506208
2024,JP3102000001,1.0403329601512962e-16
2024,JP3443600006,0.0
2024,JP3718800000,0.0
2024,JP3118000003,6.298033437916781e-16
2024,SG1V61937297,0.0
2024,HK0242001243,5.995529510188942e-18
2024,JP3769000005,3.0931619924121255e-16
2024,JP3400900001,0.0
2024,JP3942800008,5.585652257874946e-17
2024,AU000000ORI1,0.0
2024,JP3783420007,2.3062281232314944e-16
2024,JP3270000007,1.2718323806744043e-16
2024,BMG8063F1068,4.744917683567724e-17
2024,JP3742600004,1.7304056454164232e-16
2024,JP3743000006,0.0
2024,AU000000SHL7,0.0
2024,JP3944130008,5.4622797264924204e-17
2024,NZSKCE0001S2,0.0
2024,JP3336600006,6.879553667202797e-17
2024,JP3493400000,2.47889529664082e-17
2024,JP3152740001,2.4847780186558667e-16
2024,NZAIAE0002S6,0.0
2024,JP3304200003,3.977280805732797e-17
2024,JP3902400005,0.0
2024,BMG988031446,3.910593055444016e-17
2024,BMG684371393,0.0
2024,JP3942400007,7.804909812332515e-17
2024,SG1S04926220,0.0
2024,JP3535800001,1.1767148771601312e-17
2024,AU000000CPU5,0.0
2024,JP3967200001,0.0
2024,JP3180400008,0.02866067878144222
2024,JP3596200000,7.920153653687383e-17
2024,JP3830800003,0.0
2024,JP3891600003,3.85646919641526e-18
2024,BMG668971101,0.0
2024,JP3407200009,6.037228856750158e-17
2024,JP3196000008,6.418990468340344e-17
2024,JP3597800006,0.0
2024,SG1R89002252,2.805514817062997e-17
2024,HK0014000126,4.143596793930869e-16
2024,JP3511800009,1.3417580244867926e-16
2024,JP3939000000,1.1025779350928237e-16
2024,JP3579800008,8.636702393378194e-18
2024,JP3893600001,5.466739949994919e-17
2024,JP3502200003,4.533395785168021e-17
2024,JP3819400007,0.16735893546683453
2024,JP3903000002,4.844468692612898e-18
2024,KYG2108Y1052,1.4239266521137316e-16
2024,AU000000WOW2,4.393137909673459e-18
2024,AU000000TCL6,1.7644538198438542e-17
2024,JP3854600008,1.3118004952016112e-16
2024,JP3933800009,0.0
2024,JP3404600003,1.0383299983167284e-17
2024,JP3600200004,2.1305361059370236e-16
2024,AU0000224040,0.0
2024,JP3143000002,0.004398079527530656
2024,AU000000GPT8,0.0
2024,SG2B80958517,9.997412095730987e-17
2024,JP3762600009,0.0
2024,AU000000CSL8,8.500070726160575e-17
2024,JP3420600003,2.1354508477819081e-16
2024,AU000000QBE9,0.0
2024,JP3599000001,0.0
2024,AU000000MTS0,2.853552566405212e-16
2024,JP3914400001,0.0
2024,JP3358200008,0.0
2024,JP3571400005,0.0
2024,JP3788600009,1.0669252648201303e-17
2024,JP3385820000,4.019335919067788e-18
2024,JP3595200001,0.0
2024,JP3613400005,0.023390811912119672
2024,JP3845400005,0.0
2024,JP3549600009,1.1339630830267799e-18
2024,JP3293200006,3.097997365201926e-17
2024,JP3496400007,0.012642950616870527
2024,AU000000SBM8,5.147434140785927e-18
2024,HK0144000764,1.3552231513040806e-16
2024,BMG2178K1009,0.0
2024,JP3419400001,4.090158335622232e-17
2024,JP3551200003,0.0
2024,SGXE21576413,1.9518392536593636e-16
2024,HK0823032773,0.0
2024,JP3274400005,0.03360995857539366
2024,SG1U68934629,0.0
2024,JP3246400000,0.0
2024,JP3768600003,0.0
2024,JP3657400002,0.0
2024,JP3675600005,0.014658178639139116
2024,JP3814800003,0.029645260200483255
2024,AU000000TLS2,0.0
2024,AU000000CBA7,0.0
2024,JP3223800008,2.2722813291813117e-17
2024,AU000000RHC8,5.402266032099167e-17
2024,BMG507361001,0.0
2024,HK0836012952,0.0
2024,JP3358800005,0.0
2024,AU000000IGO4,5.575842550543728e-17
2024,JP3203500008,4.722226511740212e-16
2024,AU000000SIG5,4.8608260922304784e-17
2024,JP3201200007,0.0017457620245114236
2024,BMG4600H1198,3.9775355879583095e-16
2024,JP3734800000,0.0
2024,AU000000AMP6,0.0
2024,HK0270001396,0.022281782112086482
2024,JP3814000000,0.022341889974922167
2024,JP3837800006,0.0
2024,JP3888300005,4.6407575792135926e-20
2024,JP3160400002,0.018094679326688564
2024,JP3519400000,0.0
2024,JP3551500006,0.0
2024,JP3210200006,5.5916769132482596e-18
2024,JP3172100004,6.49194264858736e-18
2024,JP3720800006,7.27374071137761e-17
2024,SG1M51904654,1.3145130139031186e-16
2024,JP3678000005,4.3240017415683296e-17
2024,JP3292200007,0.0
2024,JP3336000009,0.0
2024,JP3449020001,0.0
2024,AU000000ABC7,0.0
2024,JP3935600001,0.0
2024,SG1J26887955,1.9609853069918686e-16
2024,JP3386030005,0.0
2024,JP3721400004,4.129515382640404e-18
2024,JP3582600007,0.0
2024,JP3538800008,0.0
2024,JP3436100006,0.0
2024,JP3820000002,0.0
2024,AU000000SUN6,0.0
2024,JP3122400009,0.0
2024,JP3894900004,2.8476631735653156e-16
2024,AU000000SEK6,0.0
2024,JP3733400000,0.0
2024,JP3381000003,0.0
2024,JP3493800001,8.444268391813817e-17
2024,JP3862400003,0.0
2024,AU000000APA1,4.214236937514978e-18
2024,JP3375800004,0.0
2024,JP3676800000,0.0036167221014577807
2024,JP3931600005,0.0
2024,SG1F60858221,0.0
2024,KYG217651051,0.0
2024,JP3539220008,3.5353149851513616e-16
2024,JP3726800000,1.4825082837077703e-16
2024,JP3910660004,0.0
2024,AU000000CIM7,6.284184784182957e-17
2024,HK0010000088,4.376401714581253e-17
2024,JP3977400005,4.4392596770036583e-17
2024,JP3148800000,0.0
2024,JP3357200009,0.0
2024,SG9999003735,0.0
2024,AU000000MQG1,0.0
2024,JP3404200002,2.2255214292159232e-17
2024,JP3827200001,0.0
2024,JP3866800000,0.0
2024,HK0011000095,0.07859072316062855
2024,JP3205800000,5.679619398958466e-17
2024,JP3277800003,1.698280336167178e-17
2024,AU000000WES1,0.0
2024,JP3765400001,0.0
2024,JP3411000007,5.051650286922738e-16
2024,JP3898400001,6.7036775138802104e-18
2024,JP3122800000,1.8307676804169508e-16
2024,BMG2108M2182,0.0
2024,JP3906000009,0.0
2024,JP3684000007,0.0
2024,AU000000IAG3,0.0
2024,AU000000GMG2,0.0
2024,AU000000LLC3,0.0
2024,JP3635000007,4.4403010225618427e-17
2024,JP3162600005,0.0
2024,JP3638600001,0.0
2024,AU000000IRE2,0.0
2024,JP3260800002,0.0
2024,JP3799000009,2.175717575096087e-16
2024,JP3258000003,1.3258857226288e-16
2024,HK0388045442,6.723034787695896e-16
2024,AU000000MGR9,0.0
2024,JP3350800003,0.0
2024,JP3885400006,9.005106284555847e-17
2024,JP3890350006,1.9915117929268192e-16
2024,HK0000745908,0.0
2024,JP3756600007,2.3254692284753273e-16
2024,SG1T75931496,0.0
2024,JP3435000009,1.7583257033362576e-16
2024,JP3738600000,3.206046791127402e-17
2024,JP3040890000,0.0
2024,JP3266400005,0.0
2024,JP3546800008,0.0
2024,JP3605400005,0.0
2024,JP3166000004,1.3795042183276224e-16
2024,JP3893200000,0.0
2024,JP3900000005,1.338320104071341e-16
2024,JP3421100003,3.3478210027142645e-17
2024,JP3663900003,5.515199925410759e-17
2024,JP3551520004,3.769117353792555e-16
2024,JP3619800000,0.0
2024,JP3621000003,0.0
2024,JP3326410002,5.833959873368611e-16
2024,AU000000ASX7,1.1184224487762346e-16
2024,JP3197800000,0.0
2024,JP3762800005,0.0
2024,JP3111200006,0.0
2024,JP3268950007,8.329046468555242e-17
2024,HK0101000591,5.937004950394598e-16
2024,JP3398000004,2.4757526322377732e-17
2024,HK0000055878,0.0
2024,JP3626800001,2.6610710516555357e-17
2024,JP3834800009,0.0
2024,AU000000DXS1,0.0
2024,JP3802400006,0.0
2024,AU000000IFL2,0.0
2024,JP3841800000,8.492618680219355e-18
2024,JP3108600002,3.5589498597727953e-16
2024,JP3240400006,0.0
2024,JP3955000009,0.0
2024,HK2388011192,0.0
2024,KYG5427W1309,0.0
2024,JP3634200004,8.636140976463777e-17
2024,SG1M77906915,0.0
2024,AU000000WOR2,0.0
2024,JP3896800004,6.342654469746108e-18
2024,JP3126400005,2.8935350044567825e-17
2024,JP3188220002,0.0
2024,HK0308001558,1.5901757245713679e-16
2024,NZAIRE0001S2,0.0
2024,JP3137200006,0.0
2024,AU000000MAH3,0.0
2024,JP3726200003,1.0703363518966942e-16
2024,SG1L01001701,0.0
2024,HK0016000132,2.6657166172662227e-16
2024,JP3215800008,9.044157283834085e-19
2024,JP3475350009,4.060131402080958e-17
2024,JP3526600006,1.6998104017950004e-16
2024,JP3598600009,0.0
2024,AU000000BEN6,0.0
2024,JP3670800006,0.0
2024,JP3888400003,1.424334160966081e-18
2024,JP3778630008,0.0540244747077661
2024,JP3899600005,1.640490482190669e-16
2024,SG1M31001969,0.0
2024,JP3401400001,0.0
2024,JP3156400008,4.1712810855407433e-17
2024,JP3209000003,0.0
2024,JP3463000004,6.090398954447555e-17
2024,AU000000JBH7,0.0
2024,SG9999000020,0.0
2024,JP3951600000,4.3263983882771305e-16
2024,JP3294460005,0.0
2024,JP3574200006,8.605564189928364e-17
2024,JP3164630000,9.040197794819327e-19
2024,JP3256000005,0.0
2024,JP3283650004,8.918808187542964e-16
2024,JP3771800004,0.0
2024,JP3870400003,0.0
2024,JP3635400009,1.8232347224801923e-16
2024,JP3877600001,6.543725297392769e-17
2024,JP3919800007,2.119852856208716e-16
2024,JP3940400009,1.400647304770594e-17
2024,JP3456000003,8.32067670399345e-17
2024,JP3796150005,3.6901811045583723e-16
2024,JP3112000009,0.0
2024,JP3116000005,1.67921893675285e-17
2024,AU000000ALL7,0.0
