ReferenceWeight,CandidateWeight,DeltaWeight,AbsDeltaWeight,ChangeType,Year,ISIN
0.0014948378756375158,0.0037955967517785873,0.0023007588761410716,0.0023007588761410716,Overweighted,2014,JP3246400000
0.001580068124279708,0.0,-0.001580068124279708,0.001580068124279708,Removed,2014,JP3522200009
0.001316277312587979,0.0,-0.001316277312587979,0.001316277312587979,Removed,2014,JP3605400005
0.0013005360517783604,1.5982274197993165e-05,-0.0012845537775803672,0.0012845537775803672,Underweighted,2014,JP3753000003
0.0012463693558365176,0.0,-0.0012463693558365176,0.0012463693558365176,Removed,2014,JP3551200003
0.003075391471839109,0.0018681827412381574,-0.0012072087306009515,0.0012072087306009515,Underweighted,2014,JP3526600006
0.001200332652011176,0.00011333318423545645,-0.0010869994677757196,0.0010869994677757196,Underweighted,2014,AU000000QAN2
0.0010888536680856867,2.1966127114325287e-05,-0.0010668875409713613,0.0010668875409713613,Underweighted,2014,JP3449020001
0.001282021615743727,0.00023066230055948485,-0.0010513593151842422,0.0010513593151842422,Underweighted,2014,JP3362700001
0.0028514459343936104,0.0018107145662614873,-0.0010407313681321231,0.0010407313681321231,Underweighted,2014,JP3228600007
0.0013197786956958217,0.0003690987597843845,-0.0009506799359114372,0.0009506799359114372,Underweighted,2014,JP3289800009
0.0071419170991586945,0.006218919515323625,-0.0009229975838350698,0.0009229975838350698,Underweighted,2014,HK0002007356
0.0013549587842817453,0.00047018771818641984,-0.0008847710660953255,0.0008847710660953255,Underweighted,2014,JP3903000002
0.0025259104095684205,0.001646853088612451,-0.0008790573209559696,0.0008790573209559696,Underweighted,2014,HK0293001514
0.0007906941044446089,0.0,-0.0007906941044446089,0.0007906941044446089,Removed,2014,JP3845400005
0.0038796954158472514,0.003119939174014819,-0.0007597562418324324,0.0007597562418324324,Underweighted,2014,HK0019000162
0.0007310475610557337,8.538613275699916e-06,-0.0007225089477800338,0.0007225089477800338,Underweighted,2014,JP3368000000
0.0006956912395118655,0.0,-0.0006956912395118655,0.0006956912395118655,Removed,2014,JP3158800007
0.0016860905368092146,0.0023417752543551146,0.0006556847175459,0.0006556847175459,Overweighted,2014,JP3351600006
0.0006493220206715342,6.819819101191806e-21,-0.0006493220206715342,0.0006493220206715342,Underweighted,2014,JP3850200001
0.008718882858348547,0.009303927505744788,0.0005850446473962406,0.0005850446473962406,Overweighted,2014,JP3304200003
0.0005632638096420171,0.0,-0.0005632638096420171,0.0005632638096420171,Removed,2014,JP3223800008
0.00196045532597762,0.0025034114129256282,0.0005429560869480081,0.0005429560869480081,Overweighted,2014,JP3027680002
0.0035715338005552796,0.0030562378620734706,-0.000515295938481809,0.000515295938481809,Underweighted,2014,SG1V61937297
0.0016868154195418923,0.002187203636796209,0.0005003882172543168,0.0005003882172543168,Overweighted,2014,JP3224200000
0.004729141598290413,0.0042303690518232405,-0.0004987725464671725,0.0004987725464671725,Underweighted,2014,AU000000ORG5
0.0018605013124716784,0.0023425908990475685,0.00048208958657589007,0.00048208958657589007,Overweighted,2014,JP3197800000
0.0026558705780270445,0.0031354250877552296,0.0004795545097281851,0.0004795545097281851,Overweighted,2014,JP3973400009
0.0004770193902041057,0.0,-0.0004770193902041057,0.0004770193902041057,Removed,2014,JP3595200001
0.0033943232484666018,0.0038540803509567417,0.00045975710249013995,0.00045975710249013995,Overweighted,2014,JP3814000000
0.0012789392015547711,0.0017246622583637554,0.00044572305680898425,0.00044572305680898425,Overweighted,2014,JP3977400005
0.0005875773075380732,0.0010330912665717793,0.0004455139590337061,0.0004455139590337061,Overweighted,2014,JP3493400000
0.002626895219620831,0.002193958925857601,-0.00043293629376322997,0.00043293629376322997,Underweighted,2014,SG1R50925390
0.0016048404928964502,0.0011852269446900963,-0.0004196135482063539,0.0004196135482063539,Underweighted,2014,JP3401400001
0.0006640856873370825,0.0002482588856338767,-0.0004158268017032058,0.0004158268017032058,Underweighted,2014,AU000000BSL0
0.0009231082337138577,0.0013283275206391546,0.00040521928692529696,0.00040521928692529696,Overweighted,2014,JP3613400005
0.00134761685275077,0.0017501778452670492,0.0004025609925162792,0.0004025609925162792,Overweighted,2014,JP3359600008
0.007027119615383608,0.007427697771957177,0.00040057815657356874,0.00040057815657356874,Overweighted,2014,JP3762600009
0.0008465134000109511,0.0012388476114354784,0.00039233421142452723,0.00039233421142452723,Overweighted,2014,JP3358800005
0.0010794202171104253,0.0014711110897078065,0.00039169087259738116,0.00039169087259738116,Overweighted,2014,JP3743000006
0.0005314820245092894,0.0009198425177276587,0.0003883604932183694,0.0003883604932183694,Overweighted,2014,JP3165600002
0.000842134177263535,0.001227871627834341,0.00038573745057080585,0.00038573745057080585,Overweighted,2014,AU000000MND5
0.009427365950487073,0.0098110756930184,0.00038370974253132753,0.00038370974253132753,Overweighted,2014,AU000000CSL8
0.003603528395297601,0.0039720047338689364,0.0003684763385713354,0.0003684763385713354,Overweighted,2014,JP3814800003
0.0010707182991681417,0.0007048875020147056,-0.0003658307971534361,0.0003658307971534361,Underweighted,2014,NZCENE0001S6
0.011109815447882148,0.010744948613591508,-0.0003648668342906402,0.0003648668342906402,Underweighted,2014,JP3551500006
0.005774409198211233,0.006136865382621031,0.0003624561844097979,0.0003624561844097979,Overweighted,2014,JP3902400005
0.0005067129810426973,0.0008600833120593719,0.00035337033101667467,0.00035337033101667467,Overweighted,2014,JP3665200006
0.0006729006603844628,0.0010247142986359638,0.000351813638251501,0.000351813638251501,Overweighted,2014,JP3357200009
0.0004326286357029638,0.0007740410512071792,0.0003414124155042154,0.0003414124155042154,Overweighted,2014,JP3891600003
0.0003406383568060283,0.0,-0.0003406383568060283,0.0003406383568060283,Removed,2014,JP3686800008
0.00024080404870548266,0.0005799733425450897,0.0003391692938396071,0.0003391692938396071,Overweighted,2014,AU000000ERA9
0.0018859520117189997,0.0022123586141810977,0.000326406602462098,0.000326406602462098,Overweighted,2014,AU000000SHL7
0.002684227458505377,0.002358740462099345,-0.00032548699640603173,0.00032548699640603173,Underweighted,2014,JP3111200006
0.022861231917787765,0.0231862446736278,0.0003250127558400359,0.0003250127558400359,Overweighted,2014,JP3854600008
0.00123975563218837,0.0009148106890859763,-0.0003249449431023937,0.0003249449431023937,Underweighted,2014,NZTELE0001S4
0.003544872746653396,0.003869799063800565,0.0003249263171471689,0.0003249263171471689,Overweighted,2014,JP3634600005
0.007910269519746136,0.008234852213525526,0.0003245826937793902,0.0003245826937793902,Overweighted,2014,HK0066009694
0.005924509801127791,0.006247481279750658,0.0003229714786228662,0.0003229714786228662,Overweighted,2014,JP3566800003
0.003063630415758919,0.0027453379181476795,-0.0003182924976112395,0.0003182924976112395,Underweighted,2014,JP3621000003
0.0014605555775920646,0.0017766385121648685,0.000316082934572804,0.000316082934572804,Overweighted,2014,BMG677491539
0.0008949375616439196,0.0012088412230080502,0.0003139036613641306,0.0003139036613641306,Overweighted,2014,JP3738600000
0.0039985795091565645,0.004306466500622814,0.00030788699146624965,0.00030788699146624965,Overweighted,2014,JP3573000001
0.002794569241079601,0.0031024006255064296,0.00030783138442682864,0.00030783138442682864,Overweighted,2014,JP3818000006
0.0039025425225272027,0.004209426988762442,0.00030688446623523954,0.00030688446623523954,Overweighted,2014,JP3475350009
0.010157396015596938,0.009850586205376445,-0.00030680981022049303,0.00030680981022049303,Underweighted,2014,AU0000224040
0.00037187814246432253,0.0006782749883251917,0.0003063968458608692,0.0003063968458608692,Overweighted,2014,BMG684371393
0.0005754737609924435,0.0008721691201128638,0.0002966953591204203,0.0002966953591204203,Overweighted,2014,AU000000PPT9
0.0024344488295453184,0.0027264292869233864,0.000291980457378068,0.000291980457378068,Overweighted,2014,JP3982100004
0.010423856922859034,0.010715678445650025,0.00029182152279099045,0.00029182152279099045,Overweighted,2014,HK0011000095
0.0007430048009947679,0.0004570615323476934,-0.0002859432686470745,0.0002859432686470745,Underweighted,2014,AU000000OZL8
0.0007999612979123754,0.0010803663026890612,0.00028040500477668584,0.00028040500477668584,Overweighted,2014,JP3888300005
0.003362694420240769,0.0030825511336670577,-0.00028014328657371143,0.00028014328657371143,Underweighted,2014,JP3684000007
0.000477009414753656,0.0007548655062125075,0.00027785609145885155,0.00027785609145885155,Overweighted,2014,JP3827200001
0.015898995957279123,0.01617506628793864,0.0002760703306595169,0.0002760703306595169,Overweighted,2014,JP3242800005
0.05564794060366752,0.05592235575880764,0.00027441515514012305,0.00027441515514012305,Overweighted,2014,JP3633400001
0.0002602694776829871,0.0005320629579527324,0.00027179348026974524,0.00027179348026974524,Overweighted,2014,AU000000GWA4
0.0025283776709796447,0.002798837233626778,0.0002704595626471331,0.0002704595626471331,Overweighted,2014,JP3180400008
0.0003096413071086766,0.000575890781773908,0.0002662494746652314,0.0002662494746652314,Overweighted,2014,JP3375800004
0.0011095061756667048,0.0013756481007399094,0.0002661419250732046,0.0002661419250732046,Overweighted,2014,JP3443600006
0.00033767897317261877,0.0005998637765072524,0.0002621848033346337,0.0002621848033346337,Overweighted,2014,JP3126400005
0.003923763630783853,0.0036626236181496923,-0.00026114001263416106,0.00026114001263416106,Underweighted,2014,JP3200450009
0.0008871932869448066,0.0011479558677028796,0.00026076258075807303,0.00026076258075807303,Overweighted,2014,JP3711600001
0.0012316622167235175,0.0009758640950866548,-0.0002557981216368627,0.0002557981216368627,Underweighted,2014,JP3982800009
0.0020954298208622907,0.0018405916746471994,-0.0002548381462150913,0.0002548381462150913,Underweighted,2014,AU000000LLC3
0.0012928416543314958,0.001039026838237412,-0.0002538148160940838,0.0002538148160940838,Underweighted,2014,AU000000BEN6
0.013498134469397927,0.013751782585621966,0.0002536481162240395,0.0002536481162240395,Overweighted,2014,AU000000WOW2
0.0027624848672832326,0.0030108267187542387,0.00024834185147100613,0.00024834185147100613,Overweighted,2014,JP3539220008
0.003616579609635952,0.0033692401266307995,-0.00024733948300515243,0.00024733948300515243,Underweighted,2014,JP3505000004
0.0026603462301288076,0.002903248990550906,0.00024290276042209825,0.00024290276042209825,Overweighted,2014,SGXE34184239
0.004945539044895642,0.0047027689608106485,-0.00024277008408499397,0.00024277008408499397,Underweighted,2014,AU000000QBE9
0.021262855516782718,0.021505618138067804,0.0002427626212850864,0.0002427626212850864,Overweighted,2014,JP3726800000
0.0027190417805748116,0.0024764248944183615,-0.00024261688615645005,0.00024261688615645005,Underweighted,2014,JP3734800000
0.0010314316501470935,0.0007923050662471359,-0.00023912658389995756,0.00023912658389995756,Underweighted,2014,JP3778630008
0.001483292954317069,0.001712692584045872,0.0002293996297288031,0.0002293996297288031,Overweighted,2014,BMG2442N1048
0.00036299666641394424,0.0005911669082327801,0.00022817024181883582,0.00022817024181883582,Overweighted,2014,AU000000IVC8
0.0018074917687820001,0.0020343690657587937,0.00022687729697679353,0.00022687729697679353,Overweighted,2014,NZFBUE0001S0
0.013269118077973834,0.013495309158668305,0.0002261910806944708,0.0002261910806944708,Overweighted,2014,JP3463000004
0.00165943280805748,0.00188550773809127,0.00022607493003378993,0.00022607493003378993,Overweighted,2014,AU000000APA1
0.006068625133774532,0.006294349598552767,0.00022572446477823506,0.00022572446477823506,Overweighted,2014,JP3900000005
0.0012431173589899172,0.0014681809767194739,0.0002250636177295567,0.0002250636177295567,Overweighted,2014,JP3134800006
0.0006747095420660074,0.0008989333183064833,0.00022422377624047583,0.00022422377624047583,Overweighted,2014,AU000000SGM7
0.0018029629142778387,0.0020225855398866583,0.00021962262560881957,0.00021962262560881957,Overweighted,2014,JP3495000006
0.00483187876247182,0.00505054177884242,0.0002186630163706002,0.0002186630163706002,Overweighted,2014,AU000000SUN6
0.004372559146515622,0.004590541378169387,0.000217982231653765,0.000217982231653765,Overweighted,2014,JP3890310000
0.013158699816946163,0.012940871428157055,-0.00021782838878910832,0.00021782838878910832,Underweighted,2014,AU000000WES1
0.00902381242769482,0.009240517347817145,0.0002167049201223254,0.0002167049201223254,Overweighted,2014,JP3893600001
0.0011664659977344623,0.0013810508742820736,0.00021458487654761127,0.00021458487654761127,Overweighted,2014,AU000000MTS0
0.005586568141093331,0.0053722908371497706,-0.00021427730394356012,0.00021427730394356012,Underweighted,2014,SG1U68934629
0.00141887149531294,0.0012057304751857893,-0.00021314102012715062,0.00021314102012715062,Underweighted,2014,JP3688370000
0.005401324026242498,0.005188725708733,-0.00021259831750949747,0.00021259831750949747,Underweighted,2014,AU000000AMP6
0.0016683109589577085,0.0018786369868562575,0.00021032602789854897,0.00021032602789854897,Overweighted,2014,JP3787000003
0.0025859858973266325,0.0027929121669028095,0.000206926269576177,0.000206926269576177,Overweighted,2014,BMG524401079
0.007897028771849243,0.007692512462290481,-0.0002045163095587615,0.0002045163095587615,Underweighted,2014,JP3942400007
0.002635517333959517,0.0028379675250658517,0.0002024501911063346,0.0002024501911063346,Overweighted,2014,AU000000SGP0
0.004017732374019979,0.0038178725704829585,-0.00019985980353702006,0.00019985980353702006,Underweighted,2014,IE00BKVD2N49
0.0002447343761826624,0.00044309925818487086,0.00019836488200220844,0.00019836488200220844,Overweighted,2014,AU000000SBM8
0.002852975503462564,0.003047001504824223,0.00019402600136165897,0.00019402600136165897,Overweighted,2014,SG1R89002252
0.0018132409533911742,0.0016199547876260812,-0.00019328616576509304,0.00019328616576509304,Underweighted,2014,AU0000088338
0.0008340374366485328,0.0010272690164289371,0.00019323157978040433,0.00019323157978040433,Overweighted,2014,JP3405400007
0.003025983065761771,0.003218633493994553,0.00019265042823278207,0.00019265042823278207,Overweighted,2014,JP3402600005
0.0020564091838532346,0.0022431556494473775,0.0001867464655941429,0.0001867464655941429,Overweighted,2014,JP3197600004
0.0007868834823728255,0.0006015931512341219,-0.00018529033113870365,0.00018529033113870365,Underweighted,2014,AU000000TAH8
0.00035255902009341354,0.00016818272021189285,-0.0001843762998815207,0.0001843762998815207,Underweighted,2014,JP3452000007
0.02267962219205077,0.022495946887247938,-0.00018367530480283348,0.00018367530480283348,Underweighted,2014,AU000000NAB4
0.008251120686161758,0.008069531006590174,-0.00018158967957158413,0.00018158967957158413,Underweighted,2014,HK0003000038
0.0004529020761668936,0.0002717556215564132,-0.00018114645461048037,0.00018114645461048037,Underweighted,2014,AU000000CQR9
0.001642371462638352,0.0014634490433665817,-0.00017892241927177028,0.00017892241927177028,Underweighted,2014,JP3419400001
0.011220709205381256,0.011397589483744097,0.0001768802783628405,0.0001768802783628405,Overweighted,2014,JP3898400001
0.006129305798860025,0.005953565751464788,-0.0001757400473952368,0.0001757400473952368,Underweighted,2014,HK0006000050
0.0025699520233038228,0.002745499479361335,0.00017554745605751236,0.00017554745605751236,Overweighted,2014,JP3551520004
0.006904338446098614,0.0070788711393673185,0.0001745326932687044,0.0001745326932687044,Overweighted,2014,JP3294460005
0.0031549357137249756,0.0033293057212632816,0.000174370007538306,0.000174370007538306,Overweighted,2014,AU000000TCL6
0.00044290002451599956,0.0006146657044017418,0.00017176567988574226,0.00017176567988574226,Overweighted,2014,AU000000BWP3
0.00046397150101590485,0.00063545255509815,0.0001714810540822451,0.0001714810540822451,Overweighted,2014,JP3320800000
0.0008587965046646753,0.001025794754828739,0.00016699825016406374,0.00016699825016406374,Overweighted,2014,JP3769000005
0.0008649480324419871,0.0010317188287806082,0.00016677079633862113,0.00016677079633862113,Overweighted,2014,JP3270000007
0.0014314006610777568,0.001597684749343577,0.00016628408826582027,0.00016628408826582027,Overweighted,2014,JP3629000005
0.0024461866095744594,0.0022831882963764627,-0.00016299831319799675,0.00016299831319799675,Underweighted,2014,AU000000CIM7
0.0021773016678530857,0.0020150759530627657,-0.00016222571479032003,0.00016222571479032003,Underweighted,2014,AU000000ASX7
0.0015993406945485186,0.0017615536721054068,0.0001622129775568882,0.0001622129775568882,Overweighted,2014,AU000000COH5
0.004608428672398656,0.0047695019219348425,0.00016107324953618628,0.00016107324953618628,Overweighted,2014,AU000000MQG1
0.04211574329613403,0.04227402735398149,0.00015828405784745758,0.00015828405784745758,Overweighted,2014,AU000000BHP4
0.0020850354014937088,0.0019275349760111032,-0.00015750042548260562,0.00015750042548260562,Underweighted,2014,JP3201200007
0.0006364869410929268,0.0004796452551861249,-0.0001568416859068019,0.0001568416859068019,Underweighted,2014,JP3491000000
0.0005745526944009217,0.0007313115077761392,0.00015675881337521745,0.00015675881337521745,Overweighted,2014,JP3293200006
0.0007618051999422927,0.0009155086904995144,0.00015370349055722173,0.00015370349055722173,Overweighted,2014,JP3535800001
0.001072636910804633,0.001225455871908275,0.00015281896110364208,0.00015281896110364208,Overweighted,2014,JP3786200000
0.0012072057373710158,0.0013580669575779594,0.00015086122020694357,0.00015086122020694357,Overweighted,2014,JP3190000004
0.0005331978019866369,0.0006837847547634263,0.0001505869527767894,0.0001505869527767894,Overweighted,2014,JP3166000004
0.0009725731673437443,0.001122577458311826,0.00015000429096808168,0.00015000429096808168,Overweighted,2014,JP3830000000
0.001626191282008947,0.0014771897275297548,-0.0001490015544791921,0.0001490015544791921,Underweighted,2014,JP3385980002
0.0034118434646064153,0.0035593363525550188,0.00014749288794860347,0.00014749288794860347,Overweighted,2014,JP3116000005
0.0027246612843281398,0.002870877275293237,0.0001462159909650972,0.0001462159909650972,Overweighted,2014,HK0010000088
0.002510531590125141,0.002653745457743774,0.0001432138676186333,0.0001432138676186333,Overweighted,2014,BMG8063F1068
0.0025946445883169673,0.002734865579245185,0.00014022099092821788,0.00014022099092821788,Overweighted,2014,JP3659000008
0.0008547697478331485,0.0007158585803644228,-0.00013891116746872565,0.00013891116746872565,Underweighted,2014,JP3164800009
0.0023400478167897067,0.0024762437305679685,0.0001361959137782618,0.0001361959137782618,Overweighted,2014,AU000000GPT8
0.0033855215760198207,0.003521424580904634,0.0001359030048848132,0.0001359030048848132,Overweighted,2014,JP3502200003
0.0004487389881792209,0.000581129590109679,0.00013239060193045808,0.00013239060193045808,Overweighted,2014,JP3678000005
0.0009067185686250091,0.001037679145703395,0.0001309605770783859,0.0001309605770783859,Overweighted,2014,JP3350800003
0.0004668045289436182,0.0005976261068810335,0.0001308215779374153,0.0001308215779374153,Overweighted,2014,JP3619800000
0.00036538079907142123,0.00023537868473405118,-0.00013000211433737005,0.00013000211433737005,Underweighted,2014,JP3811000003
0.003308770460259869,0.0034382050120309437,0.0001294345517710749,0.0001294345517710749,Overweighted,2014,SG1F60858221
0.020008901493454283,0.01987954084853988,-0.0001293606449144051,0.0001293606449144051,Underweighted,2014,AU000000TLS2
0.0036037046282555454,0.003730759847646339,0.00012705521939079378,0.00012705521939079378,Overweighted,2014,JP3951600000
0.0018835379527101738,0.002008314258129842,0.00012477630541966813,0.00012477630541966813,Overweighted,2014,AU000000MGR9
0.0010287881557779245,0.0011529083980437406,0.00012412024226581605,0.00012412024226581605,Overweighted,2014,JP3210200006
0.018556961379900604,0.018680448579085508,0.0001234871991849032,0.0001234871991849032,Overweighted,2014,JP3890350006
0.0016331009440204356,0.001755653908808178,0.00012255296478774248,0.00012255296478774248,Overweighted,2014,JP3269600007
0.00011998471800892908,1.4943464156419101e-22,-0.00011998471800892908,0.00011998471800892908,Underweighted,2014,AU000000MAH3
0.036198841438549206,0.03608070514590699,-0.00011813629264221387,0.00011813629264221387,Underweighted,2014,AU000000CBA7
0.0006684117076821001,0.0007849382397037911,0.00011652653202169096,0.00011652653202169096,Overweighted,2014,JP3148800000
0.00038092587602219565,0.0004951137810545178,0.00011418790503232211,0.00011418790503232211,Overweighted,2014,AU000000IGO4
0.001961935017794325,0.0020752397247341234,0.0001133047069397982,0.0001133047069397982,Overweighted,2014,JP3792600003
0.000890149345428066,0.0007823641076769876,-0.00010778523775107848,0.00010778523775107848,Underweighted,2014,HK0200030994
0.007021230774468137,0.007127592225842154,0.00010636145137401729,0.00010636145137401729,Overweighted,2014,JP3830800003
0.00376240406945974,0.003656494015505513,-0.00010591005395422723,0.00010591005395422723,Underweighted,2014,JP3481800005
0.00027090663301251167,0.0003762879265013907,0.00010538129348887902,0.00010538129348887902,Overweighted,2014,AU000000SIG5
0.0012930777399921386,0.0011877736477135712,-0.00010530409227856746,0.00010530409227856746,Underweighted,2014,AU000000BLD2
0.0007946576834232876,0.0006907172824873265,-0.00010394040093596115,0.00010394040093596115,Underweighted,2014,JP3456000003
0.008900662166743187,0.009004062533840014,0.00010340036709682691,0.00010340036709682691,Overweighted,2014,JP3783600004
0.0049312209483501806,0.005034488733020474,0.00010326778467029379,0.00010326778467029379,Overweighted,2014,JP3205800000
0.010998120329196915,0.011100267409893252,0.00010214708069633711,0.00010214708069633711,Overweighted,2014,JP3496400007
0.009458183442076329,0.009557844119057213,9.966067698088422e-05,9.966067698088422e-05,Overweighted,2014,JP3788600009
0.0010529819482685842,0.0011496444481115023,9.66624998429181e-05,9.66624998429181e-05,Overweighted,2014,NZAIAE0002S6
0.00027575137678091346,0.000371597487793468,9.584611101255453e-05,9.584611101255453e-05,Overweighted,2014,JP3194000000
0.004995196837234223,0.005087482161608619,9.228532437439551e-05,9.228532437439551e-05,Overweighted,2014,SGXE21576413
0.015176500682408929,0.015265939693952523,8.943901154359439e-05,8.943901154359439e-05,Overweighted,2014,JP3672400003
0.0052141213979533755,0.005126732070340272,-8.738932761310353e-05,8.738932761310353e-05,Underweighted,2014,JP3866800000
0.002538802016699576,0.002622331819744628,8.352980304505205e-05,8.352980304505205e-05,Overweighted,2014,JP3571400005
0.003946038811638022,0.0038641974259274706,-8.184138571055164e-05,8.184138571055164e-05,Underweighted,2014,AU000000STO6
0.0007735330045209839,0.0008549230954135546,8.139009089257068e-05,8.139009089257068e-05,Overweighted,2014,JP3635400009
0.00035521248991303233,0.00043578948277369083,8.05769928606585e-05,8.05769928606585e-05,Overweighted,2014,AU000000CSR5
0.001318225850575819,0.0012388770020011868,-7.934884857463236e-05,7.934884857463236e-05,Underweighted,2014,JP3720800006
0.0011044552725890094,0.0011816596296797413,7.720435709073197e-05,7.720435709073197e-05,Overweighted,2014,JP3174410005
0.0006137761655691216,0.0005375531528861737,-7.622301268294784e-05,7.622301268294784e-05,Underweighted,2014,JP3820000002
0.006009939558778977,0.005933992971582974,-7.59465871960031e-05,7.59465871960031e-05,Underweighted,2014,JP3592200004
0.0008546766436289514,0.0007792745848931357,-7.540205873581571e-05,7.540205873581571e-05,Underweighted,2014,JP3870400003
0.0009934251839337565,0.000918068808730741,-7.535637520301552e-05,7.535637520301552e-05,Underweighted,2014,JP3955000009
0.008626180997319533,0.00869965112777511,7.347013045557599e-05,7.347013045557599e-05,Overweighted,2014,JP3371200001
0.0021287411750639715,0.0021993290707705763,7.05878957066048e-05,7.05878957066048e-05,Overweighted,2014,AU000000WOR2
0.025370164110690808,0.02529976172701007,-7.040238368073715e-05,7.040238368073715e-05,Underweighted,2014,AU000000ANZ3
0.0013782148844301337,0.001448291922546255,7.007703811612136e-05,7.007703811612136e-05,Overweighted,2014,SG9999000020
0.0006514999940197175,0.0005818367878016073,-6.966320621811016e-05,6.966320621811016e-05,Underweighted,2014,JP3582600007
0.0007211319633087371,0.0006572133151015963,-6.391864820714079e-05,6.391864820714079e-05,Underweighted,2014,JP3638600001
0.0073605357460640565,0.007421516764888825,6.098101882476888e-05,6.098101882476888e-05,Overweighted,2014,JP3910660004
0.0024230535399816172,0.0023627618682036207,-6.029167177799659e-05,6.029167177799659e-05,Underweighted,2014,JP3420600003
0.004521216634267125,0.004580775231127575,5.9558596860450307e-05,5.9558596860450307e-05,Overweighted,2014,JP3914400001
0.0037092016670613676,0.003652211132427371,-5.6990534633996615e-05,5.6990534633996615e-05,Underweighted,2014,JP3657400002
0.003986731999172477,0.0040436298131243794,5.6897813951902604e-05,5.6897813951902604e-05,Overweighted,2014,HK0823032773
0.0009218646275577958,0.0008653481643183104,-5.6516463239485344e-05,5.6516463239485344e-05,Underweighted,2014,JP3118000003
0.007289251177150537,0.007345022247714823,5.5771070564285784e-05,5.5771070564285784e-05,Overweighted,2014,HK0388045442
0.0018485706737338434,0.0018987301667517827,5.015949301793933e-05,5.015949301793933e-05,Overweighted,2014,JP3493800001
0.0006855561818549756,0.0006360532029475078,-4.950297890746777e-05,4.950297890746777e-05,Underweighted,2014,AU000000DOW2
0.0004840886594227894,0.0005326322903617818,4.854363093899242e-05,4.854363093899242e-05,Overweighted,2014,JP3385820000
0.0008827774875457416,0.000930121660704893,4.734417315915146e-05,4.734417315915146e-05,Overweighted,2014,JP3122400009
0.0007052443958925232,0.0006616563704107877,-4.358802548173554e-05,4.358802548173554e-05,Underweighted,2014,JP3414750004
0.0024108834904329893,0.002450928147970676,4.0044657537686556e-05,4.0044657537686556e-05,Overweighted,2014,JP3667600005
0.00043398197181397245,0.00039572432738644426,-3.8257644427528196e-05,3.8257644427528196e-05,Underweighted,2014,AU000000CWY3
0.004060763142109812,0.00409888573875569,3.8122596645878346e-05,3.8122596645878346e-05,Overweighted,2014,JP3258000003
0.0005970340345643839,0.0005599645312660454,-3.706950329833848e-05,3.706950329833848e-05,Underweighted,2014,JP3870000001
0.002328482944568361,0.0023641715410522763,3.568859648391551e-05,3.568859648391551e-05,Overweighted,2014,JP3260800002
0.0023716733198653893,0.0024063530493251763,3.467972945978698e-05,3.467972945978698e-05,Overweighted,2014,JP3626800001
0.0007389747190130912,0.0007047742780127132,-3.4200441000378e-05,3.4200441000378e-05,Underweighted,2014,JP3544000007
0.0009700394029295219,0.0010036372595441836,3.35978566146617e-05,3.35978566146617e-05,Overweighted,2014,JP3229400001
0.002767685402117673,0.002734986658000751,-3.2698744116922e-05,3.2698744116922e-05,Underweighted,2014,JP3868400007
0.0014215648669343574,0.0014529273066055046,3.13624396711472e-05,3.13624396711472e-05,Overweighted,2014,JP3942800008
0.0010739603205642924,0.0010464353728856556,-2.752494767863686e-05,2.752494767863686e-05,Underweighted,2014,JP3528600004
0.0004793336947084349,0.0005059261990450995,2.6592504336664586e-05,2.6592504336664586e-05,Overweighted,2014,JP3888400003
0.003721670980123486,0.0037478902377467292,2.621925762324312e-05,2.621925762324312e-05,Overweighted,2014,JP3519400000
0.0011884552156757394,0.0012099332385227218,2.1478022846982458e-05,2.1478022846982458e-05,Overweighted,2014,JP3819400007
0.0022632434986273563,0.0022435304377529286,-1.9713060874427656e-05,1.9713060874427656e-05,Underweighted,2014,JP3733000008
0.002542649215423008,0.002523110640038257,-1.9538575384751063e-05,1.9538575384751063e-05,Underweighted,2014,JP3940000007
1.9033159458017685e-05,0.0,-1.9033159458017685e-05,1.9033159458017685e-05,Removed,2014,AU0000038911
0.0022726204220500697,0.002253721437547203,-1.8898984502866648e-05,1.8898984502866648e-05,Underweighted,2014,JP3429800000
0.0017759360938594657,0.0017580844839532748,-1.7851609906190807e-05,1.7851609906190807e-05,Underweighted,2014,JP3256000005
0.004923243913140574,0.004940608362231995,1.7364449091420917e-05,1.7364449091420917e-05,Overweighted,2014,JP3435000009
0.001773804672613381,0.0017900008398264867,1.619616721310578e-05,1.619616721310578e-05,Overweighted,2014,AU000000DXS1
0.0007784143249410345,0.0007933789279844178,1.4964603043383256e-05,1.4964603043383256e-05,Overweighted,2014,JP3209000003
0.030374744521648043,0.03036005532978423,-1.4689191863811318e-05,1.4689191863811318e-05,Underweighted,2014,AU000000WBC1
0.001003503714038098,0.0010159719858822585,1.2468271844160534e-05,1.2468271844160534e-05,Overweighted,2014,JP3596200000
0.0032424137638684992,0.0032544298613702404,1.2016097501741166e-05,1.2016097501741166e-05,Overweighted,2014,AU000000ORI1
0.0014183361461388062,0.0014302202072580723,1.1884061119266098e-05,1.1884061119266098e-05,Overweighted,2014,JP3300600008
0.004871009129435822,0.00485934878191732,-1.1660347518501965e-05,1.1660347518501965e-05,Underweighted,2014,JP3266400005
0.0029254405006792967,0.002915242272362857,-1.0198228316439864e-05,1.0198228316439864e-05,Underweighted,2014,JP3119600009
0.004149631105015993,0.004159560426956712,9.929321940718543e-06,9.929321940718543e-06,Overweighted,2014,JP3877600001
0.002964653996397047,0.0029549278725850637,-9.726123811983501e-06,9.726123811983501e-06,Underweighted,2014,JP3407400005
0.002994696728001378,0.002985502899380048,-9.193828621330193e-06,9.193828621330193e-06,Underweighted,2014,JP3388200002
0.002569290318423993,0.0025747465659515076,5.4562475275145815e-06,5.4562475275145815e-06,Overweighted,2014,JP3112000009
0.0036307447492745183,0.003634746475574558,4.0017263000396465e-06,4.0017263000396465e-06,Overweighted,2014,AU000000IAG3
0.02618062623277656,0.026176903250378854,-3.722982397705993e-06,3.722982397705993e-06,Underweighted,2014,JP3902900004
0.002238680614470058,0.002242325426696072,3.644812226014007e-06,3.644812226014007e-06,Overweighted,2014,SG1J26887955
0.0028713270071398524,0.0028680145894430286,-3.31241769682385e-06,3.31241769682385e-06,Underweighted,2014,JP3165700000
0.006258670765441818,0.006256581480631941,-2.0892848098764613e-06,2.0892848098764613e-06,Underweighted,2014,AU000000NCM7
0.0006119972102389261,0.0006135159818440294,1.5187716051033194e-06,1.5187716051033194e-06,Overweighted,2014,JP3215800008
0.0006864373466446987,0.0006877275229308935,1.29017628619488e-06,1.29017628619488e-06,Overweighted,2014,JP3421100003
0.0010068853917405446,0.001007257562089287,3.7217034874227617e-07,3.7217034874227617e-07,Overweighted,2014,JP3634200004
0.005822374464967786,0.002977821863758566,-0.0028445526012092198,0.0028445526012092198,Underweighted,2015,HK0002007356
0.001621587056035737,0.004110906688753877,0.00248931963271814,0.00248931963271814,Overweighted,2015,JP3246400000
0.0027041738775506917,0.001076533886055372,-0.0016276399914953196,0.0016276399914953196,Underweighted,2015,JP3526600006
0.002984432991442233,0.0014567828209644529,-0.00152765017047778,0.00152765017047778,Underweighted,2015,HK0019000162
0.001613574679943744,9.479577308313653e-05,-0.0015187789068606076,0.0015187789068606076,Underweighted,2015,JP3605400005
0.0014692725193662247,2.8580948197953923e-09,-0.0014692696612714049,0.0014692696612714049,Underweighted,2015,JP3551200003
0.0014591410163657546,0.0,-0.0014591410163657546,0.0014591410163657546,Removed,2015,JP3522200009
0.0028988312569289193,0.0018908341696219667,-0.0010079970873069525,0.0010079970873069525,Underweighted,2015,JP3228600007
0.0018956384105541756,0.0028672955002261168,0.0009716570896719412,0.0009716570896719412,Overweighted,2015,JP3027680002
0.001388593021994791,0.0004820835629406901,-0.0009065094590541009,0.0009065094590541009,Underweighted,2015,JP3449020001
0.0024907741336706903,0.0015929636114331788,-0.0008978105222375115,0.0008978105222375115,Underweighted,2015,HK0293001514
0.0016769439028999685,0.0007906647751384511,-0.0008862791277615174,0.0008862791277615174,Underweighted,2015,JP3753000003
0.002730079745982273,0.0018679482607981217,-0.0008621314851841515,0.0008621314851841515,Underweighted,2015,SG1V61937297
0.0007915977192136327,0.0,-0.0007915977192136327,0.0007915977192136327,Removed,2015,JP3845400005
0.0013600855741309006,0.0006463153137275312,-0.0007137702604033694,0.0007137702604033694,Underweighted,2015,JP3903000002
0.004657343224823329,0.005363093955037159,0.0007057507302138302,0.0007057507302138302,Overweighted,2015,JP3814000000
0.0012424099072737243,0.0019460298959327483,0.000703619988659024,0.000703619988659024,Overweighted,2015,JP3977400005
0.0008115950709767665,0.001511809213502072,0.0007002141425253055,0.0007002141425253055,Overweighted,2015,JP3357200009
0.01390340232970339,0.013213355751910391,-0.0006900465777929989,0.0006900465777929989,Underweighted,2015,JP3551500006
0.0006770518867673912,6.516838679379082e-09,-0.0006770453699287118,0.0006770453699287118,Underweighted,2015,JP3223800008
0.0006725510322096176,4.327563576569307e-09,-0.0006725467046460411,0.0006725467046460411,Underweighted,2015,JP3158800007
0.0020518492093781785,0.0027227678383101427,0.0006709186289319642,0.0006709186289319642,Overweighted,2015,JP3351600006
0.006259781801258117,0.006927788137538697,0.0006680063362805803,0.0006680063362805803,Overweighted,2015,HK0066009694
0.0006410969597539694,5.815754935203383e-09,-0.0006410911439990342,0.0006410911439990342,Underweighted,2015,AU000000QAN2
0.0006388556929660413,0.0,-0.0006388556929660413,0.0006388556929660413,Removed,2015,JP3850200001
0.009127623117273302,0.009763326823063391,0.0006357037057900892,0.0006357037057900892,Overweighted,2015,AU000000CSL8
0.0006320677691655456,4.751024583232629e-08,-0.0006320202589197133,0.0006320202589197133,Underweighted,2015,JP3368000000
0.009135244645751052,0.009766495418017704,0.0006312507722666515,0.0006312507722666515,Overweighted,2015,HK0011000095
0.0015132978389143788,0.0008937727562762544,-0.0006195250826381243,0.0006195250826381243,Underweighted,2015,JP3362700001
0.0004112968835606697,0.0010188353018215648,0.000607538418260895,0.000607538418260895,Overweighted,2015,JP3665200006
0.0022184083094886776,0.002783371958522242,0.0005649636490335642,0.0005649636490335642,Overweighted,2015,JP3224200000
0.00421579840011659,0.0036516028449332144,-0.0005641955551833754,0.0005641955551833754,Underweighted,2015,AU000000ORG5
0.002605814632628709,0.0031623979502377096,0.0005565833176090005,0.0005565833176090005,Overweighted,2015,JP3973400009
0.0015687859861490204,0.0010151418571007049,-0.0005536441290483155,0.0005536441290483155,Underweighted,2015,JP3289800009
0.000768665956846686,0.00022449960952346547,-0.0005441663473232205,0.0005441663473232205,Underweighted,2015,JP3595200001
0.0011993922417310417,0.00174159513534015,0.0005422028936091082,0.0005422028936091082,Overweighted,2015,JP3743000006
0.060630382727388646,0.06115566214959067,0.0005252794222020268,0.0005252794222020268,Overweighted,2015,JP3633400001
0.00031170097235924454,0.0008218142341445978,0.0005101132617853534,0.0005101132617853534,Overweighted,2015,AU000000IVC8
0.0008178883282654852,0.0013131526193469576,0.0004952642910814723,0.0004952642910814723,Overweighted,2015,JP3493400000
0.0009312188689111882,0.001414226458853933,0.00048300758994274475,0.00048300758994274475,Overweighted,2015,JP3711600001
0.0017864423048278926,0.0022334897959414212,0.00044704749111352865,0.00044704749111352865,Overweighted,2015,AU000000SHL7
0.0010619757168575789,0.0006154722986290684,-0.00044650341822851053,0.00044650341822851053,Underweighted,2015,NZTELE0001S4
0.00037456942180971953,0.0008062746308461142,0.0004317052090363947,0.0004317052090363947,Overweighted,2015,AU000000BWP3
0.0022564243469678368,0.0026870631533416262,0.00043063880637378947,0.00043063880637378947,Overweighted,2015,JP3982100004
0.0040833071658819935,0.00451237476206455,0.00042906759618255644,0.00042906759618255644,Overweighted,2015,JP3116000005
0.0022263107596891644,0.0018140190865254427,-0.0004122916731637218,0.0004122916731637218,Underweighted,2015,SG1R50925390
0.004549533406728816,0.00495527402942053,0.0004057406226917141,0.0004057406226917141,Overweighted,2015,JP3634600005
0.002729395762657347,0.00313346621567053,0.00040407045301318325,0.00040407045301318325,Overweighted,2015,JP3197800000
0.006270499575679953,0.006669759192272439,0.00039925961659248617,0.00039925961659248617,Overweighted,2015,JP3304200003
0.008688572999604353,0.008303050586110427,-0.00038552241349392585,0.00038552241349392585,Underweighted,2015,JP3942400007
0.015109726009593283,0.01547187971173642,0.0003621537021431375,0.0003621537021431375,Overweighted,2015,JP3496400007
0.001288813900974189,0.001650527385111934,0.00036171348413774514,0.00036171348413774514,Overweighted,2015,JP3358800005
0.0003596714100136698,0.0,-0.0003596714100136698,0.0003596714100136698,Removed,2015,JP3686800008
0.0025696673353051516,0.002924755327547934,0.0003550879922427823,0.0003550879922427823,Overweighted,2015,JP3180400008
0.0008780941283439258,0.001231538501710111,0.00035344437336618526,0.00035344437336618526,Overweighted,2015,AU000000COH5
0.0007169641458750292,0.001063879245096675,0.0003469150992216457,0.0003469150992216457,Overweighted,2015,AU000000MTS0
0.0011089598749854364,0.0014557460649700594,0.00034678618998462305,0.00034678618998462305,Overweighted,2015,JP3830000000
0.0011880301794451016,0.0015286000879938554,0.0003405699085487538,0.0003405699085487538,Overweighted,2015,JP3613400005
0.0033259025059207007,0.002987063127597582,-0.00033883937832311856,0.00033883937832311856,Underweighted,2015,JP3621000003
0.0015929757892743136,0.0019253995990619862,0.00033242380978767256,0.00033242380978767256,Overweighted,2015,JP3738600000
0.00017131644841511965,0.0005025343417256217,0.00033121789331050204,0.00033121789331050204,Overweighted,2015,AU000000ERA9
0.0032780939036065482,0.0029486227665289394,-0.00032947113707760883,0.00032947113707760883,Underweighted,2015,JP3111200006
0.0031096355283705846,0.00343642520445843,0.0003267896760878455,0.0003267896760878455,Overweighted,2015,JP3197600004
0.008323139640777577,0.007999030427783915,-0.00032410921299366215,0.00032410921299366215,Underweighted,2015,AU0000224040
0.0024537962851668657,0.002777889717357403,0.0003240934321905374,0.0003240934321905374,Overweighted,2015,JP3659000008
0.004980885658495359,0.004659760258443664,-0.0003211254000516951,0.0003211254000516951,Underweighted,2015,JP3734800000
0.012046372335043713,0.012364114924056094,0.0003177425890123816,0.0003177425890123816,Overweighted,2015,JP3242800005
0.006880624915502106,0.0071963610682071475,0.0003157361527050418,0.0003157361527050418,Overweighted,2015,JP3910660004
0.004514732701576207,0.0048229254134190755,0.00030819271184286817,0.00030819271184286817,Overweighted,2015,JP3890310000
0.0005378246381810656,0.0008449608616402746,0.000307136223459209,0.000307136223459209,Overweighted,2015,JP3535800001
0.0015342845237010668,0.0018282729394930558,0.00029398841579198897,0.00029398841579198897,Overweighted,2015,JP3174410005
0.0011534554330694775,0.001445072575431934,0.00029161714236245655,0.00029161714236245655,Overweighted,2015,JP3229400001
0.0013254863997793863,0.00104017248970384,-0.0002853139100755463,0.0002853139100755463,Underweighted,2015,JP3385980002
0.0008267312555377458,0.0005417399783888197,-0.00028499127714892616,0.00028499127714892616,Underweighted,2015,AU000000BSL0
0.0035278821710720224,0.0038122310485348586,0.00028434887746283614,0.00028434887746283614,Overweighted,2015,JP3951600000
0.009128911693001512,0.009411236813560538,0.00028232512055902624,0.00028232512055902624,Overweighted,2015,JP3830800003
0.001857259006933649,0.0015756456395338194,-0.00028161336739982953,0.00028161336739982953,Underweighted,2015,AU000000ASX7
0.0009284707216235381,0.0006469244822880396,-0.0002815462393354985,0.0002815462393354985,Underweighted,2015,NZCENE0001S6
0.001526760707126878,0.0018079975059768396,0.0002812367988499617,0.0002812367988499617,Overweighted,2015,JP3443600006
0.0009033099064566085,0.0006235457122102547,-0.00027976419424635376,0.00027976419424635376,Underweighted,2015,JP3870400003
0.0007041364050356759,0.0004256399279794726,-0.00027849647705620323,0.00027849647705620323,Underweighted,2015,AU000000TAH8
0.0004911702577277261,0.0007675431361498697,0.0002763728784221436,0.0002763728784221436,Overweighted,2015,JP3891600003
0.0005845736770409797,0.0008586508451645563,0.00027407716812357654,0.00027407716812357654,Overweighted,2015,AU000000PPT9
0.001775071082050994,0.002049101573826264,0.00027403049177527,0.00027403049177527,Overweighted,2015,JP3359600008
0.003821878967904828,0.003549413472208058,-0.0002724654956967696,0.0002724654956967696,Underweighted,2015,JP3505000004
0.0004952314087194756,0.00022731589439003422,-0.0002679155143294414,0.0002679155143294414,Underweighted,2015,AU000000BPT9
0.012976491945039841,0.012711334960419415,-0.0002651569846204259,0.0002651569846204259,Underweighted,2015,AU000000WES1
0.017239793597771957,0.01697473416264176,-0.0002650594351301973,0.0002650594351301973,Underweighted,2015,AU000000TLS2
0.002784664058108976,0.0030494759914387864,0.00026481193332981035,0.00026481193332981035,Overweighted,2015,SG1F60858221
0.00038516810984909,0.0006484206403804466,0.0002632525305313566,0.0002632525305313566,Overweighted,2015,AU000000MND5
0.003796021955425027,0.004053537139861126,0.0002575151844360986,0.0002575151844360986,Overweighted,2015,JP3573000001
0.004436215080071058,0.0046925069601292,0.0002562918800581423,0.0002562918800581423,Overweighted,2015,JP3397200001
0.0031899058571458567,0.0034460751356543695,0.0002561692785085128,0.0002561692785085128,Overweighted,2015,HK0823032773
0.001266242451251623,0.0010116242905518582,-0.00025461816069976477,0.00025461816069976477,Underweighted,2015,AU000000BEN6
0.003751712660657149,0.004005157959449147,0.00025344529879199823,0.00025344529879199823,Overweighted,2015,JP3818000006
0.007007403056875376,0.0072589868241626125,0.0002515837672872369,0.0002515837672872369,Overweighted,2015,JP3566800003
0.0004672583228281841,0.0007188364381038878,0.0002515781152757037,0.0002515781152757037,Overweighted,2015,JP3619800000
0.009087521541352514,0.00883607492298845,-0.00025144661836406373,0.00025144661836406373,Underweighted,2015,JP3783600004
0.002893228089959099,0.0031446161620860415,0.0002513880721269424,0.0002513880721269424,Overweighted,2015,JP3571400005
0.00808077747798273,0.008332087684456261,0.00025131020647353036,0.00025131020647353036,Overweighted,2015,JP3762600009
0.0007643483121080891,0.00100946916957362,0.0002451208574655308,0.0002451208574655308,Overweighted,2015,JP3888300005
0.0035238820900199983,0.0032801381680789003,-0.00024374392194109794,0.00024374392194109794,Underweighted,2015,AU000000STO6
0.0002865615316712189,4.862161072224755e-05,-0.00023793992094897133,0.00023793992094897133,Underweighted,2015,AU000000OZL8
0.011323551581949,0.01155561209604103,0.0002320605140920303,0.0002320605140920303,Overweighted,2015,JP3463000004
0.0034311382260557807,0.003659773106556404,0.0002286348805006235,0.0002286348805006235,Overweighted,2015,JP3551520004
0.020996117038878385,0.0207686697304747,-0.0002274473084036832,0.0002274473084036832,Underweighted,2015,AU000000NAB4
0.0007855579021747752,0.001011385423736102,0.00022582752156132685,0.00022582752156132685,Overweighted,2015,JP3270000007
0.0016306437280970373,0.0014066398122494416,-0.00022400391584759564,0.00022400391584759564,Underweighted,2015,AU000000LLC3
0.0004750294726582613,0.0006982355671475635,0.00022320609448930217,0.00022320609448930217,Overweighted,2015,JP3678000005
0.0006750426857504203,0.000455404084020794,-0.00021963860172962628,0.00021963860172962628,Underweighted,2015,JP3870000001
0.002258714469707545,0.002041390694353579,-0.0002173237753539661,0.0002173237753539661,Underweighted,2015,JP3429800000
0.0004562229847197759,0.0006735208454813283,0.00021729786076155245,0.00021729786076155245,Overweighted,2015,JP3320800000
0.020790787687533115,0.021006856110686072,0.00021606842315295693,0.00021606842315295693,Overweighted,2015,JP3854600008
0.002082796401334105,0.001867278993733945,-0.00021551740760015993,0.00021551740760015993,Underweighted,2015,JP3112000009
0.0035728113257281146,0.003787124561589711,0.00021431323586159658,0.00021431323586159658,Overweighted,2015,JP3475350009
0.0014082728100713517,0.0016221311202740296,0.00021385831020267793,0.00021385831020267793,Overweighted,2015,JP3942800008
0.001988773122132637,0.0022015082280563434,0.00021273510592370636,0.00021273510592370636,Overweighted,2015,SGXE34184239
0.0005703474345819112,0.0007813148778926411,0.00021096744331072998,0.00021096744331072998,Overweighted,2015,AU000000SGM7
0.0060077431065137556,0.005801992735522756,-0.0002057503709909994,0.0002057503709909994,Underweighted,2015,HK0003000038
0.0018611858040580025,0.0016572258496765423,-0.00020395995438146023,0.00020395995438146023,Underweighted,2015,JP3419400001
0.0017411955864852274,0.001943398805716414,0.00020220321923118656,0.00020220321923118656,Overweighted,2015,JP3300600008
0.00543112378912203,0.005229044637738777,-0.00020207915138325313,0.00020207915138325313,Underweighted,2015,JP3592200004
0.011471331675593891,0.011672602201777337,0.0002012705261834457,0.0002012705261834457,Overweighted,2015,JP3788600009
0.010083074538267593,0.010281042730535934,0.00019796819226834163,0.00019796819226834163,Overweighted,2015,HK0016000132
0.0006615584430590172,0.0008572551114458282,0.00019569666838681094,0.00019569666838681094,Overweighted,2015,JP3165600002
0.001648066981900739,0.0018416772249318528,0.00019361024303111377,0.00019361024303111377,Overweighted,2015,BMG668971101
0.002546274494893277,0.0027391116944329415,0.0001928371995396647,0.0001928371995396647,Overweighted,2015,JP3539220008
0.007546009390284929,0.007736541756970357,0.00019053236668542788,0.00019053236668542788,Overweighted,2015,JP3893600001
0.0014172042887562145,0.0016072237658598897,0.00019001947710367518,0.00019001947710367518,Overweighted,2015,BMG524401079
0.0006208278467590569,0.0008106308796573933,0.0001898030328983364,0.0001898030328983364,Overweighted,2015,JP3635400009
0.006501774490917624,0.006689018443793285,0.00018724395287566045,0.00018724395287566045,Overweighted,2015,JP3814800003
0.0007292972202026055,0.000915796159262863,0.0001864989390602575,0.0001864989390602575,Overweighted,2015,JP3126400005
0.00407705055055711,0.003890700853476288,-0.00018634969708082203,0.00018634969708082203,Underweighted,2015,JP3258000003
0.0030134564802968044,0.0031989897396583465,0.0001855332593615421,0.0001855332593615421,Overweighted,2015,JP3940000007
0.007699023177764299,0.007883370497826494,0.00018434732006219513,0.00018434732006219513,Overweighted,2015,JP3902400005
0.0015248766994863446,0.0013416394678462155,-0.0001832372316401291,0.0001832372316401291,Underweighted,2015,JP3688370000
0.025926751297470567,0.026108855468100947,0.00018210417063038026,0.00018210417063038026,Overweighted,2015,JP3902900004
0.0029103643150460907,0.00272964919256494,-0.00018071512248115078,0.00018071512248115078,Underweighted,2015,JP3420600003
0.0018497351903594605,0.0016704263787300755,-0.000179308811629385,0.000179308811629385,Underweighted,2015,JP3256000005
0.009334534180057462,0.009513093769608162,0.00017855958955069993,0.00017855958955069993,Overweighted,2015,JP3898400001
0.0011920730094549337,0.001014932759132364,-0.00017714025032256964,0.00017714025032256964,Underweighted,2015,NZAIAE0002S6
0.0060207510036753,0.0058440495090096925,-0.00017670149466560755,0.00017670149466560755,Underweighted,2015,JP3200450009
0.0012855924616536657,0.0011097675472242342,-0.00017582491442943147,0.00017582491442943147,Underweighted,2015,JP3955000009
0.002270339132734305,0.002445986491934195,0.00017564735919989001,0.00017564735919989001,Overweighted,2015,AU000000SGP0
0.003822956852340984,0.003647837518823499,-0.00017511933351748495,0.00017511933351748495,Underweighted,2015,AU000000QBE9
0.002026795266605769,0.0022017708233936506,0.00017497555678788182,0.00017497555678788182,Overweighted,2015,JP3786200000
0.0003195820480808277,0.0004944806477554159,0.0001748985996745882,0.0001748985996745882,Overweighted,2015,JP3375800004
0.0020123949748184823,0.0018379579313195116,-0.00017443704349897064,0.00017443704349897064,Underweighted,2015,JP3260800002
0.0012727708278082851,0.0014465549960118074,0.00017378416820352225,0.00017378416820352225,Overweighted,2015,JP3787000003
0.0006498910310744495,0.00047701078094714586,-0.00017288025012730367,0.00017288025012730367,Underweighted,2015,JP3491000000
0.0017081628560876735,0.001537530551936236,-0.00017063230415143753,0.00017063230415143753,Underweighted,2015,JP3982800009
0.002284614231145154,0.0021169020538480575,-0.0001677121772970967,0.0001677121772970967,Underweighted,2015,JP3684000007
0.0005370276754676471,0.0007046945278370001,0.00016766685236935296,0.00016766685236935296,Overweighted,2015,JP3827200001
0.0006515154914711494,0.00048518085934171924,-0.0001663346321294302,0.0001663346321294302,Underweighted,2015,JP3421100003
0.0010077089684174486,0.0008429296966818518,-0.0001647792717355968,0.0001647792717355968,Underweighted,2015,AU000000BLD2
0.0008768788365433872,0.0010343626913206002,0.00015748385477721302,0.00015748385477721302,Overweighted,2015,JP3769000005
0.00095866675332084,0.0011157168705677005,0.0001570501172468605,0.0001570501172468605,Overweighted,2015,JP3350800003
0.0019450439917921515,0.0017887577667220981,-0.00015628622507005336,0.00015628622507005336,Underweighted,2015,JP3720800006
0.0026927446383310533,0.0028478821347896464,0.00015513749645859306,0.00015513749645859306,Overweighted,2015,JP3119600009
0.0027055907001523245,0.0028590643353173617,0.0001534736351650372,0.0001534736351650372,Overweighted,2015,JP3546800008
0.0051152914353403516,0.004963598866016171,-0.00015169256932418083,0.00015169256932418083,Underweighted,2015,JP3481800005
0.003041228035387001,0.002889872065488707,-0.0001513559698982942,0.0001513559698982942,Underweighted,2015,JP3201200007
0.003847552770565452,0.0036978254016390927,-0.0001497273689263592,0.0001497273689263592,Underweighted,2015,JP3407400005
0.0015176979280716052,0.0013690632241769465,-0.00014863470389465862,0.00014863470389465862,Underweighted,2015,JP3778630008
0.018908129692667607,0.019056560258052527,0.00014843056538492092,0.00014843056538492092,Overweighted,2015,JP3726800000
0.0005103828607653865,0.0003629527871135705,-0.00014743007365181597,0.00014743007365181597,Underweighted,2015,JP3811000003
0.0034008536429458768,0.003545536346507743,0.00014468270356186603,0.00014468270356186603,Overweighted,2015,AU000000IAG3
0.019790599482192868,0.01993518817724639,0.00014458869505352273,0.00014458869505352273,Overweighted,2015,JP3890350006
0.0020676724307610705,0.0022094819527521004,0.00014180952199102995,0.00014180952199102995,Overweighted,2015,JP3134800006
0.002340777201213763,0.0022015886220217934,-0.00013918857919196972,0.00013918857919196972,Underweighted,2015,JP3733000008
0.0015891589180414662,0.001728273561336046,0.0001391146432945798,0.0001391146432945798,Overweighted,2015,BMG8063F1068
0.0015671218302914988,0.001706045105976152,0.00013892327568465306,0.00013892327568465306,Overweighted,2015,JP3629000005
0.0011414765643923096,0.001278529026941603,0.0001370524625492935,0.0001370524625492935,Overweighted,2015,JP3210200006
0.004160496516198112,0.00429745628329181,0.00013695976709369832,0.00013695976709369832,Overweighted,2015,AU000000SUN6
0.004463149976987015,0.004330041499593499,-0.00013310847739351605,0.00013310847739351605,Underweighted,2015,SG1U68934629
0.0009284524006416204,0.0010613134752037814,0.00013286107456216098,0.00013286107456216098,Overweighted,2015,JP3405400007
0.0018898184452983298,0.0020213147170249648,0.00013149627172663494,0.00013149627172663494,Overweighted,2015,HK0010000088
0.004350668308503497,0.004219173452955094,-0.00013149485554840318,0.00013149485554840318,Underweighted,2015,JP3868400007
0.001896926986282385,0.002024798843544493,0.00012787185726210798,0.00012787185726210798,Overweighted,2015,SG1R89002252
0.0021250781741030942,0.0020013315951697493,-0.00012374657893334494,0.00012374657893334494,Underweighted,2015,JP3493800001
0.00040293946230922714,0.0005255358686459519,0.00012259640633672473,0.00012259640633672473,Overweighted,2015,AU000000CSR5
0.005349149609028415,0.005471162042470296,0.00012201243344188168,0.00012201243344188168,Overweighted,2015,JP3294460005
0.0027464831317925574,0.0028656926811747095,0.00011920954938215208,0.00011920954938215208,Overweighted,2015,AU000000TCL6
0.0013557862503742215,0.0014732234400809513,0.00011743718970672989,0.00011743718970672989,Overweighted,2015,AU000000APA1
0.003927355914301824,0.004043324371711599,0.00011596845740977513,0.00011596845740977513,Overweighted,2015,SGXE21576413
0.0025489646257381877,0.0026633272224338748,0.00011436259669568702,0.00011436259669568702,Overweighted,2015,JP3626800001
0.0033738271411203314,0.0032611896466817896,-0.00011263749443854183,0.00011263749443854183,Underweighted,2015,AU000000AMP6
0.00512868101962518,0.0050176053810736445,-0.00011107563855153584,0.00011107563855153584,Underweighted,2015,IE00BKVD2N49
0.0011373146480000128,0.0012475945894055858,0.00011027994140557309,0.00011027994140557309,Overweighted,2015,BMG2442N1048
0.0007008447352844682,0.0005957218332663668,-0.00010512290201810141,0.00010512290201810141,Underweighted,2015,JP3544000007
0.00034658412193048284,0.0002451616307076938,-0.00010142249122278905,0.00010142249122278905,Underweighted,2015,AU000000CQR9
0.0016715911226830235,0.0017714466333516425,9.985551066861898e-05,9.985551066861898e-05,Overweighted,2015,JP3596200000
0.006663796094506514,0.0067631028948381584,9.930680033164423e-05,9.930680033164423e-05,Overweighted,2015,JP3900000005
0.002985791797601127,0.0030842249544169925,9.843315681586562e-05,9.843315681586562e-05,Overweighted,2015,JP3667600005
0.008425807369947198,0.00832939639626657,-9.641097368062908e-05,9.641097368062908e-05,Underweighted,2015,JP3866800000
0.00020902713619565128,0.0003027163456389686,9.368920944331731e-05,9.368920944331731e-05,Overweighted,2015,AU000000IGO4
0.00631152025419361,0.006404007171999211,9.248691780560075e-05,9.248691780560075e-05,Overweighted,2015,JP3914400001
0.0006510360924443038,0.0007431317792725983,9.209568682829459e-05,9.209568682829459e-05,Overweighted,2015,JP3385820000
0.000859941088760504,0.000951322710682344,9.138162192184006e-05,9.138162192184006e-05,Overweighted,2015,JP3164800009
0.005725053409021136,0.005638494645894787,-8.655876312634904e-05,8.655876312634904e-05,Underweighted,2015,JP3266400005
0.0004363599868240384,0.0003517089973254198,-8.465098949861859e-05,8.465098949861859e-05,Underweighted,2015,JP3452000007
0.00024739737932521897,0.0003317230293567319,8.432565003151294e-05,8.432565003151294e-05,Overweighted,2015,AU000000GWA4
0.0010650780697956373,0.0009811968056441132,-8.388126415152406e-05,8.388126415152406e-05,Underweighted,2015,AU000000WOR2
0.004952109502896676,0.005035169193948776,8.30596910521e-05,8.30596910521e-05,Overweighted,2015,JP3435000009
0.0009702395068988329,0.0008880836805717983,-8.215582632703467e-05,8.215582632703467e-05,Underweighted,2015,JP3820000002
0.000641542770313966,0.0007231522392464587,8.160946893249273e-05,8.160946893249273e-05,Overweighted,2015,JP3122400009
0.002101734189643,0.0021796066701371313,7.787248049413113e-05,7.787248049413113e-05,Overweighted,2015,JP3401400001
0.0012333104862546163,0.0013103611701549733,7.705068390035708e-05,7.705068390035708e-05,Overweighted,2015,JP3528600004
0.00036556771269417236,0.000441351807037262,7.578409434308962e-05,7.578409434308962e-05,Overweighted,2015,BMG684371393
0.0006672165729745902,0.0007428200079923647,7.560343501777456e-05,7.560343501777456e-05,Overweighted,2015,JP3293200006
0.00047988453286644306,0.0004053711970318609,-7.451333583458216e-05,7.451333583458216e-05,Underweighted,2015,AU000000CWY3
0.002595634273676459,0.00266867484920297,7.304057552651091e-05,7.304057552651091e-05,Overweighted,2015,JP3792600003
0.03226383237493631,0.03219184426507709,-7.198810985922094e-05,7.198810985922094e-05,Underweighted,2015,AU000000CBA7
0.001401176483075242,0.0014731577364930286,7.198125341778658e-05,7.198125341778658e-05,Overweighted,2015,AU0000088338
0.0005303649450435888,0.00046027519096531274,-7.008975407827607e-05,7.008975407827607e-05,Underweighted,2015,HK0242001243
0.0021118717996374426,0.0021815380100943904,6.966621045694779e-05,6.966621045694779e-05,Overweighted,2015,JP3495000006
0.0005684054104986385,0.0004991780954380922,-6.922731506054628e-05,6.922731506054628e-05,Underweighted,2015,AU000000DOW2
0.007473174326671243,0.007404232778852675,-6.894154781856773e-05,6.894154781856773e-05,Underweighted,2015,JP3371200001
0.0016414989098832552,0.0017101993741748625,6.870046429160721e-05,6.870046429160721e-05,Overweighted,2015,AU000000GPT8
0.0023152591268994385,0.0022474066879110497,-6.78524389883888e-05,6.78524389883888e-05,Underweighted,2015,JP3402600005
0.0001786112527153375,0.00024440849443015697,6.579724171481947e-05,6.579724171481947e-05,Overweighted,2015,AU000000SIG5
0.0010788004852519699,0.0011412170094705315,6.24165242185616e-05,6.24165242185616e-05,Overweighted,2015,JP3118000003
0.0050836938485263475,0.005022511193698424,-6.118265482792356e-05,6.118265482792356e-05,Underweighted,2015,JP3205800000
0.0020002634312920003,0.0020614026131579597,6.113918186595934e-05,6.113918186595934e-05,Overweighted,2015,AU000000NCM7
3.9393164619970745e-05,0.00010004520309075174,6.0652038470781e-05,6.0652038470781e-05,Overweighted,2015,AU000000SBM8
0.0005029140071369508,0.0005622863441086063,5.937233697165547e-05,5.937233697165547e-05,Overweighted,2015,JP3194000000
0.001502705257868981,0.0014512372952028675,-5.146796266611341e-05,5.146796266611341e-05,Underweighted,2015,JP3894900004
0.0009328127943380252,0.0008838075916554732,-4.9005202682552026e-05,4.9005202682552026e-05,Underweighted,2015,JP3456000003
0.0018408769956022684,0.001889419458462298,4.8542462860029544e-05,4.8542462860029544e-05,Overweighted,2015,JP3414750004
0.0007973840960026294,0.0008442796477436909,4.689555174106151e-05,4.689555174106151e-05,Overweighted,2015,BMG677491539
0.004893366327874663,0.004847968859118052,-4.5397468756610757e-05,4.5397468756610757e-05,Underweighted,2015,HK0006000050
0.006315798203471385,0.0063606959793457716,4.489777587438678e-05,4.489777587438678e-05,Overweighted,2015,HK0004000045
4.412608494870144e-05,5.367097887198904e-07,-4.358937515998155e-05,4.358937515998155e-05,Underweighted,2015,AU000000MAH3
0.011901511384517706,0.011944543571053436,4.303218653572971e-05,4.303218653572971e-05,Overweighted,2015,JP3672400003
0.0016514991125133151,0.0016933972523096856,4.189813979637051e-05,4.189813979637051e-05,Overweighted,2015,AU000000MGR9
0.0009034320463360596,0.0009408815166953053,3.744947035924575e-05,3.744947035924575e-05,Overweighted,2015,JP3166000004
0.0009306203835018777,0.0008939806147449686,-3.663976875690903e-05,3.663976875690903e-05,Underweighted,2015,JP3209000003
0.00233483204258148,0.002371328401208447,3.649635862696711e-05,3.649635862696711e-05,Overweighted,2015,AU000000ORI1
0.025920659570982944,0.02595680736986643,3.61477988834874e-05,3.61477988834874e-05,Overweighted,2015,AU000000WBC1
0.001491792059640024,0.0015264689307785163,3.4676871138492266e-05,3.4676871138492266e-05,Overweighted,2015,SG9999000020
0.004869295611131834,0.004900676801038139,3.138118990630469e-05,3.138118990630469e-05,Overweighted,2015,JP3502200003
0.03148538301374559,0.03145512008637045,-3.0262927375138138e-05,3.0262927375138138e-05,Underweighted,2015,AU000000BHP4
0.0008434644190225486,0.0008731724799492124,2.9708060926663814e-05,2.9708060926663814e-05,Overweighted,2015,JP3148800000
0.0039241711169451365,0.003894770225295277,-2.9400891649859588e-05,2.9400891649859588e-05,Underweighted,2015,JP3519400000
3.74541940336843e-05,8.329444565573102e-06,-2.9124749468111196e-05,2.9124749468111196e-05,Underweighted,2015,AU0000038911
0.0012014777801726696,0.0012304930531618701,2.9015272989200546e-05,2.9015272989200546e-05,Overweighted,2015,JP3582600007
0.001745354449380538,0.001716645008146479,-2.8709441234058865e-05,2.8709441234058865e-05,Underweighted,2015,SG1J26887955
0.0004786173316171378,0.0005063434875874475,2.7726155970309745e-05,2.7726155970309745e-05,Overweighted,2015,JP3888400003
0.001326616193664309,0.0013539188002922738,2.7302606627964757e-05,2.7302606627964757e-05,Overweighted,2015,JP3269600007
0.004650365984209683,0.0046759851436429505,2.5619159433267098e-05,2.5619159433267098e-05,Overweighted,2015,AU000000MQG1
0.0013033149581620227,0.0012778252516144938,-2.5489706547528884e-05,2.5489706547528884e-05,Underweighted,2015,JP3190000004
0.0006765602737526004,0.0006513025121246071,-2.5257761627993304e-05,2.5257761627993304e-05,Underweighted,2015,JP3215800008
0.0017073017699375432,0.0017308745937452202,2.357282380767694e-05,2.357282380767694e-05,Overweighted,2015,HK0200030994
0.0008550921355462947,0.0008740013826648699,1.8909247118575174e-05,1.8909247118575174e-05,Overweighted,2015,JP3634200004
0.0012513444394555732,0.0012334813782828463,-1.7863061172726947e-05,1.7863061172726947e-05,Underweighted,2015,AU000000DXS1
0.0014652174753684475,0.0014477701199522432,-1.744735541620436e-05,1.744735541620436e-05,Underweighted,2015,AU000000CIM7
0.011452341977836232,0.011435113952432336,-1.7228025403895342e-05,1.7228025403895342e-05,Underweighted,2015,AU000000WOW2
0.022021652322701722,0.022005016685755652,-1.663563694606976e-05,1.663563694606976e-05,Underweighted,2015,AU000000ANZ3
0.0008561730734794371,0.0008726547776945717,1.6481704215134604e-05,1.6481704215134604e-05,Overweighted,2015,JP3638600001
0.0015300859653449347,0.001545431391150583,1.534542580564828e-05,1.534542580564828e-05,Overweighted,2015,NZFBUE0001S0
0.0019220328385035615,0.0019070284358891194,-1.5004402614442105e-05,1.5004402614442105e-05,Underweighted,2015,JP3419050004
0.0055684029066311105,0.005555847986844992,-1.2554919786118487e-05,1.2554919786118487e-05,Underweighted,2015,HK0388045442
0.002310361317733449,0.002320998539649284,1.0637221915835073e-05,1.0637221915835073e-05,Overweighted,2015,JP3762800005
0.0030748073417450994,0.003083048212598172,8.24087085307245e-06,8.24087085307245e-06,Overweighted,2015,JP3165700000
0.002098665425171791,0.0021066905765022193,8.02515133042827e-06,8.02515133042827e-06,Overweighted,2015,JP3657400002
0.0037158829270201644,0.003722069407989365,6.1864809692007035e-06,6.1864809692007035e-06,Overweighted,2015,JP3877600001
0.0032237233362688842,0.0032240706042553765,3.472679864923063e-07,3.472679864923063e-07,Overweighted,2015,JP3388200002
0.006210101878004545,0.003898300348028531,-0.002311801529976014,0.002311801529976014,Underweighted,2016,HK0002007356
0.0012140704179126583,0.0033579220689069775,0.0021438516509943192,0.0021438516509943192,Overweighted,2016,JP3246400000
0.001826342308138694,0.0,-0.001826342308138694,0.001826342308138694,Removed,2016,JP3551200003
0.0018244614115434038,0.0002767765768584725,-0.0015476848346849313,0.0015476848346849313,Underweighted,2016,JP3585800000
0.0014228554639152597,0.0,-0.0014228554639152597,0.0014228554639152597,Removed,2016,JP3522200009
0.003371171568590232,0.0020123470107175417,-0.0013588245578726901,0.0013588245578726901,Underweighted,2016,HK0019000162
0.00267542764179612,0.0015134887159042125,-0.0011619389258919074,0.0011619389258919074,Underweighted,2016,JP3526600006
0.0013939156187971237,0.00025901833560717645,-0.0011348972831899473,0.0011348972831899473,Underweighted,2016,JP3753000003
0.0010058598601506152,4.556057508814616e-19,-0.0010058598601506148,0.0010058598601506148,Underweighted,2016,JP3449020001
0.0011592537443051332,0.0002058462129776432,-0.00095340753132749,0.00095340753132749,Underweighted,2016,JP3362700001
0.0016925997885590507,0.002583841710186305,0.0008912419216272544,0.0008912419216272544,Overweighted,2016,JP3351600006
0.010934411448163024,0.010099251392333112,-0.0008351600558299116,0.0008351600558299116,Underweighted,2016,JP3551500006
0.001680286958864772,0.0025095582469655724,0.0008292712881008003,0.0008292712881008003,Overweighted,2016,JP3027680002
0.0008253738839209113,0.0,-0.0008253738839209113,0.0008253738839209113,Removed,2016,JP3845400005
0.00116451804520179,0.0003729365960768906,-0.0007915814491248995,0.0007915814491248995,Underweighted,2016,JP3903000002
0.00291409988612124,0.003701141858226979,0.0007870419721057388,0.0007870419721057388,Overweighted,2016,JP3659000008
0.0019389668609524212,0.0027002310827684965,0.0007612642218160753,0.0007612642218160753,Overweighted,2016,JP3027670003
0.0007589348712928561,3.215508026916561e-18,-0.0007589348712928528,0.0007589348712928528,Underweighted,2016,JP3223800008
0.0023526149659307345,0.001630443590214964,-0.0007221713757157705,0.0007221713757157705,Underweighted,2016,JP3228600007
0.0015892195248854647,0.0008748482772839107,-0.0007143712476015541,0.0007143712476015541,Underweighted,2016,SG1R50925390
0.0026401767119199246,0.001967017702093283,-0.0006731590098266417,0.0006731590098266417,Underweighted,2016,AU000000ORG5
0.001762529922033577,0.00111383618615302,-0.0006486937358805569,0.0006486937358805569,Underweighted,2016,JP3605400005
0.017015863865797492,0.017637392501087545,0.0006215286352900529,0.0006215286352900529,Overweighted,2016,JP3496400007
0.009289778665727916,0.009909899077676467,0.0006201204119485517,0.0006201204119485517,Overweighted,2016,HK0011000095
0.002519680565425468,0.001910509459194908,-0.0006091711062305601,0.0006091711062305601,Underweighted,2016,HK0293001514
0.0013074247570034198,0.001901363848701633,0.0005939390916982132,0.0005939390916982132,Overweighted,2016,JP3830000000
0.0009691727096730239,0.0015527149889754978,0.0005835422793024739,0.0005835422793024739,Overweighted,2016,JP3977400005
0.0008445115234345175,0.0014248397591661356,0.0005803282357316181,0.0005803282357316181,Overweighted,2016,JP3357200009
0.0030922823854633197,0.0025140282519816913,-0.0005782541334816284,0.0005782541334816284,Underweighted,2016,SG1V61937297
0.009789221617900794,0.01034695264298711,0.0005577310250863155,0.0005577310250863155,Overweighted,2016,JP3566800003
0.0004006668803118464,0.0009552812886523574,0.0005546144083405111,0.0005546144083405111,Overweighted,2016,AU000000BWP3
0.00136799736086731,0.001922339370930985,0.0005543420100636751,0.0005543420100636751,Overweighted,2016,JP3743000006
0.0004243838539737508,0.0009764414239860985,0.0005520575700123478,0.0005520575700123478,Overweighted,2016,JP3665200006
0.00223678377442812,0.0027650528911324483,0.0005282691167043281,0.0005282691167043281,Overweighted,2016,JP3224200000
0.0012363428850850813,0.0007111816092018073,-0.0005251612758832739,0.0005251612758832739,Underweighted,2016,NZTELE0001S4
0.0019642471054996916,0.0024876696885483265,0.0005234225830486349,0.0005234225830486349,Overweighted,2016,JP3973400009
0.0005218949469204767,8.547774968678798e-18,-0.0005218949469204681,0.0005218949469204681,Underweighted,2016,JP3368000000
0.007377075308042183,0.007881911541060303,0.0005048362330181194,0.0005048362330181194,Overweighted,2016,JP3910660004
0.00475165300083891,0.005254637854697319,0.000502984853858409,0.000502984853858409,Overweighted,2016,JP3814000000
0.0061656177068389875,0.0056751810785274645,-0.0004904366283115229,0.0004904366283115229,Underweighted,2016,AU0000224040
0.004409813163967718,0.0048894266614732266,0.0004796134975055084,0.0004796134975055084,Overweighted,2016,JP3116000005
0.06166911133969053,0.0621477099632876,0.00047859862359706656,0.00047859862359706656,Overweighted,2016,JP3633400001
0.0008591250680537251,0.00038610487370091285,-0.0004730201943528122,0.0004730201943528122,Underweighted,2016,JP3870000001
0.007864547913894963,0.008323755824429388,0.0004592079105344253,0.0004592079105344253,Overweighted,2016,JP3814800003
0.006673222258775571,0.006217237763165679,-0.0004559844956098921,0.0004559844956098921,Underweighted,2016,HK0003000038
0.00045436219706520415,0.0,-0.00045436219706520415,0.00045436219706520415,Removed,2016,JP3850200001
0.0005059556602076724,5.234935294867909e-05,-0.00045360630725899327,0.00045360630725899327,Underweighted,2016,JP3549600009
0.00044525876802250743,1.1532532811845226e-18,-0.0004452587680225063,0.0004452587680225063,Underweighted,2016,JP3158800007
0.009016761415290559,0.009460066009465012,0.00044330459417445296,0.00044330459417445296,Overweighted,2016,AU000000CSL8
0.0005533840836060912,0.0009958051211007202,0.00044242103749462895,0.00044242103749462895,Overweighted,2016,JP3678000005
0.002393889736444709,0.0028329229306460757,0.0004390331942013665,0.0004390331942013665,Overweighted,2016,JP3197800000
0.004260192120854561,0.004694150802800371,0.00043395868194580963,0.00043395868194580963,Overweighted,2016,JP3890310000
0.0014618212336162202,0.0018905650678963154,0.0004287438342800952,0.0004287438342800952,Overweighted,2016,JP3711600001
0.0009296407376195899,0.001355322275273774,0.0004256815376541841,0.0004256815376541841,Overweighted,2016,JP3359600008
0.008872134000729948,0.009292645580979584,0.0004205115802496367,0.0004205115802496367,Overweighted,2016,JP3830800003
0.009857864676759453,0.009440604310413101,-0.0004172603663463517,0.0004172603663463517,Underweighted,2016,JP3942400007
0.00030987288063934334,0.000715696396333944,0.00040582351569460066,0.00040582351569460066,Overweighted,2016,AU000000IVC8
0.00033123666208511373,0.0007343226060985801,0.0004030859440134664,0.0004030859440134664,Overweighted,2016,JP3827200001
0.0014969672089100055,0.0018999364285239178,0.0004029692196139123,0.0004029692196139123,Overweighted,2016,JP3358800005
0.0022078715489369342,0.002591698621959252,0.00038382707302231757,0.00038382707302231757,Overweighted,2016,JP3134800006
0.005684945053141282,0.006067455879309919,0.0003825108261686378,0.0003825108261686378,Overweighted,2016,JP3762600009
0.0016367225212766483,0.0012563939641608022,-0.00038032855711584617,0.00038032855711584617,Underweighted,2016,JP3419400001
0.003947974333887169,0.00357073393661616,-0.00037724039727100867,0.00037724039727100867,Underweighted,2016,JP3111200006
0.00014535657271208863,0.0005166869288408545,0.0003713303561287659,0.0003713303561287659,Overweighted,2016,AU000000ERA9
0.001759370236710505,0.0013893146807626975,-0.00037005555594780753,0.00037005555594780753,Underweighted,2016,JP3289800009
0.004846868902786097,0.005208910377663361,0.0003620414748772647,0.0003620414748772647,Overweighted,2016,JP3951600000
0.000893188353971073,0.0005315700351038762,-0.0003616183188671968,0.0003616183188671968,Underweighted,2016,JP3870400003
0.0006135451550284274,0.00025305873054683474,-0.0003604864244815927,0.0003604864244815927,Underweighted,2016,AU000000BSL0
0.0017469883579488516,0.0013976565315382862,-0.00034933182641056545,0.00034933182641056545,Underweighted,2016,JP3112000009
0.008687416697651515,0.009031393634985606,0.0003439769373340916,0.0003439769373340916,Overweighted,2016,JP3783600004
0.0069996531057713975,0.007342885623190668,0.00034323251741927036,0.00034323251741927036,Overweighted,2016,JP3902400005
0.000654869640870912,0.0009974367367829732,0.00034256709591206117,0.00034256709591206117,Overweighted,2016,JP3493400000
0.00046372525060123026,0.0008016552697799676,0.0003379300191787374,0.0003379300191787374,Overweighted,2016,JP3156400008
0.001826347832064084,0.0021613065834935703,0.00033495875142948634,0.00033495875142948634,Overweighted,2016,JP3443600006
0.0010264254343775327,0.0013613831610521042,0.0003349577266745715,0.0003349577266745715,Overweighted,2016,AU000000COH5
0.0026562402869540038,0.002984882684513712,0.00032864239755970833,0.00032864239755970833,Overweighted,2016,JP3429800000
0.0011905964969679131,0.0008641545959478609,-0.0003264419010200522,0.0003264419010200522,Underweighted,2016,AU000000QAN2
0.00045101469827887273,0.0007761512813724007,0.000325136583093528,0.000325136583093528,Overweighted,2016,JP3663900003
0.00033349870953231295,0.000655352268328545,0.0003218535587962321,0.0003218535587962321,Overweighted,2016,JP3619800000
0.0017489162079099567,0.0014350229174674592,-0.0003138932904424975,0.0003138932904424975,Underweighted,2016,JP3493800001
0.00216271898279919,0.0024734396377018015,0.00031072065490261175,0.00031072065490261175,Overweighted,2016,SG1F60858221
0.004919939387844831,0.005230495262006263,0.00031055587416143216,0.00031055587416143216,Overweighted,2016,JP3397200001
0.01314789254333349,0.013454869554862641,0.00030697701152915084,0.00030697701152915084,Overweighted,2016,JP3890350006
0.003483627641679565,0.003789624509679912,0.00030599686800034716,0.00030599686800034716,Overweighted,2016,JP3197600004
0.0017453615619215008,0.0014409062655197727,-0.00030445529640172816,0.00030445529640172816,Underweighted,2016,JP3626800001
0.0007775449759317185,0.0004745700238489911,-0.0003029749520827274,0.0003029749520827274,Underweighted,2016,JP3243600008
0.002016636013898318,0.0017171194986193774,-0.0002995165152789405,0.0002995165152789405,Underweighted,2016,JP3982800009
0.0009133120141667917,0.000615929612667148,-0.00029738240149964365,0.00029738240149964365,Underweighted,2016,JP3595200001
0.00415467409805505,0.004451787035471517,0.0002971129374164669,0.0002971129374164669,Overweighted,2016,JP3573000001
0.005381640119790631,0.005676606442783562,0.0002949663229929317,0.0002949663229929317,Overweighted,2016,JP3304200003
0.012826441515076734,0.013116554203408329,0.0002901126883315952,0.0002901126883315952,Overweighted,2016,HK0016000132
0.007432314561942042,0.007722346470225394,0.0002900319082833518,0.0002900319082833518,Overweighted,2016,JP3435000009
0.0004843239683804876,0.0007738560706967021,0.00028953210231621453,0.00028953210231621453,Overweighted,2016,AU000000PPT9
0.010673800934151574,0.010385258460501897,-0.0002885424736496778,0.0002885424736496778,Underweighted,2016,AU000000WES1
0.015784536704966518,0.016072871083596278,0.0002883343786297607,0.0002883343786297607,Overweighted,2016,JP3854600008
0.007060554383195992,0.007344068060979047,0.00028351367778305537,0.00028351367778305537,Overweighted,2016,HK0066009694
0.0029070513573236176,0.003186898295768707,0.00027984693844508926,0.00027984693844508926,Overweighted,2016,JP3165700000
0.0018238372079743353,0.00210324786740436,0.0002794106594300248,0.0002794106594300248,Overweighted,2016,JP3982100004
0.00390622174382696,0.0036358937318735234,-0.00027032801195343674,0.00027032801195343674,Underweighted,2016,JP3621000003
0.000452848641508348,0.0007220345202813523,0.00026918587877300425,0.00026918587877300425,Overweighted,2016,JP3320800000
0.0010534291436464787,0.0007874509321846272,-0.00026597821146185144,0.00026597821146185144,Underweighted,2016,NZCENE0001S6
0.0011546550764179701,0.0008887128769196877,-0.0002659421994982824,0.0002659421994982824,Underweighted,2016,JP3495000006
0.0012649015793513084,0.0010000495804593458,-0.0002648519988919626,0.0002648519988919626,Underweighted,2016,JP3778630008
0.0017593398551208604,0.00202063135437671,0.00026129149925584964,0.00026129149925584964,Overweighted,2016,HK0010000088
0.003206412207945818,0.003466455117677387,0.000260042909731569,0.000260042909731569,Overweighted,2016,JP3551520004
0.0014257306670807477,0.001685230033204327,0.0002594993661235792,0.0002594993661235792,Overweighted,2016,JP3300600008
0.0003758064540942149,0.0006342030481168528,0.0002583965940226379,0.0002583965940226379,Overweighted,2016,JP3891600003
0.0007571147378768557,0.0010151122752758048,0.00025799753739894917,0.00025799753739894917,Overweighted,2016,JP3613400005
0.00017742295960095672,0.00043503022321899297,0.00025760726361803623,0.00025760726361803623,Overweighted,2016,AU000000GWA4
0.0032971399205136416,0.0030466766323633643,-0.0002504632881502773,0.0002504632881502773,Underweighted,2016,JP3201200007
0.00045867914475747817,0.00021016618762981765,-0.00024851295712766054,0.00024851295712766054,Underweighted,2016,NZSKCE0001S2
0.0002699901393236452,0.0005177019418219531,0.0002477118024983079,0.0002477118024983079,Overweighted,2016,JP3375800004
0.00047895195093872634,0.00023174499266873932,-0.00024720695826998705,0.00024720695826998705,Underweighted,2016,JP3491000000
0.0009293811131262605,0.0011726258332935206,0.00024324472016726013,0.00024324472016726013,Overweighted,2016,JP3769000005
0.00048408091566332827,0.0007204410003487317,0.00023636008468540346,0.00023636008468540346,Overweighted,2016,AU000000SGM7
0.003370911944096903,0.0031361637390641853,-0.0002347482050327177,0.0002347482050327177,Underweighted,2016,JP3505000004
0.0007897666608570623,0.0010238468519225493,0.000234080191065487,0.000234080191065487,Overweighted,2016,JP3350800003
0.0018726963280487608,0.0016427980211368202,-0.0002298983069119406,0.0002298983069119406,Underweighted,2016,JP3260800002
0.0010954524060507963,0.0013241125392359206,0.00022866013318512428,0.00022866013318512428,Overweighted,2016,JP3787000003
0.00262047010809115,0.0028485584449319773,0.00022808833684082735,0.00022808833684082735,Overweighted,2016,SGXE21576413
0.001835824126070605,0.0016084467666224696,-0.00022737735944813528,0.00022737735944813528,Underweighted,2016,JP3256000005
0.00044313758067275285,0.0006677911354309062,0.00022465355475815337,0.00022465355475815337,Overweighted,2016,JP3293200006
0.0006984092207947807,0.0009219494328924537,0.00022354021209767302,0.00022354021209767302,Overweighted,2016,JP3635400009
0.00347771151758689,0.003699791294805169,0.0002220797772182789,0.0002220797772182789,Overweighted,2016,JP3502200003
0.0005919162251639377,0.00037024148495038003,-0.00022167474021355765,0.00022167474021355765,Underweighted,2016,JP3215800008
0.0007839416815333221,0.0005623289376722124,-0.0002216127438611097,0.0002216127438611097,Underweighted,2016,JP3955000009
0.0008593985023605294,0.0010806387261750843,0.00022124022381455493,0.00022124022381455493,Overweighted,2016,JP3888300005
0.011663061398505283,0.011884017708830123,0.00022095631032484006,0.00022095631032484006,Overweighted,2016,JP3242800005
0.00021920869321350494,0.0,-0.00021920869321350494,0.00021920869321350494,Removed,2016,JP3686800008
0.018627394525333112,0.01840866551240116,-0.0002187290129319515,0.0002187290129319515,Underweighted,2016,AU000000NAB4
0.015121773374713316,0.015337135852413409,0.00021536247770009322,0.00021536247770009322,Overweighted,2016,JP3726800000
0.001709359378192268,0.0014945706879802138,-0.00021478869021205422,0.00021478869021205422,Underweighted,2016,BMG988031446
0.017241623934523522,0.017029039141611246,-0.0002125847929122758,0.0002125847929122758,Underweighted,2016,AU000000TLS2
0.00286118896677326,0.0026508068194509315,-0.00021038214732232866,0.00021038214732232866,Underweighted,2016,JP3407400005
0.0002510209795344337,4.279927096651888e-05,-0.0002082217085679148,0.0002082217085679148,Underweighted,2016,AU000000OZL8
0.007985582643114943,0.008192184746158236,0.00020660210304329282,0.00020660210304329282,Overweighted,2016,JP3371200001
0.008776086748011568,0.008572852533166784,-0.00020323421484478438,0.00020323421484478438,Underweighted,2016,AU000000WOW2
0.0020988347856640025,0.002299441500412867,0.00020060671474886457,0.00020060671474886457,Overweighted,2016,JP3942800008
0.0013059332971481234,0.001505062252307778,0.00019912895515965452,0.00019912895515965452,Overweighted,2016,BMG8063F1068
0.002390028512597109,0.0025889755841074086,0.00019894707151029952,0.00019894707151029952,Overweighted,2016,JP3538800008
0.0013069358896064059,0.0015053766929308695,0.00019844080332446362,0.00019844080332446362,Overweighted,2016,SGXE34184239
0.001073608043096097,0.0008785270608045575,-0.00019508098229153949,0.00019508098229153949,Underweighted,2016,NZAIAE0002S6
0.03140199123866213,0.031209000913700078,-0.00019299032496205085,0.00019299032496205085,Underweighted,2016,AU000000CBA7
0.0004847686443743815,0.00067726563055243,0.00019249698617804847,0.00019249698617804847,Overweighted,2016,JP3194000000
0.006916228022569136,0.006723907736851485,-0.0001923202857176511,0.0001923202857176511,Underweighted,2016,JP3914400001
0.0013176633527137585,0.0011288928883878503,-0.00018877046432590823,0.00018877046432590823,Underweighted,2016,AU000000BEN6
0.0001618841574789264,0.0003477989143660094,0.000185914756887083,0.000185914756887083,Overweighted,2016,AU000000MND5
0.0036026654718710658,0.0037868021701930273,0.00018413669832196156,0.00018413669832196156,Overweighted,2016,JP3258000003
0.0004989540847758653,0.0006810047736317988,0.00018205068885593356,0.00018205068885593356,Overweighted,2016,JP3166000004
0.0034586125455510135,0.0036377352063156126,0.00017912266076459916,0.00017912266076459916,Overweighted,2016,JP3571400005
0.0013067563620312314,0.0014817294698172955,0.00017497310778606407,0.00017497310778606407,Overweighted,2016,JP3229400001
0.0005231129724689686,0.0006979829624746277,0.00017486999000565907,0.00017486999000565907,Overweighted,2016,JP3385820000
0.0013845249456341479,0.0015582127458316371,0.00017368780019748928,0.00017368780019748928,Overweighted,2016,JP3164800009
0.0016151460687033636,0.0014416390944338537,-0.00017350697426950982,0.00017350697426950982,Underweighted,2016,AU000000ASX7
0.001509650141605413,0.001679403348771,0.00016975320716558712,0.00016975320716558712,Overweighted,2016,AU000000CIM7
0.000875625033193613,0.0007086559155434978,-0.00016696911765011523,0.00016696911765011523,Underweighted,2016,JP3820000002
0.0023088710007674366,0.0024730324493878646,0.00016416144862042804,0.00016416144862042804,Overweighted,2016,JP3180400008
0.0004185809703515706,0.0002571998896489879,-0.00016138108070258268,0.00016138108070258268,Underweighted,2016,JP3452000007
0.0055282202419766014,0.005366842929829458,-0.00016137731214714308,0.00016137731214714308,Underweighted,2016,JP3734800000
0.0032397960510401978,0.0030808209375666677,-0.00015897511347353005,0.00015897511347353005,Underweighted,2016,SG1U68934629
0.000703770190385762,0.0008618456797904098,0.0001580754894046478,0.0001580754894046478,Overweighted,2016,JP3638600001
0.001758646602484417,0.0019156990078442488,0.00015705240535983183,0.00015705240535983183,Overweighted,2016,JP3738600000
0.0023027063000322116,0.002459677054652416,0.0001569707546202042,0.0001569707546202042,Overweighted,2016,AU000000NCM7
0.005227895466373848,0.005384260418621607,0.00015636495224775893,0.00015636495224775893,Overweighted,2016,JP3900000005
0.002242083980839812,0.0023981472539418795,0.00015606327310206756,0.00015606327310206756,Overweighted,2016,AU000000SGP0
0.009984475808660626,0.010134892397545739,0.000150416588885113,0.000150416588885113,Overweighted,2016,JP3788600009
0.001993946490358951,0.0018444207006217757,-0.00014952578973717514,0.00014952578973717514,Underweighted,2016,JP3733000008
0.01079723304699081,0.010648317438182626,-0.00014891560880818389,0.00014891560880818389,Underweighted,2016,JP3672400003
0.0008528056974075812,0.0010008592858097964,0.00014805358840221518,0.00014805358840221518,Overweighted,2016,HK0200030994
0.001791881299593267,0.0016450906432437502,-0.00014679065634951678,0.00014679065634951678,Underweighted,2016,JP3720800006
0.01095395785815549,0.01109655168500067,0.00014259382684518075,0.00014259382684518075,Overweighted,2016,JP3463000004
0.002253372122374248,0.002394984557228188,0.0001416124348539399,0.0001416124348539399,Overweighted,2016,JP3792600003
0.00427225637390629,0.004136924476509351,-0.0001353318973969387,0.0001353318973969387,Underweighted,2016,JP3160400002
0.0011690007106557633,0.0013019003068485868,0.00013289959619282353,0.00013289959619282353,Overweighted,2016,BMG2442N1048
0.0014128461111086053,0.0015453498969008699,0.00013250378579226455,0.00013250378579226455,Overweighted,2016,BMG524401079
2.35236362732549e-05,0.0001554023450566585,0.0001318787087834036,0.0001318787087834036,Overweighted,2016,AU000000SBM8
0.003049082526950935,0.002917504480153756,-0.0001315780467971788,0.0001315780467971788,Underweighted,2016,JP3684000007
0.0009483557968408622,0.0008169573078398961,-0.00013139848900096604,0.00013139848900096604,Underweighted,2016,AU000000BLD2
0.004660160224604574,0.004533794154831119,-0.00012636606977345453,0.00012636606977345453,Underweighted,2016,JP3519400000
0.00028302384128131694,0.0001568630201542917,-0.00012616082112702523,0.00012616082112702523,Underweighted,2016,AU000000BPT9
0.001172635453562374,0.0010466941011460101,-0.00012594135241636396,0.00012594135241636396,Underweighted,2016,NZFBUE0001S0
0.0020046711915036085,0.0021291355326841423,0.00012446434118053382,0.00012446434118053382,Overweighted,2016,AU000000APA1
0.0002847058765625676,0.0004082908508101933,0.0001235849742476257,0.0001235849742476257,Overweighted,2016,AU000000MTS0
0.005245367642382374,0.005368540629767467,0.00012317298738509334,0.00012317298738509334,Overweighted,2016,JP3967200001
0.007454045684426247,0.007576946816011489,0.00012290113158524175,0.00012290113158524175,Overweighted,2016,HK0388045442
0.0005053839339298088,0.0003853089737021513,-0.0001200749602276575,0.0001200749602276575,Underweighted,2016,AU000000WOR2
0.004302494341491073,0.004419981890706227,0.00011748754921515371,0.00011748754921515371,Overweighted,2016,HK0823032773
0.006431937197740988,0.006548619637091104,0.00011668243935011608,0.00011668243935011608,Overweighted,2016,JP3893600001
0.0007656077731639589,0.0006514478483754727,-0.0001141599247884862,0.0001141599247884862,Underweighted,2016,AU000000TAH8
0.0017469635002845968,0.0018606465509279275,0.00011368305064333073,0.00011368305064333073,Overweighted,2016,AU000000GPT8
0.001948415535331992,0.0020568446322999385,0.00010842909696794642,0.00010842909696794642,Overweighted,2016,BMG668971101
0.00309231552901566,0.0029839161131091758,-0.00010839941590648407,0.00010839941590648407,Underweighted,2016,AU000000QBE9
0.0008099068928289508,0.0009173538344257327,0.00010744694159678186,0.00010744694159678186,Overweighted,2016,JP3582600007
0.00025245443817313503,0.0003579148641326731,0.00010546042595953808,0.00010546042595953808,Overweighted,2016,AU000000IGO4
0.00255588161046874,0.002660157009270343,0.00010427539880160288,0.00010427539880160288,Overweighted,2016,JP3388200002
0.0002780523084303296,0.00017555119014471757,-0.00010250111828561203,0.00010250111828561203,Underweighted,2016,AU000000CWY3
0.0003543487659168147,0.0002518977103197267,-0.00010245105559708801,0.00010245105559708801,Underweighted,2016,AU000000CQR9
0.0005628907592022569,0.0004616717526753184,-0.00010121900652693843,0.00010121900652693843,Underweighted,2016,JP3528600004
0.0008990243811455932,0.0007987548812921062,-0.000100269499853487,0.000100269499853487,Underweighted,2016,JP3358200008
0.0020426316067835913,0.0021422275303074017,9.959592352381044e-05,9.959592352381044e-05,Overweighted,2016,JP3414750004
0.002100362151034334,0.0020020530016232213,-9.83091494111128e-05,9.83091494111128e-05,Underweighted,2016,JP3539220008
0.01342508864332837,0.01352328504296441,9.819639963603959e-05,9.819639963603959e-05,Overweighted,2016,SG1T75931496
0.0007620503652128081,0.0008588933135144775,9.684294830166937e-05,9.684294830166937e-05,Overweighted,2016,JP3270000007
0.0019275516691340153,0.0020226552736353886,9.510360450137325e-05,9.510360450137325e-05,Overweighted,2016,JP3786200000
0.00019458579578764286,9.991854653935579e-05,-9.466724924828707e-05,9.466724924828707e-05,Underweighted,2016,BMG684371393
0.010338802478875881,0.010431997603078932,9.31951242030514e-05,9.31951242030514e-05,Overweighted,2016,HK2388011192
0.004773787369876584,0.004865047016396157,9.12596465195729e-05,9.12596465195729e-05,Overweighted,2016,JP3634600005
0.002072905479883409,0.0019818606422186765,-9.104483766473248e-05,9.104483766473248e-05,Underweighted,2016,AU000000LLC3
0.0015571752336981568,0.0014673122190165058,-8.9863014681651e-05,8.9863014681651e-05,Underweighted,2016,JP3894900004
0.0006283409891855047,0.0007165036533970582,8.816266421155352e-05,8.816266421155352e-05,Overweighted,2016,JP3165600002
0.0024161042024005374,0.0023282539215428747,-8.785028085766264e-05,8.785028085766264e-05,Underweighted,2016,JP3486800000
0.0003346946393792449,0.00042161093335934874,8.691629398010386e-05,8.691629398010386e-05,Overweighted,2016,JP3888400003
0.0013475174074839373,0.001261407995508114,-8.610941197582326e-05,8.610941197582326e-05,Underweighted,2016,JP3118000003
0.001308040674684403,0.0012230421230670645,-8.499855161733859e-05,8.499855161733859e-05,Underweighted,2016,JP3629000005
0.0004584167583014538,0.00037440103880715726,-8.401571949429655e-05,8.401571949429655e-05,Underweighted,2016,JP3535800001
0.0024833552320609204,0.002401181756350767,-8.217347571015362e-05,8.217347571015362e-05,Underweighted,2016,JP3420600003
0.0010704041663699053,0.0009883146434054085,-8.208952296449683e-05,8.208952296449683e-05,Underweighted,2016,JP3126400005
0.0005946201866423358,0.0005137267948544961,-8.089339178783976e-05,8.089339178783976e-05,Underweighted,2016,NZAIRE0001S2
0.001136945371617675,0.001217633193096802,8.068782147912699e-05,8.068782147912699e-05,Overweighted,2016,BMG677491539
0.0003883568125802628,0.0003098698920324666,-7.84869205477962e-05,7.84869205477962e-05,Underweighted,2016,AU000000DOW2
0.001445509081939592,0.0015236045778864583,7.809549594686629e-05,7.809549594686629e-05,Overweighted,2016,JP3667600005
0.0032485210911936805,0.003323894225728885,7.537313453520426e-05,7.537313453520426e-05,Overweighted,2016,JP3119600009
0.0019847242969203696,0.001909818537296106,-7.490575962426356e-05,7.490575962426356e-05,Underweighted,2016,JP3401400001
0.0008784256633663358,0.0008037564440259459,-7.46692193403899e-05,7.46692193403899e-05,Underweighted,2016,JP3456000003
0.005241633468818743,0.005168467575810477,-7.316589300826633e-05,7.316589300826633e-05,Underweighted,2016,IE00BKVD2N49
0.003344278337829086,0.0034172053775235593,7.292703969447338e-05,7.292703969447338e-05,Overweighted,2016,JP3818000006
0.0021172239332872657,0.002189519650504812,7.22957172175462e-05,7.22957172175462e-05,Overweighted,2016,JP3762800005
0.0017705865672148714,0.0017007475225354301,-6.983904467944128e-05,6.983904467944128e-05,Underweighted,2016,SG9999000020
0.0004846443560531068,0.00041576930175177203,-6.887505430133478e-05,6.887505430133478e-05,Underweighted,2016,JP3421100003
0.00172807996133893,0.0016604202650813418,-6.765969625758834e-05,6.765969625758834e-05,Underweighted,2016,SG1J26887955
0.0012609961641005883,0.0011949274369066469,-6.606872719394142e-05,6.606872719394142e-05,Underweighted,2016,JP3190000004
0.00041309295047661966,0.00047706695836680063,6.397400789018098e-05,6.397400789018098e-05,Overweighted,2016,JP3811000003
0.0015215155333431027,0.001458127746623656,-6.338778671944678e-05,6.338778671944678e-05,Underweighted,2016,AU000000DXS1
0.006215468371520916,0.006152378390911789,-6.308998060912657e-05,6.308998060912657e-05,Underweighted,2016,HK0006000050
0.0009763648605307856,0.0010389148856221424,6.255002509135681e-05,6.255002509135681e-05,Overweighted,2016,JP3419050004
0.0043724023792640395,0.004312220210535087,-6.0182168728952455e-05,6.0182168728952455e-05,Underweighted,2016,AU000000MQG1
0.001491689098199874,0.0014320869457104207,-5.960215248945332e-05,5.960215248945332e-05,Underweighted,2016,AU000000ORI1
0.00044258795009644925,0.0005021880925315593,5.960014243511008e-05,5.960014243511008e-05,Overweighted,2016,AU000000CSR5
0.001343686565225982,0.0012857130077171383,-5.797355750884379e-05,5.797355750884379e-05,Underweighted,2016,JP3269600007
0.01993416193521512,0.019877245296201565,-5.691663901355448e-05,5.691663901355448e-05,Underweighted,2016,AU000000ANZ3
0.00188072259164041,0.0019373222194405283,5.659962780011816e-05,5.659962780011816e-05,Overweighted,2016,SG1R89002252
0.00279464776152549,0.0028509748551040254,5.6327093578535225e-05,5.6327093578535225e-05,Overweighted,2016,JP3940000007
0.0038290248865019074,0.003882624642190727,5.3599755688819774e-05,5.3599755688819774e-05,Overweighted,2016,AU000000TCL6
0.000816469316192254,0.0007629006680711756,-5.356864812107844e-05,5.356864812107844e-05,Underweighted,2016,JP3544000007
0.006038893334467322,0.006090220915604765,5.132758113744317e-05,5.132758113744317e-05,Overweighted,2016,HK0012000102
0.001170362358264395,0.001120008546634523,-5.035381162987198e-05,5.035381162987198e-05,Underweighted,2016,JP3209000003
0.0037049381885039595,0.003655102196871878,-4.983599163208138e-05,4.983599163208138e-05,Underweighted,2016,AU000000AMP6
0.0029361016809495537,0.002985441304613695,4.9339623664141404e-05,4.9339623664141404e-05,Overweighted,2016,JP3347200002
0.0006310836181416327,0.0005847250511203843,-4.635856702124835e-05,4.635856702124835e-05,Underweighted,2016,JP3148800000
0.001160532533032915,0.0012058076644905517,4.527513145763666e-05,4.527513145763666e-05,Overweighted,2016,JP3210200006
0.0009582242895500719,0.0010021384533592322,4.391416380916029e-05,4.391416380916029e-05,Overweighted,2016,JP3405400007
0.001955778927876843,0.0019126420001513945,-4.313692772544859e-05,4.313692772544859e-05,Underweighted,2016,AU0000088338
0.0029216897596070802,0.0028789576405674716,-4.273211903960865e-05,4.273211903960865e-05,Underweighted,2016,JP3475350009
0.003415818695554793,0.0034582486034532823,4.2429907898489105e-05,4.2429907898489105e-05,Overweighted,2016,JP3868400007
0.0017189792942589285,0.0017611750708186342,4.2195776559705725e-05,4.2195776559705725e-05,Overweighted,2016,JP3688370000
0.005128340521032828,0.005086706843670225,-4.163367736260363e-05,4.163367736260363e-05,Underweighted,2016,JP3266400005
0.001697190170558129,0.0016565798307968242,-4.061033976130476e-05,4.061033976130476e-05,Underweighted,2016,AU000000STO6
0.0046732491658161455,0.004635442856712891,-3.780630910325475e-05,3.780630910325475e-05,Underweighted,2016,JP3592200004
0.001642787791354853,0.0016798297809416975,3.704198958684457e-05,3.704198958684457e-05,Overweighted,2016,AU000000SHL7
0.0029463899919884022,0.002909930586215333,-3.6459405773069196e-05,3.6459405773069196e-05,Underweighted,2016,HK0000608585
0.007897290981644104,0.007932191822449848,3.490084080574364e-05,3.490084080574364e-05,Overweighted,2016,JP3898400001
0.0014040796415146978,0.0013692272179678196,-3.485242354687827e-05,3.485242354687827e-05,Underweighted,2016,JP3657400002
0.0208584582750199,0.020828861135962665,-2.959713905723374e-05,2.959713905723374e-05,Underweighted,2016,JP3902900004
0.0006825306972612662,0.0007121224252940942,2.959172803282807e-05,2.959172803282807e-05,Overweighted,2016,JP3122400009
2.9370711298554963e-05,2.700098605032084e-06,-2.667061269352288e-05,2.667061269352288e-05,Underweighted,2016,AU0000038911
0.0026902952869832667,0.002716666861956964,2.637157497369742e-05,2.637157497369742e-05,Overweighted,2016,JP3877600001
0.004680010450493488,0.004657452253786612,-2.255819670687626e-05,2.255819670687626e-05,Underweighted,2016,JP3837800006
0.000384763499114077,0.00036341041268404557,-2.1353086430031423e-05,2.1353086430031423e-05,Underweighted,2016,HK0242001243
0.00019623744947924865,0.00017666625353389857,-1.957119594535008e-05,1.957119594535008e-05,Underweighted,2016,AU000000SIG5
0.0041933305279341715,0.004174462159709471,-1.886836822470074e-05,1.886836822470074e-05,Underweighted,2016,JP3200450009
0.0007912912642646984,0.0007724969816544883,-1.879428261021012e-05,1.879428261021012e-05,Underweighted,2016,JP3634200004
0.005672367075028283,0.005690511528823189,1.814445379490562e-05,1.814445379490562e-05,Overweighted,2016,JP3481800005
0.0032618889906374468,0.003243786656528911,-1.810233410853585e-05,1.810233410853585e-05,Underweighted,2016,AU000000IAG3
0.0011588836413040041,0.0011761542127782464,1.727057147424228e-05,1.727057147424228e-05,Overweighted,2016,JP3596200000
0.020531386652678837,0.02054838403562151,1.6997382942671863e-05,1.6997382942671863e-05,Overweighted,2016,AU000000BHP4
0.006112527259915833,0.006128715358183995,1.618809826816215e-05,1.618809826816215e-05,Overweighted,2016,JP3205800000
1.5803950540749625e-05,2.5730084527720366e-17,-1.5803950540723895e-05,1.5803950540723895e-05,Underweighted,2016,AU000000MAH3
0.004104094275221645,0.004117057263647243,1.2962988425598357e-05,1.2962988425598357e-05,Overweighted,2016,AU000000SUN6
0.007785798833535323,0.007772917288592128,-1.2881544943194913e-05,1.2881544943194913e-05,Underweighted,2016,JP3866800000
0.0011256710398967142,0.0011193196213262473,-6.3514185704668415e-06,6.3514185704668415e-06,Underweighted,2016,JP3174410005
0.0011653328241968128,0.0011594690391765433,-5.863785020269541e-06,5.863785020269541e-06,Underweighted,2016,JP3385980002
0.0007825579382231307,0.0007768596466382157,-5.698291584915012e-06,5.698291584915012e-06,Underweighted,2016,AU000000CGF5
0.0023358084229317022,0.0023404888018191193,4.680378887417062e-06,4.680378887417062e-06,Overweighted,2016,JP3402600005
0.00262444181044655,0.002621140917926541,-3.3008925200092055e-06,3.3008925200092055e-06,Underweighted,2016,JP3546800008
0.0044518557601109015,0.004448777018901647,-3.078741209254672e-06,3.078741209254672e-06,Underweighted,2016,JP3294460005
0.0015610336955830617,0.0015636771437191942,2.643448136132459e-06,2.643448136132459e-06,Overweighted,2016,AU000000MGR9
0.006780908422290651,0.006779115041702303,-1.7933805883480966e-06,1.7933805883480966e-06,Underweighted,2016,HK0004000045
0.023484167826343452,0.023483614603616615,-5.532227268373324e-07,5.532227268373324e-07,Underweighted,2016,AU000000WBC1
0.005916613847127787,0.0028853273531336864,-0.0030312864939941,0.0030312864939941,Underweighted,2017,HK0002007356
0.004728805779293181,0.0026961594341890147,-0.0020326463451041665,0.0020326463451041665,Underweighted,2017,JP3381000003
0.001752306697651673,0.0,-0.001752306697651673,0.001752306697651673,Removed,2017,JP3551200003
0.0021529238888640567,0.0005666294920857861,-0.0015862943967782706,0.0015862943967782706,Underweighted,2017,JP3386030005
0.0014208125209277537,0.0,-0.0014208125209277537,0.0014208125209277537,Removed,2017,JP3522200009
0.002367188926617456,0.0009519513727755595,-0.0014152375538418966,0.0014152375538418966,Underweighted,2017,HK0019000162
0.0013669712508955535,9.21171819206725e-05,-0.001274854068974881,0.001274854068974881,Underweighted,2017,AU000000ORG5
0.001663841732049998,0.0004060081637405035,-0.0012578335683094944,0.0012578335683094944,Underweighted,2017,HK0293001514
0.0025363190598726095,0.0013773120534799309,-0.0011590070063926786,0.0011590070063926786,Underweighted,2017,SG1V61937297
0.002378642634164347,0.0013352318128400582,-0.001043410821324289,0.001043410821324289,Underweighted,2017,JP3585800000
0.0029068205181142105,0.001920084328031354,-0.0009867361900828563,0.0009867361900828563,Underweighted,2017,JP3526600006
0.0010412813178609372,0.002024326398362315,0.0009830450805013776,0.0009830450805013776,Overweighted,2017,JP3711200000
0.0009644358953401332,0.0,-0.0009644358953401332,0.0009644358953401332,Removed,2017,JP3449020001
0.0009419541247835669,0.0,-0.0009419541247835669,0.0009419541247835669,Removed,2017,JP3753000003
0.002080196715437092,0.003001880501128185,0.0009216837856910933,0.0009216837856910933,Overweighted,2017,JP3973400009
0.0010849458139578928,0.00023477400051964497,-0.0008501718134382478,0.0008501718134382478,Underweighted,2017,JP3903000002
0.0008484173557676677,1.1852307607177807e-09,-0.0008484161705369069,0.0008484161705369069,Underweighted,2017,JP3845400005
0.0008408497275670432,0.0,-0.0008408497275670432,0.0008408497275670432,Removed,2017,SG1R50925390
0.004229157135039025,0.005053012155919052,0.000823855020880027,0.000823855020880027,Overweighted,2017,JP3551520004
0.008696785767941407,0.009463005262404449,0.000766219494463042,0.000766219494463042,Overweighted,2017,HK0011000095
0.0009463183632528094,0.0001892309335115579,-0.0007570874297412515,0.0007570874297412515,Underweighted,2017,JP3289800009
0.003438881717484774,0.004191453465765124,0.0007525717482803501,0.0007525717482803501,Overweighted,2017,JP3659000008
0.010407553428256637,0.009673725891009998,-0.0007338275372466389,0.0007338275372466389,Underweighted,2017,JP3551500006
0.002280459706271439,0.003010456422519948,0.000729996716248509,0.000729996716248509,Overweighted,2017,JP3351600006
0.0010761427110291169,0.0017796013264005787,0.0007034586153714618,0.0007034586153714618,Overweighted,2017,JP3613400005
0.0023809919708957317,0.0016790600044280172,-0.0007019319664677145,0.0007019319664677145,Underweighted,2017,JP3256000005
0.0009331841889615868,0.0016319981711903672,0.0006988139822287804,0.0006988139822287804,Overweighted,2017,JP3350800003
0.0013747765766948827,0.002039475747543619,0.0006646991708487361,0.0006646991708487361,Overweighted,2017,JP3224200000
0.0004931395995454382,0.0011367613419721646,0.0006436217424267264,0.0006436217424267264,Overweighted,2017,JP3678000005
0.0003929611173936368,0.001036563231344296,0.0006436021139506593,0.0006436021139506593,Overweighted,2017,AU000000BWP3
0.0006376790870369117,0.0,-0.0006376790870369117,0.0006376790870369117,Removed,2017,JP3362700001
0.001192338141837828,0.00181533286258178,0.0006229947207439521,0.0006229947207439521,Overweighted,2017,JP3743000006
0.007695589662569023,0.00828514415398418,0.0005895544914151576,0.0005895544914151576,Overweighted,2017,JP3910660004
0.0014925667925553688,0.002079789525041515,0.000587222732486146,0.000587222732486146,Overweighted,2017,JP3738600000
0.0005794376475031067,0.0,-0.0005794376475031067,0.0005794376475031067,Removed,2017,JP3850200001
0.0016440851921018375,0.0022113282869707256,0.0005672430948688882,0.0005672430948688882,Overweighted,2017,SG1F60858221
0.0045867621165881075,0.005150967294180087,0.0005642051775919792,0.0005642051775919792,Overweighted,2017,JP3397200001
0.0005638463433834126,0.0,-0.0005638463433834126,0.0005638463433834126,Removed,2017,JP3158800007
0.0007680810952565831,0.0002127841554526739,-0.0005552969398039092,0.0005552969398039092,Underweighted,2017,JP3595200001
0.0007656654243116066,0.0002244129007673034,-0.0005412525235443032,0.0005412525235443032,Underweighted,2017,JP3243600008
0.001904886444615614,0.0024453632666623613,0.0005404768220467473,0.0005404768220467473,Overweighted,2017,JP3027680002
0.00907905049339333,0.009615531482355362,0.0005364809889620327,0.0005364809889620327,Overweighted,2017,JP3802300008
0.004333793829129324,0.003797618879682908,-0.000536174949446416,0.000536174949446416,Underweighted,2017,AU0000224040
0.0035277446883680012,0.004059394562701968,0.0005316498743339671,0.0005316498743339671,Overweighted,2017,HK0823032773
0.0010878147686957482,0.001607370052960289,0.0005195552842645408,0.0005195552842645408,Overweighted,2017,HK0291001490
0.0040479292995800244,0.004560152225489254,0.0005122229259092292,0.0005122229259092292,Overweighted,2017,JP3304200003
0.0005097203890178802,0.0,-0.0005097203890178802,0.0005097203890178802,Removed,2017,AU000000BSL0
0.0011144092604950208,0.0006062885863617989,-0.0005081206741332218,0.0005081206741332218,Underweighted,2017,NZTELE0001S4
0.0017579423418814294,0.0022636521323541013,0.0005057097904726719,0.0005057097904726719,Overweighted,2017,JP3358800005
0.0013929604429957988,0.0008929647911484623,-0.0004999956518473366,0.0004999956518473366,Underweighted,2017,JP3778630008
0.001536745378807663,0.0020264806936112737,0.0004897353148036107,0.0004897353148036107,Overweighted,2017,JP3197800000
0.0008781212638290667,0.0013603810457778118,0.0004822597819487451,0.0004822597819487451,Overweighted,2017,JP3134800006
0.00969161931666009,0.01017271325467862,0.0004810939380185293,0.0004810939380185293,Overweighted,2017,AU000000CSL8
0.0008367314784732045,0.0003566786635398257,-0.00048005281493337877,0.00048005281493337877,Underweighted,2017,JP3456000003
0.0020863215744920892,0.0025628502917520845,0.00047652871725999526,0.00047652871725999526,Overweighted,2017,JP3443600006
0.010378852825175816,0.010854880981663524,0.0004760281564877081,0.0004760281564877081,Overweighted,2017,JP3783600004
0.0038435176564706086,0.0033694977246013775,-0.0004740199318692311,0.0004740199318692311,Underweighted,2017,JP3621000003
0.010806694683216598,0.011277476288023875,0.00047078160480727715,0.00047078160480727715,Overweighted,2017,JP3463000004
0.0028457488188004787,0.0023816661952775447,-0.000464082623522934,0.000464082623522934,Underweighted,2017,JP3407400005
0.003473115699549395,0.003929868674372494,0.0004567529748230989,0.0004567529748230989,Overweighted,2017,JP3951600000
0.0004507630927623946,0.0,-0.0004507630927623946,0.0004507630927623946,Removed,2017,JP3368000000
0.008877836712164163,0.008427181331612233,-0.0004506553805519297,0.0004506553805519297,Underweighted,2017,JP3942400007
0.004348058448977177,0.0047967285568215594,0.0004486701078443827,0.0004486701078443827,Overweighted,2017,JP3116000005
0.0007548363639427073,0.0003061724612377788,-0.0004486639027049285,0.0004486639027049285,Underweighted,2017,AU000000TAH8
0.019821984177720152,0.020267926958897474,0.000445942781177322,0.000445942781177322,Overweighted,2017,JP3496400007
0.005613607451216079,0.006058925811470217,0.00044531836025413826,0.00044531836025413826,Overweighted,2017,JP3814000000
0.008631377469414097,0.009073634537713218,0.0004422570682991213,0.0004422570682991213,Overweighted,2017,JP3814800003
0.00016544305654966283,0.0006040223352015924,0.0004385792786519295,0.0004385792786519295,Overweighted,2017,JP3560800009
0.00027247883803154064,0.0007096820309228971,0.0004372031928913564,0.0004372031928913564,Overweighted,2017,AU000000SGM7
0.0004361308708142186,0.0,-0.0004361308708142186,0.0004361308708142186,Removed,2017,JP3223800008
0.00025422587359146627,0.0006881238948069311,0.0004338980212154649,0.0004338980212154649,Overweighted,2017,AU000000IVC8
0.008144335089667993,0.008577899600736835,0.0004335645110688426,0.0004335645110688426,Overweighted,2017,JP3830800003
0.0005392667533219981,0.0009665194018654581,0.00042725264854345997,0.00042725264854345997,Overweighted,2017,JP3322930003
0.010336874323674325,0.010761642418447013,0.0004247680947726887,0.0004247680947726887,Overweighted,2017,JP3242800005
0.0003055879023906641,0.0007294369542734336,0.00042384905188276947,0.00042384905188276947,Overweighted,2017,JP3891600003
0.0004109211057236797,0.0008338621346085717,0.00042294102888489196,0.00042294102888489196,Overweighted,2017,JP3827200001
0.002243660801281259,0.0018252254762842716,-0.0004184353249969874,0.0004184353249969874,Underweighted,2017,JP3260800002
0.005728672436468159,0.006146537559651008,0.00041786512318284924,0.00041786512318284924,Overweighted,2017,JP3197600004
0.004774200492794662,0.005189055366087568,0.00041485487329290596,0.00041485487329290596,Overweighted,2017,JP3890310000
0.005729341306455212,0.0053158919455700395,-0.0004134493608851722,0.0004134493608851722,Underweighted,2017,JP3734800000
0.0055371047554655,0.005948383833990292,0.0004112790785247922,0.0004112790785247922,Overweighted,2017,JP3893600001
0.007359507369404988,0.007770642186126631,0.00041113481672164307,0.00041113481672164307,Overweighted,2017,HK0066009694
0.007462328164398206,0.007870661920040295,0.00040833375564208914,0.00040833375564208914,Overweighted,2017,JP3205800000
0.001073939862352748,0.0014821877049936668,0.0004082478426409189,0.0004082478426409189,Overweighted,2017,AU000000COH5
0.001393927816944016,0.0009899287568170881,-0.0004039990601269279,0.0004039990601269279,Underweighted,2017,JP3246400000
0.0009146133730813839,0.00131783967516545,0.000403226302084066,0.000403226302084066,Overweighted,2017,BMG8063F1068
0.007812288127830806,0.008210385912346487,0.00039809778451568075,0.00039809778451568075,Overweighted,2017,JP3435000009
0.0015446280945228493,0.0011474650257822377,-0.0003971630687406116,0.0003971630687406116,Underweighted,2017,BMG988031446
0.004411064896187343,0.004808083800790338,0.0003970189046029948,0.0003970189046029948,Overweighted,2017,JP3634600005
0.006920007273325407,0.007316822545614402,0.0003968152722889952,0.0003968152722889952,Overweighted,2017,JP3898400001
0.005298953872967837,0.004902392348591732,-0.0003965615243761052,0.0003965615243761052,Underweighted,2017,JP3160400002
0.001047176771093929,0.0014409054727419163,0.0003937287016479872,0.0003937287016479872,Overweighted,2017,JP3711600001
0.003596439294393684,0.0032070440375155714,-0.0003893952568781124,0.0003893952568781124,Underweighted,2017,JP3258000003
0.0008118837876318555,0.0004354182284318315,-0.00037646555920002394,0.00037646555920002394,Underweighted,2017,JP3955000009
0.006351279837391847,0.006723311992614604,0.00037203215522275696,0.00037203215522275696,Overweighted,2017,JP3866800000
0.0005972511477781339,0.0002282310472252431,-0.00036902010055289084,0.00036902010055289084,Underweighted,2017,NZCENE0001S6
0.0004953065171894446,0.0008632046940239138,0.0003678981768344691,0.0003678981768344691,Overweighted,2017,JP3320800000
0.0031575997765244572,0.003523960655556453,0.00036636087903199567,0.00036636087903199567,Overweighted,2017,JP3573000001
0.011872420158786198,0.01223581438892049,0.0003633942301342931,0.0003633942301342931,Overweighted,2017,JP3890350006
0.008546900848404643,0.008909912592296848,0.00036301174389220467,0.00036301174389220467,Overweighted,2017,HK0016000132
0.005875014003428883,0.00623791947729145,0.0003629054738625674,0.0003629054738625674,Overweighted,2017,JP3762600009
0.0017236420256032158,0.00136610996855755,-0.00035753205704566575,0.00035753205704566575,Underweighted,2017,JP3419400001
0.003421515973151493,0.003065216552329146,-0.00035629942082234705,0.00035629942082234705,Underweighted,2017,JP3546800008
0.0005591366142183783,0.0009135974965196395,0.00035446088230126115,0.00035446088230126115,Overweighted,2017,JP3359600008
0.0007877878845445496,0.001141566018387258,0.0003537781338427084,0.0003537781338427084,Overweighted,2017,JP3830000000
0.0005535147896164536,0.0009021660019632132,0.0003486512123467596,0.0003486512123467596,Overweighted,2017,JP3638600001
0.0019926272617189094,0.002341151461489346,0.00034852419977043653,0.00034852419977043653,Overweighted,2017,JP3027670003
0.0018285053615899544,0.0014838823168533848,-0.00034462304473656955,0.00034462304473656955,Underweighted,2017,JP3605400005
0.00023891096202840564,0.000582524234500596,0.0003436132724721903,0.0003436132724721903,Overweighted,2017,JP3375800004
0.0007083526637680901,0.0010516228193341091,0.00034327015556601906,0.00034327015556601906,Overweighted,2017,JP3769000005
0.012271000336856195,0.01192775164349922,-0.0003432486933569751,0.0003432486933569751,Underweighted,2017,JP3672400003
0.001328303932222531,0.0016605176340623307,0.00033221370183979964,0.00033221370183979964,Overweighted,2017,JP3357200009
0.0015991188870631383,0.001272592516616969,-0.00032652637044616934,0.00032652637044616934,Underweighted,2017,AU000000QAN2
0.0012412292211807223,0.0009160232987305229,-0.0003252059224501994,0.0003252059224501994,Underweighted,2017,JP3870400003
0.0005642139454837352,0.0008861905884180066,0.00032197664293427144,0.00032197664293427144,Overweighted,2017,JP3166000004
0.0009781200908190566,0.0006666359872304769,-0.00031148410358857966,0.00031148410358857966,Underweighted,2017,JP3670800006
0.010700369230605267,0.011009760925168156,0.000309391694562889,0.000309391694562889,Overweighted,2017,JP3566800003
0.0007334905667939043,0.0010390217318933066,0.0003055311650994023,0.0003055311650994023,Overweighted,2017,JP3663900003
0.0019461656729488229,0.0022468137095295495,0.00030064803658072666,0.00030064803658072666,Overweighted,2017,JP3942800008
0.0055707251460543955,0.005274625823412628,-0.00029609932264176766,0.00029609932264176766,Underweighted,2017,HK0003000038
0.0013285499215979347,0.0016242607233793588,0.00029571080178142405,0.00029571080178142405,Overweighted,2017,JP3977400005
0.001615376297244319,0.001908521921009846,0.00029314562376552694,0.00029314562376552694,Overweighted,2017,SGXE21576413
0.00039257969566548263,0.0006850828917469304,0.00029250319608144774,0.00029250319608144774,Overweighted,2017,JP3385820000
0.0009807568758093397,0.0012732579219514135,0.0002925010461420738,0.0002925010461420738,Overweighted,2017,HK0010000088
0.004839954282017765,0.005131305934620389,0.0002913516526026243,0.0002913516526026243,Overweighted,2017,HK0012000102
0.005806142506166954,0.006096445792259806,0.0002903032860928521,0.0002903032860928521,Overweighted,2017,JP3902400005
0.0002383581769151387,0.0005274727402161724,0.0002891145633010337,0.0002891145633010337,Overweighted,2017,JP3888400003
0.0016401935849044381,0.0019204056502380273,0.0002802120653335892,0.0002802120653335892,Overweighted,2017,JP3792600003
0.005318259893048684,0.005598061330727762,0.00027980143767907754,0.00027980143767907754,Overweighted,2017,JP3143600009
0.0003803576168111506,0.0006598536041952283,0.0002794959873840777,0.0002794959873840777,Overweighted,2017,AU000000PPT9
0.025590119943424437,0.025869252314153962,0.00027913237072952485,0.00027913237072952485,Overweighted,2017,JP3735400008
0.005979509737315298,0.005701646843994608,-0.00027786289332069024,0.00027786289332069024,Underweighted,2017,AU000000WOW2
0.0030517469551849708,0.0033270849030867427,0.0002753379479017719,0.0002753379479017719,Overweighted,2017,JP3502200003
0.0006704592442536413,0.0009432594587939743,0.000272800214540333,0.000272800214540333,Overweighted,2017,JP3665200006
0.001161091963310414,0.001433272042133883,0.0002721800788234689,0.0002721800788234689,Overweighted,2017,JP3300600008
0.00086374608695856,0.0011306616772345155,0.00026691559027595545,0.00026691559027595545,Overweighted,2017,JP3787000003
0.0007335983598909914,0.0009967006028388638,0.0002631022429478724,0.0002631022429478724,Overweighted,2017,JP3819400007
0.02595390229861428,0.025692275189902556,-0.00026162710871172404,0.00026162710871172404,Underweighted,2017,AU000000CBA7
0.000890840849285339,0.0006345288450920867,-0.0002563120041932524,0.0002563120041932524,Underweighted,2017,NZFBUE0001S0
0.0003183130156980691,0.0005745110662569951,0.000256198050558926,0.000256198050558926,Overweighted,2017,AU000000MTS0
0.000590612198567798,0.0008445846120759097,0.00025397241350811174,0.00025397241350811174,Overweighted,2017,SGXE34184239
0.008063841285399628,0.007811614216888113,-0.00025222706851151487,0.00025222706851151487,Underweighted,2017,JP3914400001
0.0008926843876380843,0.0006404897654151915,-0.00025219462222289286,0.00025219462222289286,Underweighted,2017,JP3385980002
0.001505228335574748,0.0012551617046324482,-0.0002500666309422999,0.0002500666309422999,Underweighted,2017,JP3720800006
0.0002436925532581647,0.0,-0.0002436925532581647,0.0002436925532581647,Removed,2017,AU000000CWY3
0.002300672293938045,0.0025409935883352196,0.00024032129439717454,0.00024032129439717454,Overweighted,2017,JP3982100004
0.0012321386699930476,0.0014722897135661188,0.00024015104357307123,0.00024015104357307123,Overweighted,2017,SG1R89002252
0.0006317311192181594,0.00039191095742415377,-0.00023982016179400562,0.00023982016179400562,Underweighted,2017,BMG677491539
0.004669538923374266,0.004429756102678506,-0.00023978282069575963,0.00023978282069575963,Underweighted,2017,JP3519400000
0.0011687756763848246,0.0009294508384078084,-0.0002393248379770162,0.0002393248379770162,Underweighted,2017,JP3269600007
0.0005478128111731051,0.0007859370371620668,0.00023812422598896174,0.00023812422598896174,Overweighted,2017,JP3156400008
0.004272492723993587,0.004035633945838617,-0.00023685877815496966,0.00023685877815496966,Underweighted,2017,JP3119600009
0.0010833814320873473,0.0013191459354009087,0.00023576450331356147,0.00023576450331356147,Overweighted,2017,JP3229400001
0.013361626017852905,0.013126105625518305,-0.00023552039233460005,0.00023552039233460005,Underweighted,2017,AU000000TLS2
0.005369229444417463,0.005603710868063412,0.00023448142364594984,0.00023448142364594984,Overweighted,2017,HK0006000050
0.0017243385348459318,0.0014991074036583179,-0.00022523113118761394,0.00022523113118761394,Underweighted,2017,SG1U68934629
0.0008011044779231501,0.0005785447192901793,-0.00022255975863297078,0.00022255975863297078,Underweighted,2017,AU000000BLD2
0.002218970654197191,0.0019975389198397353,-0.00022143173435745572,0.00022143173435745572,Underweighted,2017,JP3180400008
3.530085733322686e-05,0.00025587898636820155,0.00022057812903497468,0.00022057812903497468,Overweighted,2017,AU000000ERA9
0.00032337652733559425,0.0005426723238829001,0.00021929579654730586,0.00021929579654730586,Overweighted,2017,JP3619800000
0.0014387172307464698,0.0012196059927040315,-0.00021911123804243832,0.00021911123804243832,Underweighted,2017,JP3982800009
0.0005802917005031042,0.0007951445671503914,0.00021485286664728721,0.00021485286664728721,Overweighted,2017,JP3765400001
0.00010762726155307345,0.0003166468674339844,0.00020901960588091097,0.00020901960588091097,Overweighted,2017,AU000000GWA4
0.05603625534033261,0.05623980207031869,0.00020354672998607742,0.00020354672998607742,Overweighted,2017,JP3633400001
0.0023439830075625097,0.0021408237564865223,-0.00020315925107598732,0.00020315925107598732,Underweighted,2017,IE00BKVD2N49
0.0005017602833868362,0.0007044680374542456,0.00020270775406740942,0.00020270775406740942,Overweighted,2017,JP3165600002
0.001228211131763286,0.0010270771577041812,-0.00020113397405910468,0.00020113397405910468,Underweighted,2017,JP3495000006
0.0008797353963598063,0.0010803613062265046,0.00020062590986669833,0.00020062590986669833,Overweighted,2017,BMG524401079
0.00022466016180838392,2.410651712775693e-05,-0.00020055364468062699,0.00020055364468062699,Underweighted,2017,AU000000OZL8
0.004104913152981147,0.004305003511300442,0.00020009035831929523,0.00020009035831929523,Overweighted,2017,JP3475350009
0.021908233890147517,0.02210633702152422,0.00019810313137670274,0.00019810313137670274,Overweighted,2017,JP3726800000
0.0006963240597034014,0.0004985554412292053,-0.00019776861847419609,0.00019776861847419609,Underweighted,2017,JP3405400007
0.0005079791159110893,0.00031222707570586084,-0.00019575204020522846,0.00019575204020522846,Underweighted,2017,JP3528600004
0.00933524980983916,0.009529635918582876,0.00019438610874371667,0.00019438610874371667,Overweighted,2017,AU000000BHP4
0.000551535818910958,0.00036194299669464335,-0.0001895928222163146,0.0001895928222163146,Underweighted,2017,JP3549600009
0.004149511855919524,0.004336558433791575,0.0001870465778720503,0.0001870465778720503,Overweighted,2017,JP3967200001
0.0011394144950936508,0.0009557330810538691,-0.00018368141403978173,0.00018368141403978173,Underweighted,2017,JP3358200008
0.000591999689202098,0.000409211553532945,-0.00018278813566915302,0.00018278813566915302,Underweighted,2017,NZAIRE0001S2
0.0005257732687071521,0.00034346241636568043,-0.0001823108523414717,0.0001823108523414717,Underweighted,2017,JP3148800000
0.0019498776249844104,0.0017695247570576607,-0.00018035286792674973,0.00018035286792674973,Underweighted,2017,JP3592200004
0.0014375978408921043,0.0012574209666502173,-0.000180176874241887,0.000180176874241887,Underweighted,2017,SG1J26887955
0.0018241383591951457,0.0016459293429067537,-0.000178209016288392,0.000178209016288392,Underweighted,2017,JP3190000004
0.00017652087021953234,6.69313588994676e-10,-0.00017652020090594335,0.00017652020090594335,Underweighted,2017,JP3686800008
0.0009415561195020146,0.0007655428739975716,-0.00017601324550444298,0.00017601324550444298,Underweighted,2017,JP3544000007
0.0010705347060550236,0.001245381370814297,0.00017484666475927344,0.00017484666475927344,Overweighted,2017,JP3667600005
0.0010938567099837559,0.0009204501815573684,-0.00017340652842638747,0.00017340652842638747,Underweighted,2017,JP3870000001
0.0003946001252544733,0.00022291768506589593,-0.00017168244018857736,0.00017168244018857736,Underweighted,2017,JP3452000007
0.002228108192119494,0.002397494903198683,0.00016938671107918912,0.00016938671107918912,Overweighted,2017,JP3877600001
0.002067076360773701,0.0022353858253869653,0.00016830946461326426,0.00016830946461326426,Overweighted,2017,JP3538800008
0.00011218221088639304,0.0002789019261327298,0.00016671971524633678,0.00016671971524633678,Overweighted,2017,AU000000MND5
0.0029200763051303513,0.003085940146865689,0.00016586384173533772,0.00016586384173533772,Overweighted,2017,AU000000SUN6
0.0007064649026062835,0.0005428874458250808,-0.00016357745678120274,0.00016357745678120274,Underweighted,2017,JP3293200006
0.002210620835061294,0.0023739094230178963,0.0001632885879566024,0.0001632885879566024,Overweighted,2017,JP3401400001
0.0007781113811368117,0.0009395308080768253,0.0001614194269400136,0.0001614194269400136,Overweighted,2017,JP3634200004
0.002430065469326004,0.0022689899963924754,-0.00016107547293352882,0.00016107547293352882,Underweighted,2017,JP3111200006
0.009394201578243512,0.009235786586119211,-0.0001584149921243002,0.0001584149921243002,Underweighted,2017,AU000000WES1
0.0004989853021182361,0.0006566845904939225,0.00015769928837568636,0.00015769928837568636,Overweighted,2017,NZSKCE0001S2
0.0029709739944344055,0.003128364883694363,0.00015739088925995764,0.00015739088925995764,Overweighted,2017,JP3228600007
0.0020428256778546802,0.0021960776949862554,0.00015325201713157523,0.00015325201713157523,Overweighted,2017,HK0023000190
0.00027462917212214903,0.0004271392468302575,0.00015251007470810848,0.00015251007470810848,Overweighted,2017,JP3194000000
0.0009615448291977472,0.001112828073845132,0.0001512832446473848,0.0001512832446473848,Overweighted,2017,HK0165000859
0.0021585678248705123,0.0023079211645783896,0.00014935333970787735,0.00014935333970787735,Overweighted,2017,JP3818000006
0.0011580544091130123,0.001307319696043441,0.00014926528693042862,0.00014926528693042862,Overweighted,2017,JP3888300005
0.0033626609421419616,0.0032142983056068788,-0.00014836263653508286,0.00014836263653508286,Underweighted,2017,JP3294460005
0.003835947264344418,0.003984221674349772,0.00014827441000535378,0.00014827441000535378,Overweighted,2017,JP3165700000
0.0028587447968133842,0.003004828553001744,0.00014608375618835974,0.00014608375618835974,Overweighted,2017,JP3486800000
0.0046772005250441465,0.00453136801956891,-0.00014583250547523657,0.00014583250547523657,Underweighted,2017,AU000000MQG1
0.0015681048782832964,0.0017127129386747075,0.00014460806039141112,0.00014460806039141112,Overweighted,2017,JP3596200000
0.003211687035932061,0.003071055267499486,-0.00014063176843257495,0.00014063176843257495,Underweighted,2017,JP3420600003
0.00039671729223828564,0.00025665916586494836,-0.00014005812637333728,0.00014005812637333728,Underweighted,2017,JP3421100003
0.0015501034310697586,0.0014115320281224222,-0.0001385714029473364,0.0001385714029473364,Underweighted,2017,AU000000ASX7
0.014343013068691369,0.01420550418502792,-0.0001375088836634477,0.0001375088836634477,Underweighted,2017,AU000000NAB4
0.0014048591425588697,0.001267650372312145,-0.00013720877024672468,0.00013720877024672468,Underweighted,2017,AU000000DXS1
0.00380012678900472,0.0036633532442258325,-0.00013677354477888756,0.00013677354477888756,Underweighted,2017,JP3201200007
0.0006203409819592941,0.0007541859096877436,0.00013384492772844955,0.00013384492772844955,Overweighted,2017,JP3582600007
0.0028608011574347376,0.002994373591038179,0.00013357243360344155,0.00013357243360344155,Overweighted,2017,JP3571400005
0.0017791637623797473,0.0019125155280342765,0.00013335176565452923,0.00013335176565452923,Overweighted,2017,JP3414750004
0.0019129267040880818,0.001779926474832532,-0.00013300022925554975,0.00013300022925554975,Underweighted,2017,AU000000SGP0
0.00774987039676627,0.007876661939533916,0.00012679154276764616,0.00012679154276764616,Overweighted,2017,HK0688002218
0.0006648705867585126,0.0007904787183746351,0.00012560813161612255,0.00012560813161612255,Overweighted,2017,JP3493400000
0.0017055797720272182,0.0015823532723158963,-0.00012322649971132195,0.00012322649971132195,Underweighted,2017,JP3629000005
0.004517039330251748,0.004639925785269132,0.00012288645501738402,0.00012288645501738402,Overweighted,2017,JP3347200002
0.0007290848694411668,0.0008501266608328432,0.00012104179139167638,0.00012104179139167638,Overweighted,2017,JP3270000007
0.0005091372007233834,0.000388915904637933,-0.00012022129608545043,0.00012022129608545043,Underweighted,2017,JP3122400009
0.0008758327334601417,0.0009941593485365606,0.00011832661507641892,0.00011832661507641892,Overweighted,2017,JP3040890000
0.0019758916924147527,0.002092633170507784,0.00011674147809303138,0.00011674147809303138,Overweighted,2017,JP3539220008
0.0009355584010230682,0.00105138545444922,0.00011582705342615173,0.00011582705342615173,Overweighted,2017,JP3215800008
0.0054420588830903826,0.005555640872148389,0.00011358198905800625,0.00011358198905800625,Overweighted,2017,JP3481800005
0.004420542396954305,0.0045325731287905605,0.0001120307318362556,0.0001120307318362556,Overweighted,2017,JP3837800006
0.003855645761855685,0.003967252251086892,0.00011160648923120697,0.00011160648923120697,Overweighted,2017,HK0004000045
0.001179217787174437,0.0010678271876647602,-0.00011139059950967677,0.00011139059950967677,Underweighted,2017,NZAIAE0002S6
0.0008461592285799722,0.0009555989298028175,0.00010943970122284533,0.00010943970122284533,Overweighted,2017,KYG0535Q1331
0.010802037468637324,0.010911295356236292,0.00010925788759896804,0.00010925788759896804,Overweighted,2017,SG1T75931496
0.005028741453900691,0.005136251341307878,0.00010750988740718722,0.00010750988740718722,Overweighted,2017,JP3266400005
0.0009588527656961372,0.0008523979944112392,-0.000106454771284898,0.000106454771284898,Underweighted,2017,AU000000ORI1
0.0002593695390704151,0.00015318458063042623,-0.00010618495843998889,0.00010618495843998889,Underweighted,2017,AU000000DOW2
0.0017203225509980476,0.0018243013971221095,0.00010397884612406189,0.00010397884612406189,Overweighted,2017,AU000000GPT8
0.002692909262833302,0.0025892617782851315,-0.00010364748454817036,0.00010364748454817036,Underweighted,2017,JP3684000007
0.01329805296590164,0.013396996215433117,9.894324953147772e-05,9.894324953147772e-05,Overweighted,2017,KYG217651051
0.0018887395914570866,0.001984828177175462,9.608858571837531e-05,9.608858571837531e-05,Overweighted,2017,JP3626800001
9.532779278288401e-05,0.0,-9.532779278288401e-05,9.532779278288401e-05,Removed,2017,BMG684371393
0.006581064317200216,0.006676369033105659,9.530471590544348e-05,9.530471590544348e-05,Overweighted,2017,JP3788600009
0.001664922426946435,0.0015697736159947958,-9.514881095163915e-05,9.514881095163915e-05,Underweighted,2017,JP3657400002
0.0010446754184563962,0.001136196523765631,9.152110530923486e-05,9.152110530923486e-05,Overweighted,2017,JP3635400009
0.0015741274720923399,0.001664880940411691,9.075346831935124e-05,9.075346831935124e-05,Overweighted,2017,AU000000CIM7
0.0024867812219471924,0.002572989095992874,8.620787404568179e-05,8.620787404568179e-05,Overweighted,2017,AU000000IAG3
0.0004769070646943545,0.0005613078655964062,8.44008009020517e-05,8.44008009020517e-05,Overweighted,2017,JP3811000003
0.0018669294548131394,0.001949802019344116,8.287256453097655e-05,8.287256453097655e-05,Overweighted,2017,AU000000APA1
0.002721242263813799,0.0028017468589265184,8.050459511271943e-05,8.050459511271943e-05,Overweighted,2017,JP3429800000
0.0028905133572728354,0.0028113882835335223,-7.912507373931304e-05,7.912507373931304e-05,Underweighted,2017,AU000000QBE9
0.0008468142789391936,0.0009252184077579426,7.840412881874909e-05,7.840412881874909e-05,Overweighted,2017,JP3164800009
0.0001705701384752137,0.0002487977671444785,7.822762866926481e-05,7.822762866926481e-05,Overweighted,2017,AU000000SIG5
0.0005076391530664301,0.0005847317656593073,7.709261259287721e-05,7.709261259287721e-05,Overweighted,2017,HK0200030994
0.0025512912446654444,0.002628156313854124,7.68650691886797e-05,7.68650691886797e-05,Overweighted,2017,JP3762800005
0.0012933540934362286,0.0012177712851198096,-7.558280831641904e-05,7.558280831641904e-05,Underweighted,2017,JP3786200000
0.0017375307515740475,0.001662820386147177,-7.471036542687059e-05,7.471036542687059e-05,Underweighted,2017,JP3210200006
0.0012998078596336202,0.0012258724927771054,-7.39353668565148e-05,7.39353668565148e-05,Underweighted,2017,JP3942600002
0.0012954491490155104,0.0013680099481457317,7.256079913022136e-05,7.256079913022136e-05,Overweighted,2017,JP3688370000
0.002116675005061577,0.0020445628540210962,-7.211215104048095e-05,7.211215104048095e-05,Underweighted,2017,HK0083000502
0.014109641013497898,0.01417978812155645,7.014710805855126e-05,7.014710805855126e-05,Overweighted,2017,JP3854600008
0.0003289679487562894,0.0002598707915104717,-6.909715724581772e-05,6.909715724581772e-05,Underweighted,2017,AU000000CQR9
0.00146405413641306,0.0013965378959412186,-6.751624047184154e-05,6.751624047184154e-05,Underweighted,2017,AU000000LLC3
0.0006568828418718052,0.0005896257446900123,-6.725709718179292e-05,6.725709718179292e-05,Underweighted,2017,JP3742600004
0.007225672565631929,0.007292875675401029,6.720310976910011e-05,6.720310976910011e-05,Overweighted,2017,HK0388045442
0.0007055168761370308,0.0006387615652337665,-6.675531090326423e-05,6.675531090326423e-05,Underweighted,2017,JP3419050004
0.002015647997760911,0.0020808085508730056,6.516055311209462e-05,6.516055311209462e-05,Overweighted,2017,HK0000608585
0.0024432189910961913,0.0023784531207320793,-6.4765870364112e-05,6.4765870364112e-05,Underweighted,2017,AU000000RHC8
0.013868648815518043,0.01393297261334418,6.432379782613656e-05,6.432379782613656e-05,Overweighted,2017,AU000000ANZ3
0.001506812064924258,0.0014480219148307698,-5.879015009348817e-05,5.879015009348817e-05,Underweighted,2017,BMG668971101
0.004296298414896428,0.004353684896877237,5.738648198080898e-05,5.738648198080898e-05,Overweighted,2017,AU000000TCL6
0.0014037977951413972,0.0014604365380759864,5.6638742934589197e-05,5.6638742934589197e-05,Overweighted,2017,JP3894900004
0.0033106410990579762,0.0033664893056644138,5.584820660643752e-05,5.584820660643752e-05,Overweighted,2017,JP3388200002
0.00100442713435943,0.0009492290413869063,-5.5198092972523786e-05,5.5198092972523786e-05,Underweighted,2017,AU000000STO6
0.0019801702491914386,0.0019263990863351984,-5.3771162856240196e-05,5.3771162856240196e-05,Underweighted,2017,JP3112000009
0.00083707420524343,0.0007847237766026747,-5.235042864075532e-05,5.235042864075532e-05,Underweighted,2017,AU000000CGF5
0.0007120203929946163,0.0006603470837372061,-5.167330925741017e-05,5.167330925741017e-05,Underweighted,2017,JP3820000002
0.0015283762121928012,0.0014781472948317057,-5.022891736109554e-05,5.022891736109554e-05,Underweighted,2017,SG9999000020
0.001619538769147219,0.0016689151863710848,4.937641722386576e-05,4.937641722386576e-05,Overweighted,2017,JP3402600005
0.0015259992362057536,0.0015748937525401673,4.889451633441366e-05,4.889451633441366e-05,Overweighted,2017,JP3209000003
0.019690822089969737,0.01964286118055583,-4.796090941390843e-05,4.796090941390843e-05,Underweighted,2017,AU000000WBC1
0.002577813874399992,0.0026209254185186274,4.311154411863532e-05,4.311154411863532e-05,Overweighted,2017,JP3940000007
0.0002201908941676207,0.0002614781695436844,4.1287275376063735e-05,4.1287275376063735e-05,Overweighted,2017,AU000000IGO4
0.0013844171490702583,0.001344431011430926,-3.9986137639332325e-05,3.9986137639332325e-05,Underweighted,2017,AU000000MGR9
0.0005554854685452502,0.0005936121522276205,3.8126683682370246e-05,3.8126683682370246e-05,Overweighted,2017,JP3535800001
0.0010487881396991023,0.0010109257654029953,-3.7862374296106964e-05,3.7862374296106964e-05,Underweighted,2017,JP3118000003
0.00015432654792186466,0.0001904619216345178,3.6135373712653155e-05,3.6135373712653155e-05,Overweighted,2017,AU000000SBM8
0.0019388467980491686,0.0019032608020457828,-3.558599600338576e-05,3.558599600338576e-05,Underweighted,2017,AU0000088338
9.772135232332986e-05,6.242474923493895e-05,-3.529660308839091e-05,3.529660308839091e-05,Underweighted,2017,AU000000BPT9
0.00016197156603834644,0.000126881843819072,-3.508972221927443e-05,3.508972221927443e-05,Underweighted,2017,AU000000WOR2
0.0035993801111962637,0.0036333050446897253,3.392493349346163e-05,3.392493349346163e-05,Overweighted,2017,JP3900000005
0.00048532874589497636,0.0004526130871761158,-3.2715658718860546e-05,3.2715658718860546e-05,Underweighted,2017,JP3491000000
0.00537885343323944,0.005347927751333304,-3.092568190613595e-05,3.092568190613595e-05,Underweighted,2017,JP3200450009
0.0018798176397289584,0.0018512827699008287,-2.8534869828129644e-05,2.8534869828129644e-05,Underweighted,2017,JP3733000008
2.844908585428313e-05,0.0,-2.844908585428313e-05,2.844908585428313e-05,Removed,2017,AU0000038911
0.0014865607822997235,0.0014629615385366782,-2.3599243763045355e-05,2.3599243763045355e-05,Underweighted,2017,AU000000SHL7
0.004544772559384351,0.004568346545737951,2.3573986353600182e-05,2.3573986353600182e-05,Overweighted,2017,KYG2108Y1052
0.00597279063426354,0.005994633575684751,2.1842941421211168e-05,2.1842941421211168e-05,Overweighted,2017,JP3371200001
2.1423187064660306e-05,0.0,-2.1423187064660306e-05,2.1423187064660306e-05,Removed,2017,AU000000MAH3
0.0009305170007900738,0.0009517032567577036,2.1186255967629766e-05,2.1186255967629766e-05,Overweighted,2017,BMG2442N1048
0.0017469944327131775,0.0017663742158058506,1.9379783092673096e-05,1.9379783092673096e-05,Overweighted,2017,JP3493800001
0.0010474697472039605,0.0010289968302552514,-1.8472916948709082e-05,1.8472916948709082e-05,Underweighted,2017,JP3126400005
0.0019920440734244125,0.0020104488052538378,1.840473182942526e-05,1.840473182942526e-05,Overweighted,2017,AU000000NCM7
0.0002661577402613332,0.0002480388870112196,-1.8118853250113595e-05,1.8118853250113595e-05,Underweighted,2017,AU000000CSR5
0.0007959138257095736,0.000813327807029461,1.7413981319887415e-05,1.7413981319887415e-05,Overweighted,2017,JP3835620000
0.007398003324692898,0.0074134550304313495,1.5451705738451713e-05,1.5451705738451713e-05,Overweighted,2017,HK2388011192
0.0009325761253369931,0.0009472440820428417,1.4667956705848549e-05,1.4667956705848549e-05,Overweighted,2017,AU000000BEN6
0.0005595898980112572,0.0005458942467392895,-1.3695651271967762e-05,1.3695651271967762e-05,Underweighted,2017,JP3352400000
0.002949824436000812,0.002937678152929664,-1.214628307114789e-05,1.214628307114789e-05,Underweighted,2017,JP3868400007
0.018835884633791086,0.018823960834651435,-1.1923799139650776e-05,1.1923799139650776e-05,Underweighted,2017,JP3902900004
0.0004928383316587078,0.0005007343331064323,7.896001447724502e-06,7.896001447724502e-06,Overweighted,2017,HK0000745908
0.005478893719112925,0.005486312713379768,7.418994266842824e-06,7.418994266842824e-06,Overweighted,2017,JP3505000004
0.0011620206423007024,0.001155298988503137,-6.721653797565463e-06,6.721653797565463e-06,Underweighted,2017,JP3174410005
0.00309426995002303,0.003089231465824096,-5.038484198934164e-06,5.038484198934164e-06,Underweighted,2017,AU000000AMP6
0.00027312559661406293,0.00027244018203345004,-6.854145806128929e-07,6.854145806128929e-07,Underweighted,2017,HK0242001243
0.00576649066223468,0.003385820700746838,-0.0023806699614878422,0.0023806699614878422,Underweighted,2018,HK0002007356
0.0014327575487576459,9.276907483485395e-05,-0.001339988473922792,0.001339988473922792,Underweighted,2018,JP3585800000
0.0012366560482696,2.3422919653461396e-05,-0.0012132331286161385,0.0012132331286161385,Underweighted,2018,HK0293001514
0.00538975970539284,0.004192132113187741,-0.001197627592205099,0.001197627592205099,Underweighted,2018,JP3381000003
0.00197787957971601,0.0008170262305998598,-0.0011608533491161504,0.0011608533491161504,Underweighted,2018,SG1V61937297
0.002346414231691805,0.0011858420920521561,-0.0011605721396396487,0.0011605721396396487,Underweighted,2018,JP3526600006
0.002141039317859023,0.001017899780915309,-0.0011231395369437139,0.0011231395369437139,Underweighted,2018,HK0019000162
0.0010271432621683555,1.474747411769553e-13,-0.0010271432620208808,0.0010271432620208808,Underweighted,2018,JP3551200003
0.0009554442862777233,0.0,-0.0009554442862777233,0.0009554442862777233,Removed,2018,JP3522200009
0.0009426942191015516,0.0,-0.0009426942191015516,0.0009426942191015516,Removed,2018,SG1R50925390
0.000993168784101888,0.0018691873631831593,0.0008760185790812713,0.0008760185790812713,Overweighted,2018,JP3711200000
0.000864899416701366,1.4117765279156881e-12,-0.0008648994152895895,0.0008648994152895895,Underweighted,2018,JP3362700001
0.002615829202558065,0.00175639550829386,-0.0008594336942642051,0.0008594336942642051,Underweighted,2018,JP3386030005
0.0014350940096658686,0.0022818525824124525,0.0008467585727465839,0.0008467585727465839,Overweighted,2018,JP3973400009
0.0008269903384654514,5.631718981923567e-12,-0.0008269903328337325,0.0008269903328337325,Underweighted,2018,JP3753000003
0.001054269573312822,0.00024333495051454706,-0.0008109346227982749,0.0008109346227982749,Underweighted,2018,JP3449020001
0.0008261445396166748,0.00013074789248763521,-0.0006953966471290396,0.0006953966471290396,Underweighted,2018,JP3289800009
0.0029190480898444917,0.0035748689035021513,0.0006558208136576596,0.0006558208136576596,Overweighted,2018,JP3659000008
0.0045092130099891065,0.005138199950305227,0.0006289869403161208,0.0006289869403161208,Overweighted,2018,JP3397200001
0.0039858574488517455,0.00460001118193677,0.0006141537330850242,0.0006141537330850242,Overweighted,2018,JP3116000005
0.002254000193388869,0.0016555231119735545,-0.0005984770814153146,0.0005984770814153146,Underweighted,2018,AU000000ORG5
0.0026044483014741114,0.003198663754916519,0.0005942154534424077,0.0005942154534424077,Overweighted,2018,JP3351600006
0.0021432426004954768,0.0027331316538857296,0.0005898890533902528,0.0005898890533902528,Overweighted,2018,JP3197800000
0.0005715567496739965,1.0550581588090727e-10,-0.0005715566441681806,0.0005715566441681806,Underweighted,2018,JP3368000000
0.0005650146591309728,1.1523334625814111e-11,-0.0005650146476076382,0.0005650146476076382,Underweighted,2018,JP3158800007
0.0010356806903270015,0.0004725009474256215,-0.00056317974290138,0.00056317974290138,Underweighted,2018,JP3903000002
0.0009259955329904833,0.0014848151579362138,0.0005588196249457305,0.0005588196249457305,Overweighted,2018,JP3613400005
0.0014527015790702354,0.0008983380299951694,-0.000554363549075066,0.000554363549075066,Underweighted,2018,JP3605400005
0.0018701874235342057,0.001333150429066624,-0.0005370369944675817,0.0005370369944675817,Underweighted,2018,JP3256000005
0.000531014479994515,4.935823847853022e-12,-0.0005310144750586911,0.0005310144750586911,Underweighted,2018,JP3223800008
0.003056859563594196,0.0035847093064579746,0.0005278497428637787,0.0005278497428637787,Overweighted,2018,JP3551520004
0.0069855788609353535,0.007512010430842587,0.0005264315699072333,0.0005264315699072333,Overweighted,2018,JP3814800003
0.00033647840831497837,0.0008557841607757345,0.0005193057524607561,0.0005193057524607561,Overweighted,2018,AU000000BWP3
0.0019065801386406835,0.0024193842452525853,0.0005128041066119018,0.0005128041066119018,Overweighted,2018,JP3443600006
0.006557569596540747,0.006046081768923088,-0.000511487827617659,0.000511487827617659,Underweighted,2018,JP3942400007
0.004491962919103697,0.00500017732865146,0.0005082144095477628,0.0005082144095477628,Overweighted,2018,JP3814000000
0.003231907214838246,0.0027251423862091092,-0.0005067648286291369,0.0005067648286291369,Underweighted,2018,JP3546800008
0.008234449926833143,0.008738210568971646,0.0005037606421385028,0.0005037606421385028,Overweighted,2018,JP3783600004
0.0011064591006197941,0.0016025527466347466,0.0004960936460149524,0.0004960936460149524,Overweighted,2018,HK0008011667
0.00049526195517689,0.0,-0.00049526195517689,0.00049526195517689,Removed,2018,JP3845400005
0.001201426890695417,0.0016952799575527032,0.0004938530668572862,0.0004938530668572862,Overweighted,2018,JP3224200000
0.008208412406471908,0.007715034424272793,-0.0004933779821991151,0.0004933779821991151,Underweighted,2018,JP3551500006
0.004982872047608569,0.005456749053524877,0.0004738770059163075,0.0004738770059163075,Overweighted,2018,JP3890310000
0.005604436070101257,0.006064022267487537,0.00045958619738627974,0.00045958619738627974,Overweighted,2018,JP3304200003
0.0010844800128561424,0.0006439681712654293,-0.0004405118415907131,0.0004405118415907131,Underweighted,2018,AU000000QAN2
0.0007042350188083351,0.0011431596785794755,0.00043892465977114043,0.00043892465977114043,Overweighted,2018,JP3769000005
0.0012824810560625732,0.0017180624821722269,0.00043558142610965363,0.00043558142610965363,Overweighted,2018,JP3743000006
0.001367902066867198,0.0009325224707805925,-0.0004353795960866055,0.0004353795960866055,Underweighted,2018,BMG988031446
0.003286891149391453,0.003721952012555121,0.0004350608631636683,0.0004350608631636683,Overweighted,2018,JP3951600000
0.0017036631816833522,0.0021363830970354165,0.00043271991535206436,0.00043271991535206436,Overweighted,2018,SG1F60858221
0.005048342018717879,0.005466530394296004,0.0004181883755781249,0.0004181883755781249,Overweighted,2018,BMG2178K1009
0.008978112723467737,0.009391276677123798,0.0004131639536560615,0.0004131639536560615,Overweighted,2018,JP3242800005
0.0012216326046297276,0.0016346682367572622,0.0004130356321275345,0.0004130356321275345,Overweighted,2018,JP3830000000
0.00553947544746994,0.005952432735675336,0.00041295728820539643,0.00041295728820539643,Overweighted,2018,JP3933800009
0.0014256313429875664,0.0010162242644697222,-0.0004094070785178442,0.0004094070785178442,Underweighted,2018,JP3778630008
0.00740715818491053,0.007813014090606207,0.00040585590569567655,0.00040585590569567655,Overweighted,2018,JP3910660004
0.0003946259109379186,0.0008001308791627237,0.00040550496822480507,0.00040550496822480507,Overweighted,2018,JP3678000005
0.009153368319732619,0.009558351099655919,0.00040498277992329947,0.00040498277992329947,Overweighted,2018,HK0011000095
0.005745240550274394,0.006138558035696926,0.00039331748542253183,0.00039331748542253183,Overweighted,2018,JP3762600009
0.0027389957393350282,0.0023471022371796472,-0.000391893502155381,0.000391893502155381,Underweighted,2018,JP3407400005
0.001156337868088534,0.0015481449344575428,0.0003918070663690089,0.0003918070663690089,Overweighted,2018,JP3738600000
0.00039038523438949423,0.0,-0.00039038523438949423,0.00039038523438949423,Removed,2018,JP3400900001
0.0011043656316460264,0.0007178473150226619,-0.00038651831662336455,0.00038651831662336455,Underweighted,2018,NZTELE0001S4
0.0009133506065551817,0.0005305961377375923,-0.00038275446881758937,0.00038275446881758937,Underweighted,2018,JP3126340003
0.00103092365591786,0.001412938994077197,0.000382015338159337,0.000382015338159337,Overweighted,2018,JP3977400005
0.001652366182443321,0.0012769781261622733,-0.0003753880562810477,0.0003753880562810477,Underweighted,2018,JP3982800009
0.0015414964394263337,0.0019159185478580024,0.0003744221084316687,0.0003744221084316687,Overweighted,2018,HK0291001490
0.004691424250377768,0.004317975692209461,-0.0003734485581683069,0.0003734485581683069,Underweighted,2018,JP3249600002
0.0004054086780293667,3.9146978998499877e-05,-0.0003662616990308668,0.0003662616990308668,Underweighted,2018,NZAIRE0001S2
0.00036375892587938753,3.3205241567863457e-12,-0.0003637589225588634,0.0003637589225588634,Underweighted,2018,JP3850200001
0.0004129297456929358,0.0007764021147435117,0.0003634723690505759,0.0003634723690505759,Overweighted,2018,JP3156400008
0.0010029608917682497,0.0013664172523383956,0.00036345636057014586,0.00036345636057014586,Overweighted,2018,JP3134800006
0.0048675583559441415,0.004504858047482216,-0.0003627003084619258,0.0003627003084619258,Underweighted,2018,AU0000224040
0.0023379048410640574,0.0026976284672199386,0.0003597236261558812,0.0003597236261558812,Overweighted,2018,JP3573000001
0.007989927610483087,0.00834148482308084,0.0003515572125977525,0.0003515572125977525,Overweighted,2018,JP3463000004
0.00019551972172189832,0.0005463366090135861,0.0003508168872916878,0.0003508168872916878,Overweighted,2018,JP3375800004
0.0017071842282720437,0.0020569117538432255,0.0003497275255711818,0.0003497275255711818,Overweighted,2018,JP3982100004
0.002864283782616658,0.0032108884144850655,0.00034660463186840735,0.00034660463186840735,Overweighted,2018,JP3197600004
0.00774648707553354,0.0080887141606346,0.0003422270851010595,0.0003422270851010595,Overweighted,2018,JP3802300008
0.0005814446522375953,0.00023953608506071435,-0.0003419085671768809,0.0003419085671768809,Underweighted,2018,NZCENE0001S6
0.001695913140850777,0.0013562687500695873,-0.0003396443907811898,0.0003396443907811898,Underweighted,2018,JP3260800002
0.00047422913408106857,0.0008136471235892108,0.00033941798950814226,0.00033941798950814226,Overweighted,2018,JP3320800000
0.0010833491657765626,0.0014219611031250998,0.0003386119373485373,0.0003386119373485373,Overweighted,2018,JP3894900004
0.0008414390127219011,0.0005046292371704879,-0.0003368097755514132,0.0003368097755514132,Underweighted,2018,JP3870000001
0.0004025161394249869,6.611549455198819e-05,-0.00033640064487299874,0.00033640064487299874,Underweighted,2018,JP3528600004
0.0006945246872737612,0.0003598128375539983,-0.0003347118497197629,0.0003347118497197629,Underweighted,2018,JP3243600008
0.001942610702306387,0.0016084423190567297,-0.0003341683832496574,0.0003341683832496574,Underweighted,2018,JP3419400001
0.012783543988064703,0.013113873749655143,0.00033032976159044075,0.00033032976159044075,Overweighted,2018,JP3890350006
0.0005668908372402757,0.0008934139222434412,0.00032652308500316553,0.00032652308500316553,Overweighted,2018,JP3827200001
0.0038052630394115744,0.0034859423141544617,-0.0003193207252571127,0.0003193207252571127,Underweighted,2018,JP3160400002
0.0012945979423326169,0.0009800062407049309,-0.000314591701627686,0.000314591701627686,Underweighted,2018,JP3670800006
0.008845647072276046,0.009156024139714638,0.00031037706743859174,0.00031037706743859174,Overweighted,2018,JP3435000009
0.007817419692246275,0.008125959664684731,0.0003085399724384562,0.0003085399724384562,Overweighted,2018,JP3566800003
0.0007774480213674957,0.0004730216319096014,-0.00030442638945789427,0.00030442638945789427,Underweighted,2018,JP3870400003
0.003707545234846973,0.004009199729587723,0.00030165449474075026,0.00030165449474075026,Overweighted,2018,JP3404600003
0.015578208244999048,0.015879568420094074,0.0003013601750950258,0.0003013601750950258,Overweighted,2018,AU000000BHP4
0.0032207786515323815,0.0035217002892184036,0.00030092163768602204,0.00030092163768602204,Overweighted,2018,JP3359600008
0.0029237700773400103,0.0032197737949074936,0.0002960037175674833,0.0002960037175674833,Overweighted,2018,JP3388200002
0.0003386676721859831,0.0006296608063309475,0.0002909931341449644,0.0002909931341449644,Overweighted,2018,JP3619800000
0.0017333152070696074,0.0020234751594212,0.00029015995235159267,0.00029015995235159267,Overweighted,2018,JP3027680002
0.0016813289518616506,0.0019656284331900148,0.0002842994813283641,0.0002842994813283641,Overweighted,2018,JP3358800005
0.009346397374126353,0.009630094596311154,0.00028369722218480123,0.00028369722218480123,Overweighted,2018,HK0016000132
0.0032928164142547057,0.003010594902777241,-0.0002822215114774646,0.0002822215114774646,Underweighted,2018,JP3294460005
0.0016900252593620559,0.0019667568433675547,0.0002767315840054988,0.0002767315840054988,Overweighted,2018,JP3942800008
0.0025882005523183305,0.0028637119858622036,0.0002755114335438731,0.0002755114335438731,Overweighted,2018,JP3502200003
0.0011893684159480793,0.000919235749733647,-0.0002701326662144322,0.0002701326662144322,Underweighted,2018,JP3799000009
0.0006742442065903875,0.0004084686949987472,-0.00026577551159164036,0.00026577551159164036,Underweighted,2018,AU000000TAH8
0.0003988105124245456,0.0006600975592643113,0.0002612870468397657,0.0002612870468397657,Overweighted,2018,JP3385820000
0.0013364556395034277,0.0010769539568807195,-0.00025950168262270823,0.00025950168262270823,Underweighted,2018,SG1J26887955
0.001209167585684359,0.0009502976092007642,-0.00025886997648359483,0.00025886997648359483,Underweighted,2018,JP3246400000
0.00012641889036120975,0.0003842855022388029,0.0002578666118775931,0.0002578666118775931,Overweighted,2018,AU000000GWA4
0.000995946836121765,0.0007412275083018381,-0.00025471932781992695,0.00025471932781992695,Underweighted,2018,JP3955000009
0.0004048011981932288,0.0006592466083822723,0.00025444541018904355,0.00025444541018904355,Overweighted,2018,AU000000SGM7
0.0058635262202140805,0.006112254202224124,0.0002487279820100434,0.0002487279820100434,Overweighted,2018,JP3205800000
0.0011672748415999248,0.0014097631706264005,0.00024248832902647567,0.00024248832902647567,Overweighted,2018,JP3787000003
0.003729295349441619,0.003970066500444117,0.00024077115100249813,0.00024077115100249813,Overweighted,2018,JP3347200002
0.0024686298288791216,0.00270914406841761,0.00024051423953848827,0.00024051423953848827,Overweighted,2018,JP3429800000
0.00037270757115788076,0.0006131107973325284,0.00024040322617464762,0.00024040322617464762,Overweighted,2018,JP3888400003
0.001246408436100522,0.0014855161206175323,0.00023910768451701025,0.00023910768451701025,Overweighted,2018,HK0010000088
0.0005233111683801045,0.0007619131751184968,0.00023860200673839226,0.00023860200673839226,Overweighted,2018,SGXE34184239
0.0005467809182032022,0.0007846544317244949,0.00023787351352129265,0.00023787351352129265,Overweighted,2018,AU000000ILU1
0.0005039605991382034,0.0002662900559540839,-0.00023767054318411948,0.00023767054318411948,Underweighted,2018,SG1T58930911
0.001304763883744294,0.001542275184576775,0.00023751130083248103,0.00023751130083248103,Overweighted,2018,AU000000COH5
0.0018354302310634838,0.002070225902668429,0.00023479567160494515,0.00023479567160494515,Overweighted,2018,HK0000055878
0.003923097772395974,0.004157809036147565,0.00023471126375159117,0.00023471126375159117,Overweighted,2018,JP3837800006
0.0006138677202610028,0.0008386790018127952,0.0002248112815517924,0.0002248112815517924,Overweighted,2018,JP3638600001
0.0016445460477834994,0.0014202850158172376,-0.0002242610319662618,0.0002242610319662618,Underweighted,2018,HK0144000764
0.0011646907158354303,0.0013874372216954496,0.00022274650586001925,0.00022274650586001925,Overweighted,2018,JP3711600001
0.001396385861799342,0.0016182417397123917,0.00022185587791304973,0.00022185587791304973,Overweighted,2018,SG1R89002252
0.001671527498351656,0.0014511341801006566,-0.0002203933182509995,0.0002203933182509995,Underweighted,2018,JP3720800006
0.009758460292822336,0.009539801707976227,-0.0002186585848461091,0.0002186585848461091,Underweighted,2018,JP3672400003
0.00430950868678058,0.0040912256294724095,-0.0002182830573081709,0.0002182830573081709,Underweighted,2018,JP3519400000
0.0008797686539212958,0.0010965389897294071,0.00021677033580811138,0.00021677033580811138,Overweighted,2018,JP3164800009
0.04360365263139412,0.04381911699433682,0.00021546436294270221,0.00021546436294270221,Overweighted,2018,JP3633400001
0.0009184557736396484,0.0011328532383912259,0.00021439746475157746,0.00021439746475157746,Overweighted,2018,SG1P66918738
0.005957045404526605,0.006171268911776573,0.0002142235072499681,0.0002142235072499681,Overweighted,2018,JP3866800000
0.00018839585241272707,0.00040211433800370626,0.00021371848559097919,0.00021371848559097919,Overweighted,2018,JP3560800009
0.0019783375260540217,0.0021909602455248297,0.000212622719470808,0.000212622719470808,Overweighted,2018,JP3414750004
0.00617908629401774,0.006390647171007904,0.00021156087699016404,0.00021156087699016404,Overweighted,2018,JP3893600001
0.003317367945478311,0.003105880820336533,-0.0002114871251417778,0.0002114871251417778,Underweighted,2018,JP3621000003
0.002376676073375106,0.0025827775603015487,0.0002061014869264425,0.0002061014869264425,Overweighted,2018,JP3635000007
0.007587860071552479,0.007788027642073526,0.00020016757052104643,0.00020016757052104643,Overweighted,2018,HK0688002218
0.0011313774562059901,0.0009314327700469742,-0.00019994468615901597,0.00019994468615901597,Underweighted,2018,AU000000BSL0
0.00031258575906749223,0.0005117354891386231,0.00019914973007113086,0.00019914973007113086,Overweighted,2018,JP3891600003
6.547464403112685e-05,0.0002631161684688388,0.00019764152443771193,0.00019764152443771193,Overweighted,2018,AU000000ERA9
0.0013916264909292922,0.0015878545990206266,0.0001962281080913344,0.0001962281080913344,Overweighted,2018,NZAIAE0002S6
0.00023088439402875824,0.00042534304339003273,0.0001944586493612745,0.0001944586493612745,Overweighted,2018,AU000000SIG5
0.0004978367350977515,0.0003045431903725122,-0.00019329354472523934,0.00019329354472523934,Underweighted,2018,JP3274400005
0.012863577120014966,0.013056380794074859,0.00019280367405989304,0.00019280367405989304,Overweighted,2018,JP3854600008
0.0015678610643147196,0.0013751014568132666,-0.00019275960750145303,0.00019275960750145303,Underweighted,2018,JP3495000006
0.0006901788699844668,0.0008823555088476514,0.00019217663886318464,0.00019217663886318464,Overweighted,2018,JP3493400000
0.0019454915586062257,0.002136987364549068,0.00019149580594284227,0.00019149580594284227,Overweighted,2018,SGXE21576413
0.0011789220992274153,0.0013699771234693518,0.00019105502424193645,0.00019105502424193645,Overweighted,2018,JP3357200009
0.001017876858206344,0.0008276373752216701,-0.00019023948298467377,0.00019023948298467377,Underweighted,2018,JP3405400007
0.002752470109392749,0.002564745414358097,-0.00018772469503465202,0.00018772469503465202,Underweighted,2018,JP3201200007
0.0010684846014784493,0.001254187164214562,0.00018570256273611275,0.00018570256273611275,Overweighted,2018,JP3322930003
0.0023625521671848996,0.0025476122648194336,0.00018506009763453405,0.00018506009763453405,Overweighted,2018,JP3228600007
0.005843841537062303,0.005659919628899946,-0.00018392190816235703,0.00018392190816235703,Underweighted,2018,AU000000WOW2
0.0007357328483120863,0.0009187561027801958,0.0001830232544681095,0.0001830232544681095,Overweighted,2018,JP3166000004
0.009158760871508798,0.00934089208953379,0.00018213121802499246,0.00018213121802499246,Overweighted,2018,AU000000CSL8
0.0018927342712985553,0.0020741666542178324,0.00018143238291927705,0.00018143238291927705,Overweighted,2018,JP3027670003
0.003770671735665336,0.003951102139960078,0.00018043040429474187,0.00018043040429474187,Overweighted,2018,JP3475350009
0.00035912572389838174,0.0005369658113209841,0.00017784008742260232,0.00017784008742260232,Overweighted,2018,HK0308001558
0.005349703419582269,0.005525671911833506,0.0001759684922512366,0.0001759684922512366,Overweighted,2018,JP3143600009
0.0021206630422784117,0.0019447501815166835,-0.00017591286076172824,0.00017591286076172824,Underweighted,2018,JP3592200004
0.0046582908982382605,0.004833537120969746,0.0001752462227314856,0.0001752462227314856,Overweighted,2018,JP3266400005
0.0011000221508176403,0.0012744578828006146,0.00017443573198297436,0.00017443573198297436,Overweighted,2018,JP3300600008
0.0003872356850852099,0.0005608726632563615,0.00017363697817115162,0.00017363697817115162,Overweighted,2018,AU000000PPT9
0.0001704775337075666,5.0116057865593235e-11,-0.00017047748359150873,0.00017047748359150873,Underweighted,2018,BMG684371393
0.003911116400858608,0.004081147113412905,0.00017003071255429752,0.00017003071255429752,Overweighted,2018,JP3421800008
0.01621550599524771,0.016385476569616513,0.00016997057436880444,0.00016997057436880444,Overweighted,2018,JP3496400007
0.003233026379613285,0.003402264037727837,0.0001692376581145516,0.0001692376581145516,Overweighted,2018,JP3967200001
0.006913057450805026,0.007081878345980114,0.00016882089517508778,0.00016882089517508778,Overweighted,2018,JP3830800003
0.0036093414464134616,0.0037772096900595864,0.00016786824364612481,0.00016786824364612481,Overweighted,2018,JP3634600005
0.0021068358666235494,0.002274585588752724,0.00016774972212917462,0.00016774972212917462,Overweighted,2018,JP3762800005
0.006586560403489977,0.0067525881244394,0.00016602772094942344,0.00016602772094942344,Overweighted,2018,JP3788600009
0.00032391058508964807,0.00015940158543620566,-0.0001645089996534424,0.0001645089996534424,Underweighted,2018,AU000000CWY3
0.00029220247410415674,0.00012912287306500946,-0.00016307960103914727,0.00016307960103914727,Underweighted,2018,JP3421100003
0.0005217200385016046,0.0006845171721683575,0.0001627971336667529,0.0001627971336667529,Overweighted,2018,JP3765400001
0.014561471579715915,0.014400692086356567,-0.00016077949335934795,0.00016077949335934795,Underweighted,2018,AU000000NAB4
0.0015033910984741286,0.001664167410544505,0.00016077631207037633,0.00016077631207037633,Overweighted,2018,JP3792600003
0.001320109758989501,0.001160064793809884,-0.00016004496517961703,0.00016004496517961703,Underweighted,2018,JP3269600007
0.000945152175977002,0.0011050549538155097,0.00015990277783850776,0.00015990277783850776,Overweighted,2018,BMG524401079
0.00015981158966152964,2.143702409063174e-11,-0.00015981156822450555,0.00015981156822450555,Underweighted,2018,JP3686800008
0.00029653894554981824,0.0004562648061055992,0.00015972586055578098,0.00015972586055578098,Overweighted,2018,JP3194000000
0.002089924562569833,0.0022493302308533403,0.00015940566828350714,0.00015940566828350714,Overweighted,2018,JP3538800008
0.021165380205449447,0.021322702411813204,0.00015732220636375735,0.00015732220636375735,Overweighted,2018,JP3735400008
0.0011432303223934041,0.0009877920906682831,-0.000155438231725121,0.000155438231725121,Underweighted,2018,KYG0535Q1331
0.006611247449446259,0.006456951142234986,-0.00015429630721127286,0.00015429630721127286,Underweighted,2018,JP3734800000
0.0007876606919973375,0.0006355036243527468,-0.00015215706764459065,0.00015215706764459065,Underweighted,2018,BMG677491539
0.008682732662528397,0.008833009159241477,0.00015027649671307992,0.00015027649671307992,Overweighted,2018,JP3898400001
0.002754867318284586,0.002605197808734813,-0.00014966950954977288,0.00014966950954977288,Underweighted,2018,JP3119600009
0.0030417730355098015,0.0028943215204930094,-0.00014745151501679207,0.00014745151501679207,Underweighted,2018,JP3111200006
0.0018729748213977154,0.002018307090170086,0.00014533226877237043,0.00014533226877237043,Overweighted,2018,JP3402600005
0.025349876551335564,0.025204968418672934,-0.00014490813266263003,0.00014490813266263003,Underweighted,2018,AU000000CBA7
0.0031221309355263073,0.002977248374031201,-0.0001448825614951063,0.0001448825614951063,Underweighted,2018,IE00BKVD2N49
0.008733249283825082,0.008589920039391697,-0.00014332924443338432,0.00014332924443338432,Underweighted,2018,JP3371200001
0.0020780086119378967,0.002221268837423512,0.00014326022548561508,0.00014326022548561508,Overweighted,2018,JP3401400001
0.0007024663179008104,0.0008437781170409122,0.00014131179914010183,0.00014131179914010183,Overweighted,2018,JP3665200006
0.005123564377658111,0.0049831094301794835,-0.0001404549474786276,0.0001404549474786276,Underweighted,2018,AU000000MQG1
0.0004514089203904567,0.000311116963725802,-0.00014029195666465468,0.00014029195666465468,Underweighted,2018,JP3148800000
0.00045704212764018185,0.0005953410557258642,0.00013829892808568239,0.00013829892808568239,Overweighted,2018,BMG4600H1198
0.002603803438263442,0.002741332535811368,0.00013752909754792585,0.00013752909754792585,Overweighted,2018,HK0000608585
0.0015644288032405404,0.0014269949409761672,-0.00013743386226437314,0.00013743386226437314,Underweighted,2018,AU000000DXS1
0.0003052960010338372,0.0001684705112450382,-0.00013682548978879902,0.00013682548978879902,Underweighted,2018,AU000000CQR9
0.0003256255473962836,0.00046165680130497307,0.00013603125390868948,0.00013603125390868948,Overweighted,2018,JP3721400004
0.0005062807048200685,0.000370740036755177,-0.0001355406680648915,0.0001355406680648915,Underweighted,2018,JP3350800003
0.003404660461470422,0.0032698032994598852,-0.00013485716201053688,0.00013485716201053688,Underweighted,2018,JP3900000005
0.00053840937876904,0.00040435478239467953,-0.00013405459637436047,0.00013405459637436047,Underweighted,2018,JP3549600009
0.0070593245765815885,0.007191992739818077,0.0001326681632364884,0.0001326681632364884,Overweighted,2018,HK0066009694
0.0004428948568408929,0.000310665693451886,-0.0001322291633890069,0.0001322291633890069,Underweighted,2018,AU000000WOR2
0.0013048246317279078,0.0014368371616316866,0.00013201252990377877,0.00013201252990377877,Overweighted,2018,JP3229400001
0.00017406400120168858,0.0003048896942775901,0.00013082569307590152,0.00013082569307590152,Overweighted,2018,AU000000MND5
0.0005757039677860919,0.0007061020430751382,0.00013039807528904626,0.00013039807528904626,Overweighted,2018,JP3742600004
0.001026678306447619,0.0011524631944183027,0.00012578488797068362,0.00012578488797068362,Overweighted,2018,JP3667600005
0.003525081656680224,0.003649814512682979,0.00012473285600275502,0.00012473285600275502,Overweighted,2018,HK0823032773
0.0007092981295964538,0.0005886895545052589,-0.00012060857509119496,0.00012060857509119496,Underweighted,2018,JP3456000003
0.0017169366161029656,0.001836680328993838,0.00011974371289087248,0.00011974371289087248,Overweighted,2018,JP3626800001
0.000704737357903603,0.0008244214328449582,0.0001196840749413552,0.0001196840749413552,Overweighted,2018,BMG2442N1048
0.004698723354255056,0.004817536652773926,0.00011881329851886994,0.00011881329851886994,Overweighted,2018,HK0012000102
0.0015999336632018938,0.0017174786663319102,0.00011754500313001636,0.00011754500313001636,Overweighted,2018,JP3190000004
0.0030853246668390744,0.002968704150209543,-0.00011662051662953126,0.00011662051662953126,Underweighted,2018,AU000000QBE9
0.015025672623578892,0.015142075352368781,0.00011640272878988937,0.00011640272878988937,Overweighted,2018,JP3726800000
0.0015705456578982676,0.0016867601792869603,0.00011621452138869275,0.00011621452138869275,Overweighted,2018,JP3596200000
0.0017384554210676975,0.0016255173530050138,-0.00011293806806268367,0.00011293806806268367,Underweighted,2018,AU000000ASX7
0.0009326264090480196,0.000819869200648244,-0.00011275720839977563,0.00011275720839977563,Underweighted,2018,JP3385980002
0.0007594689546787215,0.0008705293198040376,0.00011106036512531611,0.00011106036512531611,Overweighted,2018,JP3663900003
0.0002194614366484571,0.00033041405613327913,0.00011095261948482205,0.00011095261948482205,Overweighted,2018,AU000000SBM8
0.0027100656803694142,0.002814331989200911,0.00010426630883149683,0.00010426630883149683,Overweighted,2018,HK0023000190
0.00043778968975642613,0.0005403822936846234,0.00010259260392819731,0.00010259260392819731,Overweighted,2018,JP3811000003
0.00025928641282911433,0.00015671003320681266,-0.00010257637962230167,0.00010257637962230167,Underweighted,2018,AU000000BPT9
0.0014476174401339427,0.0013450996460261388,-0.00010251779410780392,0.00010251779410780392,Underweighted,2018,JP3675600005
0.003927899199562371,0.004027995830825155,0.0001000966312627834,0.0001000966312627834,Overweighted,2018,JP3571400005
0.0015029518438233827,0.0014036052124749376,-9.934663134844503e-05,9.934663134844503e-05,Underweighted,2018,JP3657400002
0.0012511841621969293,0.0013499173087393043,9.873314654237496e-05,9.873314654237496e-05,Overweighted,2018,JP3688370000
0.0012214783982097848,0.0011232454826777584,-9.823291553202646e-05,9.823291553202646e-05,Underweighted,2018,JP3595200001
0.00556777933491215,0.005470021770641376,-9.77575642707746e-05,9.77575642707746e-05,Underweighted,2018,HK0003000038
0.0018902809873449216,0.001792562205793943,-9.771878155097856e-05,9.771878155097856e-05,Underweighted,2018,SG1U68934629
0.0011965787343108548,0.0011002766709872962,-9.630206332355857e-05,9.630206332355857e-05,Underweighted,2018,AU000000BLD2
0.0035159928237472374,0.0034205359479398357,-9.54568758074017e-05,9.54568758074017e-05,Underweighted,2018,JP3258000003
0.001560882055581858,0.001655464682098647,9.458262651678893e-05,9.458262651678893e-05,Overweighted,2018,JP3493800001
0.00026112754402479385,0.00035286764359735004,9.174009957255619e-05,9.174009957255619e-05,Overweighted,2018,AU000000IVC8
0.0012237751392825678,0.0011328685464855883,-9.090659279697945e-05,9.090659279697945e-05,Underweighted,2018,JP3336000009
0.00024369053626672728,0.00033425681080369166,9.056627453696438e-05,9.056627453696438e-05,Overweighted,2018,HK0242001243
0.0015132392812022876,0.0014240216406543834,-8.921764054790416e-05,8.921764054790416e-05,Underweighted,2018,AU000000LLC3
0.002028223302905486,0.002114011335948528,8.57880330430421e-05,8.57880330430421e-05,Overweighted,2018,AU000000CIM7
0.002399881803115575,0.002314435844199332,-8.544595891624282e-05,8.544595891624282e-05,Underweighted,2018,JP3539220008
0.010479952411898806,0.010395282376666313,-8.46700352324925e-05,8.46700352324925e-05,Underweighted,2018,SG1T75931496
0.0007940018469022541,0.0008786525582684898,8.465071136623569e-05,8.465071136623569e-05,Overweighted,2018,JP3209000003
0.0007341113444417796,0.0006496205707677641,-8.449077367401559e-05,8.449077367401559e-05,Underweighted,2018,JP3634200004
0.02125136663979386,0.021168826932681465,-8.253970711239594e-05,8.253970711239594e-05,Underweighted,2018,JP3902900004
0.0030464786677789624,0.0031287128602256473,8.223419244668493e-05,8.223419244668493e-05,Overweighted,2018,AU000000NCM7
0.004649136644399844,0.004730282582069151,8.114593766930713e-05,8.114593766930713e-05,Overweighted,2018,JP3198900007
0.0012013357687199963,0.0011212626363549482,-8.007313236504813e-05,8.007313236504813e-05,Underweighted,2018,NZFBUE0001S0
0.0011278447273127571,0.00120712716386295,7.928243655019288e-05,7.928243655019288e-05,Overweighted,2018,JP3888300005
0.0006772629140838113,0.0005993763463195914,-7.788656776421996e-05,7.788656776421996e-05,Underweighted,2018,HK0363006039
0.0032703256415521536,0.0033467693890620186,7.644374750986503e-05,7.644374750986503e-05,Overweighted,2018,JP3165700000
0.0010477391650743394,0.0009726879117975325,-7.505125327680689e-05,7.505125327680689e-05,Underweighted,2018,JP3174410005
0.0037669427440558127,0.0036919806459634096,-7.496209809240316e-05,7.496209809240316e-05,Underweighted,2018,AU000000TCL6
0.0024971860540994205,0.0024225362716175426,-7.464978248187789e-05,7.464978248187789e-05,Underweighted,2018,AU000000IAG3
0.00047868943795486586,0.00040418505882064187,-7.450437913422399e-05,7.450437913422399e-05,Underweighted,2018,JP3352400000
0.0029180410751930477,0.002992152022546474,7.411094735342624e-05,7.411094735342624e-05,Overweighted,2018,JP3818000006
0.0005133414896847179,0.00044013692743995853,-7.320456224475932e-05,7.320456224475932e-05,Underweighted,2018,AU000000OZL8
0.00037277766498512743,0.0004459810497240593,7.320338473893189e-05,7.320338473893189e-05,Overweighted,2018,AU000000MTS0
0.00048536470676965827,0.0005576873371869537,7.23226304172954e-05,7.23226304172954e-05,Overweighted,2018,JP3535800001
0.001118498883679866,0.0010465899952057647,-7.190888847410123e-05,7.190888847410123e-05,Underweighted,2018,JP3358200008
0.00039455815357158013,0.00032352063357068083,-7.10375200008993e-05,7.10375200008993e-05,Underweighted,2018,AU000000CSR5
0.0008584554575164876,0.0007878432745441159,-7.061218297237169e-05,7.061218297237169e-05,Underweighted,2018,SG1N31909426
0.0016670531757124094,0.0017371970902761405,7.014391456373111e-05,7.014391456373111e-05,Overweighted,2018,AU000000APA1
0.0009704794122221369,0.0009012332812640309,-6.924613095810593e-05,6.924613095810593e-05,Underweighted,2018,JP3544000007
0.0006592184264896068,0.0007274003455521202,6.818191906251343e-05,6.818191906251343e-05,Overweighted,2018,JP3582600007
0.001850126570176205,0.001785103641045339,-6.502292913086608e-05,6.502292913086608e-05,Underweighted,2018,JP3180400008
0.003054983385484893,0.0031199801832472963,6.499679776240334e-05,6.499679776240334e-05,Overweighted,2018,AU000000SUN6
0.0013985517610612644,0.001334093022888876,-6.445873817238833e-05,6.445873817238833e-05,Underweighted,2018,JP3786200000
0.0015787606544515789,0.0016417402142218382,6.297955977025934e-05,6.297955977025934e-05,Overweighted,2018,AU000000SHL7
0.0005599328566555882,0.0006212211437871616,6.128828713157335e-05,6.128828713157335e-05,Overweighted,2018,JP3165600002
0.0008714508530880226,0.0008144517940965417,-5.699905899148093e-05,5.699905899148093e-05,Underweighted,2018,JP3118000003
0.0004279765539418905,0.0003722688083729321,-5.5707745568958405e-05,5.5707745568958405e-05,Underweighted,2018,NZSKCE0001S2
0.0013558459285807685,0.001410825479262047,5.4979550681278494e-05,5.4979550681278494e-05,Overweighted,2018,AU000000MGR9
0.0014236874075119251,0.0013705586363361557,-5.312877117576945e-05,5.312877117576945e-05,Underweighted,2018,JP3733000008
0.0009485143432239344,0.001001129347181676,5.2615003957741466e-05,5.2615003957741466e-05,Overweighted,2018,JP3635400009
0.008244636896392994,0.008192170149658649,-5.246674673434551e-05,5.246674673434551e-05,Underweighted,2018,AU000000WES1
0.0006552884992419761,0.000706827230264708,5.1538731022731884e-05,5.1538731022731884e-05,Overweighted,2018,JP3270000007
0.006905024698202557,0.006854184107296388,-5.084059090616853e-05,5.084059090616853e-05,Underweighted,2018,HK0388045442
0.0007459572012464691,0.0007962182557469058,5.026105450043662e-05,5.026105450043662e-05,Overweighted,2018,HK0165000859
0.006907573777053428,0.006857813161492805,-4.9760615560622695e-05,4.9760615560622695e-05,Underweighted,2018,JP3914400001
0.0014932695498197075,0.0015429546778523034,4.968512803259586e-05,4.968512803259586e-05,Overweighted,2018,AU000000GPT8
0.009821458288290749,0.009870771217841993,4.931292955124428e-05,4.931292955124428e-05,Overweighted,2018,HK2388011192
0.0019333069149698441,0.0018847737854205927,-4.8533129549251444e-05,4.8533129549251444e-05,Underweighted,2018,SG9999000020
0.010686738548120155,0.010733820484258545,4.708193613838993e-05,4.708193613838993e-05,Overweighted,2018,KYG217651051
0.015478887628251404,0.015524862342569192,4.597471431778792e-05,4.597471431778792e-05,Overweighted,2018,AU000000ANZ3
0.0009760004693482673,0.001020520723689903,4.4520254341635685e-05,4.4520254341635685e-05,Overweighted,2018,JP3419050004
0.0008676494311903442,0.0009121695819690517,4.4520150778707486e-05,4.4520150778707486e-05,Overweighted,2018,JP3040890000
0.002543221343374134,0.0025875579914453038,4.4336648071169934e-05,4.4336648071169934e-05,Overweighted,2018,JP3486800000
0.0011239241459087594,0.0010800141067618077,-4.391003914695161e-05,4.391003914695161e-05,Underweighted,2018,AU000000CGF5
0.001644499318565335,0.0016883989834788604,4.389966491352552e-05,4.389966491352552e-05,Overweighted,2018,BMG668971101
0.00402792075458248,0.004069149010092188,4.1228255509707934e-05,4.1228255509707934e-05,Overweighted,2018,KYG2108Y1052
0.002061791236773923,0.0020211204926353483,-4.0670744138574574e-05,4.0670744138574574e-05,Underweighted,2018,JP3112000009
3.909600037729171e-05,3.914006521247772e-09,-3.9092086370770465e-05,3.9092086370770465e-05,Underweighted,2018,AU0000038911
0.00480707205595207,0.004768312612137772,-3.8759443814298e-05,3.8759443814298e-05,Underweighted,2018,HK0006000050
0.00053872480099165,0.0005004625346001905,-3.826226639145952e-05,3.826226639145952e-05,Underweighted,2018,AU000000DOW2
0.003339917129703569,0.0033775650718341943,3.764794213062528e-05,3.764794213062528e-05,Overweighted,2018,JP3684000007
0.00246003398919777,0.0024974077778939195,3.7373788696149456e-05,3.7373788696149456e-05,Overweighted,2018,JP3877600001
0.004163496235243014,0.004200232517920805,3.6736282677790784e-05,3.6736282677790784e-05,Overweighted,2018,JP3505000004
0.0015814592668005761,0.0015464742435924881,-3.4985023208087976e-05,3.4985023208087976e-05,Underweighted,2018,JP3629000005
0.005322885521277688,0.005357623079802806,3.473755852511761e-05,3.473755852511761e-05,Overweighted,2018,HK0004000045
0.0007026532347734683,0.0006696270691530393,-3.302616562042896e-05,3.302616562042896e-05,Underweighted,2018,JP3215800008
0.0006898704571445814,0.0007228822682530511,3.301181110846967e-05,3.301181110846967e-05,Overweighted,2018,JP3835620000
0.0074053497641675655,0.007436243024428912,3.0893260261346915e-05,3.0893260261346915e-05,Overweighted,2018,JP3902400005
3.182026110908598e-05,1.1381221008187542e-06,-3.068213900826723e-05,3.068213900826723e-05,Underweighted,2018,AU000000MAH3
0.0010589658597383498,0.0010302061009074934,-2.8759758830856387e-05,2.8759758830856387e-05,Underweighted,2018,AU000000BEN6
0.0006674661334956332,0.0006958555039874077,2.8389370491774496e-05,2.8389370491774496e-05,Overweighted,2018,BMG2108M2182
0.0013310233678918097,0.0013589969102100678,2.7973542318258156e-05,2.7973542318258156e-05,Overweighted,2018,AU0000088338
0.0013774091263027565,0.0014051803292080161,2.7771202905259654e-05,2.7771202905259654e-05,Overweighted,2018,JP3942600002
0.001267259013245502,0.0012404080274511227,-2.6850985794379424e-05,2.6850985794379424e-05,Underweighted,2018,AU000000ORI1
0.0014398346888486527,0.0014130632000976266,-2.6771488751026066e-05,2.6771488751026066e-05,Underweighted,2018,AU000000STO6
0.0005308649464963887,0.0005566845136188654,2.5819567122476752e-05,2.5819567122476752e-05,Overweighted,2018,HK0200030994
0.004702802815000812,0.004677640799269988,-2.516201573082421e-05,2.516201573082421e-05,Underweighted,2018,JP3200450009
0.00033201576798027287,0.0003073391110816577,-2.4676656898615153e-05,2.4676656898615153e-05,Underweighted,2018,JP3452000007
0.0010394213642410661,0.0010148851087339076,-2.4536255507158532e-05,2.4536255507158532e-05,Underweighted,2018,JP3820000002
0.0004975353316405908,0.0005209501267225377,2.3414795081946925e-05,2.3414795081946925e-05,Overweighted,2018,JP3491000000
0.0007628124302383883,0.0007396303477995534,-2.3182082438834902e-05,2.3182082438834902e-05,Underweighted,2018,JP3131430005
0.0004104484242084032,0.0004333166020283176,2.286817781991439e-05,2.286817781991439e-05,Overweighted,2018,AU000000IGO4
0.002424470717713711,0.0024016847159399244,-2.2786001773786747e-05,2.2786001773786747e-05,Underweighted,2018,HK0083000502
0.01927372537909049,0.019253455109242267,-2.0270269848222944e-05,2.0270269848222944e-05,Underweighted,2018,AU000000WBC1
0.0016853663563110594,0.001667889004311564,-1.7477351999495424e-05,1.7477351999495424e-05,Underweighted,2018,JP3210200006
0.002026484975989768,0.002009093753710488,-1.73912222792799e-05,1.73912222792799e-05,Underweighted,2018,JP3868400007
0.0026899627707150653,0.0026743909006812024,-1.557187003386291e-05,1.557187003386291e-05,Underweighted,2018,AU000000AMP6
0.0009464816222337807,0.000961509973548599,1.502835131481832e-05,1.502835131481832e-05,Overweighted,2018,BMG8063F1068
0.0007891209800649767,0.0008005967878550445,1.1475807790067849e-05,1.1475807790067849e-05,Overweighted,2018,JP3819400007
0.0012831422744996003,0.0012718641243247627,-1.1278150174837609e-05,1.1278150174837609e-05,Underweighted,2018,JP3126400005
0.0008904626354982314,0.0009015002237268441,1.103758822861272e-05,1.103758822861272e-05,Overweighted,2018,JP3122400009
0.010731217754429992,0.010723039945184759,-8.177809245233161e-06,8.177809245233161e-06,Underweighted,2018,AU000000TLS2
0.002663651884427569,0.0026711478553594244,7.495970931855472e-06,7.495970931855472e-06,Overweighted,2018,JP3420600003
0.001605202382549936,0.0015977545636082237,-7.44781894171224e-06,7.44781894171224e-06,Underweighted,2018,JP3695200000
0.006801278824494741,0.006794093316183768,-7.1855083109730045e-06,7.1855083109730045e-06,Underweighted,2018,JP3481800005
0.0024370712513917567,0.002443622374321495,6.551122929738477e-06,6.551122929738477e-06,Overweighted,2018,AU000000RHC8
0.0018680495618031818,0.0018626527383561037,-5.396823447078062e-06,5.396823447078062e-06,Underweighted,2018,AU000000SGP0
0.0004369018346113015,0.0004316127722499872,-5.28906236131431e-06,5.28906236131431e-06,Underweighted,2018,HK0000745908
0.000747109076474223,0.0007436678858596048,-3.441190614618243e-06,3.441190614618243e-06,Underweighted,2018,JP3293200006
0.0019315615786714019,0.0019317988048352924,2.372261638905037e-07,2.372261638905037e-07,Overweighted,2018,JP3940000007
0.004710855893641838,0.00125410102661763,-0.0034567548670242083,0.0034567548670242083,Underweighted,2019,HK0002007356
0.004407786112217554,0.00308358135753494,-0.001324204754682614,0.001324204754682614,Underweighted,2019,JP3381000003
0.0016572290281751988,0.00033939646628536725,-0.0013178325618898317,0.0013178325618898317,Underweighted,2019,HK0019000162
0.0017484779637571503,0.000494508695023894,-0.0012539692687332563,0.0012539692687332563,Underweighted,2019,JP3526600006
0.0011878058954146325,0.00010491448488962488,-0.0010828914105250075,0.0010828914105250075,Underweighted,2019,JP3585800000
0.001879817146201039,0.000874386132031926,-0.001005431014169113,0.001005431014169113,Underweighted,2019,SG1V61937297
0.00097758216148289,0.0,-0.00097758216148289,0.00097758216148289,Removed,2019,JP3449020001
0.0011438716283427494,0.00019878666842180876,-0.0009450849599209407,0.0009450849599209407,Underweighted,2019,HK0293001514
0.0009171328446201309,3.760007106534959e-09,-0.0009171290846130243,0.0009171290846130243,Underweighted,2019,JP3551200003
0.0008832174887222224,1.2401793464434588e-08,-0.0008832050869287579,0.0008832050869287579,Underweighted,2019,SG1R50925390
0.0007739257517274934,0.0,-0.0007739257517274934,0.0007739257517274934,Removed,2019,JP3362700001
0.00076203776330044,0.0,-0.00076203776330044,0.00076203776330044,Removed,2019,JP3753000003
0.0015064288089419284,0.002267487514638414,0.0007610587056964854,0.0007610587056964854,Overweighted,2019,JP3973400009
0.0007424051510600922,2.1947099464751348e-10,-0.0007424049315890975,0.0007424049315890975,Underweighted,2019,JP3522200009
0.0008899691652448187,0.0015802683889385776,0.000690299223693759,0.000690299223693759,Overweighted,2019,JP3711200000
0.004992511598568933,0.005667534617337616,0.0006750230187686831,0.0006750230187686831,Overweighted,2019,JP3397200001
0.0002746612673940888,0.0009441801907883401,0.0006695189233942513,0.0006695189233942513,Overweighted,2019,AU000000BWP3
0.0014477317520039305,0.002111979105137066,0.0006642473531331356,0.0006642473531331356,Overweighted,2019,SG1F60858221
0.0007302232940414904,0.0001521523685060816,-0.0005780709255354088,0.0005780709255354088,Underweighted,2019,JP3289800009
0.002094275508284288,0.0015233065265145948,-0.0005709689817696931,0.0005709689817696931,Underweighted,2019,JP3256000005
0.0005707238343900814,1.4559571955361407e-08,-0.000570709274818126,0.000570709274818126,Underweighted,2019,JP3158800007
0.002706126343325124,0.002138157475782751,-0.0005679688675423729,0.0005679688675423729,Underweighted,2019,JP3386030005
0.0006359389331940409,0.0011928603850351763,0.0005569214518411354,0.0005569214518411354,Overweighted,2019,JP3613400005
0.00037056829394269754,0.0009212817106540419,0.0005507134167113445,0.0005507134167113445,Overweighted,2019,JP3156400008
0.0024461676318622365,0.0019166638778799954,-0.0005295037539822412,0.0005295037539822412,Underweighted,2019,AU000000ORG5
0.00821388084641638,0.008731876629392038,0.0005179957829756585,0.0005179957829756585,Overweighted,2019,HK0011000095
0.002760269349729497,0.003276137587072249,0.0005158682373427518,0.0005158682373427518,Overweighted,2019,JP3388200002
0.003949298176549952,0.004446998131770531,0.0004976999552205787,0.0004976999552205787,Overweighted,2019,JP3814000000
0.0005937076437365355,0.0010910527637895272,0.0004973451200529917,0.0004973451200529917,Overweighted,2019,SG1P66918738
0.0007980740838156116,0.0012936772683455498,0.0004956031845299382,0.0004956031845299382,Overweighted,2019,HK0008011667
0.002412847314230445,0.0029078423330907094,0.0004949950188602643,0.0004949950188602643,Overweighted,2019,JP3197800000
0.0038865015614963153,0.004365046199241437,0.0004785446377451215,0.0004785446377451215,Overweighted,2019,JP3351600006
0.002594197090089478,0.0030694207218230985,0.0004752236317336206,0.0004752236317336206,Overweighted,2019,JP3659000008
0.0042806067218242195,0.004749635558768211,0.00046902883694399135,0.00046902883694399135,Overweighted,2019,BMG2178K1009
0.000954233297985444,0.0004853293253980199,-0.0004689039725874241,0.0004689039725874241,Underweighted,2019,JP3246400000
0.004567504604359559,0.005026913794399391,0.000459409190039832,0.000459409190039832,Overweighted,2019,JP3116000005
0.003683792467262742,0.004140570839437491,0.0004567783721747495,0.0004567783721747495,Overweighted,2019,JP3890310000
0.006750223607075425,0.007197688955291582,0.0004474653482161566,0.0004474653482161566,Overweighted,2019,JP3304200003
0.00043772365555917926,1.0706014926867466e-09,-0.00043772258495768655,0.00043772258495768655,Underweighted,2019,JP3223800008
0.0020643702722350265,0.002496970383699077,0.00043260011146405066,0.00043260011146405066,Overweighted,2019,JP3443600006
0.009655023370994905,0.010083090685974698,0.000428067314979793,0.000428067314979793,Overweighted,2019,AU000000CSL8
0.000626755996025838,0.00022114149181704757,-0.0004056145042087904,0.0004056145042087904,Underweighted,2019,AU000000ABC7
0.0050920107579633025,0.0047000975919775125,-0.00039191316598579,0.00039191316598579,Underweighted,2019,JP3942400007
0.0008881785746342033,0.0004963743987965177,-0.0003918041758376856,0.0003918041758376856,Underweighted,2019,JP3903000002
0.005040043474298842,0.005431837073283583,0.00039179359898474167,0.00039179359898474167,Overweighted,2019,HK0003000038
0.001233572734324495,0.001623741304017386,0.00039016856969289115,0.00039016856969289115,Overweighted,2019,JP3224200000
0.00224476725675997,0.0026315443056997797,0.0003867770489398097,0.0003867770489398097,Overweighted,2019,HK0291001490
0.000757407051395107,0.0011416910430182127,0.0003842839916231057,0.0003842839916231057,Overweighted,2019,JP3663900003
0.002334424556243596,0.002713384549586083,0.0003789599933424867,0.0003789599933424867,Overweighted,2019,JP3551520004
0.0016806965342717173,0.0020555992914830083,0.00037490275721129094,0.00037490275721129094,Overweighted,2019,JP3787000003
0.0007235391525368275,0.0003533443995922617,-0.0003701947529445658,0.0003701947529445658,Underweighted,2019,JP3870000001
0.006871220805421712,0.0072407715505589595,0.00036955074513724765,0.00036955074513724765,Overweighted,2019,JP3783600004
0.0025258534772115175,0.002894687349940947,0.00036883387272942936,0.00036883387272942936,Overweighted,2019,JP3429800000
0.0035482715895192407,0.003915653672386348,0.00036738208286710714,0.00036738208286710714,Overweighted,2019,JP3837800006
0.0013387868164526438,0.0009735114156368162,-0.00036527540081582755,0.00036527540081582755,Underweighted,2019,BMG988031446
0.004639781675714457,0.005004271322004776,0.00036448964629031896,0.00036448964629031896,Overweighted,2019,JP3814800003
0.014341873303667511,0.014705339867310879,0.0003634665636433679,0.0003634665636433679,Overweighted,2019,AU000000BHP4
0.0003609983993744432,8.118041743052189e-09,-0.00036099028133270014,0.00036099028133270014,Underweighted,2019,JP3400900001
0.0033972231334632955,0.003037486680844682,-0.0003597364526186134,0.0003597364526186134,Underweighted,2019,JP3546800008
0.007216269988939315,0.007568345994846617,0.0003520760059073022,0.0003520760059073022,Overweighted,2019,JP3566800003
0.0030304641795861993,0.003377773299314462,0.00034730911972826253,0.00034730911972826253,Overweighted,2019,JP3951600000
0.009679688254706676,0.010023081269054114,0.0003433930143474373,0.0003433930143474373,Overweighted,2019,JP3242800005
0.006770924002707424,0.007114164811554717,0.00034324080884729283,0.00034324080884729283,Overweighted,2019,JP3830800003
0.0021762411168065134,0.002512373256924644,0.0003361321401181305,0.0003361321401181305,Overweighted,2019,JP3228600007
0.002695996090635097,0.0030310060972385806,0.00033501000660348355,0.00033501000660348355,Overweighted,2019,JP3635000007
0.004180780838964712,0.0038518486922737316,-0.00032893214669098064,0.00032893214669098064,Underweighted,2019,AU0000224040
0.004251104870611804,0.00457719376366533,0.00032608889305352565,0.00032608889305352565,Overweighted,2019,JP3762600009
0.0010192147621327686,0.0013378013994870418,0.00031858663735427313,0.00031858663735427313,Overweighted,2019,JP3738600000
0.0008760441746552303,0.0005596192379734786,-0.00031642493668175163,0.00031642493668175163,Underweighted,2019,NZTELE0001S4
0.01148069751079157,0.011794257712208524,0.0003135602014169535,0.0003135602014169535,Overweighted,2019,JP3435000009
0.00046932821868130855,0.0001569493963854227,-0.0003123788222958859,0.0003123788222958859,Underweighted,2019,NZAIRE0001S2
0.0006840439439410069,0.00037500857788504534,-0.00030903536605596157,0.00030903536605596157,Underweighted,2019,MU0117U00026
0.0013611956655112856,0.0016697095057034647,0.00030851384019217913,0.00030851384019217913,Overweighted,2019,JP3027670003
0.00030780088322113924,3.2135511031857007e-09,-0.00030779766967003607,0.00030779766967003607,Underweighted,2019,JP3845400005
0.0006820982053162197,0.0009874101821718488,0.0003053119768556291,0.0003053119768556291,Overweighted,2019,JP3493400000
0.0020803249639041303,0.002383482652981024,0.0003031576890768937,0.0003031576890768937,Overweighted,2019,JP3573000001
0.004926641227563943,0.005227713934078276,0.0003010727065143326,0.0003010727065143326,Overweighted,2019,JP3933800009
0.006466487093487677,0.006761100613338438,0.0002946135198507614,0.0002946135198507614,Overweighted,2019,JP3910660004
0.0015540409965850554,0.0012600124657044102,-0.0002940285308806452,0.0002940285308806452,Underweighted,2019,JP3180400008
0.0012102402982638435,0.0015028231382389087,0.0002925828399750652,0.0002925828399750652,Overweighted,2019,JP3027680002
0.0024523461733677756,0.002160485139260989,-0.00029186103410678644,0.00029186103410678644,Underweighted,2019,JP3407400005
0.011776119407752573,0.012063295817217913,0.0002871764094653402,0.0002871764094653402,Overweighted,2019,JP3890350006
0.0008859371421471125,0.0011617728541107966,0.00027583571196368407,0.00027583571196368407,Overweighted,2019,JP3977400005
0.00020160845596833192,0.00047738739280969684,0.0002757789368413649,0.0002757789368413649,Overweighted,2019,JP3375800004
0.0009338468489232979,0.0006587633213981556,-0.00027508352752514224,0.00027508352752514224,Underweighted,2019,JP3404200002
0.002132140750095929,0.002406003633591334,0.0002738628834954046,0.0002738628834954046,Overweighted,2019,JP3942800008
0.0012288069523832947,0.0015010307263682175,0.00027222377398492285,0.00027222377398492285,Overweighted,2019,JP3830000000
0.0013481303774472832,0.001076010793877874,-0.0002721195835694091,0.0002721195835694091,Underweighted,2019,AU000000QAN2
0.004234029462699155,0.003962809474411567,-0.00027121998828758855,0.00027121998828758855,Underweighted,2019,JP3258000003
0.0009326239175174748,0.0011960092459006352,0.0002633853283831604,0.0002633853283831604,Overweighted,2019,HK0010000088
0.0011173449684609184,0.0008541177498618126,-0.0002632272185991058,0.0002632272185991058,Underweighted,2019,JP3670800006
0.0013082409103683911,0.0015699094894058665,0.00026166857903747536,0.00026166857903747536,Overweighted,2019,AU000000GPT8
0.009090118499771637,0.008829339143804335,-0.0002607793559673017,0.0002607793559673017,Underweighted,2019,JP3551500006
0.0011866085177993787,0.0009344108738486615,-0.0002521976439507172,0.0002521976439507172,Underweighted,2019,JP3605400005
0.0004603314591301115,0.0007078520439646989,0.0002475205848345874,0.0002475205848345874,Overweighted,2019,JP3678000005
0.00024634949271390704,1.7569627891664388e-09,-0.00024634773575111786,0.00024634773575111786,Underweighted,2019,JP3850200001
0.00831170623252845,0.008065784884147645,-0.00024592134838080475,0.00024592134838080475,Underweighted,2019,HK0000049939
0.0014642212480042375,0.0017087706555047532,0.0002445494075005157,0.0002445494075005157,Overweighted,2019,JP3358800005
0.0005839880769663745,0.0008281299041741469,0.00024414182720777246,0.00024414182720777246,Overweighted,2019,JP3769000005
0.0012135422130595658,0.0014550548059519108,0.00024151259289234496,0.00024151259289234496,Overweighted,2019,JP3229400001
0.016299886874281785,0.016538037451122607,0.0002381505768408211,0.0002381505768408211,Overweighted,2019,JP3436100006
0.0021250075919855465,0.002362990673090908,0.00023798308110536135,0.00023798308110536135,Overweighted,2019,JP3762800005
0.003987072154823846,0.004222794679752594,0.00023572252492874788,0.00023572252492874788,Overweighted,2019,JP3634600005
0.0022664551238704028,0.0020341939514711676,-0.00023226117239923518,0.00023226117239923518,Underweighted,2019,JP3420600003
0.003309520698958231,0.003538637023563084,0.0002291163246048531,0.0002291163246048531,Overweighted,2019,JP3409000001
0.00043842638479983876,0.000664440729304927,0.00022601434450508822,0.00022601434450508822,Overweighted,2019,JP3320800000
0.008287459335819565,0.008509934975365159,0.00022247563954559332,0.00022247563954559332,Overweighted,2019,JP3898400001
0.0004856078085447951,0.0007074399928899037,0.00022183218434510855,0.00022183218434510855,Overweighted,2019,AU000000SGM7
0.011650266989198093,0.011428462546892587,-0.00022180444230550551,0.00022180444230550551,Underweighted,2019,AU000000NAB4
0.0012224513596145246,0.0014436651579401748,0.0002212137983256502,0.0002212137983256502,Overweighted,2019,JP3711600001
0.009011712169221581,0.009232286033911241,0.0002205738646896601,0.0002205738646896601,Overweighted,2019,HK0016000132
0.0022340784712189254,0.0020142226779350176,-0.00021985579328390788,0.00021985579328390788,Underweighted,2019,JP3982800009
0.008570681123054416,0.008351673902867842,-0.00021900722018657406,0.00021900722018657406,Underweighted,2019,JP3734800000
0.001200913164705999,0.000982965348898848,-0.0002179478158071508,0.0002179478158071508,Underweighted,2019,AU000000BSL0
0.0029391805638599037,0.002722383458235308,-0.00021679710562459579,0.00021679710562459579,Underweighted,2019,JP3621000003
0.0005820879701104613,0.0007988430311208994,0.00021675506101043814,0.00021675506101043814,Overweighted,2019,JP3600200004
0.003225923298381071,0.0034415778521548306,0.0002156545537737595,0.0002156545537737595,Overweighted,2019,JP3359600008
0.00235197635982329,0.002567269566517053,0.00021529320669376288,0.00021529320669376288,Overweighted,2019,JP3967200001
0.006431681005461347,0.00664473239389215,0.00021305138843080284,0.00021305138843080284,Overweighted,2019,JP3481800005
0.0025039557039642645,0.0027162437388562337,0.00021228803489196924,0.00021228803489196924,Overweighted,2019,JP3197600004
0.04114626638357326,0.04135807583524312,0.00021180945166986154,0.00021180945166986154,Overweighted,2019,JP3633400001
0.0013194590244283743,0.001529638116332512,0.00021017909190413774,0.00021017909190413774,Overweighted,2019,JP3493800001
0.0016380527336235908,0.001428217497336346,-0.00020983523628724477,0.00020983523628724477,Underweighted,2019,JP3720800006
0.0028013580196943975,0.0030091637572019683,0.00020780573750757078,0.00020780573750757078,Overweighted,2019,HK0000055878
0.002973683656940909,0.0027670328325509206,-0.00020665082438998863,0.00020665082438998863,Underweighted,2019,JP3351100007
0.002226200602640519,0.0024324126139930765,0.00020621201135255767,0.00020621201135255767,Overweighted,2019,SGXE21576413
0.0005784392538712966,0.0007839816060433916,0.00020554235217209494,0.00020554235217209494,Overweighted,2019,JP3040890000
0.0005914753376032196,0.00038646641944736006,-0.00020500891815585957,0.00020500891815585957,Underweighted,2019,JP3215800008
0.003296679919197089,0.0035010683518663915,0.00020438843266930252,0.00020438843266930252,Overweighted,2019,JP3421800008
0.0010896720385449726,0.0008858608773716353,-0.0002038111611733373,0.0002038111611733373,Underweighted,2019,JP3126340003
0.00517934266250511,0.00497604395119653,-0.00020329871130857994,0.00020329871130857994,Underweighted,2019,AU000000MQG1
0.0002962834247573428,9.479119536941985e-05,-0.00020149222938792294,0.00020149222938792294,Underweighted,2019,JP3421100003
0.001471370833551415,0.001671240655410691,0.00019986982185927604,0.00019986982185927604,Overweighted,2019,AU000000SGP0
0.001712448944324998,0.0015127761076280779,-0.0001996728366969202,0.0001996728366969202,Underweighted,2019,SG9999000020
0.0005500581189024264,0.0007495113569775983,0.00019945323807517192,0.00019945323807517192,Overweighted,2019,BMG2442N1048
0.0013729960409421006,0.0011737576829979706,-0.00019923835794413008,0.00019923835794413008,Underweighted,2019,JP3260800002
0.0007562918109638264,0.0009546967308753407,0.00019840491991151427,0.00019840491991151427,Overweighted,2019,JP3485800001
0.006642182180547844,0.006838236125350948,0.00019605394480310366,0.00019605394480310366,Overweighted,2019,JP3205800000
0.008523402959959446,0.008329387658496949,-0.00019401530146249783,0.00019401530146249783,Underweighted,2019,JP3463000004
0.0004766347775134126,0.0006696365052258237,0.00019300172771241105,0.00019300172771241105,Overweighted,2019,JP3638600001
0.0008996065948310066,0.0010891007183863534,0.00018949412355534685,0.00018949412355534685,Overweighted,2019,JP3894900004
0.0014609594891651244,0.0016487168626212571,0.00018775737345613276,0.00018775737345613276,Overweighted,2019,AU000000COH5
0.0003053897005538373,0.0004929098889909551,0.0001875201884371178,0.0001875201884371178,Overweighted,2019,JP3619800000
0.0035037185556614264,0.0033170097691373325,-0.00018670878652409396,0.00018670878652409396,Underweighted,2019,JP3294460005
0.00048160864032067817,0.000667778447700857,0.00018616980738017885,0.00018616980738017885,Overweighted,2019,JP3165600002
0.0009527475275909068,0.0011384157059632389,0.00018566817837233204,0.00018566817837233204,Overweighted,2019,JP3134800006
0.007062854156714188,0.0072470246395996375,0.0001841704828854495,0.0001841704828854495,Overweighted,2019,JP3788600009
0.0012355896585087257,0.0014173498399156883,0.00018176018140696258,0.00018176018140696258,Overweighted,2019,JP3982100004
0.0013814105391224654,0.0011997700384991097,-0.00018164050062335576,0.00018164050062335576,Underweighted,2019,AU000000BLD2
0.001731366050429402,0.001550274605252538,-0.0001810914451768641,0.0001810914451768641,Underweighted,2019,JP3419400001
0.0006317371599161234,0.0008125572775693956,0.00018082011765327226,0.00018082011765327226,Overweighted,2019,AU000000ILU1
0.0007271842182344822,0.000907866822906197,0.00018068260467171476,0.00018068260467171476,Overweighted,2019,JP3164800009
0.0005071149738504867,0.00032793650720807174,-0.00017917846664241497,0.00017917846664241497,Underweighted,2019,SG1T58930911
0.001957765333791598,0.0021321394795625163,0.00017437414577091848,0.00017437414577091848,Overweighted,2019,JP3283650004
0.001377887766565393,0.0015494309516240075,0.0001715431850586146,0.0001715431850586146,Overweighted,2019,BMG668971101
0.00223704636146649,0.002407302301755295,0.00017025594028880495,0.00017025594028880495,Overweighted,2019,JP3502200003
0.0025063194295919375,0.0026764317745279747,0.00017011234493603724,0.00017011234493603724,Overweighted,2019,JP3402600005
0.001346642781781991,0.0011774847537654807,-0.00016915802801651032,0.00016915802801651032,Underweighted,2019,AU000000LLC3
0.003466583422151769,0.0036352213727124856,0.00016863795056071664,0.00016863795056071664,Overweighted,2019,HK0823032773
0.002132976724101701,0.002301212155093347,0.0001682354309916461,0.0001682354309916461,Overweighted,2019,HK0023000190
0.000523724937720621,0.0003565562408790515,-0.0001671686968415695,0.0001671686968415695,Underweighted,2019,JP3326410002
0.00045704779704193883,0.00029002179606568717,-0.00016702600097625166,0.00016702600097625166,Underweighted,2019,JP3350800003
0.004375245185198131,0.004209350309381818,-0.00016589487581631333,0.00016589487581631333,Underweighted,2019,JP3249600002
0.0010638900891311652,0.0012275877770789605,0.00016369768794779528,0.00016369768794779528,Overweighted,2019,NZAIAE0002S6
0.01197436206444876,0.012134662597397816,0.0001603005329490568,0.0001603005329490568,Overweighted,2019,JP3496400007
0.008186552892673121,0.008026321068064566,-0.0001602318246085553,0.0001602318246085553,Underweighted,2019,JP3672400003
0.0008069430744139614,0.0009667598616135344,0.000159816787199573,0.000159816787199573,Overweighted,2019,SGXE34184239
0.0015767053835493915,0.001734829571519192,0.00015812418796980047,0.00015812418796980047,Overweighted,2019,JP3414750004
0.0007581992189027594,0.0006000831340526903,-0.00015811608485006906,0.00015811608485006906,Underweighted,2019,JP3243600008
0.001226346487405609,0.0010724498582757305,-0.00015389662912987856,0.00015389662912987856,Underweighted,2019,JP3336000009
0.0034503385124326266,0.0032997459754813946,-0.00015059253695123192,0.00015059253695123192,Underweighted,2019,JP3592200004
0.0038416820381082764,0.0036913614336503667,-0.00015032060445790973,0.00015032060445790973,Underweighted,2019,AU000000TCL6
0.0005997219108741281,0.0007455430155977467,0.00014582110472361864,0.00014582110472361864,Overweighted,2019,JP3888400003
0.001326782010697273,0.0014725629982573199,0.00014578098756004684,0.00014578098756004684,Overweighted,2019,JP3293200006
0.001598528320695691,0.0014531737394210228,-0.00014535458127466826,0.00014535458127466826,Underweighted,2019,JP3675600005
0.00014460707556169172,5.400081450083935e-09,-0.00014460167548024163,0.00014460167548024163,Underweighted,2019,JP3686800008
0.0007507320362442188,0.0008948451143905503,0.0001441130781463315,0.0001441130781463315,Overweighted,2019,JP3166000004
0.00022541363715451789,0.00036950325616929474,0.00014408961901477685,0.00014408961901477685,Overweighted,2019,JP3194000000
0.0015181433966472606,0.0013752873272660305,-0.00014285606938123016,0.00014285606938123016,Underweighted,2019,AU000000TAH8
0.0002516519042570653,0.00039420469084962186,0.00014255278659255655,0.00014255278659255655,Overweighted,2019,AU000000IVC8
0.0005213192308655839,0.00037895873684826034,-0.0001423604940173236,0.0001423604940173236,Underweighted,2019,NZCENE0001S6
0.00040348157619613304,0.0005453794146184025,0.00014189783842226942,0.00014189783842226942,Overweighted,2019,JP3385820000
0.0014109306430424306,0.001552648950341869,0.00014171830729943838,0.00014171830729943838,Overweighted,2019,JP3357200009
0.005247403358416052,0.005105962213652457,-0.00014144114476359517,0.00014144114476359517,Underweighted,2019,JP3519400000
0.0019432161006038133,0.0018021820794372014,-0.00014103402116661182,0.00014103402116661182,Underweighted,2019,JP3119600009
0.004797718703599622,0.0046569894664709975,-0.00014072923712862406,0.00014072923712862406,Underweighted,2019,JP3505000004
0.018230280447832006,0.01837077853252289,0.00014049808469088557,0.00014049808469088557,Overweighted,2019,JP3735400008
0.0010296188054360396,0.0008898564590170516,-0.00013976234641898799,0.00013976234641898799,Underweighted,2019,JP3955000009
0.001042182144042428,0.0009025299325485413,-0.00013965221149388662,0.00013965221149388662,Underweighted,2019,KYG0535Q1331
0.00026670856271472887,0.0004045827763040961,0.00013787421358936724,0.00013787421358936724,Overweighted,2019,JP3891600003
0.0012823348425432465,0.0011446190909413431,-0.0001377157516019034,0.0001377157516019034,Underweighted,2019,JP3368000000
0.0014278271744210937,0.0012911714080209745,-0.00013665576640011922,0.00013665576640011922,Underweighted,2019,JP3657400002
0.0006836898414145447,0.0005487273007037633,-0.00013496254071078146,0.00013496254071078146,Underweighted,2019,JP3456000003
0.006549022186485449,0.00668344319776893,0.0001344210112834811,0.0001344210112834811,Overweighted,2019,JP3198900007
0.00036756207300927873,0.0005018168296072492,0.00013425475659797047,0.00013425475659797047,Overweighted,2019,HK0308001558
0.008684862760401682,0.008550922734623153,-0.0001339400257785294,0.0001339400257785294,Underweighted,2019,JP3371200001
0.0004605906475773158,0.0003269068880988238,-0.00013368375947849203,0.00013368375947849203,Underweighted,2019,JP3528600004
0.006033341216981936,0.006166150990622673,0.00013280977364073677,0.00013280977364073677,Overweighted,2019,JP3893600001
0.002192038835190691,0.002059551009824478,-0.00013248782536621258,0.00013248782536621258,Underweighted,2019,SG1U68934629
0.0012064291329274873,0.0010751594401158119,-0.00013126969281167548,0.00013126969281167548,Underweighted,2019,JP3269600007
0.00046681117031021886,0.0003360212494766706,-0.00013078992083354827,0.00013078992083354827,Underweighted,2019,AU000000BPT9
0.008527852970060038,0.008655697516436592,0.0001278445463765536,0.0001278445463765536,Overweighted,2019,JP3802300008
0.0005877499599923466,0.00046011757614153586,-0.00012763238385081076,0.00012763238385081076,Underweighted,2019,JP3634200004
0.0001086474164182283,0.00023548033139657158,0.00012683291497834326,0.00012683291497834326,Overweighted,2019,AU000000GWA4
0.0003683195603725871,0.00024167095856540404,-0.00012664860180718304,0.00012664860180718304,Underweighted,2019,NZSKCE0001S2
0.0023912908666143696,0.0022647004719861144,-0.0001265903946282552,0.0001265903946282552,Underweighted,2019,JP3201200007
0.001596303315645395,0.001722007245148442,0.00012570392950304703,0.00012570392950304703,Overweighted,2019,JP3190000004
0.007926181670019614,0.008051244393122374,0.0001250627231027604,0.0001250627231027604,Overweighted,2019,HK0688002218
0.0008308741992822397,0.0007062829789836523,-0.00012459122029858738,0.00012459122029858738,Underweighted,2019,AU000000BEN6
0.0016775661949269612,0.0018021050160371707,0.00012453882111020955,0.00012453882111020955,Overweighted,2019,SG1R89002252
0.0004948455038356468,0.00037053566533401246,-0.0001243098385016343,0.0001243098385016343,Underweighted,2019,JP3274400005
0.0007474355972607614,0.0008713627277051776,0.00012392713044441614,0.00012392713044441614,Overweighted,2019,JP3122400009
0.0011456111113722263,0.001268888846858725,0.00012327773548649872,0.00012327773548649872,Overweighted,2019,AU000000MGR9
0.0012680612252394608,0.0013911562976433906,0.0001230950724039298,0.0001230950724039298,Overweighted,2019,JP3174410005
0.00044337651908728975,0.00032114430854273323,-0.0001222322105445565,0.0001222322105445565,Underweighted,2019,JP3352400000
0.0010722297512105764,0.0009512028556289524,-0.00012102689558162404,0.00012102689558162404,Underweighted,2019,JP3766550002
0.0021871525853796635,0.0020662221829393277,-0.00012093040244033583,0.00012093040244033583,Underweighted,2019,JP3401400001
0.0004317897003348048,0.00031252223640282616,-0.00011926746393197866,0.00011926746393197866,Underweighted,2019,AU000000CWY3
0.0011494569568529266,0.0012684133478748911,0.00011895639102196451,0.00011895639102196451,Overweighted,2019,JP3888300005
0.00127081373353794,0.0013881853922540132,0.00011737165871607324,0.00011737165871607324,Overweighted,2019,BMG524401079
0.0010053536560196037,0.000888239658401684,-0.00011711399761791977,0.00011711399761791977,Underweighted,2019,JP3667600005
0.0009620728358779966,0.0008452434877789328,-0.00011682934809906383,0.00011682934809906383,Underweighted,2019,JP3385980002
0.0006235946270782475,0.0007385424813572513,0.00011494785427900377,0.00011494785427900377,Overweighted,2019,JP3765400001
0.000601450442279075,0.0004874293289584715,-0.00011402111332060351,0.00011402111332060351,Underweighted,2019,JP3118000003
0.0014631498140710761,0.0015770446754393554,0.00011389486136827924,0.00011389486136827924,Overweighted,2019,JP3792600003
0.001411724635820838,0.0015253176795756362,0.00011359304375479812,0.00011359304375479812,Overweighted,2019,JP3322930003
0.0008071237762187024,0.0006937200913918534,-0.00011340368482684897,0.00011340368482684897,Underweighted,2019,JP3870400003
0.00218889206840914,0.002075797845507413,-0.0001130942229017268,0.0001130942229017268,Underweighted,2019,JP3539220008
0.004002484741078727,0.004115569062673644,0.00011308432159491764,0.00011308432159491764,Overweighted,2019,JP3404600003
0.011651666971867147,0.01176466491095688,0.00011299793908973316,0.00011299793908973316,Overweighted,2019,JP3854600008
0.0007998902282167967,0.0009123129144001566,0.00011242268618335985,0.00011242268618335985,Overweighted,2019,JP3935600001
0.0007385885099114712,0.0008509892687048928,0.00011240075879342156,0.00011240075879342156,Overweighted,2019,HK0165000859
0.002187844362995793,0.0022966431238304885,0.00010879876083469539,0.00010879876083469539,Overweighted,2019,JP3538800008
0.0005772144971947185,0.0004685172989988014,-0.00010869719819591708,0.00010869719819591708,Underweighted,2019,HK0363006039
0.006326304474236007,0.006433722347950382,0.00010741787371437543,0.00010741787371437543,Overweighted,2019,AU000000TLS2
0.0044862654535978074,0.004380138728995096,-0.00010612672460271182,0.00010612672460271182,Underweighted,2019,JP3200450009
0.0014793016349817156,0.001373522769111709,-0.0001057788658700065,0.0001057788658700065,Underweighted,2019,HK0144000764
0.0022793397101296643,0.0023848260060624813,0.000105486295932817,0.000105486295932817,Overweighted,2019,AU000000CIM7
0.0010799962782729307,0.0009753653088796234,-0.00010463096939330725,0.00010463096939330725,Underweighted,2019,JP3799000009
0.015640571698528973,0.015536630310839657,-0.00010394138768931617,0.00010394138768931617,Underweighted,2019,AU000000WBC1
0.0009517618813832284,0.0010552567516770835,0.00010349487029385508,0.00010349487029385508,Overweighted,2019,JP3743000006
0.001214173756740782,0.0011116058680926356,-0.00010256788864814641,0.00010256788864814641,Underweighted,2019,AU000000CGF5
0.0012884787039044413,0.0011871837287342137,-0.00010129497517022759,0.00010129497517022759,Underweighted,2019,JP3778630008
0.003019472399099831,0.00312020944526559,0.0001007370461657592,0.0001007370461657592,Overweighted,2019,JP3165700000
0.007255456726777547,0.007356060824614749,0.00010060409783720168,0.00010060409783720168,Overweighted,2019,AU000000WES1
0.0011043946724544785,0.0010038319974508753,-0.00010056267500360315,0.00010056267500360315,Underweighted,2019,HK0014000126
0.0017353962482563531,0.0018354458820430551,0.000100049633786702,0.000100049633786702,Overweighted,2019,JP3596200000
0.0022762732552613313,0.0021762382861655652,-0.00010003496909576602,0.00010003496909576602,Underweighted,2019,HK0004000045
0.002691454816996757,0.002592782289478553,-9.867252751820377e-05,9.867252751820377e-05,Underweighted,2019,IE00BKVD2N49
0.00028163745221954523,0.0003776542343249185,9.601678210537329e-05,9.601678210537329e-05,Overweighted,2019,AU000000SBM8
0.0011243065511203352,0.0012198433720071076,9.553682088677242e-05,9.553682088677242e-05,Overweighted,2019,JP3676800000
0.0025324043739510683,0.002437122464002352,-9.528190994871621e-05,9.528190994871621e-05,Underweighted,2019,AU000000IAG3
0.0003617540614669966,0.0004569822888345539,9.522822736755733e-05,9.522822736755733e-05,Overweighted,2019,AU000000PPT9
0.000861933006448636,0.0009570439729248315,9.511096647619554e-05,9.511096647619554e-05,Overweighted,2019,JP3300600008
0.00037350697985818283,0.00027966421963866104,-9.384276021952179e-05,9.384276021952179e-05,Underweighted,2019,AU000000CSR5
0.0010957355879929493,0.0010019194840521998,-9.381610394074949e-05,9.381610394074949e-05,Underweighted,2019,JP3786200000
0.0001845293975141729,9.158363125654746e-05,-9.294576625762544e-05,9.294576625762544e-05,Underweighted,2019,BMG684371393
0.0033938974901477586,0.003486136160120149,9.22386699723902e-05,9.22386699723902e-05,Overweighted,2019,JP3347200002
0.00013385805608573333,0.00022504603049579283,9.118797441005951e-05,9.118797441005951e-05,Overweighted,2019,AU000000SIG5
0.0013750184409385962,0.001284382341653338,-9.063609928525824e-05,9.063609928525824e-05,Underweighted,2019,JP3595200001
0.0015943630528328727,0.0016843674428489743,9.000439001610153e-05,9.000439001610153e-05,Overweighted,2019,JP3626800001
0.00046842653492835837,0.0005580103507614667,8.958381583310833e-05,8.958381583310833e-05,Overweighted,2019,JP3491000000
0.004802267278320981,0.004714027165182528,-8.824011313845245e-05,8.824011313845245e-05,Underweighted,2019,JP3899600005
0.0007409650124344288,0.0006546698454895962,-8.629516694483265e-05,8.629516694483265e-05,Underweighted,2019,NZFBUE0001S0
0.0012154331935617041,0.0013007590659948826,8.532587243317846e-05,8.532587243317846e-05,Overweighted,2019,JP3695200000
0.00502353024977872,0.00510777627336851,8.424602358978947e-05,8.424602358978947e-05,Overweighted,2019,HK0012000102
0.0008264150628278728,0.000910263670943778,8.384860811590515e-05,8.384860811590515e-05,Overweighted,2019,HK0200030994
0.0027361283187243984,0.00265240541991807,-8.372289880632846e-05,8.372289880632846e-05,Underweighted,2019,JP3684000007
0.00023346125591313573,0.00031658153479539083,8.31202788822551e-05,8.31202788822551e-05,Overweighted,2019,HK0242001243
0.0013388799052611467,0.0012572830380210155,-8.159686724013124e-05,8.159686724013124e-05,Underweighted,2019,AU000000APA1
0.0013979255889133419,0.0014788658283152627,8.094023940192086e-05,8.094023940192086e-05,Overweighted,2019,AU000000DXS1
0.009470740385032652,0.009390900190521823,-7.984019451082874e-05,7.984019451082874e-05,Underweighted,2019,KYG217651051
0.0004919926056456445,0.0005704139648979426,7.842135925229801e-05,7.842135925229801e-05,Overweighted,2019,HK0000745908
0.0004243298187592841,0.0005026314245372439,7.830160577795983e-05,7.830160577795983e-05,Overweighted,2019,BMG4600H1198
0.000603540377293504,0.0005260035242897786,-7.753685300372539e-05,7.753685300372539e-05,Underweighted,2019,AU000000WOR2
0.005183969723868933,0.005261079701710972,7.710997784203966e-05,7.710997784203966e-05,Overweighted,2019,KYG2108Y1052
0.00836170769958982,0.008286933332137252,-7.477436745256805e-05,7.477436745256805e-05,Underweighted,2019,HK0388045442
0.00979539581840509,0.009867836830139975,7.244101173488511e-05,7.244101173488511e-05,Overweighted,2019,HK2388011192
0.000417610997110277,0.0004888771333371591,7.12661362268821e-05,7.12661362268821e-05,Overweighted,2019,AU000000IGO4
0.0002556145670660831,0.0003256834792349303,7.006891216884719e-05,7.006891216884719e-05,Overweighted,2019,AU000000MND5
0.00033262639075934777,0.000402350627401454,6.972423664210626e-05,6.972423664210626e-05,Overweighted,2019,JP3389900006
0.0007127919583316241,0.0007824221960231262,6.963023769150211e-05,6.963023769150211e-05,Overweighted,2019,JP3827200001
6.303207498102745e-05,0.00013211454532078336,6.908247033975591e-05,6.908247033975591e-05,Overweighted,2019,AU000000ERA9
0.001352908936283768,0.0012840012840897837,-6.890765219398436e-05,6.890765219398436e-05,Underweighted,2019,AU0000088338
0.00068162728546144,0.0007481074864348189,6.648020097337884e-05,6.648020097337884e-05,Overweighted,2019,JP3665200006
0.002404770491139748,0.0024708754315237434,6.610494038399549e-05,6.610494038399549e-05,Overweighted,2019,JP3877600001
0.001912659242895031,0.0019784623786147718,6.58031357197407e-05,6.58031357197407e-05,Overweighted,2019,JP3210200006
0.0022031273550270716,0.0021376799630116175,-6.544739201545411e-05,6.544739201545411e-05,Underweighted,2019,HK0083000502
0.00045250469813284386,0.0005169821518958684,6.447745376302456e-05,6.447745376302456e-05,Overweighted,2019,AU000000MTS0
0.0019391658247985574,0.002001954769069978,6.278894427142064e-05,6.278894427142064e-05,Overweighted,2019,JP3940000007
0.0004829447385133088,0.0004201862391438366,-6.27584993694722e-05,6.27584993694722e-05,Underweighted,2019,JP3535800001
0.00039456695382890925,0.00033309959067301804,-6.146736315589121e-05,6.146736315589121e-05,Underweighted,2019,JP3148800000
0.006002528821367459,0.0060634464832226235,6.0917661855164167e-05,6.0917661855164167e-05,Overweighted,2019,JP3143600009
0.0023128425548369514,0.0022519666896206277,-6.0875865216323665e-05,6.0875865216323665e-05,Underweighted,2019,JP3900000005
0.0010566638422122793,0.0009960057280417082,-6.065811417057111e-05,6.065811417057111e-05,Underweighted,2019,JP3495000006
0.001207400176969126,0.0011483545890265778,-5.904558794254814e-05,5.904558794254814e-05,Underweighted,2019,JP3629000005
0.0034441490193025575,0.0033855970662478706,-5.855195305468682e-05,5.855195305468682e-05,Underweighted,2019,HK0006000050
0.0022334213737471398,0.002175170557800383,-5.825081594675692e-05,5.825081594675692e-05,Underweighted,2019,AU000000AMP6
0.006197170218864109,0.006253348104903611,5.6177886039501454e-05,5.6177886039501454e-05,Overweighted,2019,HK0066009694
0.0020153927820671896,0.002071489713458278,5.6096931391088223e-05,5.6096931391088223e-05,Overweighted,2019,AU000000RHC8
0.0006732930991942936,0.0007286834046445402,5.539030545024669e-05,5.539030545024669e-05,Overweighted,2019,JP3209000003
0.0005947571744206373,0.0005398744480641977,-5.488272635643964e-05,5.488272635643964e-05,Underweighted,2019,BMG2108M2182
0.011961782298405575,0.01190803958314212,-5.374271526345509e-05,5.374271526345509e-05,Underweighted,2019,JP3726800000
0.012399522381401549,0.012451935737224749,5.241335582320018e-05,5.241335582320018e-05,Overweighted,2019,AU000000ANZ3
0.004607472558080914,0.0046597285488803875,5.225599079947303e-05,5.225599079947303e-05,Overweighted,2019,JP3475350009
0.0006238830198575313,0.0006737992203197916,4.991620046226029e-05,4.991620046226029e-05,Overweighted,2019,JP3582600007
0.0016182704491813364,0.0015695983933565244,-4.867205582481204e-05,4.867205582481204e-05,Underweighted,2019,JP3868400007
0.0006408197071928034,0.000594077029380274,-4.674267781252942e-05,4.674267781252942e-05,Underweighted,2019,SG1N31909426
0.0001333561066281194,8.676832201748255e-05,-4.6587784610636844e-05,4.6587784610636844e-05,Underweighted,2019,AU000000ELD6
0.0005259170878973277,0.00047969946291069593,-4.621762498663182e-05,4.621762498663182e-05,Underweighted,2019,JP3811000003
0.0015654252102837397,0.0015193069188891442,-4.611829139459546e-05,4.611829139459546e-05,Underweighted,2019,AU000000ASX7
0.0010131037556451632,0.0009673604379627688,-4.574331768239439e-05,4.574331768239439e-05,Underweighted,2019,JP3405400007
0.000605542699311695,0.0005601600990137733,-4.5382600297921676e-05,4.5382600297921676e-05,Underweighted,2019,JP3560800009
0.00036935813943215915,0.000324523358249291,-4.4834781182868173e-05,4.4834781182868173e-05,Underweighted,2019,JP3452000007
0.0029130299097535946,0.0029571844626288374,4.415455287524279e-05,4.415455287524279e-05,Overweighted,2019,HK0000608585
0.001515586192319562,0.0014717762321594914,-4.38099601600705e-05,4.38099601600705e-05,Underweighted,2019,BMG8063F1068
0.0014707119108088747,0.0014277837929274305,-4.292811788144421e-05,4.292811788144421e-05,Underweighted,2019,JP3173400007
0.0007124506327004466,0.0007549091244836226,4.245849178317602e-05,4.245849178317602e-05,Overweighted,2019,JP3835620000
0.007276761287029439,0.007235094393409024,-4.1666893620414744e-05,4.1666893620414744e-05,Underweighted,2019,JP3902400005
0.0006572544450704616,0.0006985735619928863,4.1319116922424706e-05,4.1319116922424706e-05,Overweighted,2019,JP3419050004
0.009467484102005803,0.009508759569667851,4.1275467662048315e-05,4.1275467662048315e-05,Overweighted,2019,SG1L01001701
0.0014320946574461898,0.0013917069266456627,-4.03877308005271e-05,4.03877308005271e-05,Underweighted,2019,JP3733000008
0.0010209305166424308,0.0009809985365702256,-3.9931980072205244e-05,3.9931980072205244e-05,Underweighted,2019,JP3126400005
0.0007512704911169319,0.0007908149214386975,3.9544430321765607e-05,3.9544430321765607e-05,Overweighted,2019,JP3635400009
0.0045452600296688635,0.004583024450023384,3.7764420354520316e-05,3.7764420354520316e-05,Overweighted,2019,JP3266400005
0.0010675552328071245,0.001029868823470079,-3.768640933704548e-05,3.768640933704548e-05,Underweighted,2019,BMG677491539
7.027657460746297e-05,3.265188182161674e-05,-3.762469278584623e-05,3.762469278584623e-05,Underweighted,2019,AU000000MAH3
0.0009081999695453575,0.0008706916401435567,-3.7508329401800765e-05,3.7508329401800765e-05,Underweighted,2019,JP3131430005
0.0005930213419326705,0.0005562271912295609,-3.6794150703109646e-05,3.6794150703109646e-05,Underweighted,2019,AU000000DOW2
0.0015104060739169858,0.0015459029467702514,3.549687285326567e-05,3.549687285326567e-05,Overweighted,2019,AU000000SHL7
0.0021301877103881224,0.002165233372869816,3.5045662481693676e-05,3.5045662481693676e-05,Overweighted,2019,AU000000QBE9
0.0006753848594794775,0.0006404595167592296,-3.49253427202479e-05,3.49253427202479e-05,Underweighted,2019,JP3270000007
0.000493976674956286,0.0004592508566573464,-3.472581829893961e-05,3.472581829893961e-05,Underweighted,2019,JP3742600004
0.0008753816013711798,0.0008430743641425838,-3.230723722859601e-05,3.230723722859601e-05,Underweighted,2019,JP3268950007
0.006656295174025193,0.006687711876863544,3.141670283835114e-05,3.141670283835114e-05,Overweighted,2019,JP3866800000
0.01943098735694269,0.01939985054434749,-3.1136812595200514e-05,3.1136812595200514e-05,Underweighted,2019,JP3902900004
0.0010534185108099607,0.0010230778605684644,-3.0340650241496292e-05,3.0340650241496292e-05,Underweighted,2019,SG1S83002349
3.401392051867624e-05,4.2528597037690445e-06,-2.9761060814907196e-05,2.9761060814907196e-05,Underweighted,2019,AU0000038911
0.000418291823101877,0.00044712281074235074,2.8830987640473724e-05,2.8830987640473724e-05,Overweighted,2019,JP3721400004
0.0023320060724932746,0.0023607545363477653,2.8748463854490723e-05,2.8748463854490723e-05,Overweighted,2019,JP3818000006
0.0011281962030991546,0.0010995486337217369,-2.8647569377417744e-05,2.8647569377417744e-05,Underweighted,2019,JP3820000002
0.006041907212634963,0.006070213412218184,2.830619958322112e-05,2.830619958322112e-05,Overweighted,2019,JP3914400001
0.007887321655646519,0.007913473590703258,2.6151935056738934e-05,2.6151935056738934e-05,Overweighted,2019,SG1T75931496
0.0007950751639652127,0.0007740718882076742,-2.1003275757538564e-05,2.1003275757538564e-05,Underweighted,2019,JP3544000007
0.00259410582655173,0.0025738980200469583,-2.020780650477177e-05,2.020780650477177e-05,Underweighted,2019,AU000000SUN6
0.0054882752135943244,0.005468268772823183,-2.0006440771141304e-05,2.0006440771141304e-05,Underweighted,2019,JP3571400005
0.00022236908553524491,0.00023995425730130666,1.7585171766061744e-05,1.7585171766061744e-05,Overweighted,2019,AU000000CQR9
0.000277514165584091,0.0002613472285597224,-1.61669370243686e-05,1.61669370243686e-05,Underweighted,2019,HK0000139300
0.0016211635033279478,0.0016057989310773054,-1.5364572250642404e-05,1.5364572250642404e-05,Underweighted,2019,AU000000STO6
0.0025661317269612158,0.002578865175336993,1.273344837577706e-05,1.273344837577706e-05,Overweighted,2019,AU000000NCM7
0.0030904243238866294,0.0031012913450112643,1.0867021124634935e-05,1.0867021124634935e-05,Overweighted,2019,JP3160400002
0.001270685964585093,0.0012606236415332005,-1.0062323051892447e-05,1.0062323051892447e-05,Underweighted,2019,JP3688370000
0.0010517885440257816,0.0010418953737118806,-9.893170313900971e-06,9.893170313900971e-06,Underweighted,2019,AU000000ORI1
0.0024214005329881868,0.002431210714417727,9.810181429540082e-06,9.810181429540082e-06,Overweighted,2019,JP3486800000
0.0018530020935399241,0.0018440415544483135,-8.960539091610676e-06,8.960539091610676e-06,Underweighted,2019,JP3112000009
0.003317750844792345,0.003309028292496597,-8.722552295747834e-06,8.722552295747834e-06,Underweighted,2019,JP3111200006
0.0007788448564121101,0.0007701605516529151,-8.684304759194999e-06,8.684304759194999e-06,Underweighted,2019,JP3358200008
0.0007072248825289966,0.0006997688090337652,-7.4560734952313626e-06,7.4560734952313626e-06,Underweighted,2019,JP3819400007
0.0014710295079202376,0.0014647778095345009,-6.251698385736698e-06,6.251698385736698e-06,Underweighted,2019,JP3942600002
0.00040604060579458673,0.00041195200132501105,5.911395530424322e-06,5.911395530424322e-06,Overweighted,2019,AU000000OZL8
0.001210269502595923,0.001205796248770547,-4.473253825375929e-06,4.473253825375929e-06,Underweighted,2019,SG1J26887955
0.020523640062630515,0.020520212725040322,-3.427337590192203e-06,3.427337590192203e-06,Underweighted,2019,AU000000CBA7
0.0009619450669251493,0.0009648476979536444,2.90263102849513e-06,2.90263102849513e-06,Overweighted,2019,KYG5427W1309
0.0006421010472627852,0.0006448229177082019,2.721870445416717e-06,2.721870445416717e-06,Overweighted,2019,JP3549600009
0.005238287956265782,0.0052387892846496404,5.013283838582738e-07,5.013283838582738e-07,Overweighted,2019,AU000000WOW2
0.005781849084534027,0.0028858726145253757,-0.002895976470008651,0.002895976470008651,Underweighted,2020,HK0002007356
0.0034164326653653475,0.0013178283472072537,-0.002098604318158094,0.002098604318158094,Underweighted,2020,JP3381000003
0.0016995759119913909,1.2182851533207749e-11,-0.0016995758998085394,0.0016995758998085394,Underweighted,2020,SG1V61937297
0.0020841838292465927,0.0006601853058138333,-0.0014239985234327595,0.0014239985234327595,Underweighted,2020,HK0019000162
0.0020795439709847523,0.0009143511826643349,-0.0011651927883204174,0.0011651927883204174,Underweighted,2020,JP3386030005
0.001202350673304286,8.885876060060794e-05,-0.0011134919127036781,0.0011134919127036781,Underweighted,2020,HK0293001514
0.0022861099843080866,0.0012826985855750115,-0.001003411398733075,0.001003411398733075,Underweighted,2020,JP3526600006
0.000909108454530736,3.816753156317492e-12,-0.0009091084507139829,0.0009091084507139829,Underweighted,2020,JP3551200003
0.0009833739821911518,0.00012000615836734547,-0.0008633678238238063,0.0008633678238238063,Underweighted,2020,JP3522200009
0.000859680165576191,0.0,-0.000859680165576191,0.000859680165576191,Removed,2020,JP3449020001
0.0017797082694180615,0.0009950662553715954,-0.0007846420140464661,0.0007846420140464661,Underweighted,2020,AU000000ORG5
0.0007291724877910826,1.8590538788722534e-11,-0.0007291724692005438,0.0007291724692005438,Underweighted,2020,JP3903000002
0.004329809710081345,0.005027765416276912,0.0006979557061955674,0.0006979557061955674,Overweighted,2020,JP3814000000
0.001717750179226686,0.0024151804531095168,0.0006974302738828307,0.0006974302738828307,Overweighted,2020,SG1F60858221
0.0019340247534830105,0.0012548993875876862,-0.0006791253658953243,0.0006791253658953243,Underweighted,2020,JP3585800000
0.0006783663376325508,9.557597962446656e-12,-0.0006783663280749529,0.0006783663280749529,Underweighted,2020,SG1R50925390
0.0006634858337076507,0.00129912339492843,0.0006356375612207793,0.0006356375612207793,Overweighted,2020,JP3711200000
0.0015495915506167867,0.0021693546053075455,0.0006197630546907588,0.0006197630546907588,Overweighted,2020,JP3973400009
0.0005758824507613804,1.3273816477865577e-11,-0.0005758824374875639,0.0005758824374875639,Underweighted,2020,JP3362700001
0.0009003409688292872,0.0014621177237665978,0.0005617767549373106,0.0005617767549373106,Overweighted,2020,JP3613400005
0.0005602038197413755,8.624537860287197e-12,-0.0005602038111168377,0.0005602038111168377,Underweighted,2020,JP3289800009
0.0005491531346385076,8.655024726056029e-12,-0.0005491531259834829,0.0005491531259834829,Underweighted,2020,JP3753000003
0.0009199526589920842,0.0014545666802477418,0.0005346140212556576,0.0005346140212556576,Overweighted,2020,HK0008011667
0.00274468164982456,0.0022188108438754,-0.0005258708059491602,0.0005258708059491602,Underweighted,2020,JP3294460005
0.00353344167121111,0.004052339878124769,0.0005188982069136592,0.0005188982069136592,Overweighted,2020,JP3388200002
0.0051119424970314286,0.0056299624235827276,0.000518019926551299,0.000518019926551299,Overweighted,2020,JP3397200001
0.00218078103244367,0.0016629219710036988,-0.000517859061439971,0.000517859061439971,Underweighted,2020,JP3256000005
0.0012461622917313404,0.0007612265237501677,-0.0004849357679811726,0.0004849357679811726,Underweighted,2020,AU000000QAN2
0.004544380819045133,0.005029312227258322,0.000484931408213189,0.000484931408213189,Overweighted,2020,HK0823032773
0.0005838954879649691,0.001068317488142324,0.00048442200017735485,0.00048442200017735485,Overweighted,2020,SG1P66918738
0.00033877517101019573,0.0008206423966148368,0.00048186722560464106,0.00048186722560464106,Overweighted,2020,AU000000BWP3
0.00048151484141455847,1.1402609525592425e-10,-0.0004815147273884632,0.0004815147273884632,Underweighted,2020,MU0117U00026
0.00025698699766980046,0.000737156951026943,0.0004801699533571425,0.0004801699533571425,Overweighted,2020,JP3579800008
0.006657037137522812,0.007134748478842714,0.0004777113413199025,0.0004777113413199025,Overweighted,2020,HK0003000038
0.00047075799414769936,1.3719229440713841e-11,-0.00047075798042846994,0.00047075798042846994,Underweighted,2020,JP3158800007
0.00865870018422977,0.009128149584591733,0.0004694494003619626,0.0004694494003619626,Overweighted,2020,HK0011000095
0.0013181386638179856,0.0008533027350509977,-0.00046483592876698783,0.00046483592876698783,Underweighted,2020,JP3605400005
0.004241942270160824,0.00470112621921325,0.0004591839490524262,0.0004591839490524262,Overweighted,2020,BMG2178K1009
0.002425605526171651,0.002880097879076257,0.00045449235290460606,0.00045449235290460606,Overweighted,2020,JP3137200006
0.014856456871726278,0.015306690260549621,0.00045023338882334285,0.00045023338882334285,Overweighted,2020,AU000000BHP4
0.0003089625430000155,0.0007485380073631296,0.00043957546436311414,0.00043957546436311414,Overweighted,2020,JP3156400008
0.002099088157860899,0.0025329560137886766,0.00043386785592777755,0.00043386785592777755,Overweighted,2020,JP3443600006
0.00042279889437319784,1.1091879845518274e-10,-0.0004227987834543994,0.0004227987834543994,Underweighted,2020,AU000000ABC7
0.002207631457404357,0.002629162123847349,0.0004215306664429922,0.0004215306664429922,Overweighted,2020,JP3635000007
0.000377138877126386,0.0007909754569648435,0.0004138365798384575,0.0004138365798384575,Overweighted,2020,JP3718800000
0.0004129414291314194,0.0,-0.0004129414291314194,0.0004129414291314194,Removed,2020,NZAIRE0001S2
0.00221003576564359,0.0018015740724303753,-0.00040846169321321485,0.00040846169321321485,Underweighted,2020,JP3407400005
0.004830644389213476,0.005229578322887641,0.00039893393367416465,0.00039893393367416465,Overweighted,2020,JP3351600006
0.0007497609902195302,0.0011401520442806134,0.0003903910540610832,0.0003903910540610832,Overweighted,2020,JP3040890000
0.0003484420387367253,0.0007363675202997614,0.00038792548156303615,0.00038792548156303615,Overweighted,2020,JP3796150005
0.00142735699622795,0.001807995565083202,0.00038063856885525195,0.00038063856885525195,Overweighted,2020,HK0392044647
0.0005985099495248344,0.000978914536262185,0.00038040458673735064,0.00038040458673735064,Overweighted,2020,JP3493400000
0.004703313336682516,0.005082238906116906,0.00037892556943438984,0.00037892556943438984,Overweighted,2020,JP3304200003
0.010016056272201,0.01039262438692297,0.0003765681147219705,0.0003765681147219705,Overweighted,2020,JP3890350006
0.002377183830344514,0.002008379363301654,-0.0003688044670428596,0.0003688044670428596,Underweighted,2020,JP3621000003
0.0019823650482880097,0.0023472459842007096,0.0003648809359126999,0.0003648809359126999,Overweighted,2020,HK0000055878
0.008979370576682107,0.009341965583731944,0.0003625950070498367,0.0003625950070498367,Overweighted,2020,JP3898400001
0.00038146702903516286,0.0007365066457653169,0.00035503961673015406,0.00035503961673015406,Overweighted,2020,JP3276400003
0.0013315638762983293,0.0009776733018684205,-0.00035389057442990874,0.00035389057442990874,Underweighted,2020,JP3675600005
0.00035264908180768776,1.0879853689084038e-11,-0.00035264907092783405,0.00035264907092783405,Underweighted,2020,JP3400900001
0.0008058323967368125,0.001157600106822228,0.0003517677100854156,0.0003517677100854156,Overweighted,2020,JP3224200000
0.006082506737885228,0.005730936429692158,-0.00035157030819306986,0.00035157030819306986,Underweighted,2020,JP3942400007
0.0009291430329304916,0.0012748457949530371,0.0003457027620225456,0.0003457027620225456,Overweighted,2020,JP3663900003
0.00034476509500504883,2.3093796080159866e-12,-0.0003447650926956692,0.0003447650926956692,Underweighted,2020,JP3845400005
0.0002993016314458375,0.0006392253145324085,0.000339923683086571,0.000339923683086571,Overweighted,2020,JP3678000005
0.0003370419248559012,0.0,-0.0003370419248559012,0.0003370419248559012,Removed,2020,JP3625000009
0.0005466813231126236,0.00021854104084740328,-0.0003281402822652203,0.0003281402822652203,Underweighted,2020,JP3350800003
0.00019509243998350783,0.0005221440360579708,0.000327051596074463,0.000327051596074463,Overweighted,2020,AU000000IVC8
0.0018069716556617878,0.0021334860617206715,0.00032651440605888375,0.00032651440605888375,Overweighted,2020,JP3027670003
0.0010605421511775453,0.001383756285111488,0.00032321413393394255,0.00032321413393394255,Overweighted,2020,JP3787000003
0.01268549359670871,0.01300580657074319,0.0003203129740344812,0.0003203129740344812,Overweighted,2020,JP3435000009
0.008875322201873268,0.009194388618148561,0.00031906641627529354,0.00031906641627529354,Overweighted,2020,JP3566800003
0.012499599472226744,0.012180659946820788,-0.0003189395254059556,0.0003189395254059556,Underweighted,2020,JP3463000004
0.0009504303929148519,0.0012604208393220918,0.00030999044640723995,0.00030999044640723995,Overweighted,2020,JP3134800006
0.00030638749115337164,0.0,-0.00030638749115337164,0.00030638749115337164,Removed,2020,JP3850200001
0.016882538239683716,0.017187107863208255,0.0003045696235245386,0.0003045696235245386,Overweighted,2020,JP3436100006
0.00461476689311392,0.004919079518214011,0.00030431262510009077,0.00030431262510009077,Overweighted,2020,JP3837800006
0.009529494567413914,0.009832031142152796,0.0003025365747388823,0.0003025365747388823,Overweighted,2020,HK0016000132
0.004570103542040597,0.0042695194283529515,-0.0003005841136876457,0.0003005841136876457,Underweighted,2020,AU0000224040
0.0016856702349413576,0.0013861623463516715,-0.00029950788858968606,0.00029950788858968606,Underweighted,2020,JP3119600009
0.0040019422760375805,0.004301365015722067,0.0002994227396844861,0.0002994227396844861,Overweighted,2020,JP3116000005
0.0003623040371895142,6.467688182612551e-05,-0.0002976271553633887,0.0002976271553633887,Underweighted,2020,SG1T58930911
0.001597439468507393,0.0013012735857533167,-0.00029616588275407636,0.00029616588275407636,Underweighted,2020,JP3180400008
0.001695061133348933,0.0019888952911083567,0.0002938341577594238,0.0002938341577594238,Overweighted,2020,JP3502200003
0.0005707522009759312,0.000863552628248165,0.00029280042727223383,0.00029280042727223383,Overweighted,2020,JP3415400005
0.002369843840616648,0.00266230823249799,0.00029246439188134214,0.00029246439188134214,Overweighted,2020,JP3573000001
0.0005494013084864879,0.000840719217028956,0.00029131790854246807,0.00029131790854246807,Overweighted,2020,JP3166000004
0.0007095330021573117,0.00041860161117357263,-0.00029093139098373906,0.00029093139098373906,Underweighted,2020,JP3404200002
0.0027589784488590108,0.00304964538922021,0.00029066694036119925,0.00029066694036119925,Overweighted,2020,JP3551520004
0.0010142190134089302,0.0007296964047849977,-0.00028452260862393255,0.00028452260862393255,Underweighted,2020,NZTELE0001S4
0.0002615533964726384,0.0005445354023409915,0.00028298200586835315,0.00028298200586835315,Overweighted,2020,AU000000CQR9
0.001599190583178742,0.0018819098600474172,0.0002827192768686752,0.0002827192768686752,Overweighted,2020,JP3027680002
0.00047977563908791236,0.00019807245002269558,-0.0002817031890652168,0.0002817031890652168,Underweighted,2020,JP3870000001
0.004331850691807136,0.004051536973915076,-0.00028031371789205995,0.00028031371789205995,Underweighted,2020,JP3546800008
0.00368121232186173,0.003958387430777961,0.0002771751089162308,0.0002771751089162308,Overweighted,2020,US89677Q1076
0.001956819025072307,0.002232099197116878,0.000275280172044571,0.000275280172044571,Overweighted,2020,SGXE21576413
0.0017962545162106057,0.002071025707806449,0.0002747711915958434,0.0002747711915958434,Overweighted,2020,JP3197800000
0.0008703079624421006,0.001139291258588974,0.0002689832961468734,0.0002689832961468734,Overweighted,2020,JP3738600000
0.007899941402977867,0.007631798146797043,-0.00026814325618082415,0.00026814325618082415,Underweighted,2020,JP3756600007
0.0008009880432242366,0.001068963232333304,0.00026797518910906754,0.00026797518910906754,Overweighted,2020,HK0010000088
0.0037730167917066114,0.004039183880737019,0.0002661670890304075,0.0002661670890304075,Overweighted,2020,JP3951600000
0.0009164107218337092,0.0006503876671256519,-0.0002660230547080573,0.0002660230547080573,Underweighted,2020,JP3595200001
0.000582585130047633,0.0008435954747564343,0.0002610103447088013,0.0002610103447088013,Overweighted,2020,JP3270000007
0.007611825463208198,0.007872783715984094,0.00026095825277589607,0.00026095825277589607,Overweighted,2020,JP3242800005
0.012690715174470216,0.012949432759549155,0.00025871758507893874,0.00025871758507893874,Overweighted,2020,AU000000CSL8
0.0027025238619204466,0.002957244496528742,0.00025472063460829555,0.00025472063460829555,Overweighted,2020,JP3933800009
0.006839500506730297,0.007093857645655138,0.00025435713892484144,0.00025435713892484144,Overweighted,2020,JP3205800000
0.002721287790218543,0.0029755340921502095,0.0002542463019316664,0.0002542463019316664,Overweighted,2020,JP3228600007
0.0009615545374767218,0.000714928551209275,-0.0002466259862674467,0.0002466259862674467,Underweighted,2020,AU000000BSL0
0.006917435036559254,0.007161900829515394,0.0002444657929561401,0.0002444657929561401,Overweighted,2020,JP3910660004
0.0003026172340548546,0.0005465957480445072,0.0002439785139896526,0.0002439785139896526,Overweighted,2020,AU000000SGM7
0.0009854606279049705,0.0007449624501226955,-0.00024049817778227503,0.00024049817778227503,Underweighted,2020,JP3955000009
0.0008810509119734727,0.001119010891914777,0.00023795997994130425,0.00023795997994130425,Overweighted,2020,JP3830000000
0.0011309083713384944,0.0008947774064467772,-0.00023613096489171718,0.00023613096489171718,Underweighted,2020,JP3336000009
0.0009863262582867258,0.0007504670367728996,-0.0002358592215138262,0.0002358592215138262,Underweighted,2020,AU000000LLC3
0.00023548521548078522,3.2401075521678734e-12,-0.00023548521224067766,0.00023548521224067766,Underweighted,2020,JP3223800008
0.004136053438095364,0.003902415060427751,-0.00023363837766761245,0.00023363837766761245,Underweighted,2020,JP3249600002
0.006806860682243924,0.006575379731369556,-0.000231480950874368,0.000231480950874368,Underweighted,2020,JP3519400000
0.0017699103658997983,0.0020013180802478116,0.00023140771434801335,0.00023140771434801335,Overweighted,2020,BMG668971101
0.0004887436492585292,0.0007185534333771144,0.00022980978411858515,0.00022980978411858515,Overweighted,2020,SGXE34184239
0.0019950437538336285,0.0022243962129018424,0.00022935245906821394,0.00022935245906821394,Overweighted,2020,JP3862400003
0.0010070775627594485,0.001236002982053197,0.00022892541929374842,0.00022892541929374842,Overweighted,2020,JP3511800009
0.007073375570285386,0.006845145499902196,-0.00022823007038319,0.00022823007038319,Underweighted,2020,JP3734800000
0.0026894560197811947,0.002916214286310432,0.00022675826652923713,0.00022675826652923713,Overweighted,2020,JP3762600009
0.0004286260163237758,0.000651952625979831,0.00022332660965605522,0.00022332660965605522,Overweighted,2020,JP3769000005
0.000353995176759133,0.0005761152700946186,0.00022212009333548563,0.00022212009333548563,Overweighted,2020,JP3320800000
0.005468361835937634,0.005687422231900277,0.00021906039596264297,0.00021906039596264297,Overweighted,2020,JP3893600001
0.0012674159000723752,0.0014859869880809494,0.00021857108800857426,0.00021857108800857426,Overweighted,2020,JP3293200006
0.007727460578631542,0.007509646981976344,-0.0002178135966551982,0.0002178135966551982,Underweighted,2020,KYG217651051
0.00079057863934455,0.0010077634442813795,0.00021718480493682958,0.00021718480493682958,Overweighted,2020,JP3322930003
0.005798963153090749,0.006014564280614569,0.0002156011275238198,0.0002156011275238198,Overweighted,2020,JP3830800003
0.00021444801473518923,3.516931047071681e-10,-0.00021444766304208452,0.00021444766304208452,Underweighted,2020,JP3421100003
0.0034785495868194303,0.003691425445418642,0.00021287585859921165,0.00021287585859921165,Overweighted,2020,JP3890310000
0.0095208700298489,0.009308658373795516,-0.00021221165605338384,0.00021221165605338384,Underweighted,2020,AU000000NAB4
0.002835007003535479,0.0026262904307109854,-0.00020871657282449342,0.00020871657282449342,Underweighted,2020,HK0006000050
0.0035829612881417123,0.0037909357728976275,0.0002079744847559152,0.0002079744847559152,Overweighted,2020,JP3409000001
0.002565297621722815,0.0023587249933188542,-0.00020657262840396073,0.00020657262840396073,Underweighted,2020,JP3900000005
0.003010142295359801,0.0032158564291775325,0.0002057141338177317,0.0002057141338177317,Overweighted,2020,JP3756100008
0.0008870666460485157,0.0010892246004139874,0.00020215795436547164,0.00020215795436547164,Overweighted,2020,JP3600200004
0.0005296744656582281,0.0003297688277873044,-0.00019990563787092367,0.00019990563787092367,Underweighted,2020,AU000000CWY3
0.006990844860791833,0.006791583479088574,-0.00019926138170325933,0.00019926138170325933,Underweighted,2020,HK0000049939
0.0027909630943867146,0.0029881143785141302,0.00019715128412741562,0.00019715128412741562,Overweighted,2020,JP3659000008
0.0035394117412981246,0.00373550165147556,0.00019608991017743558,0.00019608991017743558,Overweighted,2020,JP3814800003
0.0003300473931244238,0.00013601451652248855,-0.00019403287660193523,0.00019403287660193523,Underweighted,2020,JP3274400005
0.0020136071576625568,0.0022011876718865267,0.00018758051422396995,0.00018758051422396995,Overweighted,2020,JP3538800008
0.0006708556042972744,0.0008578893412640774,0.00018703373696680298,0.00018703373696680298,Overweighted,2020,JP3977400005
0.009996385020314687,0.009809441407535703,-0.00018694361277898398,0.00018694361277898398,Underweighted,2020,JP3726800000
0.0003385766319318115,0.0005232835091338409,0.00018470687720202942,0.00018470687720202942,Overweighted,2020,JP3385820000
0.0010146319746919695,0.0011987335060333905,0.00018410153134142105,0.00018410153134142105,Overweighted,2020,JP3305990008
0.0010356930001269716,0.0008562216798524366,-0.00017947132027453503,0.00017947132027453503,Underweighted,2020,JP3720800006
0.0032471701594796315,0.0034265512458441687,0.0001793810863645372,0.0001793810863645372,Overweighted,2020,JP3634600005
0.0005681572952214489,0.0003899024641059932,-0.00017825483111545568,0.00017825483111545568,Underweighted,2020,JP3118000003
0.003632586130783858,0.0034553077311979714,-0.0001772783995858864,0.0001772783995858864,Underweighted,2020,JP3592200004
0.00036336820664965386,0.000540473568059385,0.00017710536140973113,0.00017710536140973113,Overweighted,2020,NZSKCE0001S2
0.00018917796083844077,0.000364523279509191,0.00017534531867075025,0.00017534531867075025,Overweighted,2020,JP3375800004
0.0009973511333094037,0.0008224871579408564,-0.00017486397536854736,0.00017486397536854736,Underweighted,2020,JP3368000000
0.0006378881903315682,0.0008119682892457677,0.0001740800989141995,0.0001740800989141995,Overweighted,2020,HK0165000859
0.00017383684625168913,0.0,-0.00017383684625168913,0.00017383684625168913,Removed,2020,BMG684371393
0.004861950031093106,0.0046887630345659286,-0.00017318699652717727,0.00017318699652717727,Underweighted,2020,JP3899600005
0.005322286709016416,0.0054938971561801185,0.00017161044716370276,0.00017161044716370276,Overweighted,2020,KYG2108Y1052
0.00030921667302034737,0.0004803972725848913,0.00017118059956454395,0.00017118059956454395,Overweighted,2020,HK0308001558
0.00163117721409723,0.0018008459481778745,0.00016966873408064457,0.00016966873408064457,Overweighted,2020,JP3402600005
0.001676783625792878,0.0015072801577619098,-0.00016950346803096825,0.00016950346803096825,Underweighted,2020,JP3401400001
0.001995395168002368,0.0021646819895434007,0.00016928682154103251,0.00016928682154103251,Overweighted,2020,JP3762800005
0.0011889611978580517,0.0010202176869746362,-0.0001687435108834155,0.0001687435108834155,Underweighted,2020,JP3766550002
0.016607936854979667,0.016775669429024795,0.0001677325740451277,0.0001677325740451277,Overweighted,2020,JP3735400008
0.0007885237598832729,0.0009538619007215393,0.0001653381408382664,0.0001653381408382664,Overweighted,2020,JP3894900004
0.00016528775353646293,3.415777633027301e-11,-0.0001652877193786866,0.0001652877193786866,Underweighted,2020,BMG8403G1033
0.0021806738213413423,0.0020162928607404453,-0.000164380960600897,0.000164380960600897,Underweighted,2020,SG1B51001017
0.002305429822025659,0.0024683248273372023,0.00016289500531154345,0.00016289500531154345,Overweighted,2020,JP3197600004
0.0023434619678809475,0.0025061202793197047,0.00016265831143875715,0.00016265831143875715,Overweighted,2020,HK0291001490
0.0003353880943329603,0.0004959498581688467,0.00016056176383588645,0.00016056176383588645,Overweighted,2020,JP3165600002
0.0008032196224652757,0.0006441299622995311,-0.00015908966016574462,0.00015908966016574462,Underweighted,2020,JP3143000002
0.0014768607300322811,0.0016346814214072388,0.00015782069137495764,0.00015782069137495764,Overweighted,2020,JP3210200006
0.0020640420397445096,0.0022203411309979246,0.00015629909125341492,0.00015629909125341492,Overweighted,2020,JP3486800000
0.008094505729012871,0.008247539590012629,0.00015303386099975794,0.00015303386099975794,Overweighted,2020,HK0688002218
0.00015310341029602098,8.3010852754916e-07,-0.00015227330176847183,0.00015227330176847183,Underweighted,2020,JP3528600004
0.0006561279754627301,0.0008083201070949013,0.0001521921316321712,0.0001521921316321712,Overweighted,2020,BMG2442N1048
0.00121889692009683,0.0013703549018373323,0.00015145798174050228,0.00015145798174050228,Overweighted,2020,BMG524401079
0.0004065603831521493,0.0005568200182010976,0.0001502596350489483,0.0001502596350489483,Overweighted,2020,BMG4600H1198
0.0009403505639052831,0.0007908768525138095,-0.00014947371139147363,0.00014947371139147363,Underweighted,2020,JP3939000000
0.002088456390213422,0.002237519821075769,0.00014906343086234673,0.00014906343086234673,Overweighted,2020,JP3967200001
0.00026053489100052714,0.00040850742343445895,0.0001479725324339318,0.0001479725324339318,Overweighted,2020,JP3888400003
0.006733931322581036,0.0068804466473168825,0.00014651532473584656,0.00014651532473584656,Overweighted,2020,HK0066009694
0.00020722317767278602,0.0003537342643029655,0.00014651108663017948,0.00014651108663017948,Overweighted,2020,AU000000MND5
0.00014600960902535142,1.0924978659259669e-11,-0.00014600959810037275,0.00014600959810037275,Underweighted,2020,JP3686800008
0.00017995383525670812,0.00032573833076532876,0.00014578449550862064,0.00014578449550862064,Overweighted,2020,JP3891600003
0.00022006269987189604,0.00036558322281733793,0.0001455205229454419,0.0001455205229454419,Overweighted,2020,JP3194000000
0.0021074784193134176,0.002252893231553128,0.00014541481223971035,0.00014541481223971035,Overweighted,2020,JP3574200006
0.00023729986265721737,0.0003820554803028137,0.00014475561764559634,0.00014475561764559634,Overweighted,2020,HK0242001243
0.008078739740798379,0.008222600341753337,0.00014386060095495853,0.00014386060095495853,Overweighted,2020,HK2388011192
0.0012180213627611557,0.001360624647995301,0.00014260328523414537,0.00014260328523414537,Overweighted,2020,JP3982100004
0.0005481108044769902,0.0006904656413028786,0.00014235483682588834,0.00014235483682588834,Overweighted,2020,JP3164800009
0.0018126081800971167,0.0019542515596550243,0.00014164337955790756,0.00014164337955790756,Overweighted,2020,JP3283650004
0.007089181266315557,0.006948598960370429,-0.00014058230594512795,0.00014058230594512795,Underweighted,2020,JP3672400003
0.0009387662220597767,0.0010791664662449455,0.00014040024418516888,0.00014040024418516888,Overweighted,2020,JP3229400001
0.0018970925141219704,0.002035759670933319,0.00013866715681134872,0.00013866715681134872,Overweighted,2020,HK0023000190
0.00010877360487438375,0.0002468218052710414,0.00013804820039665765,0.00013804820039665765,Overweighted,2020,AU000000GWA4
0.0013325605424718181,0.0014696454299141278,0.00013708488744230973,0.00013708488744230973,Overweighted,2020,JP3358800005
0.0008919626197214716,0.0007553615368270216,-0.00013660108289444996,0.00013660108289444996,Underweighted,2020,JP3870400003
0.01030726346542111,0.010441761827986047,0.00013449836256493666,0.00013449836256493666,Overweighted,2020,AU000000ANZ3
0.001530841520054177,0.0013981052614286359,-0.00013273625862554117,0.00013273625862554117,Underweighted,2020,JP3670800006
0.001503194953389169,0.0016352133521799711,0.00013201839879080205,0.00013201839879080205,Overweighted,2020,AU000000GPT8
0.007051317878676894,0.006919718687341352,-0.00013159919133554163,0.00013159919133554163,Underweighted,2020,JP3551500006
0.00040615734882302925,0.00027467877397225243,-0.00013147857485077682,0.00013147857485077682,Underweighted,2020,JP3494600004
0.0008344756295753094,0.0007034099926494981,-0.00013106563692581133,0.00013106563692581133,Underweighted,2020,AU000000BLD2
8.091063061393689e-05,0.00021159529967939366,0.00013068466906545676,0.00013068466906545676,Overweighted,2020,AU000000SIG5
0.0004723899853720179,0.0003421770398105609,-0.00013021294556145698,0.00013021294556145698,Underweighted,2020,JP3456000003
0.005262347761252208,0.005391922666829283,0.0001295749055770755,0.0001295749055770755,Overweighted,2020,AU000000WES1
0.0017375941601111924,0.0016102695757041225,-0.00012732458440706989,0.00012732458440706989,Underweighted,2020,JP3733000008
0.0007570592867409356,0.0006297385263999932,-0.00012732076034094244,0.00012732076034094244,Underweighted,2020,AU000000BEN6
0.0016155204223758473,0.0014882442382455655,-0.00012727618413028172,0.00012727618413028172,Underweighted,2020,SG1U68934629
0.009077587858758798,0.009204120658382333,0.00012653279962353443,0.00012653279962353443,Overweighted,2020,SG1L01001701
0.005278244785258435,0.005152685734136419,-0.00012555905112201626,0.00012555905112201626,Underweighted,2020,AU000000TLS2
0.001472322126700417,0.0015975647452440114,0.0001252426185435944,0.0001252426185435944,Overweighted,2020,JP3942800008
0.0005940527472151077,0.0004689671960275457,-0.000125085551187562,0.000125085551187562,Underweighted,2020,NZCENE0001S6
0.0011023524956944863,0.000978112670638392,-0.00012423982505609435,0.00012423982505609435,Underweighted,2020,BMG988031446
0.039417783834975635,0.039541522962497494,0.00012373912752185884,0.00012373912752185884,Overweighted,2020,JP3633400001
0.0014814191872719838,0.001603176992911442,0.00012175780563945826,0.00012175780563945826,Overweighted,2020,JP3493800001
0.0005203808513990609,0.0006415912471929103,0.00012121039579384937,0.00012121039579384937,Overweighted,2020,AU000000ILU1
0.0004800714623147049,0.0006012617258568856,0.00012119026354218072,0.00012119026354218072,Overweighted,2020,HK0000745908
0.0025455767350669066,0.0026665130015413744,0.0001209362664744678,0.0001209362664744678,Overweighted,2020,JP3429800000
0.0007311380246670867,0.0008517794161356332,0.00012064139146854649,0.00012064139146854649,Overweighted,2020,JP3485800001
0.001645666596037713,0.001525195068039088,-0.00012047152799862489,0.00012047152799862489,Underweighted,2020,JP3260800002
0.0004518928109196271,0.0005712496185276664,0.0001193568076080393,0.0001193568076080393,Overweighted,2020,JP3742600004
0.0008217611869955815,0.0007027068260935711,-0.00011905436090201037,0.00011905436090201037,Underweighted,2020,BMG677491539
0.001366337995877332,0.0014851097007686387,0.00011877170489130672,0.00011877170489130672,Overweighted,2020,JP3711600001
0.0009578875206989647,0.0010754748202645252,0.00011758729956556056,0.00011758729956556056,Overweighted,2020,JP3695200000
0.0006844317064771899,0.0008013270962735212,0.00011689538979633128,0.00011689538979633128,Overweighted,2020,JP3819400007
0.001906080378200426,0.0017918345315235211,-0.00011424584667690482,0.00011424584667690482,Underweighted,2020,JP3778630008
0.0005300457337348066,0.0006440150132536944,0.00011396927951888786,0.00011396927951888786,Overweighted,2020,JP3733400000
0.0015777126256791328,0.0014641945698213677,-0.0001135180558577652,0.0001135180558577652,Underweighted,2020,AU000000APA1
0.0005908939904780142,0.00047926738553318845,-0.00011162660494482571,0.00011162660494482571,Underweighted,2020,AU000000BPT9
0.00396565528868129,0.004076856985268507,0.00011120169658721674,0.00011120169658721674,Overweighted,2020,JP3347200002
0.0015144441775704212,0.0014042088066253651,-0.00011023537094505612,0.00011023537094505612,Underweighted,2020,JP3419400001
0.0007535630135705887,0.0008617200212018177,0.00010815700763122898,0.00010815700763122898,Overweighted,2020,JP3131430005
0.001085748672569211,0.0011935143207766805,0.00010776564820746959,0.00010776564820746959,Overweighted,2020,JP3792600003
0.0013534170726560845,0.0012469789473482566,-0.00010643812530782785,0.00010643812530782785,Underweighted,2020,AU000000TAH8
0.0018332641858122153,0.0017279407907760463,-0.00010532339503616897,0.00010532339503616897,Underweighted,2020,JP3173400007
0.0005481505122926671,0.0004438610842085198,-0.00010428942808414732,0.00010428942808414732,Underweighted,2020,JP3549600009
0.002452916561794189,0.002349832215957009,-0.00010308434583718032,0.00010308434583718032,Underweighted,2020,AU000000SUN6
0.00034820577723344804,0.0004502076146246599,0.00010200183739121187,0.00010200183739121187,Overweighted,2020,JP3491000000
0.0012104411407484444,0.001311808176665207,0.00010136703591676261,0.00010136703591676261,Overweighted,2020,SG1R89002252
0.0011788118801710483,0.0012794211030149162,0.00010060922284386791,0.00010060922284386791,Overweighted,2020,JP3414750004
0.0002100047101609495,0.00010954538216650951,-0.00010045932799443998,0.00010045932799443998,Underweighted,2020,AU000000CSR5
0.0002221592725396338,0.0003205955454070999,9.843627286746612e-05,9.843627286746612e-05,Overweighted,2020,JP3389900006
0.005588529598520489,0.005490394868042569,-9.813473047792006e-05,9.813473047792006e-05,Underweighted,2020,AU000000WOW2
0.0008980339447384622,0.000994458655254443,9.642471051598091e-05,9.642471051598091e-05,Overweighted,2020,JP3122400009
0.0002187106487480992,0.0003148554440972898,9.614479534919061e-05,9.614479534919061e-05,Overweighted,2020,AU000000PPT9
0.002531680984970792,0.0024357425909237625,-9.593839404702965e-05,9.593839404702965e-05,Underweighted,2020,IE00BKVD2N49
0.0005630191038728643,0.0004675525563538586,-9.546654751900572e-05,9.546654751900572e-05,Underweighted,2020,JP3243600008
0.0012798543733331489,0.0013740206734756052,9.416630014245637e-05,9.416630014245637e-05,Overweighted,2020,SG1M51904654
0.007708230083499243,0.007614218903734118,-9.401117976512528e-05,9.401117976512528e-05,Underweighted,2020,HK0388045442
0.0012293241924935714,0.0013219734730276422,9.264928053407079e-05,9.264928053407079e-05,Overweighted,2020,JP3359600008
0.0017886028201296762,0.001696764659608675,-9.183816052100112e-05,9.183816052100112e-05,Underweighted,2020,JP3774200004
0.003771216042265666,0.0038624249577631914,9.120891549752519e-05,9.120891549752519e-05,Overweighted,2020,JP3404600003
0.0008607105833930054,0.0007715175042099818,-8.919307918302363e-05,8.919307918302363e-05,Underweighted,2020,KYG0535Q1331
0.0006740997328380732,0.0007622869574678801,8.818722462980693e-05,8.818722462980693e-05,Overweighted,2020,JP3544000007
0.0016155283639389827,0.0017035867387079787,8.805837476899602e-05,8.805837476899602e-05,Overweighted,2020,AU000000COH5
0.0008158447224597306,0.0009036789822647308,8.783425980500017e-05,8.783425980500017e-05,Overweighted,2020,JP3799000009
0.0020323075534555697,0.001947873876489205,-8.443367696636477e-05,8.443367696636477e-05,Underweighted,2020,JP3420600003
0.0025835056406014354,0.002500226533983369,-8.327910661806628e-05,8.327910661806628e-05,Underweighted,2020,JP3358000002
0.00045220650266347424,0.0005350538666730746,8.284736400960039e-05,8.284736400960039e-05,Overweighted,2020,AU000000OZL8
0.0006311914672176671,0.0005491042333860124,-8.208723383165478e-05,8.208723383165478e-05,Underweighted,2020,JP3358200008
0.00025975860320404467,0.00034042844577367805,8.066984256963338e-05,8.066984256963338e-05,Overweighted,2020,JP3619800000
0.0021212868122150426,0.0022017773464803043,8.049053426526171e-05,8.049053426526171e-05,Overweighted,2020,JP3940000007
0.0007485221063704124,0.0008284361934220239,7.991408705161152e-05,7.991408705161152e-05,Overweighted,2020,JP3665200006
0.0009717515045425374,0.0010514379745100199,7.96864699674825e-05,7.96864699674825e-05,Overweighted,2020,JP3300600008
0.0023702270210379296,0.002449738176076024,7.951115503809433e-05,7.951115503809433e-05,Overweighted,2020,KYG210961051
0.003834563906005732,0.003913691703967861,7.912779796212912e-05,7.912779796212912e-05,Overweighted,2020,JP3421800008
0.012210433260732425,0.012131422840439969,-7.901042029245624e-05,7.901042029245624e-05,Underweighted,2020,AU000000WBC1
0.0022626148697720934,0.002184298326263716,-7.831654350837734e-05,7.831654350837734e-05,Underweighted,2020,JP3102000001
0.001303113226365865,0.0013812872360425123,7.817400967664737e-05,7.817400967664737e-05,Overweighted,2020,AU000000SGP0
0.0004062943407871144,0.00032974637981922605,-7.654796096788838e-05,7.654796096788838e-05,Underweighted,2020,JP3148800000
0.0006349577535346166,0.0005586236157846005,-7.63341377500161e-05,7.63341377500161e-05,Underweighted,2020,AU000000CGF5
0.000725295019590238,0.0006497513664938388,-7.554365309639919e-05,7.554365309639919e-05,Underweighted,2020,JP3385980002
0.017794064900189175,0.017868968240028035,7.49033398388596e-05,7.49033398388596e-05,Overweighted,2020,AU000000CBA7
0.005349498475099762,0.005275330272731738,-7.41682023680237e-05,7.41682023680237e-05,Underweighted,2020,JP3902400005
0.0008521019289542638,0.0007788003211915759,-7.330160776268795e-05,7.330160776268795e-05,Underweighted,2020,JP3935600001
0.001214662081554894,0.001287078197129925,7.241611557503116e-05,7.241611557503116e-05,Overweighted,2020,NZAIAE0002S6
0.0005381203180526944,0.00046616907253902703,-7.19512455136674e-05,7.19512455136674e-05,Underweighted,2020,JP3215800008
0.01418879179041864,0.014117072359344425,-7.171943107421412e-05,7.171943107421412e-05,Underweighted,2020,JP3902900004
0.0007647685591545963,0.0008360800985486599,7.13115393940636e-05,7.13115393940636e-05,Overweighted,2020,JP3765400001
0.001592618939684223,0.0016638852064963974,7.12662668121743e-05,7.12662668121743e-05,Overweighted,2020,JP3539220008
0.0013380422064260074,0.0014091987535869133,7.115654716090595e-05,7.115654716090595e-05,Overweighted,2020,JP3596200000
0.007075811644777161,0.007004833894791819,-7.09777499853419e-05,7.09777499853419e-05,Underweighted,2020,JP3371200001
0.0013520292844981785,0.0012814214318205403,-7.060785267763822e-05,7.060785267763822e-05,Underweighted,2020,JP3657400002
0.0007746379367410778,0.0007052941601910287,-6.934377655004912e-05,6.934377655004912e-05,Underweighted,2020,KYG5427W1309
0.012409548102443995,0.012478205637727276,6.865753528328099e-05,6.865753528328099e-05,Overweighted,2020,JP3496400007
0.00978328111514016,0.009715282559648677,-6.799855549148234e-05,6.799855549148234e-05,Underweighted,2020,JP3802300008
0.0010680052351340096,0.0011359508727525397,6.794563761853005e-05,6.794563761853005e-05,Overweighted,2020,JP3269600007
0.001021435908908198,0.0009535015857899423,-6.793432311825575e-05,6.793432311825575e-05,Underweighted,2020,AU0000088338
0.0018612998890708563,0.0017933751840731752,-6.792470499768113e-05,6.792470499768113e-05,Underweighted,2020,JP3495000006
0.00029232496823141464,0.0003601034249095166,6.777845667810196e-05,6.777845667810196e-05,Overweighted,2020,AU000000IRE2
0.0009025030593928919,0.0008347671312743271,-6.773592811856483e-05,6.773592811856483e-05,Underweighted,2020,JP3499800005
0.0006202380662632077,0.0006876263278448473,6.738826158163964e-05,6.738826158163964e-05,Overweighted,2020,JP3560800009
0.00235476281222258,0.0022879901163893952,-6.677269583318457e-05,6.677269583318457e-05,Underweighted,2020,JP3351100007
0.000375461221914039,0.00044192449993527027,6.646327802123126e-05,6.646327802123126e-05,Overweighted,2020,AU000000SBM8
0.00021946509724595943,0.000154112498693347,-6.535259855261242e-05,6.535259855261242e-05,Underweighted,2020,SG2B80958517
0.0004334266912391072,0.00036877629476640526,-6.465039647270192e-05,6.465039647270192e-05,Underweighted,2020,BMG2108M2182
0.0030488931526788405,0.003112963089098799,6.406993641995843e-05,6.406993641995843e-05,Overweighted,2020,JP3111200006
0.0012862195361861483,0.0012221839419873659,-6.403559419878246e-05,6.403559419878246e-05,Underweighted,2020,JP3126340003
0.006179925892866816,0.0062432948762329325,6.336898336611625e-05,6.336898336611625e-05,Overweighted,2020,JP3481800005
0.0003222984128950861,0.00038490072978215434,6.260231688706822e-05,6.260231688706822e-05,Overweighted,2020,AU000000MTS0
0.002799438727642939,0.002737519116833263,-6.191961080967597e-05,6.191961080967597e-05,Underweighted,2020,JP3201200007
0.001500725127254069,0.0014393289268152963,-6.13962004387728e-05,6.13962004387728e-05,Underweighted,2020,JP3112000009
0.002082867515156905,0.002144187252747692,6.131973759078684e-05,6.131973759078684e-05,Overweighted,2020,AU000000CIM7
0.0004560859562551026,0.0005160446550154432,5.9958698760340535e-05,5.9958698760340535e-05,Overweighted,2020,HK0363006039
0.0009105538190213737,0.0009692164759436357,5.8662656922262046e-05,5.8662656922262046e-05,Overweighted,2020,JP3626800001
0.007014056064445736,0.007072046157227212,5.799009278147603e-05,5.799009278147603e-05,Overweighted,2020,JP3783600004
0.0051287210345456824,0.005071776929783434,-5.69441047622481e-05,5.69441047622481e-05,Underweighted,2020,JP3475350009
0.005941593627002001,0.0059970897484679505,5.549612146594964e-05,5.549612146594964e-05,Overweighted,2020,JP3788600009
0.001528798552937603,0.0015839151108027966,5.511655786519351e-05,5.511655786519351e-05,Overweighted,2020,AU000000SHL7
0.004949894901254197,0.00500451110868882,5.461620743462282e-05,5.461620743462282e-05,Overweighted,2020,HK0012000102
0.0009480935879622692,0.000893806339343787,-5.4287248618482115e-05,5.4287248618482115e-05,Underweighted,2020,AU000000AMP6
0.00463611580021258,0.0045822567295426666,-5.385907066991335e-05,5.385907066991335e-05,Underweighted,2020,JP3160400002
0.006839113355527449,0.006892746430949393,5.363307542194471e-05,5.363307542194471e-05,Overweighted,2020,JP3914400001
0.0012650671827750895,0.0013177909290293317,5.2723746254242174e-05,5.2723746254242174e-05,Overweighted,2020,AU000000MGR9
0.00036670564855729326,0.0004188154554792333,5.210980692194002e-05,5.210980692194002e-05,Overweighted,2020,AU000000IGO4
0.004619853464302125,0.0046684754049674945,4.862194066536981e-05,4.862194066536981e-05,Overweighted,2020,JP3571400005
0.007552400731657007,0.007600881962006713,4.8481230349706715e-05,4.8481230349706715e-05,Overweighted,2020,JP3198900007
0.001321047261316315,0.0013691110632600427,4.806380194372767e-05,4.806380194372767e-05,Overweighted,2020,HK0144000764
0.0009063428051688435,0.0009541414328192055,4.779862765036207e-05,4.779862765036207e-05,Overweighted,2020,JP3126400005
0.0007036165376214608,0.0007507052909897336,4.708875336827275e-05,4.708875336827275e-05,Overweighted,2020,HK0200030994
0.0023809560728338145,0.002336377785525009,-4.457828730880563e-05,4.457828730880563e-05,Underweighted,2020,AU000000IAG3
0.002740885582645853,0.002697078168001775,-4.380741464407806e-05,4.380741464407806e-05,Underweighted,2020,AU000000NCM7
0.0007005649919866947,0.0006570695510072179,-4.349544097947684e-05,4.349544097947684e-05,Underweighted,2020,JP3209000003
0.00036028489476234635,0.00031749786629196907,-4.278702847037728e-05,4.278702847037728e-05,Underweighted,2020,JP3172100004
0.0009731035556663341,0.0009306531624124207,-4.245039325391346e-05,4.245039325391346e-05,Underweighted,2020,SG9999000020
0.0016638071116296827,0.0017038678673775567,4.006075574787397e-05,4.006075574787397e-05,Overweighted,2020,JP3942600002
0.0005359522713167383,0.0005759918020140401,4.003953069730182e-05,4.003953069730182e-05,Overweighted,2020,JP3835620000
0.0013705172434773207,0.0013320046061671197,-3.851263731020102e-05,3.851263731020102e-05,Underweighted,2020,JP3598600009
0.001657108403124998,0.0016953171395945653,3.820873646956727e-05,3.820873646956727e-05,Overweighted,2020,AU000000RHC8
0.0032968605200176435,0.00333430080565233,3.7440285634686606e-05,3.7440285634686606e-05,Overweighted,2020,JP3165700000
0.0042230989262313735,0.004185673478287967,-3.742544794340611e-05,3.742544794340611e-05,Underweighted,2020,JP3505000004
0.0027339724519365133,0.002770975570757585,3.700311882107177e-05,3.700311882107177e-05,Overweighted,2020,JP3818000006
0.0009380375836421064,0.0009747236186903323,3.66860350482259e-05,3.66860350482259e-05,Overweighted,2020,BMG8063F1068
0.005656009060481732,0.0056925518370078785,3.6542776526146854e-05,3.6542776526146854e-05,Overweighted,2020,JP3143600009
0.0011249938921934273,0.0010887137465153001,-3.628014567812719e-05,3.628014567812719e-05,Underweighted,2020,JP3246400000
0.010669982449284448,0.010704555298122295,3.457284883784731e-05,3.457284883784731e-05,Overweighted,2020,JP3854600008
0.00033611276196906283,0.0003023218378426459,-3.379092412641695e-05,3.379092412641695e-05,Underweighted,2020,JP3352400000
0.0008861891033220573,0.000852959812147378,-3.3229291174679274e-05,3.3229291174679274e-05,Underweighted,2020,JP3820000002
0.0047339717411666125,0.004701162457061198,-3.2809284105414505e-05,3.2809284105414505e-05,Underweighted,2020,JP3893200000
0.0006863356962388949,0.0007185463687594545,3.2210672520559605e-05,3.2210672520559605e-05,Overweighted,2020,JP3326410002
0.00010462612352693657,0.00013656908882440162,3.194296529746505e-05,3.194296529746505e-05,Overweighted,2020,AU000000ELD6
0.0013773767686354969,0.0013454904890286407,-3.188627960685618e-05,3.188627960685618e-05,Underweighted,2020,JP3868400007
0.00040599256138797033,0.0004377064165730565,3.171385518508616e-05,3.171385518508616e-05,Overweighted,2020,JP3827200001
9.859847710719049e-05,0.0001296833528488953,3.108487574170481e-05,3.108487574170481e-05,Overweighted,2020,JP3826800009
0.0072536689073661315,0.0072239921129482465,-2.9676794417884955e-05,2.9676794417884955e-05,Underweighted,2020,SG1T75931496
0.0016855411845404075,0.0016564221647704506,-2.9119019769956915e-05,2.9119019769956915e-05,Underweighted,2020,AU000000DXS1
0.0009367947290114209,0.0009658517772422472,2.905704823082632e-05,2.905704823082632e-05,Overweighted,2020,AU000000WOR2
0.00010249976999744117,7.367574300782465e-05,-2.8824026989616522e-05,2.8824026989616522e-05,Underweighted,2020,SG9999003735
0.00061206024162456,0.0006404827572955766,2.8422515671016582e-05,2.8422515671016582e-05,Overweighted,2020,AU000000FLT9
0.0018896115616484515,0.0019162202927701477,2.6608731121696184e-05,2.6608731121696184e-05,Overweighted,2020,JP3684000007
0.0009956377410629475,0.0010219845009401746,2.634675987722712e-05,2.634675987722712e-05,Overweighted,2020,JP3888300005
0.0004465620366650097,0.00047166901878795006,2.5106982122940374e-05,2.5106982122940374e-05,Overweighted,2020,JP3535800001
0.0005821761395461614,0.0005587258988896854,-2.345024065647603e-05,2.345024065647603e-05,Underweighted,2020,JP3635400009
0.0007403601648580356,0.0007633420436178382,2.2981878759802598e-05,2.2981878759802598e-05,Overweighted,2020,JP3419050004
0.0005167118492305199,0.0004946542730912753,-2.2057576139244625e-05,2.2057576139244625e-05,Underweighted,2020,JP3582600007
0.0007536503707650778,0.000775512050493148,2.1861679728070135e-05,2.1861679728070135e-05,Overweighted,2020,KYG525621408
0.0008231708144521098,0.0008016635617994544,-2.1507252652655452e-05,2.1507252652655452e-05,Underweighted,2020,SG1S83002349
0.0011471429117779753,0.0011684136946525008,2.1270782874525506e-05,2.1270782874525506e-05,Overweighted,2020,JP3174410005
0.000761254417467195,0.0007400884723319703,-2.1165945135224714e-05,2.1165945135224714e-05,Underweighted,2020,SG1N31909426
0.0012536154487338854,0.001232978290165843,-2.0637158568042376e-05,2.0637158568042376e-05,Underweighted,2020,JP3688370000
0.0007561400508080164,0.0007365951195710895,-1.95449312369269e-05,1.95449312369269e-05,Underweighted,2020,JP3667600005
0.00026707675363328847,0.0002864105060414002,1.933375240811174e-05,1.933375240811174e-05,Overweighted,2020,JP3721400004
0.0012281508265403202,0.0012095814388584124,-1.8569387681907808e-05,1.8569387681907808e-05,Underweighted,2020,JP3676800000
0.0011331022281546403,0.0011149846220452732,-1.8117606109367126e-05,1.8117606109367126e-05,Underweighted,2020,JP3629000005
0.003207944793763254,0.003225836366961081,1.7891573197827224e-05,1.7891573197827224e-05,Overweighted,2020,HK0000608585
0.0018156339156516928,0.001798143590336638,-1.749032531505484e-05,1.749032531505484e-05,Underweighted,2020,HK0004000045
0.002623789219605601,0.002606504650406637,-1.7284569198964227e-05,1.7284569198964227e-05,Underweighted,2020,JP3877600001
0.001923823815635627,0.0019067492766118412,-1.7074539023785845e-05,1.7074539023785845e-05,Underweighted,2020,AU000000STO6
0.0013607729455102214,0.0013449144482424473,-1.5858497267774154e-05,1.5858497267774154e-05,Underweighted,2020,JP3357200009
0.0023808945257195154,0.0023965286787032626,1.5634152983747245e-05,1.5634152983747245e-05,Overweighted,2020,HK0083000502
7.45236284623153e-05,5.895169979237152e-05,-1.5571928669943778e-05,1.5571928669943778e-05,Underweighted,2020,AU000000MAH3
0.003948162010484852,0.0039327214535572605,-1.5440556927591963e-05,1.5440556927591963e-05,Underweighted,2020,JP3200450009
0.0008377237288976759,0.0008230777228641993,-1.4646006033476556e-05,1.4646006033476556e-05,Underweighted,2020,JP3786200000
1.359992686932171e-05,0.0,-1.359992686932171e-05,1.359992686932171e-05,Removed,2020,AU0000038911
0.005709449824210423,0.005721500183323201,1.2050359112778138e-05,1.2050359112778138e-05,Overweighted,2020,AU000000MQG1
0.002245925674843113,0.0022573759135188724,1.1450238675759367e-05,1.1450238675759367e-05,Overweighted,2020,AU000000ALL7
0.0009492947493864938,0.0009386661676467073,-1.062858173978649e-05,1.062858173978649e-05,Underweighted,2020,AU000000ORI1
0.0002545648209135125,0.0002650471962352592,1.048237532174669e-05,1.048237532174669e-05,Overweighted,2020,JP3811000003
0.0010975200545266135,0.0010889321409236895,-8.587913602924003e-06,8.587913602924003e-06,Underweighted,2020,HK0014000126
0.004684360796259954,0.004676048641728985,-8.312154530968653e-06,8.312154530968653e-06,Underweighted,2020,JP3866800000
0.004700309440426561,0.004692610450727975,-7.698989698586532e-06,7.698989698586532e-06,Underweighted,2020,AU000000TCL6
0.0005808379861578515,0.0005880476346786982,7.209648520846716e-06,7.209648520846716e-06,Overweighted,2020,NZFBUE0001S0
0.0003887692963381359,0.00039577746088231933,7.008164544183425e-06,7.008164544183425e-06,Overweighted,2020,JP3638600001
0.0020504341713120525,0.002044535390817193,-5.898780494859555e-06,5.898780494859555e-06,Underweighted,2020,AU000000QBE9
0.000616120365777518,0.0006216188860761666,5.498520298648614e-06,5.498520298648614e-06,Overweighted,2020,AU000000DOW2
0.000779932973961586,0.0007745774501090603,-5.355523852525667e-06,5.355523852525667e-06,Underweighted,2020,JP3613000003
0.0038202810047067676,0.0038153393146680347,-4.941690038732811e-06,4.941690038732811e-06,Underweighted,2020,JP3266400005
0.0001622421640740484,0.0001576050032097377,-4.6371608643106855e-06,4.6371608643106855e-06,Underweighted,2020,HK0000139300
0.0017961770859700355,0.001791711500422501,-4.4655855475344425e-06,4.4655855475344425e-06,Underweighted,2020,AU000000ASX7
0.0008439479290050225,0.0008398104680854517,-4.137460919570826e-06,4.137460919570826e-06,Underweighted,2020,JP3743000006
0.0008254698969797996,0.0008289720502165696,3.502153236770015e-06,3.502153236770015e-06,Overweighted,2020,JP3405400007
0.0011451694333388357,0.0011430293203535614,-2.140112985274216e-06,2.140112985274216e-06,Underweighted,2020,JP3268950007
1.9768536034720623e-05,2.1896108802910046e-05,2.127572768189423e-06,2.127572768189423e-06,Overweighted,2020,AU000000ERA9
0.0005411381120441351,0.0005430423019522011,1.9041899080659988e-06,1.9041899080659988e-06,Overweighted,2020,JP3634200004
0.0011964064132974613,0.001194578871902123,-1.8275413953383179e-06,1.8275413953383179e-06,Underweighted,2020,SG1J26887955
0.0013555334992316607,0.0013540970417796094,-1.4364574520513412e-06,1.4364574520513412e-06,Underweighted,2020,JP3190000004
0.0004810224645001655,0.0004823305326247931,1.3080681246276245e-06,1.3080681246276245e-06,Overweighted,2020,JP3452000007
0.0015421483205681607,0.001541677548850639,-4.7077171752172783e-07,4.7077171752172783e-07,Underweighted,2020,JP3982800009
0.004348512091265142,0.004348699433177096,1.8734191195406147e-07,1.8734191195406147e-07,Overweighted,2020,JP3258000003
0.0013370879096431011,0.0002353672939813829,-0.0011017206156617183,0.0011017206156617183,Underweighted,2021,JP3386030005
0.002419874181779349,0.0014308280729379925,-0.0009890461088413567,0.0009890461088413567,Underweighted,2021,JP3381000003
0.0008768186681823259,6.529320712367205e-05,-0.0008115254610586538,0.0008115254610586538,Underweighted,2021,JP3605400005
0.0007637154196317688,9.552208806081045e-21,-0.0007637154196317688,0.0007637154196317688,Underweighted,2021,JP3551200003
0.0006312313543113504,0.0,-0.0006312313543113504,0.0006312313543113504,Removed,2021,JP3449020001
0.000499422406652414,0.0,-0.000499422406652414,0.000499422406652414,Removed,2021,JP3753000003
0.0005201315036993374,2.2066347300378636e-05,-0.0004980651563989588,0.0004980651563989588,Underweighted,2021,JP3362700001
0.0004971244451813533,8.075998861417243e-22,-0.0004971244451813533,0.0004971244451813533,Underweighted,2021,SG1R50925390
0.0006079022884534725,0.0001502787253605937,-0.0004576235630928788,0.0004576235630928788,Underweighted,2021,JP3903000002
0.0007222350195745335,0.0002792544874989604,-0.0004429805320755731,0.0004429805320755731,Underweighted,2021,JP3246400000
0.0013620050571545464,0.0009219767864004064,-0.00044002827075414,0.00044002827075414,Underweighted,2021,SG1V61937297
0.001939080631574658,0.0023658419895913646,0.00042676135801670667,0.00042676135801670667,Overweighted,2021,JP3526600006
0.00039464560926013486,1.0625889241174862e-20,-0.00039464560926013486,0.00039464560926013486,Underweighted,2021,JP3158800007
0.004778398646960286,0.004404956330034821,-0.0003734423169254649,0.0003734423169254649,Underweighted,2021,HK0002007356
0.00034417095873177353,5.0080230366859985e-21,-0.00034417095873177353,0.00034417095873177353,Underweighted,2021,HK2380027329
0.0009539138118666847,0.0006098799480537446,-0.0003440338638129401,0.0003440338638129401,Underweighted,2021,JP3522200009
0.00021060560740068882,0.0005419756900236924,0.00033137008262300354,0.00033137008262300354,Overweighted,2021,JP3579800008
0.00032249583966516857,8.452263652854802e-22,-0.00032249583966516857,0.00032249583966516857,Underweighted,2021,JP3625000009
0.00035186803190753166,3.120311632110105e-05,-0.0003206649155864306,0.0003206649155864306,Underweighted,2021,MU0117U00026
0.00031575929974761647,0.0,-0.00031575929974761647,0.00031575929974761647,Removed,2021,JP3845400005
0.0003040481123461361,5.787045557560922e-21,-0.0003040481123461361,0.0003040481123461361,Underweighted,2021,JP3400900001
0.0003010933290851783,4.046084843728858e-21,-0.0003010933290851783,0.0003010933290851783,Underweighted,2021,JP3289800009
0.001706585843409821,0.001414939490201405,-0.0002916463532084161,0.0002916463532084161,Underweighted,2021,AU000000ORG5
0.0002794291875415243,2.078288780920424e-05,-0.00025864629973232004,0.00025864629973232004,Underweighted,2021,AU000000ABC7
0.0009071019948296159,0.0006623560437384679,-0.000244745951091148,0.000244745951091148,Underweighted,2021,HK0293001514
0.001403527537716427,0.0016476860072225912,0.00024415846950616416,0.00024415846950616416,Overweighted,2021,HK0000055878
0.0002252898739347119,0.0,-0.0002252898739347119,0.0002252898739347119,Removed,2021,JP3223800008
0.00035292553328513765,0.00014473991751493722,-0.00020818561577020043,0.00020818561577020043,Underweighted,2021,JP3350800003
0.004152987209400085,0.004351653339145105,0.00019866612974501954,0.00019866612974501954,Overweighted,2021,JP3397200001
0.001647653011447771,0.0018429593422146786,0.0001953063307669077,0.0001953063307669077,Overweighted,2021,JP3443600006
0.0015708652384060378,0.0017607626986030397,0.00018989746019700189,0.00018989746019700189,Overweighted,2021,JP3973400009
0.0008923372264606195,0.0007028055538147122,-0.00018953167264590723,0.00018953167264590723,Underweighted,2021,JP3595200001
0.0013449789190576591,0.0015301721528593298,0.00018519323380167068,0.00018519323380167068,Overweighted,2021,JP3359600008
0.00031338815479021635,0.0004973500118743984,0.00018396185708418206,0.00018396185708418206,Overweighted,2021,JP3718800000
0.0006733100293694113,0.0008569808868857111,0.00018367085751629976,0.00018367085751629976,Overweighted,2021,JP3738600000
0.0002503131375013495,0.00043225589931014457,0.00018194276180879507,0.00018194276180879507,Overweighted,2021,AU000000SGM7
0.00018044303350585902,2.2417329528383374e-21,-0.00018044303350585902,0.00018044303350585902,Underweighted,2021,JP3850200001
0.000850275017686985,0.0006759197271250485,-0.00017435529056193644,0.00017435529056193644,Underweighted,2021,AU000000BSL0
0.0003611733121956006,0.0005343945759056553,0.0001732212637100547,0.0001732212637100547,Overweighted,2021,BMG4600H1198
0.0032868679669205963,0.003458302667330724,0.00017143470041012772,0.00017143470041012772,Overweighted,2021,US89677Q1076
0.00036395428467650204,0.00019290618071543346,-0.00017104810396106857,0.00017104810396106857,Underweighted,2021,NZAIRE0001S2
0.0012143683509875322,0.0013827969590739096,0.00016842860808637746,0.00016842860808637746,Overweighted,2021,JP3585800000
0.00023124883930990666,0.00039893364663533243,0.00016768480732542578,0.00016768480732542578,Overweighted,2021,AU000000SBM8
0.0011633137213299303,0.0009961822282164494,-0.00016713149311348087,0.00016713149311348087,Underweighted,2021,AU000000QAN2
0.000672161048633881,0.0008376710324093238,0.00016550998377544283,0.00016550998377544283,Overweighted,2021,JP3134800006
0.000609186658638731,0.0007732693294842042,0.0001640826708454732,0.0001640826708454732,Overweighted,2021,JP3711200000
0.00025719055563010515,0.0004141865523559636,0.00015699599672585842,0.00015699599672585842,Overweighted,2021,JP3165600002
0.00028482098089758785,0.0004391288900327161,0.00015430790913512825,0.00015430790913512825,Overweighted,2021,JP3678000005
0.0023820108755344444,0.002228503513480431,-0.00015350736205401328,0.00015350736205401328,Underweighted,2021,JP3256000005
0.0015568670670564476,0.0017098024398778575,0.0001529353728214099,0.0001529353728214099,Overweighted,2021,JP3906000009
0.00015211004676951698,0.0,-0.00015211004676951698,0.00015211004676951698,Removed,2021,BMG684371393
0.004591213584775399,0.004743192509586005,0.00015197892481060536,0.00015197892481060536,Overweighted,2021,JP3351600006
0.0002601965673315006,0.00010924127824768201,-0.0001509552890838186,0.0001509552890838186,Underweighted,2021,JP3421100003
0.0008892324170526656,0.0010391633920992327,0.00014993097504656708,0.00014993097504656708,Overweighted,2021,AU000000WOR2
0.00019889624958636693,0.0003479832135168635,0.00014908696393049655,0.00014908696393049655,Overweighted,2021,JP3194000000
0.00029232960659602176,0.00044075599237009867,0.0001484263857740769,0.0001484263857740769,Overweighted,2021,JP3375800004
0.00124472669070832,0.0013902519247123307,0.0001455252340040107,0.0001455252340040107,Overweighted,2021,JP3210200006
0.0004950643300408961,0.0003501797548435388,-0.00014488457519735732,0.00014488457519735732,Underweighted,2021,AU000000CWY3
0.00014764768368996526,2.8213142918143e-06,-0.00014482636939815096,0.00014482636939815096,Underweighted,2021,JP3528600004
0.00019762102733690096,0.00034176729886254954,0.0001441462715256486,0.0001441462715256486,Overweighted,2021,AU000000MND5
0.0014796804440141646,0.0016219926860778252,0.0001423122420636607,0.0001423122420636607,Overweighted,2021,JP3358800005
0.004750631002655916,0.004890905858234196,0.00014027485557827936,0.00014027485557827936,Overweighted,2021,JP3814000000
0.0016908330979752413,0.0018301968036975394,0.00013936370572229808,0.00013936370572229808,Overweighted,2021,SG1F60858221
0.0027667748845515865,0.0026284761742229115,-0.00013829871032867503,0.00013829871032867503,Underweighted,2021,IE00BKVD2N49
0.0006343508004165721,0.0007712054617672911,0.00013685466135071904,0.00013685466135071904,Overweighted,2021,JP3613400005
0.006743327685910059,0.0068797662590607,0.00013643857315064067,0.00013643857315064067,Overweighted,2021,JP3837800006
0.0005978230927973633,0.000733942117032063,0.00013611902423469973,0.00013611902423469973,Overweighted,2021,JP3224200000
0.0006759665899235355,0.0008117637981133196,0.0001357972081897841,0.0001357972081897841,Overweighted,2021,JP3292200007
0.0013663796000504907,0.0015013497125852095,0.00013497011253471884,0.00013497011253471884,Overweighted,2021,SGXE21576413
0.008939115862104982,0.009071651692111538,0.00013253583000655614,0.00013253583000655614,Overweighted,2021,JP3890350006
0.0005688735351886109,0.0006997946313638634,0.00013092109617525254,0.00013092109617525254,Overweighted,2021,HK0000745908
0.00013070570660236823,3.694115707980488e-21,-0.00013070570660236823,0.00013070570660236823,Underweighted,2021,BMG8403G1033
0.0017619765946330392,0.0018924414839535623,0.0001304648893205231,0.0001304648893205231,Overweighted,2021,JP3551520004
0.001969900027259385,0.0021000080102592166,0.00013010798299983167,0.00013010798299983167,Overweighted,2021,JP3862400003
0.0002620279840771469,0.00039133188851376633,0.00012930390443661945,0.00012930390443661945,Overweighted,2021,JP3796150005
0.003264971467807814,0.0033901904920369376,0.00012521902422912368,0.00012521902422912368,Overweighted,2021,JP3762600009
0.0007099895927227746,0.0008348958319276997,0.00012490623920492511,0.00012490623920492511,Overweighted,2021,JP3122800000
0.0008913766932024134,0.0007667538076055306,-0.00012462288559688273,0.00012462288559688273,Underweighted,2021,JP3939000000
0.016504253848690274,0.0166282687631986,0.00012401491450832539,0.00012401491450832539,Overweighted,2021,JP3435000009
0.0009516670788360617,0.0010754698926926701,0.0001238028138566084,0.0001238028138566084,Overweighted,2021,JP3688370000
0.001769918832488035,0.001646246006005362,-0.0001236728264826729,0.0001236728264826729,Underweighted,2021,JP3119600009
0.0138032800662937,0.013926063157144654,0.00012278309085095307,0.00012278309085095307,Overweighted,2021,AU000000BHP4
0.0009184472647993988,0.0010410477080390497,0.00012260044323965087,0.00012260044323965087,Overweighted,2021,BMG668971101
0.0001590972401277819,0.0002809914236180854,0.00012189418349030351,0.00012189418349030351,Overweighted,2021,HK0308001558
0.003957085993992163,0.004078624093483312,0.00012153809949114885,0.00012153809949114885,Overweighted,2021,JP3304200003
0.0021481310898906324,0.002269131611080428,0.00012100052118979576,0.00012100052118979576,Overweighted,2021,JP3635000007
0.0008515850020924624,0.0009716343387986307,0.00012004933670616837,0.00012004933670616837,Overweighted,2021,JP3511800009
0.0010091911286860765,0.0011292258240130331,0.00012003469532695659,0.00012003469532695659,Overweighted,2021,HK0392044647
0.0013486417525489516,0.0014684132795468629,0.00011977152699791131,0.00011977152699791131,Overweighted,2021,JP3108600002
0.0009921595018277136,0.0011107925384380114,0.00011863303661029784,0.00011863303661029784,Overweighted,2021,JP3792600003
0.008872809793894225,0.008755812290796153,-0.00011699750309807251,0.00011699750309807251,Underweighted,2021,JP3756600007
0.001013258300939395,0.001130010447399714,0.00011675214646031883,0.00011675214646031883,Overweighted,2021,JP3695200000
0.0003057752426237486,0.0004219488499984418,0.0001161736073746932,0.0001161736073746932,Overweighted,2021,JP3827200001
0.0006682073107843888,0.0005546700220678505,-0.00011353728871653823,0.00011353728871653823,Underweighted,2021,JP3368000000
0.0005636390863281772,0.00045114439501296554,-0.00011249469131521171,0.00011249469131521171,Underweighted,2021,KYG5427W1309
9.01236338399504e-05,0.00020125681319322597,0.00011113317935327557,0.00011113317935327557,Overweighted,2021,JP3826800009
0.00048823265159110264,0.0005988793887113045,0.0001106467371202019,0.0001106467371202019,Overweighted,2021,HK0165000859
0.002181221003239043,0.002071487943508751,-0.00010973305973029177,0.00010973305973029177,Underweighted,2021,AU000000QBE9
0.003208073136766002,0.0033176397361610686,0.00010956659939506674,0.00010956659939506674,Overweighted,2021,JP3634600005
0.0015575824356354165,0.0016651667839182973,0.00010758434828288081,0.00010758434828288081,Overweighted,2021,JP3502200003
0.0012481772920892283,0.0011425429231107075,-0.00010563436897852076,0.00010563436897852076,Underweighted,2021,JP3401400001
0.00011413879488226125,0.0002195710947398752,0.00010543229985761396,0.00010543229985761396,Overweighted,2021,AU000000GWA4
0.0025201538539360658,0.0024156439855888183,-0.00010450986834724743,0.00010450986834724743,Underweighted,2021,JP3294460005
0.0013324462470220176,0.001435237827192271,0.0001027915801702535,0.0001027915801702535,Overweighted,2021,JP3885400006
0.0010738029991880732,0.001174360780791577,0.00010055778160350374,0.00010055778160350374,Overweighted,2021,JP3787000003
0.0008345753302800012,0.0009344517805433629,9.987645026336169e-05,9.987645026336169e-05,Overweighted,2021,HK0008011667
0.0005281761984352083,0.0006280326105133743,9.985641207816602e-05,9.985641207816602e-05,Overweighted,2021,AU000000DOW2
0.0004907318676495969,0.0005887435438925673,9.801167624297043e-05,9.801167624297043e-05,Overweighted,2021,JP3415400005
0.0016298584467443185,0.0017263965381307078,9.65380913863893e-05,9.65380913863893e-05,Overweighted,2021,JP3684000007
0.006446832109354162,0.006542733918704589,9.590180935042762e-05,9.590180935042762e-05,Overweighted,2021,JP3242800005
0.0006464370531855425,0.0007414735667057684,9.503651352022597e-05,9.503651352022597e-05,Overweighted,2021,JP3896800004
0.0028272354217909745,0.0029215504134022085,9.431499161123395e-05,9.431499161123395e-05,Overweighted,2021,HK0291001490
0.0007527086232863063,0.0008457497318767097,9.304110859040336e-05,9.304110859040336e-05,Overweighted,2021,JP3600200004
0.0015307003115157555,0.0016227220298271924,9.202171831143688e-05,9.202171831143688e-05,Overweighted,2021,JP3137200006
0.0002664025269730912,0.00035798606774731733,9.158354077422613e-05,9.158354077422613e-05,Overweighted,2021,JP3276400003
0.005902509804245298,0.005993810107357444,9.130030311214551e-05,9.130030311214551e-05,Overweighted,2021,JP3551500006
0.0002769903478592601,0.00036732870334564734,9.033835548638726e-05,9.033835548638726e-05,Overweighted,2021,KYG548561284
0.0021052199526754595,0.0021954604826565005,9.024052998104094e-05,9.024052998104094e-05,Overweighted,2021,AU000000STO6
0.0006326547731206539,0.0007228899854006528,9.023521227999884e-05,9.023521227999884e-05,Overweighted,2021,JP3270000007
0.001979509019015763,0.0018907251343009421,-8.878388471482077e-05,8.878388471482077e-05,Underweighted,2021,JP3429800000
0.0010040079082660807,0.0010926967432500802,8.868883498399944e-05,8.868883498399944e-05,Overweighted,2021,JP3626800001
0.0014399161967115909,0.0015283067325038626,8.83905357922717e-05,8.83905357922717e-05,Overweighted,2021,JP3283650004
0.001313480746537133,0.0012260217901239891,-8.745895641314389e-05,8.745895641314389e-05,Underweighted,2021,JP3180400008
8.70792008082267e-05,0.0,-8.70792008082267e-05,8.70792008082267e-05,Removed,2021,JP3686800008
0.0010040408408349335,0.0009174498177319714,-8.659102310296205e-05,8.659102310296205e-05,Underweighted,2021,NZTELE0001S4
0.0018498406883322575,0.0019362654550282112,8.642476669595378e-05,8.642476669595378e-05,Overweighted,2021,JP3102000001
0.0014620157799989648,0.0015478684575966832,8.585267759771836e-05,8.585267759771836e-05,Overweighted,2021,JP3190000004
0.002742340748049982,0.002828173536468415,8.583278841843307e-05,8.583278841843307e-05,Overweighted,2021,JP3762800005
0.0005380632874396763,0.0006236710890736846,8.560780163400833e-05,8.560780163400833e-05,Overweighted,2021,NZFBUE0001S0
0.003441263168051064,0.003525218534701897,8.39553666508331e-05,8.39553666508331e-05,Overweighted,2021,JP3933800009
0.00038601361704638945,0.0004689646038535745,8.295098680718505e-05,8.295098680718505e-05,Overweighted,2021,AU000000OZL8
0.0007853630948909964,0.0007037145721723005,-8.164852271869594e-05,8.164852271869594e-05,Underweighted,2021,JP3269600007
0.001258161349213096,0.001339782945272638,8.162159605954204e-05,8.162159605954204e-05,Overweighted,2021,JP3539220008
0.007487713517212404,0.007569085666307153,8.137214909474926e-05,8.137214909474926e-05,Overweighted,2021,JP3898400001
0.00034826374520531073,0.00042963134124541884,8.136759604010811e-05,8.136759604010811e-05,Overweighted,2021,HK0363006039
0.00032520179907257206,0.0004062793868315903,8.107758775901825e-05,8.107758775901825e-05,Overweighted,2021,JP3459600007
0.0008783793060285161,0.0009591275200775613,8.074821404904515e-05,8.074821404904515e-05,Overweighted,2021,JP3305990008
0.002014968247734415,0.0020950593689625847,8.009112122816988e-05,8.009112122816988e-05,Overweighted,2021,JP3574200006
0.0004621884783900289,0.0005422488427464852,8.006036435645626e-05,8.006036435645626e-05,Overweighted,2021,JP3493400000
8.001882396362231e-05,1.4199654003375244e-20,-8.00188239636223e-05,8.00188239636223e-05,Underweighted,2021,JP3407200009
0.0005074122137735302,0.0005872011352850781,7.978892151154797e-05,7.978892151154797e-05,Overweighted,2021,JP3634200004
0.0036455512109934947,0.0037252817220350064,7.97305110415117e-05,7.97305110415117e-05,Overweighted,2021,JP3890310000
0.004507819172504367,0.004428360815769377,-7.945835673499064e-05,7.945835673499064e-05,Underweighted,2021,JP3249600002
0.0005752679423075257,0.0006546030406831277,7.933509837560197e-05,7.933509837560197e-05,Overweighted,2021,JP3300600008
0.0005176633906225374,0.0005969410370879964,7.927764646545907e-05,7.927764646545907e-05,Overweighted,2021,JP3635400009
0.0018354509853307506,0.0019137489633202357,7.829797798948514e-05,7.829797798948514e-05,Overweighted,2021,JP3260800002
0.00034229380230716506,0.0004205799195286723,7.828611722150724e-05,7.828611722150724e-05,Overweighted,2021,JP3156400008
0.002245796281997869,0.0023236319027423614,7.783562074449232e-05,7.783562074449232e-05,Overweighted,2021,JP3197800000
0.0011437389683212694,0.00106591114103977,-7.782782728149931e-05,7.782782728149931e-05,Underweighted,2021,AU000000TAH8
0.00124610619942582,0.0013220468855623757,7.594068613655581e-05,7.594068613655581e-05,Overweighted,2021,BMG5320C1082
0.0005889001962254183,0.0006648052577456411,7.590506152022275e-05,7.590506152022275e-05,Overweighted,2021,JP3405400007
0.004972473934384037,0.0048973167452283865,-7.515718915565052e-05,7.515718915565052e-05,Underweighted,2021,JP3546800008
0.002189684673434207,0.0021146038272813316,-7.508084615287557e-05,7.508084615287557e-05,Underweighted,2021,JP3733000008
0.018293408960562647,0.018368271186534304,7.486222597165651e-05,7.486222597165651e-05,Overweighted,2021,JP3735400008
0.0032856110405427145,0.003360139524178884,7.452848363616966e-05,7.452848363616966e-05,Overweighted,2021,JP3388200002
0.0003579422612737112,0.00043225147417853225,7.430921290482105e-05,7.430921290482105e-05,Overweighted,2021,JP3733400000
0.00047820834354974804,0.0005520808183081132,7.387247475836511e-05,7.387247475836511e-05,Overweighted,2021,AU000000FLT9
0.0038900334542207437,0.003817223698540314,-7.280975568042976e-05,7.280975568042976e-05,Underweighted,2021,AU0000224040
0.0019733890499706213,0.0019011329980061485,-7.22560519644728e-05,7.22560519644728e-05,Underweighted,2021,JP3621000003
0.006949549602479011,0.006877921388434684,-7.16282140443272e-05,7.16282140443272e-05,Underweighted,2021,JP3734800000
0.002773723656579523,0.002702148691355111,-7.157496522441215e-05,7.157496522441215e-05,Underweighted,2021,AU000000NCM7
0.015834215121160237,0.015905785032765806,7.15699116055693e-05,7.15699116055693e-05,Overweighted,2021,JP3436100006
0.0047133330388429845,0.00464191996303874,-7.141307580424416e-05,7.141307580424416e-05,Underweighted,2021,HK0000049939
0.0034729406401131217,0.0035442035531082633,7.126291299514162e-05,7.126291299514162e-05,Overweighted,2021,JP3347200002
0.0009435345639165836,0.0010146208083963426,7.108624447975907e-05,7.108624447975907e-05,Overweighted,2021,JP3830000000
0.0010108981335049457,0.0010817630154108678,7.086488190592211e-05,7.086488190592211e-05,Overweighted,2021,JP3293200006
0.0011459802125904168,0.0012155794685294674,6.95992559390506e-05,6.95992559390506e-05,Overweighted,2021,HK0023000190
0.0015496658120006399,0.0016181042929418934,6.84384809412535e-05,6.84384809412535e-05,Overweighted,2021,JP3357200009
0.04162641391959278,0.04169454745743651,6.813353784373283e-05,6.813353784373283e-05,Overweighted,2021,JP3633400001
0.00048298722520771813,0.000550772889767903,6.778566456018482e-05,6.778566456018482e-05,Overweighted,2021,AU000000ILU1
0.007371315182189411,0.007438993154038581,6.767797184917008e-05,6.767797184917008e-05,Overweighted,2021,HK0016000132
0.007078817253574809,0.007146333478541313,6.751622496650386e-05,6.751622496650386e-05,Overweighted,2021,HK0011000095
0.0028681907303337237,0.0029353880887686493,6.719735843492558e-05,6.719735843492558e-05,Overweighted,2021,JP3659000008
0.0011306171692205948,0.001197124344033403,6.650717481280826e-05,6.650717481280826e-05,Overweighted,2021,AU000000CIM7
0.0004487410127751436,0.0005151503412957206,6.640932852057697e-05,6.640932852057697e-05,Overweighted,2021,JP3548610009
0.00030138789261769484,0.000367531548551022,6.614365593332714e-05,6.614365593332714e-05,Overweighted,2021,JP3385820000
0.0003296001266015767,0.0002642481283742236,-6.53519982273531e-05,6.53519982273531e-05,Underweighted,2021,SG1T58930911
0.0032458669186988844,0.0033109712634285283,6.510434472964399e-05,6.510434472964399e-05,Overweighted,2021,JP3409000001
0.0012260155028384655,0.0011612364219645685,-6.477908087389704e-05,6.477908087389704e-05,Underweighted,2021,AU000000LLC3
0.0038650394640486418,0.003929733748897232,6.469428484859015e-05,6.469428484859015e-05,Overweighted,2021,JP3505000004
0.0007040928333109684,0.0006396589264867988,-6.44339068241696e-05,6.44339068241696e-05,Underweighted,2021,AU000000BPT9
0.0010257452332960743,0.0009616527389179983,-6.409249437807599e-05,6.409249437807599e-05,Underweighted,2021,AU000000ORI1
0.0006857804954416641,0.0006221264420032045,-6.365405343845961e-05,6.365405343845961e-05,Underweighted,2021,JP3131430005
0.005492252327761787,0.005555517415411852,6.3265087650065e-05,6.3265087650065e-05,Overweighted,2021,KYG2108Y1052
0.0012064169651967442,0.0012696541858121713,6.323722061542703e-05,6.323722061542703e-05,Overweighted,2021,JP3942800008
0.002639232534146244,0.0027022489500197993,6.301641587355515e-05,6.301641587355515e-05,Overweighted,2021,JP3111200006
0.006541751091136507,0.0066046832715012,6.293218036469272e-05,6.293218036469272e-05,Overweighted,2021,HK0688002218
0.0012738720141430308,0.0013367854228340254,6.291340869099462e-05,6.291340869099462e-05,Overweighted,2021,JP3598600009
0.00024707476823082613,0.0003099356962450797,6.286092801425358e-05,6.286092801425358e-05,Overweighted,2021,JP3721400004
0.0002891625912246794,0.00022662543527947083,-6.253715594520856e-05,6.253715594520856e-05,Underweighted,2021,JP3172100004
0.0015287938816966112,0.0014677142688911307,-6.107961280548053e-05,6.107961280548053e-05,Underweighted,2021,SG1B51001017
0.0013435372043767706,0.0014044845197988402,6.094731542206954e-05,6.094731542206954e-05,Overweighted,2021,JP3277800003
0.0001939398979740235,0.00025461453260925673,6.0674634635233236e-05,6.0674634635233236e-05,Overweighted,2021,AU000000IVC8
0.006437331063240134,0.006497520990916477,6.0189927676343284e-05,6.0189927676343284e-05,Overweighted,2021,HK2388011192
0.00083529069885897,0.0008953523477112785,6.0061648852308505e-05,6.0061648852308505e-05,Overweighted,2021,JP3888300005
0.005909542737282525,0.00585214618983655,-5.7396547445975193e-05,5.7396547445975193e-05,Underweighted,2021,JP3942400007
0.0007224509108592351,0.0007797904361026253,5.733952524339023e-05,5.733952524339023e-05,Overweighted,2021,JP3663900003
0.0016670996933553376,0.0017238361241044458,5.6736430749108197e-05,5.6736430749108197e-05,Overweighted,2021,JP3493800001
0.0006626856167400726,0.0006062726172803766,-5.6412999459696037e-05,5.6412999459696037e-05,Underweighted,2021,JP3419050004
0.003554752459492062,0.0036111304794084757,5.637801991641373e-05,5.637801991641373e-05,Overweighted,2021,JP3814800003
0.0070582892856565745,0.007113839785090791,5.555049943421677e-05,5.555049943421677e-05,Overweighted,2021,JP3205800000
0.00041929563704644097,0.00047477999681865875,5.548435977221778e-05,5.548435977221778e-05,Overweighted,2021,BMG2442N1048
0.0005352237681697032,0.0004798011533705799,-5.542261479912335e-05,5.542261479912335e-05,Underweighted,2021,JP3404200002
0.0002550078581500292,0.00031024916879309454,5.524131064306534e-05,5.524131064306534e-05,Overweighted,2021,JP3389900006
0.001280032234105659,0.0013346950522993544,5.466281819369533e-05,5.466281819369533e-05,Overweighted,2021,JP3940000007
0.0008415863082713264,0.0008959380204450204,5.435171217369405e-05,5.435171217369405e-05,Overweighted,2021,JP3322930003
0.001366106991563876,0.0014204443038852207,5.433731232134457e-05,5.433731232134457e-05,Overweighted,2021,HK0004000045
0.003939128596031605,0.003992318157250624,5.318956121901867e-05,5.318956121901867e-05,Overweighted,2021,JP3951600000
0.000160350507331346,0.00010716983100762386,-5.3180676323722154e-05,5.3180676323722154e-05,Underweighted,2021,SG9999003735
0.0007023986356022088,0.0006494053594474768,-5.299327615473199e-05,5.299327615473199e-05,Underweighted,2021,JP3452000007
0.000531363339265294,0.0004787401587788733,-5.262318048642069e-05,5.262318048642069e-05,Underweighted,2021,BMG677491539
0.0008666644594527186,0.000814181489874221,-5.248296957849753e-05,5.248296957849753e-05,Underweighted,2021,JP3955000009
0.0006019488118397532,0.0006542955271188815,5.2346715279128235e-05,5.2346715279128235e-05,Overweighted,2021,JP3765400001
0.0005313084516505394,0.0005828337363863473,5.152528473580792e-05,5.152528473580792e-05,Overweighted,2021,KYG525621408
0.0017405978686861096,0.001791239199475645,5.0641330789535444e-05,5.0641330789535444e-05,Overweighted,2021,JP3711600001
0.007171956047051947,0.00722225345000616,5.0297402954212894e-05,5.0297402954212894e-05,Overweighted,2021,JP3910660004
0.0002761670336379406,0.0003263071392539337,5.0140105615993115e-05,5.0140105615993115e-05,Overweighted,2021,JP3352400000
0.005681091336737947,0.005730788184516057,4.969684777810998e-05,4.969684777810998e-05,Overweighted,2021,JP3893600001
0.0014317416012874673,0.0014813773153438828,4.963571405641547e-05,4.963571405641547e-05,Overweighted,2021,AU000000GPT8
0.0034497030536131683,0.0034992662638318357,4.9563210218667424e-05,4.9563210218667424e-05,Overweighted,2021,JP3404600003
0.00040479067005394964,0.00035525621259674736,-4.9534457457202277e-05,4.9534457457202277e-05,Underweighted,2021,JP3638600001
0.006692649951207106,0.006643238114416384,-4.9411836790722724e-05,4.9411836790722724e-05,Underweighted,2021,JP3571400005
0.00022300471957376067,0.00017365000018038898,-4.9354719393371685e-05,4.9354719393371685e-05,Underweighted,2021,JP3619800000
0.0009402742396001583,0.0009893076718206007,4.9033432220442355e-05,4.9033432220442355e-05,Overweighted,2021,JP3280200001
0.010898356714579017,0.010849577516755323,-4.877919782369372e-05,4.877919782369372e-05,Underweighted,2021,JP3519400000
0.0014881496029708046,0.001536646582049648,4.8496979078843476e-05,4.8496979078843476e-05,Overweighted,2021,JP3419400001
0.0006046748967059001,0.00065309348197948,4.841858527357987e-05,4.841858527357987e-05,Overweighted,2021,BMG8063F1068
0.0002862590364041592,0.0002381528897762591,-4.810614662790013e-05,4.810614662790013e-05,Underweighted,2021,AU000000MTS0
0.0005344974220677836,0.0005820667268863659,4.7569304818582286e-05,4.7569304818582286e-05,Overweighted,2021,JP3894900004
0.001020384542921705,0.0010674703961750433,4.7085853253338306e-05,4.7085853253338306e-05,Overweighted,2021,JP3766550002
0.00017286488349540257,0.0002196123347380047,4.674745124260213e-05,4.674745124260213e-05,Overweighted,2021,JP3425000001
0.0003063899839090005,0.0003530648091340722,4.6674825225071674e-05,4.6674825225071674e-05,Overweighted,2021,JP3491000000
0.003991108996791401,0.004037585403207695,4.6476406416294004e-05,4.6476406416294004e-05,Overweighted,2021,HK0012000102
0.0015108968601122833,0.001557198703287409,4.630184317512575e-05,4.630184317512575e-05,Overweighted,2021,JP3402600005
0.00016372243646443904,0.00021000741096500024,4.62849745005612e-05,4.62849745005612e-05,Overweighted,2021,JP3203500008
0.0008392298000111942,0.0008855014720800461,4.627167206885192e-05,4.627167206885192e-05,Overweighted,2021,JP3820000002
0.00024994722006965194,0.00029497354810597805,4.5026328036326115e-05,4.5026328036326115e-05,Overweighted,2021,JP3888400003
0.00043996265358871913,0.0003959240093771896,-4.403864421152954e-05,4.403864421152954e-05,Underweighted,2021,JP3549600009
0.00032149688507663427,0.00036544014207030086,4.394325699366659e-05,4.394325699366659e-05,Overweighted,2021,SGXE34184239
0.007490395691986748,0.00753430883686532,4.391314487857227e-05,4.391314487857227e-05,Overweighted,2021,JP3566800003
0.0013887334959528947,0.001345017940684436,-4.371555526845876e-05,4.371555526845876e-05,Underweighted,2021,JP3336000009
0.00020265971037137636,0.00024625103149579665,4.359132112442029e-05,4.359132112442029e-05,Overweighted,2021,JP3811000003
0.00042379825104347943,0.00046725757943592676,4.345932839244733e-05,4.345932839244733e-05,Overweighted,2021,SG1P66918738
0.008535920592053233,0.008579355973018206,4.3435380964972764e-05,4.3435380964972764e-05,Overweighted,2021,SG1L01001701
0.0002877739345713872,0.0002448949432128531,-4.28789913585341e-05,4.28789913585341e-05,Underweighted,2021,AU000000CSR5
0.0005929069921025065,0.0006355773145545046,4.267032245199812e-05,4.267032245199812e-05,Overweighted,2021,JP3148800000
0.0014476827941993715,0.001489922332647217,4.223953844784546e-05,4.223953844784546e-05,Overweighted,2021,HK0019000162
0.0012704799595511943,0.0013126660224079658,4.2186062856771483e-05,4.2186062856771483e-05,Overweighted,2021,SG1R89002252
0.0008778670216241395,0.0009195500669503655,4.1683045326225995e-05,4.1683045326225995e-05,Overweighted,2021,JP3799000009
0.0129127358352484,0.01295423477581927,4.149894057087038e-05,4.149894057087038e-05,Overweighted,2021,JP3902900004
0.0012074232381339125,0.0012475501704256988,4.0126932291786226e-05,4.0126932291786226e-05,Overweighted,2021,NZAIAE0002S6
0.0010330032055537953,0.0009932714448248202,-3.973176072897514e-05,3.973176072897514e-05,Underweighted,2021,AU0000088338
0.000771266125834848,0.0008106409360256039,3.9374810190755853e-05,3.9374810190755853e-05,Overweighted,2021,JP3040890000
0.0025670425136337907,0.0025277133456356455,-3.932916799814518e-05,3.932916799814518e-05,Underweighted,2021,JP3538800008
0.0038128669566372037,0.003851960914125912,3.909395748870814e-05,3.909395748870814e-05,Overweighted,2021,HK0823032773
0.0011837648465875068,0.0012228495737216382,3.908472713413133e-05,3.908472713413133e-05,Overweighted,2021,JP3229400001
0.006217182329220772,0.006178332471247098,-3.88498579736744e-05,3.88498579736744e-05,Underweighted,2021,KYG217651051
0.0016192212270048705,0.0015804082206378964,-3.881300636697418e-05,3.881300636697418e-05,Underweighted,2021,SG1U68934629
0.0014662274896378037,0.0015048528912442647,3.862540160646101e-05,3.862540160646101e-05,Overweighted,2021,JP3982800009
0.0001424534857470184,0.0001041323512620259,-3.832113448499249e-05,3.832113448499249e-05,Underweighted,2021,AU000000ELD6
0.0009796926949297779,0.0010177526127964286,3.805991786665075e-05,3.805991786665075e-05,Overweighted,2021,HK0144000764
0.0005129448853407974,0.0004751143844974045,-3.783050084339289e-05,3.783050084339289e-05,Underweighted,2021,AU000000ANN9
0.006748428574907924,0.0067862071046654515,3.777852975752737e-05,3.777852975752737e-05,Overweighted,2021,JP3143600009
0.00033845532844865763,0.00037613447906222747,3.767915061356984e-05,3.767915061356984e-05,Overweighted,2021,JP3992400006
0.0007392886014787981,0.0007768242079396961,3.753560646089799e-05,3.753560646089799e-05,Overweighted,2021,BMG524401079
0.0005826814294737182,0.0005452329405352272,-3.744848893849108e-05,3.744848893849108e-05,Underweighted,2021,JP3485800001
0.0012883440485666692,0.001325725037291659,3.738098872498974e-05,3.738098872498974e-05,Overweighted,2021,JP3629000005
0.0002931401137072319,0.00025671738432975265,-3.642272937747924e-05,3.642272937747924e-05,Underweighted,2021,AU000000IRE2
0.0008032710939982749,0.0007668495680526447,-3.642152594563017e-05,3.642152594563017e-05,Underweighted,2021,JP3143000002
0.0019440260056640506,0.0019801255276894404,3.609952202538987e-05,3.609952202538987e-05,Overweighted,2021,AU000000RHC8
0.005580085318479311,0.005544050324828445,-3.6034993650865474e-05,3.6034993650865474e-05,Underweighted,2021,AU000000TLS2
0.0028075454047913288,0.0027716407617879124,-3.590464300341637e-05,3.590464300341637e-05,Underweighted,2021,HK0006000050
0.00028178020704018114,0.0003175837927827209,3.5803585742539754e-05,3.5803585742539754e-05,Overweighted,2021,NZSKCE0001S2
0.00012152849741539345,8.616437648557517e-05,-3.536412092981828e-05,3.536412092981828e-05,Underweighted,2021,HK0000139300
0.0046820891789374885,0.0047174358461678405,3.5346667230352034e-05,3.5346667230352034e-05,Overweighted,2021,JP3830800003
0.0005533751023690608,0.0005885184494306241,3.5143347061563366e-05,3.5143347061563366e-05,Overweighted,2021,JP3588600001
0.007107569215770444,0.0071421836295324365,3.46144137619922e-05,3.46144137619922e-05,Overweighted,2021,JP3914400001
0.0014312201689472984,0.0014657425049151025,3.452233596780408e-05,3.452233596780408e-05,Overweighted,2021,AU000000SGP0
0.00904255157211009,0.009008591181231741,-3.396039087834833e-05,3.396039087834833e-05,Underweighted,2021,JP3475350009
0.0027698796939595407,0.0027359670485885817,-3.391264537095902e-05,3.391264537095902e-05,Underweighted,2021,JP3351100007
0.001497857392433741,0.0014639880278193658,-3.386936461437511e-05,3.386936461437511e-05,Underweighted,2021,JP3675600005
0.0004370883721627348,0.0004705075394415986,3.34191672788638e-05,3.34191672788638e-05,Overweighted,2021,JP3164800009
0.006338421751865125,0.006371421324660497,3.29995727953716e-05,3.29995727953716e-05,Overweighted,2021,HK0066009694
0.0009335212333981797,0.0009010177493036188,-3.25034840945609e-05,3.25034840945609e-05,Underweighted,2021,JP3870400003
0.00018767905071767824,0.0001553119265522488,-3.2367124165429454e-05,3.2367124165429454e-05,Underweighted,2021,SG2B80958517
0.006461210834832716,0.006428935014565061,-3.227582026765503e-05,3.227582026765503e-05,Underweighted,2021,AU000000WOW2
0.0005219007144815951,0.0004896337753309866,-3.22669391506085e-05,3.22669391506085e-05,Underweighted,2021,JP3835620000
0.0024145427647995162,0.0024467939196458864,3.225115484637017e-05,3.225115484637017e-05,Overweighted,2021,HK0270001396
0.00048520285525664687,0.0005174270926749676,3.222423741832076e-05,3.222423741832076e-05,Overweighted,2021,JP3166000004
0.00626285797263242,0.006230644152127244,-3.221382050517564e-05,3.221382050517564e-05,Underweighted,2021,AU000000WES1
0.00041575538589476706,0.0003835577666896897,-3.219761920507738e-05,3.219761920507738e-05,Underweighted,2021,AU000000BOQ8
0.0003868204649832826,0.00041893444467414775,3.211397969086517e-05,3.211397969086517e-05,Overweighted,2021,JP3215800008
0.009206897897795573,0.009174809413938407,-3.20884838571657e-05,3.20884838571657e-05,Underweighted,2021,AU000000NAB4
0.00038290148928980165,0.00041488623083067803,3.1984741540876376e-05,3.1984741540876376e-05,Overweighted,2021,JP3535800001
0.00038047179754332994,0.0003487832530409025,-3.168854450242745e-05,3.168854450242745e-05,Underweighted,2021,JP3560800009
0.0006220340196656323,0.0006536973388168846,3.166331915125222e-05,3.166331915125222e-05,Overweighted,2021,JP3582600007
0.0013701503791841343,0.0014017106524331082,3.156027324897393e-05,3.156027324897393e-05,Overweighted,2021,JP3596200000
0.008565124462277016,0.008596192407792557,3.10679455155418e-05,3.10679455155418e-05,Overweighted,2021,JP3854600008
0.000705133868404148,0.0006745775479666523,-3.055632043749571e-05,3.055632043749571e-05,Underweighted,2021,AU000000BLD2
0.0009628623226588485,0.000932650788319271,-3.0211534339577508e-05,3.0211534339577508e-05,Underweighted,2021,JP3174410005
0.00410199661529303,0.004071861191728003,-3.013542356502738e-05,3.013542356502738e-05,Underweighted,2021,JP3200450009
0.0006741132181319875,0.0007041206730890377,3.0007454957050195e-05,3.0007454957050195e-05,Overweighted,2021,JP3977400005
0.00101693028236648,0.00104678887028176,2.9858587915280056e-05,2.9858587915280056e-05,Overweighted,2021,JP3039710003
0.004119586266234732,0.0040899711718774675,-2.9615094357264386e-05,2.9615094357264386e-05,Underweighted,2021,JP3201200007
0.0012293014413751096,0.0011998632235453504,-2.9438217829759125e-05,2.9438217829759125e-05,Underweighted,2021,JP3786200000
0.00615800982134096,0.006187363906471626,2.9354085130665203e-05,2.9354085130665203e-05,Overweighted,2021,AU000000MQG1
0.001121961392373789,0.0011512328333383318,2.927144096454286e-05,2.927144096454286e-05,Overweighted,2021,JP3670800006
0.0006167337056674931,0.0005878107820879255,-2.892292357956766e-05,2.892292357956766e-05,Underweighted,2021,NZCENE0001S6
0.0007892839001716358,0.0008178897674757527,2.8605867304116886e-05,2.8605867304116886e-05,Overweighted,2021,JP3351500008
0.013081484147637204,0.013052945615974658,-2.8538531662545413e-05,2.8538531662545413e-05,Underweighted,2021,JP3496400007
7.461239391029087e-05,0.00010305615240032539,2.844375849003452e-05,2.844375849003452e-05,Overweighted,2021,AU000000ERA9
0.00045579224168395557,0.00042750841840456653,-2.828382327938904e-05,2.828382327938904e-05,Underweighted,2021,JP3870000001
0.0026801713764045667,0.002651939044616629,-2.8232331787937832e-05,2.8232331787937832e-05,Underweighted,2021,JP3592200004
0.0027068046766706736,0.0026795580738431263,-2.7246602827547296e-05,2.7246602827547296e-05,Underweighted,2021,KYG210961051
0.0008526315259471172,0.0008796392449912094,2.700771904409218e-05,2.700771904409218e-05,Overweighted,2021,JP3720800006
0.0027345869576723106,0.0027076581244674896,-2.6928833204820958e-05,2.6928833204820958e-05,Underweighted,2021,JP3420600003
0.008578431049680698,0.008552200375056888,-2.623067462381029e-05,2.623067462381029e-05,Underweighted,2021,JP3198900007
0.00035234555415589695,0.00037850381916673274,2.615826501083579e-05,2.615826501083579e-05,Overweighted,2021,JP3320800000
0.0010131741399301045,0.0010389233843564453,2.5749244426340754e-05,2.5749244426340754e-05,Overweighted,2021,KYG0535Q1331
0.0018958365094966405,0.001921571704094908,2.5735194598267442e-05,2.5735194598267442e-05,Overweighted,2021,JP3774200004
0.0008816451191064167,0.0009071546217956684,2.5509502689251718e-05,2.5509502689251718e-05,Overweighted,2021,JP3126340003
0.005018669180548696,0.005044131992304208,2.546281175551217e-05,2.546281175551217e-05,Overweighted,2021,JP3899600005
0.0048395727231914844,0.004864457528204845,2.488480501336085e-05,2.488480501336085e-05,Overweighted,2021,JP3893200000
0.0010567164847149555,0.0010814964460478893,2.4779961332933777e-05,2.4779961332933777e-05,Overweighted,2021,JP3982100004
0.00023726086271269755,0.000261667152866895,2.4406290154197472e-05,2.4406290154197472e-05,Overweighted,2021,AU000000PPT9
0.004163179839460021,0.004138786119505432,-2.439371995458916e-05,2.439371995458916e-05,Underweighted,2021,JP3818000006
0.001652075123609836,0.001627978389240591,-2.409673436924503e-05,2.409673436924503e-05,Underweighted,2021,AU000000APA1
0.0011198518783800526,0.00114378613754113,2.3934259161077342e-05,2.3934259161077342e-05,Overweighted,2021,JP3414750004
6.995609459193942e-05,9.377847755660895e-05,2.3822382964669528e-05,2.3822382964669528e-05,Overweighted,2021,AU000000MAH3
0.0007550504948491707,0.0007788343715027202,2.3783876653549543e-05,2.3783876653549543e-05,Overweighted,2021,JP3385980002
0.006674511424117858,0.006698289136032161,2.3777711914302682e-05,2.3777711914302682e-05,Overweighted,2021,JP3788600009
0.005923855597623375,0.005947169589500128,2.3313991876753107e-05,2.3313991876753107e-05,Overweighted,2021,HK0003000038
0.0022978388887210546,0.0023210783263993523,2.323943767829767e-05,2.323943767829767e-05,Overweighted,2021,JP3877600001
0.0003400525580380175,0.0003172396068715686,-2.281295116644892e-05,2.281295116644892e-05,Underweighted,2021,JP3274400005
0.0017275858448149441,0.0017502639338915443,2.2678089076600197e-05,2.2678089076600197e-05,Overweighted,2021,HK0083000502
0.001776348001762961,0.0017980879110708204,2.173990930785948e-05,2.173990930785948e-05,Overweighted,2021,JP3942600002
0.002353458338339084,0.0023748656869347438,2.1407348595659913e-05,2.1407348595659913e-05,Overweighted,2021,HK0000608585
0.0008107156841461619,0.0008320834662417029,2.1367782095541e-05,2.1367782095541e-05,Overweighted,2021,BMG988031446
0.0019178171696187128,0.0019386317989281302,2.081462930941737e-05,2.081462930941737e-05,Overweighted,2021,JP3122400009
0.0008865264576452622,0.000907041988259028,2.0515530613765846e-05,2.0515530613765846e-05,Overweighted,2021,JP3657400002
0.0012207975202624581,0.0012004066350160688,-2.0390885246389335e-05,2.0390885246389335e-05,Underweighted,2021,JP3495000006
0.010976818559870767,0.010956606638791336,-2.0211921079430623e-05,2.0211921079430623e-05,Underweighted,2021,AU000000WBC1
0.011113432003407892,0.011093361389362452,-2.007061404544e-05,2.007061404544e-05,Underweighted,2021,JP3463000004
0.0044406751533750234,0.004460532429952195,1.9857276577171616e-05,1.9857276577171616e-05,Overweighted,2021,JP3866800000
0.00200539218854689,0.001986705293424819,-1.8686895122071046e-05,1.8686895122071046e-05,Underweighted,2021,AU000000ASX7
0.00041976584094617235,0.00043835709664672204,1.8591255700549695e-05,1.8591255700549695e-05,Overweighted,2021,AU000000IGO4
0.0023657934149616086,0.0023473795827054734,-1.8413832256135212e-05,1.8413832256135212e-05,Underweighted,2021,JP3778630008
0.0014316080414248978,0.0014139022891524185,-1.7705752272479357e-05,1.7705752272479357e-05,Underweighted,2021,JP3112000009
0.0006099898474013071,0.0006274126097635009,1.7422762362193783e-05,1.7422762362193783e-05,Overweighted,2021,HK0010000088
0.003711818857873923,0.0036945338151528175,-1.728504272110543e-05,1.728504272110543e-05,Underweighted,2021,JP3258000003
0.0012231540285225905,0.0012395460855409964,1.6392057018405895e-05,1.6392057018405895e-05,Overweighted,2021,SG1M51904654
0.0037732015070411884,0.0037890988977097215,1.5897390668533073e-05,1.5897390668533073e-05,Overweighted,2021,JP3421800008
0.0004351471801875792,0.00041925745398257796,-1.588972620500124e-05,1.588972620500124e-05,Underweighted,2021,JP3326410002
0.0007154435920422267,0.000730958555238984,1.551496319675727e-05,1.551496319675727e-05,Overweighted,2021,HK0014000126
0.0010297501995860038,0.0010447520754685938,1.5001875882589928e-05,1.5001875882589928e-05,Overweighted,2021,JP3499800005
0.000616898368511757,0.0006317585547916927,1.4860186279935707e-05,1.4860186279935707e-05,Overweighted,2021,SG1N31909426
0.010282847002720552,0.010268250684687952,-1.4596318032600655e-05,1.4596318032600655e-05,Underweighted,2021,JP3802300008
0.0007733536847826826,0.0007587744198666145,-1.4579264916068056e-05,1.4579264916068056e-05,Underweighted,2021,JP3935600001
0.001983545088287387,0.0019699196468746212,-1.3625441412765896e-05,1.3625441412765896e-05,Underweighted,2021,JP3228600007
0.007709810761555556,0.007696501261220058,-1.3309500335497403e-05,1.3309500335497403e-05,Underweighted,2021,JP3726800000
0.00024054314207502467,0.0002537726836291805,1.3229541554155813e-05,1.3229541554155813e-05,Overweighted,2021,HK0242001243
0.000669231879593142,0.0006561654674718808,-1.3066412121261217e-05,1.3066412121261217e-05,Underweighted,2021,JP3243600008
0.0057241561592744315,0.005737119810700457,1.2963651426025485e-05,1.2963651426025485e-05,Overweighted,2021,JP3902400005
0.002783934582511044,0.0027968004892673644,1.2865906756320562e-05,1.2865906756320562e-05,Overweighted,2021,AU000000ALL7
0.0005095052614828403,0.000522247108864499,1.274184738165869e-05,1.274184738165869e-05,Overweighted,2021,JP3494600004
0.0009531124526912671,0.0009656561032970661,1.2543650605799004e-05,1.2543650605799004e-05,Overweighted,2021,JP3268950007
0.0007367271794569153,0.0007491611696075364,1.2433990150621061e-05,1.2433990150621061e-05,Overweighted,2021,AU000000AMP6
0.0007085753218492635,0.0006962195108870668,-1.2355810962196728e-05,1.2355810962196728e-05,Underweighted,2021,JP3126400005
0.0018105374969936223,0.0017983185580614579,-1.2218938932164478e-05,1.2218938932164478e-05,Underweighted,2021,JP3573000001
0.0008686806645013723,0.0008808490797562849,1.2168415254912605e-05,1.2168415254912605e-05,Overweighted,2021,JP3613000003
0.0022981279634920956,0.002286154575122235,-1.1973388369860768e-05,1.1973388369860768e-05,Underweighted,2021,JP3197600004
0.005421952270784051,0.005433858600330868,1.1906329546816814e-05,1.1906329546816814e-05,Overweighted,2021,JP3162600005
0.004086457931555994,0.004098308977615645,1.1851046059651107e-05,1.1851046059651107e-05,Overweighted,2021,JP3116000005
0.0006232964348049889,0.0006348338052904501,1.153737048546126e-05,1.153737048546126e-05,Overweighted,2021,JP3665200006
0.001230799873257911,0.0012422491437500507,1.1449270492139719e-05,1.1449270492139719e-05,Overweighted,2021,SG1J26887955
0.001984573316270457,0.0019957576723367526,1.1184356066295392e-05,1.1184356066295392e-05,Overweighted,2021,AU000000IAG3
0.0019481773389266595,0.0019589299168159702,1.075257788931078e-05,1.075257788931078e-05,Overweighted,2021,JP3407400005
0.004553350278530495,0.00454278420233094,-1.0566076199554526e-05,1.0566076199554526e-05,Underweighted,2021,JP3188220002
0.0016984441805545504,0.0016882943081376132,-1.0149872416937182e-05,1.0149872416937182e-05,Underweighted,2021,AU000000COH5
0.017314737175267308,0.017324386957413177,9.649782145869368e-06,9.649782145869368e-06,Overweighted,2021,AU000000CSL8
0.0025328347225315444,0.0025238423453638314,-8.992377167713062e-06,8.992377167713062e-06,Underweighted,2021,JP3173400007
0.007735371923746789,0.007726559736353483,-8.81218739330527e-06,8.81218739330527e-06,Underweighted,2021,HK0388045442
0.00051066704932848,0.000519321929672537,8.65488034405696e-06,8.65488034405696e-06,Overweighted,2021,JP3358200008
0.0003218536545725394,0.00033042938466394385,8.575730091404466e-06,8.575730091404466e-06,Overweighted,2021,AU000000BWP3
0.00035613096998680823,0.00034771985707980217,-8.411112907006062e-06,8.411112907006062e-06,Underweighted,2021,JP3742600004
0.008786619772445024,0.008778541031639029,-8.078740805994578e-06,8.078740805994578e-06,Underweighted,2021,AU000000ANZ3
0.0032685574586384498,0.003260575569285436,-7.981889353013763e-06,7.981889353013763e-06,Underweighted,2021,JP3756100008
0.0033682480037301333,0.003376005245043402,7.757241313268576e-06,7.757241313268576e-06,Overweighted,2021,BMG2178K1009
0.007693167007174792,0.007685985497678625,-7.181509496166812e-06,7.181509496166812e-06,Underweighted,2021,JP3481800005
7.656639299555583e-05,6.93933720234844e-05,-7.173020972071431e-06,7.173020972071431e-06,Underweighted,2021,AU000000SIG5
0.0020449826250694076,0.0020521106380990604,7.128013029652786e-06,7.128013029652786e-06,Overweighted,2021,JP3967200001
0.0006746200137748886,0.0006676194805173132,-7.00053325757542e-06,7.00053325757542e-06,Underweighted,2021,JP3667600005
0.0006556490245285286,0.0006623653538864401,6.716329357911422e-06,6.716329357911422e-06,Overweighted,2021,JP3544000007
0.0052765128987943815,0.005270365670956286,-6.147227838095362e-06,6.147227838095362e-06,Underweighted,2021,AU000000TCL6
0.00433237091194118,0.004326399198112479,-5.971713828700591e-06,5.971713828700591e-06,Underweighted,2021,JP3160400002
0.001290102281825976,0.001295550460813623,5.4481789876470975e-06,5.4481789876470975e-06,Overweighted,2021,JP3771800004
0.002069835737030305,0.0020644576061362905,-5.378130894014704e-06,5.378130894014704e-06,Underweighted,2021,JP3027670003
0.0008187457421847648,0.0008240625626247717,5.316820440006949e-06,5.316820440006949e-06,Overweighted,2021,JP3743000006
0.008937330185038297,0.008942230410648004,4.900225609706654e-06,4.900225609706654e-06,Overweighted,2021,JP3371200001
0.0008749140679503401,0.0008700271099927753,-4.886957957564789e-06,4.886957957564789e-06,Underweighted,2021,JP3209000003
0.0011156511462641645,0.001120217345834869,4.566199570704482e-06,4.566199570704482e-06,Overweighted,2021,JP3164630000
0.0016949972383479596,0.0016904810012172374,-4.516237130722158e-06,4.516237130722158e-06,Underweighted,2021,AU000000DXS1
0.0011936464468304993,0.001198136473264129,4.490026433629814e-06,4.490026433629814e-06,Overweighted,2021,SG9999000020
0.001832552919271706,0.001828206761180783,-4.346158090922855e-06,4.346158090922855e-06,Underweighted,2021,AU000000SHL7
0.004191033474360839,0.0041953136681031,4.280193742260685e-06,4.280193742260685e-06,Overweighted,2021,JP3672400003
0.0003440428876306794,0.00034016759215293037,-3.875295477749011e-06,3.875295477749011e-06,Underweighted,2021,JP3456000003
0.0009624872572913586,0.0009662752919129959,3.7880346216372747e-06,3.7880346216372747e-06,Overweighted,2021,JP3676800000
0.0005074469759295415,0.0005112003913950385,3.7534154654969695e-06,3.7534154654969695e-06,Overweighted,2021,JP3118000003
0.0011893377690722605,0.0011856155213188424,-3.7222477534180985e-06,3.7222477534180985e-06,Underweighted,2021,AU000000CPU5
0.002276244271489423,0.002272656567840176,-3.58770364924715e-06,3.58770364924715e-06,Underweighted,2021,JP3900000005
0.001944750522178812,0.0019483172265722401,3.5667043934281203e-06,3.5667043934281203e-06,Overweighted,2021,AU000000SUN6
0.0008830648787414032,0.0008797628161064988,-3.302062634904482e-06,3.302062634904482e-06,Underweighted,2021,SG1S83002349
0.018335218686308413,0.018338494414382463,3.2757280740494665e-06,3.2757280740494665e-06,Overweighted,2021,AU000000CBA7
0.0006544524745268776,0.000651291319439789,-3.1611550870885765e-06,3.1611550870885765e-06,Underweighted,2021,AU000000CGF5
0.0035702454035501366,0.0035732155211785437,2.9701176284071575e-06,2.9701176284071575e-06,Overweighted,2021,JP3266400005
0.007073774911366017,0.007071119343996509,-2.6555673695079912e-06,2.6555673695079912e-06,Underweighted,2021,SG1T75931496
0.000559696326001636,0.0005573834073373983,-2.3129186642376455e-06,2.3129186642376455e-06,Underweighted,2021,AU000000JBH7
0.00025479562603964465,0.0002529576844294811,-1.8379416101635686e-06,1.8379416101635686e-06,Underweighted,2021,AU000000CQR9
0.0016254052316005592,0.0016236088637527522,-1.7963678478069914e-06,1.7963678478069914e-06,Underweighted,2021,JP3486800000
0.0006151931932800464,0.0006169293358725701,1.736142592523738e-06,1.736142592523738e-06,Overweighted,2021,AU000000BEN6
0.0036562652733935987,0.0036579192805105366,1.6540071169379202e-06,1.6540071169379202e-06,Overweighted,2021,JP3165700000
0.0002403821384050777,0.00023925360607446525,-1.1285323306124586e-06,1.1285323306124586e-06,Underweighted,2021,BMG2108M2182
0.0026215989731127386,0.002622654970014746,1.0559969020073647e-06,1.0559969020073647e-06,Overweighted,2021,JP3358000002
0.0006099239822636016,0.0006091211982908843,-8.027839727173074e-07,8.027839727173074e-07,Underweighted,2021,HK0200030994
0.001657779776370001,0.0016585617320420683,7.819556720673523e-07,7.819556720673523e-07,Overweighted,2021,AU000000MGR9
0.0018160848052581576,0.001816786757893414,7.019526352563567e-07,7.019526352563567e-07,Overweighted,2021,JP3027680002
0.006063548236348236,0.0060639449937555465,3.967574073102109e-07,3.967574073102109e-07,Overweighted,2021,JP3783600004
0.003701945511808859,0.0026501898943971725,-0.0010517556174116866,0.0010517556174116866,Underweighted,2022,HK0002007356
0.0008040213086001151,7.803873932448991e-10,-0.0008040205282127218,0.0008040205282127218,Underweighted,2022,HK0836012952
0.0005054055119998405,4.056973913740344e-09,-0.0005054014550259268,0.0005054014550259268,Underweighted,2022,JP3449020001
0.0004565014963895201,1.4621556267408422e-09,-0.00045650003423389337,0.00045650003423389337,Underweighted,2022,JP3551200003
0.000675640790185499,0.0002508959952674786,-0.00042474479491802036,0.00042474479491802036,Underweighted,2022,JP3605400005
0.0008761368644851466,0.0005049565548459458,-0.0003711803096392008,0.0003711803096392008,Underweighted,2022,JP3386030005
0.0003565053308194828,1.554880034071109e-09,-0.00035650377593944875,0.00035650377593944875,Underweighted,2022,HK2380027329
0.0017885007331304784,0.0014363248648437132,-0.0003521758682867651,0.0003521758682867651,Underweighted,2022,JP3381000003
0.00035030456736461087,1.298619298110855e-09,-0.0003503032687453128,0.0003503032687453128,Underweighted,2022,SG1R50925390
0.0003357920417767803,2.362212653004034e-09,-0.00033578967956412727,0.00033578967956412727,Underweighted,2022,JP3158800007
0.0014685608589065187,0.0017974133424248587,0.0003288524835183401,0.0003288524835183401,Overweighted,2022,JP3526600006
0.0002818868011103217,1.572338562405297e-08,-0.00028187107772469766,0.00028187107772469766,Underweighted,2022,MU0117U00026
0.0002794231822205338,6.755732625760893e-09,-0.00027941642648790803,0.00027941642648790803,Underweighted,2022,JP3289800009
0.00047129265491248964,0.00019864184553968083,-0.00027265080937280883,0.00027265080937280883,Underweighted,2022,JP3903000002
0.0001386946596068784,0.00038549936149580744,0.000246804701888929,0.000246804701888929,Overweighted,2022,BMG2108M2182
0.000210446575898593,3.2705224681525653e-09,-0.00021044330537612485,0.00021044330537612485,Underweighted,2022,JP3845400005
0.0002445909169334173,4.363562760610556e-05,-0.00020095528932731176,0.00020095528932731176,Underweighted,2022,JP3350800003
0.0006448951412804205,0.00044701964150439225,-0.0001978754997760282,0.0001978754997760282,Underweighted,2022,JP3246400000
0.004658686004417847,0.004855797728346221,0.00019711172392837453,0.00019711172392837453,Overweighted,2022,JP3242800005
0.0007376122181946243,0.0005444331799534511,-0.00019317903824117317,0.00019317903824117317,Underweighted,2022,JP3522200009
0.0007897039834866192,0.0009811441336484924,0.00019144015016187325,0.00019144015016187325,Overweighted,2022,JP3613000003
0.0002300846881350814,0.000417816775039228,0.0001877320869041466,0.0001877320869041466,Overweighted,2022,SG1P66918738
0.00028586952046569773,0.0004717512232401332,0.00018588170277443548,0.00018588170277443548,Overweighted,2022,JP3796150005
0.00018463760995733236,5.681512519749151e-09,-0.0001846319284448126,0.0001846319284448126,Underweighted,2022,JP3400900001
0.00021349107361926385,0.0003950707269239427,0.00018157965330467887,0.00018157965330467887,Overweighted,2022,JP3276400003
0.0005457899714238784,0.0007128894205887822,0.00016709944916490382,0.00016709944916490382,Overweighted,2022,JP3791200003
0.0030371194575804484,0.0028711298146171004,-0.000165989642963348,0.000165989642963348,Underweighted,2022,JP3258000003
0.0002752846173251648,0.0004398312095997453,0.00016454659227458046,0.00016454659227458046,Overweighted,2022,JP3940400009
0.0003470853337354631,0.0005054120172044485,0.00015832668346898538,0.00015832668346898538,Overweighted,2022,JP3711200000
0.015427474288563458,0.015584962327836323,0.00015748803927286524,0.00015748803927286524,Overweighted,2022,JP3735400008
0.0013860209680130683,0.0015387319478350574,0.00015271097982198908,0.00015271097982198908,Overweighted,2022,SG1F60858221
0.004668028865830556,0.004820174516624571,0.00015214565079401526,0.00015214565079401526,Overweighted,2022,JP3814000000
0.0008898559945966494,0.0010396454688965085,0.00014978947429985904,0.00014978947429985904,Overweighted,2022,JP3977400005
0.005919374100131716,0.006069019994891182,0.00014964589475946564,0.00014964589475946564,Overweighted,2022,JP3898400001
0.0002892634900033225,0.00014220711081684213,-0.00014705637918648035,0.00014705637918648035,Underweighted,2022,JP3625000009
0.00014186981570956354,0.0002848449460168917,0.00014297513030732815,0.00014297513030732815,Overweighted,2022,JP3194000000
0.00014124013676009698,1.4682773813227792e-09,-0.00014123866848271565,0.00014123866848271565,Underweighted,2022,JP3850200001
0.012932379322289078,0.01279200575738364,-0.0001403735649054376,0.0001403735649054376,Underweighted,2022,JP3734800000
0.0008238199889687175,0.0009625728421796068,0.00013875285321088933,0.00013875285321088933,Overweighted,2022,HK0144000764
0.0013063650067081745,0.001169013244558553,-0.00013735176214962137,0.00013735176214962137,Underweighted,2022,JP3774200004
0.0031871546350672195,0.0030502957526025456,-0.00013685888246467394,0.00013685888246467394,Underweighted,2022,JP3538800008
0.0011569390436050122,0.0012895182365639565,0.00013257919295894425,0.00013257919295894425,Overweighted,2022,JP3443600006
0.004842404283108957,0.004714110072984078,-0.00012829421012487945,0.00012829421012487945,Underweighted,2022,JP3942400007
0.0007048358546775162,0.0008328163194302047,0.00012798046475268857,0.00012798046475268857,Overweighted,2022,HK0008011667
0.0007084675280185645,0.0008359333795177005,0.00012746585149913607,0.00012746585149913607,Overweighted,2022,JP3511800009
0.0009217460849923833,0.0010487558580627003,0.00012700977307031694,0.00012700977307031694,Overweighted,2022,JP3799000009
0.0007971326208929509,0.0009231936155593725,0.0001260609946664216,0.0001260609946664216,Overweighted,2022,JP3270000007
0.00017634946078497874,5.220412381607619e-05,-0.00012414533696890255,0.00012414533696890255,Underweighted,2022,JP3421100003
0.00016861857748290307,0.0002923221369431073,0.00012370355946020426,0.00012370355946020426,Overweighted,2022,JP3579800008
0.002479022411089246,0.0023562430265519022,-0.00012277938453734375,0.00012277938453734375,Underweighted,2022,JP3256000005
0.0009093240935167818,0.0010313400739304162,0.00012201598041363445,0.00012201598041363445,Overweighted,2022,JP3973400009
0.0037844318799916048,0.0036631468143576975,-0.00012128506563390722,0.00012128506563390722,Underweighted,2022,JP3249600002
0.002029540260788904,0.0021499776907708884,0.0001204374299819842,0.0001204374299819842,Overweighted,2022,AU000000SHL7
0.00705867583636217,0.0071789478760318284,0.00012027203966965844,0.00012027203966965844,Overweighted,2022,JP3143600009
0.00038377830031825327,0.0005015956946398869,0.00011781739432163365,0.00011781739432163365,Overweighted,2022,BMG2442N1048
0.0016307960660392046,0.0017481659503189057,0.00011736988427970109,0.00011736988427970109,Overweighted,2022,JP3940000007
0.005604942342518216,0.0054876535550778625,-0.00011728878744035349,0.00011728878744035349,Underweighted,2022,HK0066009694
0.003991692280405897,0.00410707859858017,0.00011538631817427283,0.00011538631817427283,Overweighted,2022,HK0003000038
0.0009292613032542668,0.0010441299762755762,0.00011486867302130943,0.00011486867302130943,Overweighted,2022,JP3830000000
0.0026162987188624504,0.002730519545255887,0.0001142208263934367,0.0001142208263934367,Overweighted,2022,JP3347200002
0.0003711406438024594,0.00048443287009905815,0.00011329222629659873,0.00011329222629659873,Overweighted,2022,JP3493400000
0.000902627457889205,0.0010151089128446352,0.0001124814549554302,0.0001124814549554302,Overweighted,2022,JP3585800000
0.000808736029734246,0.0009200901143820932,0.00011135408464784725,0.00011135408464784725,Overweighted,2022,JP3629000005
0.0012769637223602071,0.0011659850072036335,-0.00011097871515657358,0.00011097871515657358,Underweighted,2022,JP3401400001
0.00023735275740929918,0.00012681443531007937,-0.0001105383220992198,0.0001105383220992198,Underweighted,2022,AU000000ABC7
0.0032979466462258605,0.003187578515767317,-0.00011036813045854372,0.00011036813045854372,Underweighted,2022,JP3421800008
0.005255106885970957,0.005145398368668714,-0.00010970851730224274,0.00010970851730224274,Underweighted,2022,JP3902400005
0.001010277371090008,0.0009006441624649365,-0.00010963320862507158,0.00010963320862507158,Underweighted,2022,NZTELE0001S4
0.0010872052483463378,0.001195602506737439,0.00010839725839110114,0.00010839725839110114,Overweighted,2022,JP3385980002
0.0006975331530610777,0.0008054860893851964,0.00010795293632411874,0.00010795293632411874,Overweighted,2022,JP3305990008
0.0010882536637971997,0.0009820284439741834,-0.00010622521982301628,0.00010622521982301628,Underweighted,2022,JP3786200000
0.0015153428564571366,0.0014101118111176497,-0.00010523104533948684,0.00010523104533948684,Underweighted,2022,JP3771800004
0.0010348458695008198,0.0009296975292904417,-0.0001051483402103781,0.0001051483402103781,Underweighted,2022,JP3336000009
0.0005852629705685635,0.0004817107868287432,-0.00010355218373982026,0.00010355218373982026,Underweighted,2022,JP3368000000
0.00172741242984798,0.0016245588490675002,-0.00010285358078047967,0.00010285358078047967,Underweighted,2022,JP3621000003
0.004752964685126727,0.0046512800921147245,-0.00010168459301200267,0.00010168459301200267,Underweighted,2022,JP3546800008
0.006256349938333494,0.006357929526585982,0.00010157958825248847,0.00010157958825248847,Overweighted,2022,JP3726800000
0.0006765648440438412,0.0007761154131446758,9.955056910083461e-05,9.955056910083461e-05,Overweighted,2022,JP3351500008
0.007495391245962078,0.0075946560543727224,9.92648084106448e-05,9.92648084106448e-05,Overweighted,2022,JP3551500006
0.003616803472656738,0.0037154670778021086,9.866360514537058e-05,9.866360514537058e-05,Overweighted,2022,JP3397200001
0.00203834474669982,0.002136290639703473,9.794589300365268e-05,9.794589300365268e-05,Overweighted,2022,JP3862400003
0.015850988478987797,0.01594820518295334,9.721670396554277e-05,9.721670396554277e-05,Overweighted,2022,AU000000BHP4
0.001226600425784498,0.0013232994255013024,9.669899971680444e-05,9.669899971680444e-05,Overweighted,2022,JP3502200003
0.0008680675287477327,0.0009641856031578003,9.611807441006759e-05,9.611807441006759e-05,Overweighted,2022,JP3358800005
0.0004595538650970592,0.0003634958453316164,-9.60580197654428e-05,9.60580197654428e-05,Underweighted,2022,JP3870000001
0.010016436855941347,0.010111868490419186,9.543163447783831e-05,9.543163447783831e-05,Overweighted,2022,JP3481800005
0.00046862753875887236,0.000562094185017675,9.34666462588026e-05,9.34666462588026e-05,Overweighted,2022,JP3663900003
0.007321788759594146,0.007414959751979623,9.31709923854768e-05,9.31709923854768e-05,Overweighted,2022,JP3837800006
0.003943482485837363,0.0040365084816911204,9.302599585375715e-05,9.302599585375715e-05,Overweighted,2022,HK0688002218
0.0013382629680907768,0.0012455344093687006,-9.272855872207624e-05,9.272855872207624e-05,Underweighted,2022,JP3294460005
0.000353890588981823,0.00044533943559420643,9.144884661238344e-05,9.144884661238344e-05,Overweighted,2022,HK0165000859
0.0003150299526154942,0.00022392700406852906,-9.110294854696512e-05,9.110294854696512e-05,Underweighted,2022,AU000000CSR5
0.0010275179807264026,0.0009366826589224032,-9.08353218039994e-05,9.08353218039994e-05,Underweighted,2022,AU000000ORG5
0.007684383085854971,0.007774190447422163,8.980736156719189e-05,8.980736156719189e-05,Overweighted,2022,SG1L01001701
0.0006034260598659265,0.0006929799319135451,8.95538720476186e-05,8.95538720476186e-05,Overweighted,2022,BMG524401079
0.00013916691881897831,0.00022811397763022168,8.894705881124337e-05,8.894705881124337e-05,Overweighted,2022,JP3425000001
0.012306220278150036,0.012217603987109731,-8.86162910403044e-05,8.86162910403044e-05,Underweighted,2022,JP3756600007
0.003256050957323103,0.0033445626035711693,8.851164624806623e-05,8.851164624806623e-05,Overweighted,2022,JP3165700000
0.001740350758062144,0.0016519904809912521,-8.836027707089184e-05,8.836027707089184e-05,Underweighted,2022,JP3407400005
0.00037696202569027776,0.00046529086969499244,8.832884400471468e-05,8.832884400471468e-05,Overweighted,2022,JP3638600001
0.0067833298253394325,0.0068715514237334295,8.822159839399699e-05,8.822159839399699e-05,Overweighted,2022,JP3890350006
0.0006018439915053917,0.000689833407881577,8.798941637618528e-05,8.798941637618528e-05,Overweighted,2022,JP3738600000
0.0015231792109832482,0.0016110113803506684,8.783216936742019e-05,8.783216936742019e-05,Overweighted,2022,JP3573000001
0.00026578591037246176,0.00017812529696917135,-8.766061340329041e-05,8.766061340329041e-05,Underweighted,2022,JP3223800008
0.013633322186861517,0.01354568964838217,-8.763253847934686e-05,8.763253847934686e-05,Underweighted,2022,JP3519400000
0.00433794014113857,0.004425169156070941,8.722901493237161e-05,8.722901493237161e-05,Overweighted,2022,JP3951600000
0.0012538057047962005,0.0013398007617963154,8.599505700011487e-05,8.599505700011487e-05,Overweighted,2022,BMG5320C1082
0.0003888456416640854,0.00047477658041799074,8.593093875390535e-05,8.593093875390535e-05,Overweighted,2022,JP3459600007
0.000756880394048301,0.0006727625320822207,-8.411786196608031e-05,8.411786196608031e-05,Underweighted,2022,AU000000ORI1
0.0011179524714487901,0.0012016196921795026,8.366722073071251e-05,8.366722073071251e-05,Overweighted,2022,JP3486800000
0.00039123055068519,0.0003076196542101433,-8.361089647504672e-05,8.361089647504672e-05,Underweighted,2022,JP3404200002
0.0006346376711936102,0.0007176800841424135,8.304241294880327e-05,8.304241294880327e-05,Overweighted,2022,JP3398000004
0.0008989564296138148,0.0009817301693218804,8.27737397080656e-05,8.27737397080656e-05,Overweighted,2022,HK0019000162
0.00033720094842621176,0.00041957554964312815,8.237460121691639e-05,8.237460121691639e-05,Overweighted,2022,JP3271400008
0.019766552574403188,0.019848219874246672,8.166729984348392e-05,8.166729984348392e-05,Overweighted,2022,JP3435000009
0.0004811077755372996,0.0005627241034695629,8.161632793226328e-05,8.161632793226328e-05,Overweighted,2022,JP3657400002
0.001004572479807841,0.0009235091756641215,-8.106330414371957e-05,8.106330414371957e-05,Underweighted,2022,SG1B51001017
0.0011236006916255051,0.00120451407664618,8.09133850206748e-05,8.09133850206748e-05,Overweighted,2022,JP3210200006
0.00020683851551814964,0.00028752206487045527,8.068354935230563e-05,8.068354935230563e-05,Overweighted,2022,JP3718800000
0.0012570485513859534,0.0013377235792524445,8.067502786649112e-05,8.067502786649112e-05,Overweighted,2022,JP3112000009
0.0007933513988014043,0.0007133590154522928,-7.999238334911154e-05,7.999238334911154e-05,Underweighted,2022,JP3939000000
0.0009607279345564845,0.0010400819205203258,7.935398596384128e-05,7.935398596384128e-05,Overweighted,2022,JP3190000004
0.000610025095256336,0.0006893441217248622,7.931902646852627e-05,7.931902646852627e-05,Overweighted,2022,BMG668971101
0.00013615862763790182,5.7608058837457945e-05,-7.855056880044388e-05,7.855056880044388e-05,Underweighted,2022,BMG684371393
0.004303429012115681,0.004225766282923235,-7.766272919244605e-05,7.766272919244605e-05,Underweighted,2022,KYG217651051
0.0084895094810114,0.008412061233596427,-7.744824741497298e-05,7.744824741497298e-05,Underweighted,2022,JP3802400006
0.003976347004407397,0.003898968979155388,-7.737802525200916e-05,7.737802525200916e-05,Underweighted,2022,JP3201200007
0.0009827761429720562,0.0009056619542693823,-7.711418870267391e-05,7.711418870267391e-05,Underweighted,2022,KYG0535Q1331
0.008691316861723312,0.008615109884053375,-7.620697766993687e-05,7.620697766993687e-05,Underweighted,2022,JP3463000004
0.00039262056696613744,0.000468603955563413,7.598338859727557e-05,7.598338859727557e-05,Overweighted,2022,JP3535800001
0.0008389055224005626,0.0007633507495148829,-7.555477288567975e-05,7.555477288567975e-05,Underweighted,2022,JP3720800006
0.0007974616281440472,0.0007222178209029829,-7.524380724106426e-05,7.524380724106426e-05,Underweighted,2022,HK0293001514
0.00338801277476281,0.0034632002257756053,7.518745101279525e-05,7.518745101279525e-05,Overweighted,2022,JP3762800005
0.0004496930927484129,0.0005245083335720492,7.481524082363636e-05,7.481524082363636e-05,Overweighted,2022,JP3134800006
0.0009284867981464228,0.0010030365806022426,7.454978245581979e-05,7.454978245581979e-05,Overweighted,2022,BMG677491539
0.004989047065255477,0.005063179900930785,7.413283567530779e-05,7.413283567530779e-05,Overweighted,2022,JP3933800009
0.003878461837515446,0.003804760499819015,-7.370133769643095e-05,7.370133769643095e-05,Underweighted,2022,JP3351100007
7.62698627541372e-05,0.0001496677029524136,7.339784019827639e-05,7.339784019827639e-05,Overweighted,2022,JP3826800009
0.0017681526578784664,0.001841266192923449,7.311353504498258e-05,7.311353504498258e-05,Overweighted,2022,AU000000RHC8
0.0007089004322963227,0.0006359294405383794,-7.297099175794335e-05,7.297099175794335e-05,Underweighted,2022,AU000000JBH7
0.0005644631006703093,0.0004916153272604184,-7.284777340989094e-05,7.284777340989094e-05,Underweighted,2022,BMG988031446
0.000524698875011496,0.0004523592045892002,-7.233967042229579e-05,7.233967042229579e-05,Underweighted,2022,JP3118000003
0.0016389929117638855,0.0017111645569443965,7.217164518051101e-05,7.217164518051101e-05,Overweighted,2022,JP3429800000
0.0009875774449617386,0.0009158543570723135,-7.172308788942511e-05,7.172308788942511e-05,Underweighted,2022,JP3174410005
0.0015497799982034629,0.0014785530812304426,-7.122691697302027e-05,7.122691697302027e-05,Underweighted,2022,JP3900000005
0.0016500075707874293,0.0017208335629783206,7.082599219089135e-05,7.082599219089135e-05,Overweighted,2022,SG1M51904654
0.006189676382769227,0.006119426489322497,-7.024989344672945e-05,7.024989344672945e-05,Underweighted,2022,AU000000WOW2
0.001483862057378556,0.001553512890392306,6.965083301375009e-05,6.965083301375009e-05,Overweighted,2022,JP3551520004
0.0015818763084551473,0.0015125242351036034,-6.935207335154398e-05,6.935207335154398e-05,Underweighted,2022,JP3283650004
0.0008940811403475701,0.000963138892440094,6.905775209252397e-05,6.905775209252397e-05,Overweighted,2022,JP3493800001
0.0005799437576429447,0.0005109149312188813,-6.902882642406336e-05,6.902882642406336e-05,Underweighted,2022,AU000000ANN9
0.0005701491015839923,0.0006391438144953852,6.899471291139285e-05,6.899471291139285e-05,Overweighted,2022,JP3263000006
0.005392946756403934,0.005461565338396239,6.86185819923045e-05,6.86185819923045e-05,Overweighted,2022,JP3910660004
0.0026898389233706503,0.0027582988516257536,6.84599282551033e-05,6.84599282551033e-05,Overweighted,2022,JP3890310000
0.005797047944816221,0.005865100781152437,6.805283633621543e-05,6.805283633621543e-05,Overweighted,2022,AU000000MQG1
0.00037758225945550233,0.0004455570084477842,6.797474899228188e-05,6.797474899228188e-05,Overweighted,2022,JP3164800009
0.00546921976755282,0.005536973281670053,6.775351411723342e-05,6.775351411723342e-05,Overweighted,2022,SG1S04926220
0.0001720314373890118,0.00023934802904801365,6.731659165900187e-05,6.731659165900187e-05,Overweighted,2022,KYG548561284
0.001335652948845238,0.001402810704947039,6.715775610180116e-05,6.715775610180116e-05,Overweighted,2022,JP3711600001
0.0026415110639990916,0.002707774285559199,6.62632215601075e-05,6.62632215601075e-05,Overweighted,2022,JP3762600009
0.000986815533432884,0.0010529990419188514,6.618350848596735e-05,6.618350848596735e-05,Overweighted,2022,JP3888300005
0.00438024512135848,0.004445966462104191,6.572134074571065e-05,6.572134074571065e-05,Overweighted,2022,JP3388200002
0.00010874555457287508,0.00017443283861144572,6.568728403857064e-05,6.568728403857064e-05,Overweighted,2022,AU000000GWA4
0.0007706813824232344,0.0008363485665141599,6.56671840909255e-05,6.56671840909255e-05,Overweighted,2022,JP3982100004
0.0007817464157627355,0.0007165480149363416,-6.519840082639392e-05,6.519840082639392e-05,Underweighted,2022,JP3209000003
0.0018588657815359927,0.0019237420597724788,6.48762782364861e-05,6.48762782364861e-05,Overweighted,2022,HK0101000591
0.00024454526520958095,0.00030882360709080185,6.42783418812209e-05,6.42783418812209e-05,Overweighted,2022,AU000000CQR9
0.0015173326419374513,0.001581585857640352,6.425321570290065e-05,6.425321570290065e-05,Overweighted,2022,JP3906000009
0.005455209410927189,0.00539096126298714,-6.424814794004849e-05,6.424814794004849e-05,Underweighted,2022,HK0011000095
0.0006779312473641836,0.0007421084574460617,6.417721008187811e-05,6.417721008187811e-05,Overweighted,2022,HK0392044647
0.0003983900003406248,0.0004625467318104337,6.415673146980888e-05,6.415673146980888e-05,Overweighted,2022,JP3894900004
0.0018943119837988391,0.0018303539711258686,-6.395801267297056e-05,6.395801267297056e-05,Underweighted,2022,JP3119600009
0.0013781452585526152,0.0014419858248370689,6.38405662844537e-05,6.38405662844537e-05,Overweighted,2022,AU000000APA1
0.014538934322971191,0.014475963742791398,-6.297058017979383e-05,6.297058017979383e-05,Underweighted,2022,JP3802300008
0.00037162077400142764,0.0003088044610446552,-6.281631295677247e-05,6.281631295677247e-05,Underweighted,2022,JP3485800001
0.00032684902649698146,0.000388210127982473,6.136110148549152e-05,6.136110148549152e-05,Overweighted,2022,AU000000ILU1
0.002488015800685002,0.002549328188554037,6.131238786903507e-05,6.131238786903507e-05,Overweighted,2022,JP3197600004
0.0002565312040126769,0.0003173644520633136,6.083324805063666e-05,6.083324805063666e-05,Overweighted,2022,NZSKCE0001S2
0.0002648744500931089,0.00032550312672319193,6.0628676630083034e-05,6.0628676630083034e-05,Overweighted,2022,JP3769000005
0.00024165189043678212,0.0003009367104718868,5.928482003510468e-05,5.928482003510468e-05,Overweighted,2022,JP3165600002
0.0032600793284023157,0.0033192858096573355,5.920648125501979e-05,5.920648125501979e-05,Overweighted,2022,JP3116000005
0.0005471390585731105,0.000605994396105364,5.885533753225347e-05,5.885533753225347e-05,Overweighted,2022,JP3549600009
0.00032879158605608587,0.0002702837133110992,-5.8507872744986646e-05,5.8507872744986646e-05,Underweighted,2022,AU000000BWP3
0.00016809279556009846,0.00022569467788622743,5.760188232612897e-05,5.760188232612897e-05,Overweighted,2022,JP3919800007
0.0006091687318850614,0.0005519887265723887,-5.718000531267271e-05,5.718000531267271e-05,Underweighted,2022,HK0014000126
0.0009243057299219649,0.0009812822653222136,5.697653540024869e-05,5.697653540024869e-05,Overweighted,2022,BMG2624N1535
0.0014495130706851551,0.0013925458821424346,-5.69671885427205e-05,5.69671885427205e-05,Underweighted,2022,AU000000QBE9
0.001171790021628181,0.001228630043090669,5.684002146248788e-05,5.684002146248788e-05,Overweighted,2022,JP3574200006
0.0005845514333556662,0.0006413246775764757,5.677324422080946e-05,5.677324422080946e-05,Overweighted,2022,AU000000IGO4
0.0006328273442138938,0.0006891693525432087,5.634200832931491e-05,5.634200832931491e-05,Overweighted,2022,JP3935600001
0.0035319935891504604,0.0035883055108215617,5.631192167110128e-05,5.631192167110128e-05,Overweighted,2022,JP3756100008
0.00012143673379937362,0.00017733287599216768,5.589614219279406e-05,5.589614219279406e-05,Overweighted,2022,HK0308001558
0.0006789796628150455,0.0007340229074434496,5.5043244628404076e-05,5.5043244628404076e-05,Overweighted,2022,JP3305530002
0.0026856421131724556,0.0027401869078759644,5.454479470350885e-05,5.454479470350885e-05,Overweighted,2022,JP3404600003
0.009375357569094694,0.009321141301593172,-5.421626750152196e-05,5.421626750152196e-05,Underweighted,2022,AU000000WBC1
0.001556887499345567,0.0016107755833604774,5.388808401491046e-05,5.388808401491046e-05,Overweighted,2022,AU000000SUN6
0.001864158233106259,0.001917338414721183,5.318018161492395e-05,5.318018161492395e-05,Overweighted,2022,HK0270001396
0.0004379842126830822,0.0004910975761628231,5.311336347974091e-05,5.311336347974091e-05,Overweighted,2022,JP3582600007
0.0029884814813262773,0.0030412588664595888,5.277738513331147e-05,5.277738513331147e-05,Overweighted,2022,US89677Q1076
0.0012576798045327937,0.0012052177644979111,-5.246204003488261e-05,5.246204003488261e-05,Underweighted,2022,JP3229400001
0.0002055697124349745,0.0002578910383630143,5.232132592803982e-05,5.232132592803982e-05,Overweighted,2022,AU000000ELD6
0.00041445625873626413,0.0004666383197331192,5.218206099685509e-05,5.218206099685509e-05,Overweighted,2022,JP3131400008
0.00035762458515215965,0.00040980130699269445,5.21767218405348e-05,5.21767218405348e-05,Overweighted,2022,JP3300600008
0.0005337253227520991,0.0005858919749175146,5.2166652165415504e-05,5.2166652165415504e-05,Overweighted,2022,JP3362700001
0.00012806882733463017,0.00017990225282687558,5.1833425492245404e-05,5.1833425492245404e-05,Overweighted,2022,SG2B80958517
0.00048421524115291705,0.0005357405554797064,5.152531432678939e-05,5.152531432678939e-05,Overweighted,2022,HK0000745908
0.005509874988925127,0.005561387379054493,5.151239012936553e-05,5.151239012936553e-05,Overweighted,2022,JP3205800000
0.004177586099867415,0.004228592989684299,5.100688981688351e-05,5.100688981688351e-05,Overweighted,2022,JP3830800003
0.001247589199367592,0.0011969743671433643,-5.0614832224227723e-05,5.0614832224227723e-05,Underweighted,2022,JP3180400008
0.0006393224825776415,0.0006896332817957906,5.031079921814915e-05,5.031079921814915e-05,Overweighted,2022,JP3753000003
0.001007664203449722,0.000957987907202217,-4.967629624750506e-05,4.967629624750506e-05,Underweighted,2022,AU000000LLC3
0.004335896832947551,0.004385391752841957,4.949491989440606e-05,4.949491989440606e-05,Overweighted,2022,JP3304200003
0.0010091754329284415,0.0010585642588487464,4.938882592030484e-05,4.938882592030484e-05,Overweighted,2022,JP3600200004
0.0009116082539059716,0.0009606151185400044,4.900686463403276e-05,4.900686463403276e-05,Overweighted,2022,JP3766550002
0.0012278629320781784,0.0012767891253098534,4.8926193231674936e-05,4.8926193231674936e-05,Overweighted,2022,SGXE21576413
0.0017362987740223265,0.0016875483283150252,-4.875044570730133e-05,4.875044570730133e-05,Underweighted,2022,JP3596200000
0.0017330858371826735,0.0016843366683946175,-4.874916878805607e-05,4.874916878805607e-05,Underweighted,2022,JP3196000008
0.0003543313642464495,0.0004030782143109911,4.874685006454161e-05,4.874685006454161e-05,Overweighted,2022,JP3733400000
0.000329975382481083,0.00037862106502618365,4.864568254510067e-05,4.864568254510067e-05,Overweighted,2022,JP3888400003
0.0007603971509810717,0.0007118052351196315,-4.8591915861440245e-05,4.8591915861440245e-05,Underweighted,2022,AU000000BLD2
0.0012549957980106923,0.001206546324139406,-4.844947387128628e-05,4.844947387128628e-05,Underweighted,2022,SG1J26887955
0.0026334212636958203,0.0026815376407487803,4.811637705295999e-05,4.811637705295999e-05,Overweighted,2022,JP3122400009
0.000880576101078886,0.0008324689585258027,-4.81071425530833e-05,4.81071425530833e-05,Underweighted,2022,JP3143000002
0.0014355688303492183,0.0013874782537295575,-4.8090576619660855e-05,4.8090576619660855e-05,Underweighted,2022,JP3228600007
0.0015923431467926553,0.0015446592595122005,-4.768388728045481e-05,4.768388728045481e-05,Underweighted,2022,JP3277800003
0.0029179936455256167,0.0028704339424849463,-4.7559703040670354e-05,4.7559703040670354e-05,Underweighted,2022,JP3173400007
0.0012925876312938462,0.001245292862685062,-4.729476860878428e-05,4.729476860878428e-05,Underweighted,2022,JP3027680002
0.0016683265056247852,0.0017153446324982603,4.701812687347507e-05,4.701812687347507e-05,Overweighted,2022,AU000000ASX7
0.004601097141897008,0.004647937454149936,4.684031225292776e-05,4.684031225292776e-05,Overweighted,2022,SG1T75931496
0.0005279511667854908,0.0005745510346948667,4.659986790937591e-05,4.659986790937591e-05,Overweighted,2022,JP3166000004
0.0018026496191249919,0.0018492125911462672,4.656297202127531e-05,4.656297202127531e-05,Overweighted,2022,JP3357200009
0.0029254254313266954,0.0029718744186242527,4.6448987297557226e-05,4.6448987297557226e-05,Overweighted,2022,JP3197800000
0.00019768928038240048,0.00015171713868400175,-4.597214169839873e-05,4.597214169839873e-05,Underweighted,2022,JP3274400005
0.00013608149196659217,9.022691595813058e-05,-4.585457600846159e-05,4.585457600846159e-05,Underweighted,2022,JP3528600004
0.0011793304270480431,0.0012250004527209883,4.567002567294515e-05,4.567002567294515e-05,Overweighted,2022,JP3626800001
0.002342405692015607,0.002388074995808147,4.566930379254009e-05,4.566930379254009e-05,Overweighted,2022,JP3592200004
0.0004752234257545346,0.0005193282540495489,4.410482829501428e-05,4.410482829501428e-05,Overweighted,2022,JP3667600005
0.00021714163732879625,0.0002611303420852171,4.3988704756420824e-05,4.3988704756420824e-05,Overweighted,2022,JP3678000005
0.0005550289358099266,0.0005987449587492886,4.3716022939362066e-05,4.3716022939362066e-05,Overweighted,2022,JP3405400007
0.0017671656361251775,0.0018108202802191026,4.365464409392507e-05,4.365464409392507e-05,Overweighted,2022,JP3359600008
0.0006495657848880887,0.0006060787797709939,-4.348700511709483e-05,4.348700511709483e-05,Underweighted,2022,JP3870400003
0.010854087743035097,0.010897276046698327,4.318830366322954e-05,4.318830366322954e-05,Overweighted,2022,JP3496400007
0.003756559141293468,0.0037143285374265896,-4.223060386687825e-05,4.223060386687825e-05,Underweighted,2022,KYG210961051
0.0017989439585073812,0.0017569910931171493,-4.195286539023196e-05,4.195286539023196e-05,Underweighted,2022,JP3942600002
0.00034334818917037906,0.00030179699068081886,-4.1551198489560206e-05,4.1551198489560206e-05,Underweighted,2022,JP3613400005
0.0004426123529616614,0.00048399600273763487,4.138364977597346e-05,4.138364977597346e-05,Overweighted,2022,AU000000DOW2
7.124187634264672e-05,0.00011232143734021241,4.1079560997565694e-05,4.1079560997565694e-05,Overweighted,2022,AU000000SXL4
0.0011256880773429867,0.0011664457808148996,4.075770347191287e-05,4.075770347191287e-05,Overweighted,2022,JP3598600009
0.0008149997610840645,0.0008556246549587692,4.062489387470468e-05,4.062489387470468e-05,Overweighted,2022,JP3792600003
0.002980719114076728,0.0030211461288970464,4.042701482031858e-05,4.042701482031858e-05,Overweighted,2022,JP3505000004
0.0014322960740093657,0.001392027802139277,-4.026827187008871e-05,4.026827187008871e-05,Underweighted,2022,AU000000IAG3
0.0012079808192487717,0.0011678908048081739,-4.009001444059781e-05,4.009001444059781e-05,Underweighted,2022,AU000000SEK6
0.0009946802235117215,0.0010345394613833908,3.9859237871669355e-05,3.9859237871669355e-05,Overweighted,2022,JP3944130008
0.002335261984333909,0.0022954687284225546,-3.979325591135438e-05,3.979325591135438e-05,Underweighted,2022,JP3814800003
0.0006228752684175749,0.0006619873586215767,3.911209020400182e-05,3.911209020400182e-05,Overweighted,2022,AU000000WOR2
0.00031241835917258156,0.00027332288348114496,-3.9095475691436603e-05,3.9095475691436603e-05,Underweighted,2022,JP3326410002
0.0005689133566456642,0.0006079106116755413,3.899725502987713e-05,3.899725502987713e-05,Overweighted,2022,JP3765400001
0.0002326522040515313,0.0002711772822775565,3.8525078226025214e-05,3.8525078226025214e-05,Overweighted,2022,JP3811000003
0.0007820392164742374,0.0007439361820404837,-3.810303443375375e-05,3.810303443375375e-05,Underweighted,2022,AU0000088338
0.0027528398764621533,0.0027147492621918917,-3.8090614270261565e-05,3.8090614270261565e-05,Underweighted,2022,HK0000049939
0.0005377568422260588,0.0004997316797810924,-3.802516244496635e-05,3.802516244496635e-05,Underweighted,2022,JP3588600001
0.01069822331267364,0.01066072369342867,-3.7499619244969404e-05,3.7499619244969404e-05,Underweighted,2022,JP3475350009
0.0002253007023165092,0.0002625582271947216,3.725752487821241e-05,3.725752487821241e-05,Overweighted,2022,SGXE34184239
0.002879213293225345,0.0028424244971116987,-3.67887961136462e-05,3.67887961136462e-05,Underweighted,2022,AU0000224040
0.003976247829972856,0.004012785143057448,3.6537313084592654e-05,3.6537313084592654e-05,Overweighted,2022,AU000000GMG2
0.0009993335509482794,0.0010358019372195496,3.646838627127018e-05,3.646838627127018e-05,Overweighted,2022,AU000000GPT8
0.0022840124146368255,0.0023204724008178135,3.645998618098797e-05,3.645998618098797e-05,Overweighted,2022,JP3409000001
0.014891194043473898,0.014855400772602953,-3.579327087094471e-05,3.579327087094471e-05,Underweighted,2022,AU000000CSL8
0.0003936548146406363,0.0004293714468266533,3.5716632186017004e-05,3.5716632186017004e-05,Overweighted,2022,JP3215800008
0.000733399666022693,0.000698076168376029,-3.5323497646663976e-05,3.5323497646663976e-05,Underweighted,2022,JP3868400007
0.0003998555780955082,0.0003647044089976853,-3.5151169097822905e-05,3.5151169097822905e-05,Underweighted,2022,JP3902000003
0.010078877394767826,0.0101137855377546,3.4908142986773624e-05,3.4908142986773624e-05,Overweighted,2022,JP3914400001
0.00036752628663252134,0.00040242402946586423,3.4897742833342894e-05,3.4897742833342894e-05,Overweighted,2022,JP3219000001
0.001045216681798534,0.0010800009998562733,3.478431805773938e-05,3.478431805773938e-05,Overweighted,2022,HK0000055878
0.0035233071680425693,0.0035575331995189915,3.422603147642221e-05,3.422603147642221e-05,Overweighted,2022,JP3358000002
0.00014113309133868764,0.0001744089992894673,3.3275907950779674e-05,3.3275907950779674e-05,Overweighted,2022,HK0242001243
0.0005524157681696403,0.0005198206340578294,-3.259513411181091e-05,3.259513411181091e-05,Underweighted,2022,AU000000CWY3
0.009689669687707797,0.00965715570451761,-3.251398319018689e-05,3.251398319018689e-05,Underweighted,2022,JP3571400005
0.0009164803947774693,0.0009489297716794499,3.244937690198059e-05,3.244937690198059e-05,Overweighted,2022,JP3695200000
0.0004599867693748175,0.0004278831838516763,-3.210358552314122e-05,3.210358552314122e-05,Underweighted,2022,AU000000BPT9
0.0016283607827021424,0.001660449184986688,3.2088402284545514e-05,3.2088402284545514e-05,Overweighted,2022,JP3659000008
0.00034409593292287057,0.00037614694414461736,3.2051011221746794e-05,3.2051011221746794e-05,Overweighted,2022,AU000000FLT9
0.0011415685804485336,0.0011732073708012737,3.1638790352740134e-05,3.1638790352740134e-05,Overweighted,2022,AU000000MGR9
0.0020971976897117125,0.00206561043666332,-3.158725304839259e-05,3.158725304839259e-05,Underweighted,2022,JP3420600003
0.0007836291558216405,0.0008151685170559752,3.153936123433468e-05,3.153936123433468e-05,Overweighted,2022,SG1R89002252
0.001376045279256144,0.001344896279917343,-3.1148999338801104e-05,3.1148999338801104e-05,Underweighted,2022,JP3419400001
0.0038351241838184102,0.0038041309929173015,-3.0993190901108716e-05,3.0993190901108716e-05,Underweighted,2022,JP3783600004
0.008266718049308515,0.00823638034884248,-3.0337700466034206e-05,3.0337700466034206e-05,Underweighted,2022,AU000000ANZ3
0.0034221193350606667,0.003391888627561749,-3.0230707498917538e-05,3.0230707498917538e-05,Underweighted,2022,JP3160400002
0.0003084686979620526,0.00033869936120579604,3.023066324374347e-05,3.023066324374347e-05,Overweighted,2022,AU0000033359
0.0014714967370084064,0.0014420002268094115,-2.949651019899498e-05,2.949651019899498e-05,Underweighted,2022,SG1M77906915
0.00031178238343362034,0.0002823115692812865,-2.947081415233385e-05,2.947081415233385e-05,Underweighted,2022,JP3835620000
0.0002714467241281661,0.00024199410934657527,-2.9452614781590858e-05,2.9452614781590858e-05,Underweighted,2022,JP3156400008
0.0023517391082440754,0.0023810144451005414,2.9275336856465946e-05,2.9275336856465946e-05,Overweighted,2022,JP3684000007
0.00014538027585283962,0.0001741537910728804,2.877351522004079e-05,2.877351522004079e-05,Overweighted,2022,HK0440001847
0.00048745651354529623,0.00045889974450368957,-2.8556769041606657e-05,2.8556769041606657e-05,Underweighted,2022,JP3780100008
0.004411944733872001,0.004440468180270374,2.8523446398373044e-05,2.8523446398373044e-05,Overweighted,2022,JP3351600006
0.000872053396497856,0.0008437187353633438,-2.833466113451224e-05,2.833466113451224e-05,Underweighted,2022,JP3595200001
0.000584104361301545,0.0005559441045674546,-2.8160256734090423e-05,2.8160256734090423e-05,Underweighted,2022,NZFBUE0001S0
0.00030286770370654753,0.00033081647597131824,2.794877226477071e-05,2.794877226477071e-05,Overweighted,2022,AU000000SGM7
0.0018117846864843781,0.001838464383963262,2.6679697478883832e-05,2.6679697478883832e-05,Overweighted,2022,HK0006000050
0.00019103199968916528,0.0002175077450443338,2.6475745355168515e-05,2.6475745355168515e-05,Overweighted,2022,AU000000SBM8
0.0011525612007088459,0.0011789561100994108,2.639490939056492e-05,2.639490939056492e-05,Overweighted,2022,JP3164630000
8.53136266658507e-05,5.9149785157753015e-05,-2.616384150809768e-05,2.616384150809768e-05,Underweighted,2022,AU000000SIG5
0.0007736518928673429,0.0007997593731897966,2.6107480322453726e-05,2.6107480322453726e-05,Overweighted,2022,KYG525621408
6.102690958492543e-05,8.703905922673877e-05,2.601214964181334e-05,2.601214964181334e-05,Overweighted,2022,JP3203500008
0.001096113631283916,0.0011220474738183367,2.5933842534420605e-05,2.5933842534420605e-05,Overweighted,2022,SG1U68934629
0.0018583856513370246,0.001832850039701299,-2.5535611635725715e-05,2.5535611635725715e-05,Underweighted,2022,HK0000608585
0.00666816626807412,0.006642650542512872,-2.5515725561247628e-05,2.5515725561247628e-05,Underweighted,2022,BMG507361001
0.007618592655017331,0.00759324395031475,-2.53487047025807e-05,2.53487047025807e-05,Underweighted,2022,JP3854600008
0.0005005003129834961,0.0005258062185444181,2.5305905560922028e-05,2.5305905560922028e-05,Overweighted,2022,JP3293200006
0.00031953058290680637,0.0002942501948456202,-2.5280388061186187e-05,2.5280388061186187e-05,Underweighted,2022,JP3172100004
0.03643512564656261,0.036460218472688904,2.5092826126296708e-05,2.5092826126296708e-05,Overweighted,2022,JP3633400001
0.00021612785422015507,0.00019125067916467146,-2.4877175055483617e-05,2.4877175055483617e-05,Underweighted,2022,JP3992400006
0.004773374154076312,0.0047486258152428466,-2.474833883346541e-05,2.474833883346541e-05,Underweighted,2022,HK0291001490
0.005061549873694431,0.00503702204045582,-2.452783323861167e-05,2.452783323861167e-05,Underweighted,2022,JP3818000006
0.0010748163150155834,0.0010502982329720354,-2.451808204354802e-05,2.451808204354802e-05,Underweighted,2022,HK0004000045
0.0016700974776701599,0.0016944954956501852,2.4398017980025366e-05,2.4398017980025366e-05,Overweighted,2022,AU000000STO6
0.00048278272154288063,0.000506955673972858,2.4172952429977372e-05,2.4172952429977372e-05,Overweighted,2022,JP3243600008
0.0013117818198709605,0.0013354360789484309,2.365425907747032e-05,2.365425907747032e-05,Overweighted,2022,JP3670800006
0.0007498059510510442,0.0007731962158410861,2.3390264790041867e-05,2.3390264790041867e-05,Overweighted,2022,AU000000OZL8
0.006249894154904088,0.0062732629602662085,2.3368805362120916e-05,2.3368805362120916e-05,Overweighted,2022,HK0016000132
9.68902741517934e-05,0.00012024537113804061,2.335509698624721e-05,2.335509698624721e-05,Overweighted,2022,AU000000ERA9
0.0001340980032757725,0.0001109753351609057,-2.3122668114866803e-05,2.3122668114866803e-05,Underweighted,2022,BMG8403G1033
0.0008260128459102348,0.0008490709811753861,2.3058135265151356e-05,2.3058135265151356e-05,Overweighted,2022,JP3896800004
0.0005754997984570845,0.0005984230321053035,2.2923233648219042e-05,2.2923233648219042e-05,Overweighted,2022,JP3544000007
0.0009485593888580432,0.0009256412299418536,-2.2918158916189588e-05,2.2918158916189588e-05,Underweighted,2022,JP3787000003
0.004981497214651374,0.005004352897280591,2.2855682629217486e-05,2.2855682629217486e-05,Overweighted,2022,HK2388011192
0.0005330106371444546,0.0005557556242130867,2.2744987068632123e-05,2.2744987068632123e-05,Overweighted,2022,JP3560800009
0.0006702050866542288,0.0006929010443073549,2.2695957653126055e-05,2.2695957653126055e-05,Overweighted,2022,JP3122800000
0.0013900351713159176,0.0013676227953852685,-2.2412375930649106e-05,2.2412375930649106e-05,Underweighted,2022,JP3675600005
0.0024851003871489714,0.0024627804765601936,-2.2319910588777803e-05,2.2319910588777803e-05,Underweighted,2022,AU000000ALL7
0.003019886718930922,0.002997807884813212,-2.2078834117709827e-05,2.2078834117709827e-05,Underweighted,2022,JP3778630008
0.0010458495091427479,0.0010679248320787044,2.2075322935956494e-05,2.2075322935956494e-05,Overweighted,2022,JP3322930003
0.0005964869978428049,0.0005744439510881812,-2.2043046754623738e-05,2.2043046754623738e-05,Underweighted,2022,AU000000BEN6
4.3598970461064684e-05,2.1561645237543024e-05,-2.203732522352166e-05,2.203732522352166e-05,Underweighted,2022,JP3407200009
0.007460478696608904,0.007482310572321535,2.1831875712630816e-05,2.1831875712630816e-05,Overweighted,2022,AU000000WES1
0.0024960174459353482,0.002474360239863732,-2.165720607161638e-05,2.165720607161638e-05,Underweighted,2022,JP3111200006
0.00040673324642105673,0.00042837296613027517,2.1639719709218438e-05,2.1639719709218438e-05,Overweighted,2022,SG1N31909426
0.0005558207570888808,0.0005342138432317064,-2.1606913857174365e-05,2.1606913857174365e-05,Underweighted,2022,HK0010000088
0.001767984218759484,0.0017889806172769096,2.0996398517425562e-05,2.0996398517425562e-05,Overweighted,2022,JP3982800009
0.004511153800755205,0.004532124767002365,2.0970966247159904e-05,2.0970966247159904e-05,Overweighted,2022,KYG2108Y1052
0.00041349914673307497,0.0003926685802346463,-2.083056649842868e-05,2.083056649842868e-05,Underweighted,2022,AU000000MTS0
0.0015933317427433175,0.0015725223769993374,-2.080936574398013e-05,2.080936574398013e-05,Underweighted,2022,AU000000COH5
0.0011766070655916002,0.0011972499449560841,2.0642879364483977e-05,2.0642879364483977e-05,Overweighted,2022,JP3539220008
0.0034989433152903342,0.0035195687962951672,2.0625481004832996e-05,2.0625481004832996e-05,Overweighted,2022,JP3899600005
0.0005780279594391926,0.000598201218488589,2.0173259049396366e-05,2.0173259049396366e-05,Overweighted,2022,JP3375800004
0.00019851730820094903,0.00017894905520473217,-1.9568252996216858e-05,1.9568252996216858e-05,Underweighted,2022,AU000000IVC8
0.00430107558704205,0.004320364288436433,1.9288701394382796e-05,1.9288701394382796e-05,Overweighted,2022,JP3266400005
0.0006311649917873021,0.0006120164153482028,-1.9148576439099226e-05,1.9148576439099226e-05,Underweighted,2022,KYG5427W1309
0.0003929873549542017,0.00041191552544855267,1.8928170494350984e-05,1.8928170494350984e-05,Overweighted,2022,JP3548610009
0.0014560790479307177,0.0014749130153187795,1.88339673880618e-05,1.88339673880618e-05,Overweighted,2022,SG9999000020
0.009535379454720005,0.009516617827425201,-1.8761627294803726e-05,1.8761627294803726e-05,Underweighted,2022,AU000000NAB4
6.858148278115049e-05,4.9922259677533255e-05,-1.8659223103617238e-05,1.8659223103617238e-05,Underweighted,2022,HK0000139300
6.684829147274378e-05,8.521505782378262e-05,1.836676635103884e-05,1.836676635103884e-05,Overweighted,2022,AU000000MAH3
0.0035022884847093756,0.003484016960776274,-1.827152393310159e-05,1.827152393310159e-05,Underweighted,2022,JP3672400003
0.0011797680539179223,0.0011615196972528483,-1.8248356665074e-05,1.8248356665074e-05,Underweighted,2022,AU000000TAH8
0.018327962859293903,0.018309744939364086,-1.8217919929817278e-05,1.8217919929817278e-05,Underweighted,2022,AU000000CBA7
0.0006557287676059926,0.0006375579646154451,-1.8170802990547506e-05,1.8170802990547506e-05,Underweighted,2022,JP3358200008
0.006477290113924948,0.006459196709871142,-1.8093404053805447e-05,1.8093404053805447e-05,Underweighted,2022,JP3788600009
0.0007001258561355062,0.0007178580163467185,1.7732160211212256e-05,1.7732160211212256e-05,Overweighted,2022,JP3743000006
0.004387541526185424,0.004405219121644823,1.76775954593986e-05,1.76775954593986e-05,Overweighted,2022,JP3634600005
0.0010187827594999278,0.0010024122052817983,-1.6370554218129432e-05,1.6370554218129432e-05,Underweighted,2022,AU000000BSL0
0.00010813476599189252,0.00012449369081665384,1.6358924824761323e-05,1.6358924824761323e-05,Overweighted,2022,JP3411000007
0.00028959721984653973,0.0002734823778443936,-1.6114842002146136e-05,1.6114842002146136e-05,Underweighted,2022,JP3389900006
0.003730644704128171,0.003746184142988741,1.5539438860570024e-05,1.5539438860570024e-05,Overweighted,2022,JP3188220002
0.00248717360509009,0.0024716786304842917,-1.549497460579842e-05,1.549497460579842e-05,Underweighted,2022,AU000000NCM7
0.026794004205858684,0.02680949234936104,1.5488143502356833e-05,1.5488143502356833e-05,Overweighted,2022,JP3436100006
0.00014967468628820154,0.0001651058478727394,1.5431161584537873e-05,1.5431161584537873e-05,Overweighted,2022,AU000000MND5
0.0011114935396246367,0.0011269146692592105,1.5421129634573746e-05,1.5421129634573746e-05,Overweighted,2022,JP3688370000
0.0021134497033974443,0.002099179393253417,-1.4270310144027468e-05,1.4270310144027468e-05,Underweighted,2022,JP3402600005
0.0022501734678924924,0.0022360361529916548,-1.4137314900837614e-05,1.4137314900837614e-05,Underweighted,2022,BMG2178K1009
0.000936263333172335,0.0009221337601131189,-1.412957305921606e-05,1.412957305921606e-05,Underweighted,2022,JP3955000009
0.0009357029189073097,0.0009498297567615389,1.4126837854229186e-05,1.4126837854229186e-05,Overweighted,2022,AU000000CPU5
0.0010530939654563606,0.0010390186137387472,-1.4075351717613479e-05,1.4075351717613479e-05,Underweighted,2022,JP3495000006
0.00023995333147059606,0.00022589287680447383,-1.4060454666122227e-05,1.4060454666122227e-05,Underweighted,2022,SG1T58930911
0.0012844380114903752,0.0012705865140806112,-1.385149740976404e-05,1.385149740976404e-05,Underweighted,2022,AU000000SGP0
0.0010472253576473323,0.0010334834972933545,-1.3741860353977788e-05,1.3741860353977788e-05,Underweighted,2022,HK0023000190
0.00044077841302134,0.00045446556354102925,1.3687150519689235e-05,1.3687150519689235e-05,Overweighted,2022,JP3415400005
0.001531942767762449,0.0015184555220610634,-1.348724570138563e-05,1.348724570138563e-05,Underweighted,2022,JP3885400006
0.0008900779564263363,0.0009035364442069811,1.3458487780644806e-05,1.3458487780644806e-05,Overweighted,2022,BMG4600H1198
0.0007416878151950465,0.0007550044306907991,1.3316615495752543e-05,1.3316615495752543e-05,Overweighted,2022,JP3126340003
0.0004893329568147065,0.00047635427620612976,-1.2978680608576791e-05,1.2978680608576791e-05,Underweighted,2022,BMG8063F1068
0.0022564639605976633,0.0022435383078709833,-1.292565272668e-05,1.292565272668e-05,Underweighted,2022,JP3635000007
0.004626685720205956,0.004639534353291086,1.2848633085130526e-05,1.2848633085130526e-05,Overweighted,2022,JP3566800003
0.0028433294640926193,0.0028560587159253276,1.2729251832708285e-05,1.2729251832708285e-05,Overweighted,2022,HK0823032773
0.0007784343044885414,0.000767041958409407,-1.1392346079134468e-05,1.1392346079134468e-05,Underweighted,2022,JP3039710003
0.0006112734337736535,0.0006000221595161633,-1.125127425749019e-05,1.125127425749019e-05,Underweighted,2022,JP3665200006
0.0012680395974488921,0.0012570914709085226,-1.0948126540369536e-05,1.0948126540369536e-05,Underweighted,2022,JP3942800008
0.004469668977366974,0.004480356245161528,1.0687267794553569e-05,1.0687267794553569e-05,Overweighted,2022,AU000000TCL6
0.00015349368911671623,0.0001431176420730402,-1.037604704367604e-05,1.037604704367604e-05,Underweighted,2022,JP3352400000
0.000795037364188601,0.0008052176869952299,1.0180322806628908e-05,1.0180322806628908e-05,Overweighted,2022,JP3676800000
0.002648225015797779,0.0026582815322598375,1.005651646205849e-05,1.005651646205849e-05,Overweighted,2022,JP3733000008
0.0044981162981064995,0.004508032589084028,9.916290977528101e-06,9.916290977528101e-06,Overweighted,2022,AU000000TLS2
0.002117013686251425,0.0021071291835306474,-9.884502720777701e-06,9.884502720777701e-06,Underweighted,2022,JP3240400006
0.0006611440065714051,0.0006516790576608387,-9.464948910566377e-06,9.464948910566377e-06,Underweighted,2022,JP3494600004
0.0034047307508711473,0.0034141412280979046,9.410477226757304e-06,9.410477226757304e-06,Overweighted,2022,JP3200450009
0.0003536182528361787,0.00034428872420430275,-9.329528631875936e-06,9.329528631875936e-06,Underweighted,2022,JP3721400004
0.0002197201726268618,0.00022897379060790487,9.253617981043076e-06,9.253617981043076e-06,Overweighted,2022,AU000000PPT9
0.00031690167329278347,0.0003078282630414927,-9.073410251290797e-06,9.073410251290797e-06,Underweighted,2022,JP3827200001
0.013414795255843893,0.013423764699698363,8.969443854469836e-06,8.969443854469836e-06,Overweighted,2022,HK0388045442
0.009744406104587551,0.009735525592890497,-8.880511697053825e-06,8.880511697053825e-06,Underweighted,2022,JP3902900004
0.0005059564810806238,0.0004972058597973769,-8.750621283246931e-06,8.750621283246931e-06,Underweighted,2022,JP3635400009
0.0002052328341970099,0.00019678316717684928,-8.449667020160622e-06,8.449667020160622e-06,Underweighted,2022,NZAIRE0001S2
0.00507696756277212,0.005084776895313707,7.809332541587263e-06,7.809332541587263e-06,Overweighted,2022,JP3866800000
0.0006675258027242487,0.0006602440564236173,-7.2817463006313605e-06,7.2817463006313605e-06,Underweighted,2022,JP3419050004
0.004992047485449686,0.004985081597884316,-6.965887565369561e-06,6.965887565369561e-06,Underweighted,2022,JP3893600001
0.000705780373101716,0.0007125960888439202,6.815715742204188e-06,6.815715742204188e-06,Overweighted,2022,JP3499800005
0.0011499055297394707,0.0011431315287280806,-6.774001011390163e-06,6.774001011390163e-06,Underweighted,2022,AU000000DXS1
0.009004522319582728,0.008998108861141696,-6.413458441031916e-06,6.413458441031916e-06,Underweighted,2022,JP3198900007
0.0015246794210803524,0.0015308137687153024,6.134347634949994e-06,6.134347634949994e-06,Overweighted,2022,JP3027670003
0.0004972086662751596,0.0004911191833078535,-6.089482967306043e-06,6.089482967306043e-06,Underweighted,2022,JP3292200007
0.00017525854200502793,0.00018121824199862302,5.959699993595086e-06,5.959699993595086e-06,Overweighted,2022,JP3619800000
0.00044343408399071524,0.0004491180932800192,5.684009289303967e-06,5.684009289303967e-06,Overweighted,2022,AU000000BOQ8
0.0010974359570777958,0.0011031156234969724,5.679666419176541e-06,5.679666419176541e-06,Overweighted,2022,JP3108600002
0.0016516431618586683,0.0016572495913801163,5.6064295214479365e-06,5.6064295214479365e-06,Overweighted,2022,HK0083000502
0.0002420564591618144,0.00023667061225892417,-5.385846902890241e-06,5.385846902890241e-06,Underweighted,2022,JP3320800000
0.00044109640089082063,0.0004461900714233323,5.09367053251169e-06,5.09367053251169e-06,Overweighted,2022,JP3126400005
0.0014693148994485048,0.0014742056171696397,4.890717721134927e-06,4.890717721134927e-06,Overweighted,2022,SG1V61937297
0.0005969450892785418,0.0006017723611749174,4.82727189637564e-06,4.82727189637564e-06,Overweighted,2022,JP3634200004
0.0010508428632120177,0.0010556570358035975,4.81417259157982e-06,4.81417259157982e-06,Overweighted,2022,AU000000QAN2
0.006598276627275452,0.0065934851552029395,-4.7914720725126744e-06,4.7914720725126744e-06,Underweighted,2022,JP3162600005
0.0004106986496053224,0.0004059219590969295,-4.776690508392933e-06,4.776690508392933e-06,Underweighted,2022,JP3385820000
0.0006032513239574495,0.0005989517619468804,-4.299562010569085e-06,4.299562010569085e-06,Underweighted,2022,JP3131430005
0.0006053985291751304,0.0006011446770733659,-4.253852101764543e-06,4.253852101764543e-06,Underweighted,2022,JP3269600007
0.001509471100253361,0.0015054669359606749,-4.00416429268617e-06,4.00416429268617e-06,Underweighted,2022,JP3102000001
0.0031069886338132577,0.0031029992740598165,-3.989359753441262e-06,3.989359753441262e-06,Underweighted,2022,HK0012000102
0.0010633498613457973,0.0010673048234703993,3.954962124602017e-06,3.954962124602017e-06,Overweighted,2022,JP3148800000
0.00024635244379455,0.0002502372778337502,3.884834039200177e-06,3.884834039200177e-06,Overweighted,2022,AU000000IFL2
0.002243262741422097,0.0022470539749788456,3.7912335567485446e-06,3.7912335567485446e-06,Overweighted,2022,JP3967200001
0.0006984446133404304,0.0006946698167862058,-3.7747965542246067e-06,3.7747965542246067e-06,Underweighted,2022,JP3280200001
0.001433619974000619,0.0014373917208368948,3.7717468362758345e-06,3.7717468362758345e-06,Overweighted,2022,JP3300200007
0.0005188523059656989,0.0005220653301274455,3.2130241617465624e-06,3.2130241617465624e-06,Overweighted,2022,JP3040890000
0.0006797525937255156,0.0006765568829015684,-3.195710823947228e-06,3.195710823947228e-06,Underweighted,2022,NZCENE0001S6
0.001234079437506787,0.0012371676405327108,3.088203025923813e-06,3.088203025923813e-06,Overweighted,2022,NZAIAE0002S6
0.0009872751990659947,0.0009903355590915252,3.0603600255304803e-06,3.0603600255304803e-06,Overweighted,2022,JP3820000002
0.0009344451352057502,0.0009314295520840474,-3.0155831217028176e-06,3.0155831217028176e-06,Underweighted,2022,AU000000CIM7
0.003098365180600313,0.0030955509551169377,-2.8142254833753155e-06,2.8142254833753155e-06,Underweighted,2022,JP3893200000
0.0002718402734715827,0.00026905053897252563,-2.789734499057065e-06,2.789734499057065e-06,Underweighted,2022,JP3456000003
0.00023625396764248002,0.00023868657462842953,2.4326069859495058e-06,2.4326069859495058e-06,Overweighted,2022,HK0363006039
0.0013635414295171118,0.0013658052882647737,2.2638587476619173e-06,2.2638587476619173e-06,Overweighted,2022,JP3137200006
0.0002352669458891912,0.00023749164683590588,2.224700946714677e-06,2.224700946714677e-06,Overweighted,2022,AU000000IRE2
0.0018682448494882972,0.0018703962875245303,2.1514380362330863e-06,2.1514380362330863e-06,Overweighted,2022,JP3877600001
0.0003146521452458142,0.00031652408804280936,1.8719427969951736e-06,1.8719427969951736e-06,Overweighted,2022,JP3491000000
0.0005790889684690438,0.000580870572434032,1.7816039649881177e-06,1.7816039649881177e-06,Overweighted,2022,JP3224200000
0.00021314947278917824,0.00021137945368408404,-1.7700191050941936e-06,1.7700191050941936e-06,Underweighted,2022,SG9999003735
0.0002792909496411458,0.0002809602180278713,1.6692683867254826e-06,1.6692683867254826e-06,Overweighted,2022,JP3742600004
0.0010714506810306846,0.0010727566068872688,1.3059258565841642e-06,1.3059258565841642e-06,Overweighted,2022,JP3414750004
0.002488114975119543,0.002489414443445187,1.2994683256440688e-06,1.2994683256440688e-06,Overweighted,2022,IE00BKVD2N49
0.0004278873107283859,0.00042673804749113686,-1.149263237249041e-06,1.149263237249041e-06,Underweighted,2022,HK0200030994
0.001266525219575425,0.0012673650646684415,8.398450930164909e-07,8.398450930164909e-07,Overweighted,2022,JP3260800002
0.0005432854234023752,0.0005441210427668097,8.356193644344428e-07,8.356193644344428e-07,Overweighted,2022,AU000000CGF5
0.011483091361828356,0.011483898744419236,8.073825908793547e-07,8.073825908793547e-07,Overweighted,2022,JP3371200001
0.0008020897684226264,0.0008013587963126815,-7.30972109944843e-07,7.30972109944843e-07,Underweighted,2022,JP3268950007
0.0006191192334840068,0.0006184232430101457,-6.95990473861016e-07,6.95990473861016e-07,Underweighted,2022,AU000000AMP6
0.0011995116373784464,0.0012001716617187554,6.600243403090487e-07,6.600243403090487e-07,Overweighted,2022,JP3452000007
0.0007372155204564603,0.0007368125760419554,-4.029444145048659e-07,4.029444145048659e-07,Underweighted,2022,SG1S83002349
0.0018140530963948582,0.0004891050560846906,-0.0013249480403101676,0.0013249480403101676,Underweighted,2023,HK0836012952
0.003922765687616609,0.0026606389489723216,-0.0012621267386442878,0.0012621267386442878,Underweighted,2023,HK0002007356
0.000831322493655379,0.00015707140938602503,-0.0006742510842693539,0.0006742510842693539,Underweighted,2023,HK2380027329
0.0012506815275548611,0.0006495786343803725,-0.0006011028931744886,0.0006011028931744886,Underweighted,2023,JP3386030005
0.0024544125765359214,0.0019016354489964154,-0.000552777127539506,0.000552777127539506,Underweighted,2023,JP3381000003
0.0005389386795931051,0.0,-0.0005389386795931051,0.0005389386795931051,Removed,2023,JP3246400000
0.0004998559983386196,0.0,-0.0004998559983386196,0.0004998559983386196,Removed,2023,JP3605400005
0.0004697362372287437,0.0,-0.0004697362372287437,0.0004697362372287437,Removed,2023,SG1R50925390
0.0004563213709603122,0.0,-0.0004563213709603122,0.0004563213709603122,Removed,2023,JP3522200009
0.00043026521454684864,0.0,-0.00043026521454684864,0.00043026521454684864,Removed,2023,JP3551200003
0.0003783284320451108,0.0,-0.0003783284320451108,0.0003783284320451108,Removed,2023,JP3449020001
0.0011702964054468173,0.0015430076876909256,0.00037271128224410826,0.00037271128224410826,Overweighted,2023,JP3526600006
0.00036798922988176194,0.0,-0.00036798922988176194,0.00036798922988176194,Removed,2023,JP3903000002
0.0003625011888296118,0.0,-0.0003625011888296118,0.0003625011888296118,Removed,2023,MU0117U00026
0.004463075989131325,0.004783674108831065,0.00032059811969973977,0.00032059811969973977,Overweighted,2023,HK0003000038
0.000303004175419067,0.0,-0.000303004175419067,0.000303004175419067,Removed,2023,JP3289800009
0.00022728536390277524,0.0005286570829137952,0.0003013717190110199,0.0003013717190110199,Overweighted,2023,JP3276400003
0.0003012519788985956,0.0,-0.0003012519788985956,0.0003012519788985956,Removed,2023,JP3158800007
0.0010835160767121953,0.0013712030080832835,0.0002876869313710882,0.0002876869313710882,Overweighted,2023,HK0144000764
0.0008181903399461014,0.0005352965047691596,-0.0002828938351769418,0.0002828938351769418,Underweighted,2023,JP3174410005
0.00010576090434068571,0.0003649754241620178,0.0002592145198213321,0.0002592145198213321,Overweighted,2023,JP3194000000
0.00028928174274012717,0.0005436935876742616,0.00025441184493413445,0.00025441184493413445,Overweighted,2023,JP3796150005
0.00043432881924326106,0.000686813129663287,0.000252484310420026,0.000252484310420026,Overweighted,2023,JP3711200000
0.00012910643759083133,0.0003736653846885673,0.000244558947097736,0.000244558947097736,Overweighted,2023,JP3726200003
0.0003358532000807763,0.00057979715639923,0.00024394395631845367,0.00024394395631845367,Overweighted,2023,JP3940400009
0.00017857336861424523,0.00042229279343800866,0.00024371942482376342,0.00024371942482376342,Overweighted,2023,JP3658850007
0.00023779854302560346,0.0,-0.00023779854302560346,0.00023779854302560346,Removed,2023,JP3350800003
0.0006075508429878042,0.0008392262239898306,0.00023167538100202635,0.00023167538100202635,Overweighted,2023,JP3791200003
0.0031990727972506104,0.0034247747909525077,0.00022570199370189727,0.00022570199370189727,Overweighted,2023,JP3347200002
0.0012925571603552752,0.0010680723297239242,-0.00022448483063135108,0.00022448483063135108,Underweighted,2023,JP3401400001
0.0013664802811112257,0.0011423134655303344,-0.00022416681558089127,0.00022416681558089127,Underweighted,2023,JP3228600007
0.004963349842845837,0.005183070759717058,0.00021972091687122094,0.00021972091687122094,Overweighted,2023,JP3242800005
0.0018096648382651315,0.002026716292897687,0.00021705145463255557,0.00021705145463255557,Overweighted,2023,KYG9431R1039
0.0011555844788108383,0.0013695414244764982,0.00021395694566565988,0.00021395694566565988,Overweighted,2023,JP3443600006
0.0006209641558905262,0.0008258063388869985,0.00020484218299647236,0.00020484218299647236,Overweighted,2023,JP3663900003
0.0006377824464287741,0.0008381541684812666,0.00020037172205249253,0.00020037172205249253,Overweighted,2023,BMG524401079
0.00017635516238088256,0.0003744083102698437,0.00019805314788896112,0.00019805314788896112,Overweighted,2023,JP3789000001
0.000615137481113675,0.00041740554393952236,-0.00019773193717415266,0.00019773193717415266,Underweighted,2023,JP3368000000
0.0006406359792373785,0.0008375238279227237,0.00019688784868534517,0.00019688784868534517,Overweighted,2023,JP3657400002
0.0013425848563998683,0.0015379266249400387,0.00019534176854017044,0.00019534176854017044,Overweighted,2023,SG1F60858221
0.0007310247765154891,0.0009260559927519263,0.0001950312162364372,0.0001950312162364372,Overweighted,2023,JP3585800000
0.0011843357247305233,0.0009915291696898775,-0.00019280655504064583,0.00019280655504064583,Underweighted,2023,JP3774200004
0.00035295109644675895,0.00016185999515843012,-0.00019109110128832883,0.00019109110128832883,Underweighted,2023,JP3485800001
0.001646216591565629,0.0018369404369892098,0.00019072384542358082,0.00019072384542358082,Overweighted,2023,AU000000RHC8
0.00030882619009878925,0.0001249724277953183,-0.00018385376230347096,0.00018385376230347096,Underweighted,2023,AU000000CSR5
0.00018070147963644896,0.0,-0.00018070147963644896,0.00018070147963644896,Removed,2023,JP3625000009
0.00017725611449247243,0.0,-0.00017725611449247243,0.00017725611449247243,Removed,2023,JP3400900001
0.001581394640502446,0.001754348153059023,0.00017295351255657682,0.00017295351255657682,Overweighted,2023,JP3862400003
0.005864552046314979,0.005698353846869055,-0.0001661981994459244,0.0001661981994459244,Underweighted,2023,HK0011000095
0.0004929621613192472,0.000657874697945283,0.00016491253662603573,0.00016491253662603573,Overweighted,2023,JP3134800006
0.0006316652922642205,0.0007952251559369549,0.00016355986367273432,0.00016355986367273432,Overweighted,2023,HK0008011667
0.0004096924390884064,0.0005727821112875358,0.00016308967219912942,0.00016308967219912942,Overweighted,2023,BMG2442N1048
0.0002103241637192407,4.8958742166058245e-05,-0.00016136542155318245,0.00016136542155318245,Underweighted,2023,JP3421100003
0.00021520173204750325,5.4244888916996446e-05,-0.0001609568431305068,0.0001609568431305068,Underweighted,2023,AU000000ABC7
0.000907699932232557,0.0010677539288668715,0.00016005399663431453,0.00016005399663431453,Overweighted,2023,JP3799000009
0.008709552217076472,0.008552546590966992,-0.00015700562610948023,0.00015700562610948023,Underweighted,2023,JP3519400000
0.00015695362466750713,0.0,-0.00015695362466750713,0.00015695362466750713,Removed,2023,JP3619800000
0.0011514587394860405,0.001304843428257402,0.00015338468877136146,0.00015338468877136146,Overweighted,2023,JP3385980002
0.00015337311670679215,0.0,-0.00015337311670679215,0.00015337311670679215,Removed,2023,JP3845400005
0.00213367362480992,0.0022870186078036755,0.00015334498299375554,0.00015334498299375554,Overweighted,2023,JP3753000003
0.0007919182656989982,0.0006389870155832197,-0.0001529312501157786,0.0001529312501157786,Underweighted,2023,JP3595200001
0.003567830943158643,0.003416155702663844,-0.00015167524049479898,0.00015167524049479898,Underweighted,2023,JP3249600002
0.004405927664673752,0.004255339315617069,-0.00015058834905668297,0.00015058834905668297,Underweighted,2023,JP3546800008
0.0007812140225938846,0.0009297530103872414,0.0001485389877933568,0.0001485389877933568,Overweighted,2023,JP3830000000
0.002590428384803221,0.0024424842149861794,-0.00014794416981704162,0.00014794416981704162,Underweighted,2023,JP3421800008
0.0013497567458812657,0.0014971258058160458,0.00014736905993478007,0.00014736905993478007,Overweighted,2023,JP3573000001
0.0001473413976562688,0.0,-0.0001473413976562688,0.0001473413976562688,Removed,2023,JP3850200001
0.0011282203884698599,0.000981039584354847,-0.00014718080411501287,0.00014718080411501287,Underweighted,2023,JP3180400008
0.0002868258715531899,0.00013992225177973238,-0.00014690361977345753,0.00014690361977345753,Underweighted,2023,JP3326410002
0.00033822674288510284,0.00048384323259033644,0.0001456164897052336,0.0001456164897052336,Overweighted,2023,JP3535800001
0.007600534535509154,0.007745782188949508,0.0001452476534403533,0.0001452476534403533,Overweighted,2023,JP3837800006
0.004919709586599274,0.004774884001087561,-0.00014482558551171323,0.00014482558551171323,Underweighted,2023,JP3942400007
0.0023097181140488755,0.0021650833917604573,-0.00014463472228841813,0.00014463472228841813,Underweighted,2023,JP3258000003
0.00029525598725939394,0.0004384922983510931,0.00014323631109169915,0.00014323631109169915,Overweighted,2023,HK0165000859
0.000539715362447924,0.0003972213085371785,-0.00014249405391074545,0.00014249405391074545,Underweighted,2023,JP3720800006
0.0005880452297718831,0.0007293737404854155,0.00014132851071353236,0.00014132851071353236,Overweighted,2023,JP3738600000
0.0004218350988406446,0.00028070541437085324,-0.00014112968446979138,0.00014112968446979138,Underweighted,2023,JP3404200002
0.000603375395960298,0.000743631634598895,0.000140256238638597,0.000140256238638597,Overweighted,2023,BMG668971101
0.0007108015083417153,0.0005709357980812359,-0.00013986571026047942,0.00013986571026047942,Underweighted,2023,JP3336000009
0.0014776593250471278,0.0016168026874522341,0.00013914336240510635,0.00013914336240510635,Overweighted,2023,SG1M51904654
0.00022739720623386915,0.00036630806865515706,0.0001389108624212879,0.0001389108624212879,Overweighted,2023,JP3718800000
0.0006850700053615661,0.0008231517591900359,0.00013808175382846977,0.00013808175382846977,Overweighted,2023,JP3613000003
0.00029704235782547733,0.000432487268226167,0.00013544491040068965,0.00013544491040068965,Overweighted,2023,JP3769000005
0.00048273635485270196,0.0006179650336509139,0.00013522867879821196,0.00013522867879821196,Overweighted,2023,JP3398000004
0.00714387919092127,0.007008762427786673,-0.00013511676313459654,0.00013511676313459654,Underweighted,2023,JP3463000004
0.00028503794762139685,0.00015013683699693724,-0.0001349011106244596,0.0001349011106244596,Underweighted,2023,AU000000BWP3
0.00024024975411541185,0.0003738836627222346,0.00013363390860682276,0.00013363390860682276,Overweighted,2023,JP3579800008
0.005440919703348284,0.005574400087927281,0.00013348038457899718,0.00013348038457899718,Overweighted,2023,JP3814000000
0.0004476458234719854,0.0005805756721271359,0.0001329298486551505,0.0001329298486551505,Overweighted,2023,JP3263000006
0.002140396591601232,0.0020084533803901494,-0.00013194321121108273,0.00013194321121108273,Underweighted,2023,JP3256000005
0.0011088840921162893,0.000978503747175799,-0.00013038034494049027,0.00013038034494049027,Underweighted,2023,AU000000ORG5
0.0040207209292663654,0.0038905755726630293,-0.00013014535660333618,0.00013014535660333618,Underweighted,2023,JP3902400005
0.0008015646667558487,0.0009316044582246311,0.00013003979146878242,0.00013003979146878242,Overweighted,2023,JP3270000007
0.0011499038204106932,0.0010203243915676882,-0.00012957942884300505,0.00012957942884300505,Underweighted,2023,SG1J26887955
0.00171589281047143,0.001586556373303203,-0.00012933643716822704,0.00012933643716822704,Underweighted,2023,SG1V61937297
0.0010470756705298035,0.0011752010119499563,0.00012812534142015277,0.00012812534142015277,Overweighted,2023,JP3629000005
0.00022253827829412227,0.0003497528777583888,0.00012721459946426653,0.00012721459946426653,Overweighted,2023,NZSKCE0001S2
0.001159595269073123,0.001034114212582812,-0.0001254810564903109,0.0001254810564903109,Underweighted,2023,AU000000SEK6
0.009049615038230367,0.00917496809862772,0.00012535306039735197,0.00012535306039735197,Overweighted,2023,JP3551500006
0.0009242727909886822,0.0007991091710041149,-0.00012516361998456723,0.00012516361998456723,Underweighted,2023,SG1B51001017
0.007897931060716429,0.008022495023291065,0.00012456396257463573,0.00012456396257463573,Overweighted,2023,JP3890350006
0.0012109868202107783,0.0013354993531095069,0.00012451253289872863,0.00012451253289872863,Overweighted,2023,JP3486800000
0.003336424500028199,0.0034609118519687786,0.0001244873519405795,0.0001244873519405795,Overweighted,2023,JP3358000002
0.0008272231615476448,0.0009499253877987495,0.0001227022262511047,0.0001227022262511047,Overweighted,2023,JP3511800009
0.0016118437151427648,0.001733892908732366,0.0001220491935896011,0.0001220491935896011,Overweighted,2023,JP3502200003
0.0020362480808671507,0.0021582702156669126,0.00012202213479976191,0.00012202213479976191,Overweighted,2023,AU000000SHL7
0.0006887437152648594,0.0008103367497389753,0.00012159303447411586,0.00012159303447411586,Overweighted,2023,JP3977400005
0.00033394877372076046,0.00021262159593753795,-0.00012132717778322251,0.00012132717778322251,Underweighted,2023,JP3870000001
0.004273587119675455,0.00439449927500509,0.00012091215532963537,0.00012091215532963537,Overweighted,2023,JP3165700000
0.001233451595103559,0.0011127133607443857,-0.00012073823435917335,0.00012073823435917335,Underweighted,2023,JP3300200007
0.000655955271865826,0.0005363457535576971,-0.00011960951830812896,0.00011960951830812896,Underweighted,2023,AU000000ORI1
0.0014577203227982179,0.0013388799556952246,-0.00011884036710299323,0.00011884036710299323,Underweighted,2023,JP3621000003
0.00043602664796389505,0.0005536717311489537,0.00011764508318505866,0.00011764508318505866,Overweighted,2023,JP3638600001
0.0003268561058905545,0.00044384160249228517,0.00011698549660173066,0.00011698549660173066,Overweighted,2023,JP3271400008
0.00047859352850509817,0.00059439693097017,0.00011580340246507178,0.00011580340246507178,Overweighted,2023,JP3935600001
0.0004916992749973118,0.0006074808271075746,0.0001157815521102628,0.0001157815521102628,Overweighted,2023,AU000000ILU1
0.000561271418400567,0.0006764851597140196,0.00011521374131345254,0.00011521374131345254,Overweighted,2023,BMG2624N1535
0.0058215875041521085,0.005936377377357704,0.0001147898732055952,0.0001147898732055952,Overweighted,2023,SG1M31001969
0.0007899796652933704,0.0009045771657734169,0.00011459750048004643,0.00011459750048004643,Overweighted,2023,JP3695200000
0.0015053325351643244,0.0016196011980298848,0.00011426866286556045,0.00011426866286556045,Overweighted,2023,JP3362700001
0.0114640579616916,0.011576464457973435,0.00011240649628183573,0.00011240649628183573,Overweighted,2023,JP3496400007
0.0032857801177968798,0.0033981411899084027,0.00011236107211152297,0.00011236107211152297,Overweighted,2023,JP3397200001
0.004218865152456336,0.004107047248922796,-0.00011181790353353982,0.00011181790353353982,Underweighted,2023,KYG217651051
0.0025742392073773764,0.0026856496083910776,0.00011141040101370113,0.00011141040101370113,Overweighted,2023,JP3756100008
0.0001447736841382376,0.0002537788682595978,0.00010900518412136021,0.00010900518412136021,Overweighted,2023,SG2B80958517
0.0013875780941795255,0.0014963563813411291,0.00010877828716160365,0.00010877828716160365,Overweighted,2023,BMG5320C1082
0.0008201724345915992,0.0009283970605152256,0.00010822462592362638,0.00010822462592362638,Overweighted,2023,JP3358800005
0.000980596278254437,0.0010878941714460692,0.0001072978931916321,0.0001072978931916321,Overweighted,2023,JP3210200006
0.002259709058392798,0.0021526152291508863,-0.00010709382924191163,0.00010709382924191163,Underweighted,2023,JP3294460005
0.0006700893464578198,0.0007762056345193357,0.0001061162880615159,0.0001061162880615159,Overweighted,2023,JP3982100004
0.01614682956986841,0.01625189368330254,0.00010506411343412861,0.00010506411343412861,Overweighted,2023,JP3735400008
0.002527172226375353,0.002632187782111875,0.00010501555573652187,0.00010501555573652187,Overweighted,2023,BMG677491539
0.00019253812634388855,0.0002969319385123402,0.00010439381216845167,0.00010439381216845167,Overweighted,2023,AU000000ELD6
0.0006666035938053928,0.0007709169482670845,0.00010431335446169174,0.00010431335446169174,Overweighted,2023,HK0392044647
0.0016802182135838895,0.0015760738802874006,-0.00010414433329648896,0.00010414433329648896,Underweighted,2023,JP3429800000
0.006232746320470413,0.006336804342059342,0.00010405802158892918,0.00010405802158892918,Overweighted,2023,JP3726800000
0.0008752019682212258,0.0009791999715344048,0.00010399800331317905,0.00010399800331317905,Overweighted,2023,JP3783420007
0.0013602637115412554,0.0014638430251762283,0.00010357931363497294,0.00010357931363497294,Overweighted,2023,JP3711600001
0.0009211505259123103,0.0010243914312620752,0.00010324090534976499,0.00010324090534976499,Overweighted,2023,AU000000OZL8
0.0009963396397216155,0.0010992355020927771,0.00010289586237116166,0.00010289586237116166,Overweighted,2023,JP3973400009
0.003292892979381311,0.0033954664505422114,0.00010257347116090056,0.00010257347116090056,Overweighted,2023,JP3116000005
0.0031751944595620595,0.0032770353156030335,0.00010184085604097396,0.00010184085604097396,Overweighted,2023,JP3890310000
0.0009082140962824471,0.0010089890804888687,0.00010077498420642153,0.00010077498420642153,Overweighted,2023,JP3190000004
0.0004593147066827841,0.00035867762979105926,-0.00010063707689172486,0.00010063707689172486,Underweighted,2023,KYG5427W1309
0.0038779308931393354,0.003975402964471151,9.747207133181538e-05,9.747207133181538e-05,Overweighted,2023,JP3951600000
0.0012175031893627084,0.0013146266632499731,9.712347388726467e-05,9.712347388726467e-05,Overweighted,2023,JP3670800006
0.002368721157163755,0.002273877327055687,-9.484383010806806e-05,9.484383010806806e-05,Underweighted,2023,JP3160400002
0.005197083227809318,0.0051027455990061915,-9.433762880312665e-05,9.433762880312665e-05,Underweighted,2023,HK0066009694
0.00029293991898632403,0.0003871410406209302,9.420112163460617e-05,9.420112163460617e-05,Overweighted,2023,JP3164800009
0.004625262902874601,0.0047186699876021095,9.340708472750821e-05,9.340708472750821e-05,Overweighted,2023,SG1T75931496
0.05036724470169714,0.050273964017828666,-9.328068386847688e-05,9.328068386847688e-05,Underweighted,2023,JP3633400001
0.0015812688178799652,0.0016739218371301598,9.265301925019459e-05,9.265301925019459e-05,Overweighted,2023,JP3112000009
0.0005042178492512823,0.0005965382220315577,9.232037278027541e-05,9.232037278027541e-05,Overweighted,2023,JP3894900004
0.003424852949780747,0.003516739600812178,9.188665103143081e-05,9.188665103143081e-05,Overweighted,2023,JP3762800005
0.000785131610913591,0.0008768501368263127,9.171852591272176e-05,9.171852591272176e-05,Overweighted,2023,JP3305990008
0.0010192766377901264,0.0009275948787249296,-9.16817590651968e-05,9.16817590651968e-05,Underweighted,2023,JP3196000008
0.00026111766905868525,0.0003526892202783014,9.157155121961616e-05,9.157155121961616e-05,Overweighted,2023,AU000000CQR9
0.00025471003550642956,0.0003452551329862745,9.054509747984492e-05,9.054509747984492e-05,Overweighted,2023,JP3811000003
0.0008314110355008282,0.0007410339345005869,-9.037710100024126e-05,9.037710100024126e-05,Underweighted,2023,HK0293001514
0.0013357811145916553,0.0012455967173469738,-9.018439724468147e-05,9.018439724468147e-05,Underweighted,2023,JP3771800004
0.006322001160780489,0.006232956932493005,-8.904422828748346e-05,8.904422828748346e-05,Underweighted,2023,HK2388011192
0.0003052348085781068,0.0003938365465196652,8.860173794155839e-05,8.860173794155839e-05,Overweighted,2023,JP3742600004
0.0011623478331106011,0.0012505916147892801,8.824378167867904e-05,8.824378167867904e-05,Overweighted,2023,JP3598600009
0.0004609271002893881,0.000549170072996889,8.82429727075009e-05,8.82429727075009e-05,Overweighted,2023,JP3665200006
0.0004316818840740383,0.0005193489924422411,8.76671083682028e-05,8.76671083682028e-05,Overweighted,2023,JP3732200005
0.00016051549223970648,0.0002479219560030105,8.740646376330401e-05,8.740646376330401e-05,Overweighted,2023,HK0440001847
0.0051739489522956835,0.0052600414422422975,8.609248994661395e-05,8.609248994661395e-05,Overweighted,2023,AU000000TLS2
0.0003056107230798391,0.00039057745858300704,8.496673550316793e-05,8.496673550316793e-05,Overweighted,2023,JP3459600007
0.02294638505749425,0.02303112553517346,8.474047767921197e-05,8.474047767921197e-05,Overweighted,2023,JP3435000009
0.0001935602409808302,0.00010882011224902059,-8.47401287318096e-05,8.47401287318096e-05,Underweighted,2023,JP3841800000
0.0013264997544765696,0.0014111872601539981,8.468750567742849e-05,8.468750567742849e-05,Overweighted,2023,JP3940000007
0.00038961674065704824,0.0004742589657730354,8.464222511598716e-05,8.464222511598716e-05,Overweighted,2023,AU000000FLT9
0.0011962748935747992,0.0012801938439868461,8.39189504120469e-05,8.39189504120469e-05,Overweighted,2023,JP3493800001
6.304645405706706e-05,0.0001455650888784598,8.251863482139274e-05,8.251863482139274e-05,Overweighted,2023,JP3203500008
0.00038001538720577736,0.0004616477022892471,8.163231508346973e-05,8.163231508346973e-05,Overweighted,2023,JP3493400000
0.0023662233451026576,0.0024474317777715476,8.120843266889001e-05,8.120843266889001e-05,Overweighted,2023,JP3762600009
0.0005959254540168754,0.0006770033333915411,8.107787937466568e-05,8.107787937466568e-05,Overweighted,2023,JP3768600003
0.001040929002416767,0.000960866705166398,-8.006229725036895e-05,8.006229725036895e-05,Underweighted,2023,AU000000BSL0
0.006379297054980477,0.006458537051139451,7.923999615897393e-05,7.923999615897393e-05,Overweighted,2023,JP3933800009
0.0014128000932069136,0.0013337595786879828,-7.904051451893077e-05,7.904051451893077e-05,Underweighted,2023,JP3900000005
0.00629909833675759,0.006220282118800308,-7.881621795728221e-05,7.881621795728221e-05,Underweighted,2023,JP3802400006
0.0006360535503939471,0.0005573954137825716,-7.865813661137554e-05,7.865813661137554e-05,Underweighted,2023,JP3118000003
0.0008479870009883726,0.0009264037980007444,7.841679701237178e-05,7.841679701237178e-05,Overweighted,2023,HK0019000162
0.0003304940883825261,0.00025221186658595855,-7.828222179656754e-05,7.828222179656754e-05,Underweighted,2023,JP3902000003
0.010182372807938078,0.010104165387781975,-7.82074201561029e-05,7.82074201561029e-05,Underweighted,2023,JP3756600007
0.0003251458502442434,0.0004029682246428213,7.782237439857791e-05,7.782237439857791e-05,Overweighted,2023,AU000000SGM7
0.0001765664201173933,0.0002536815072163702,7.71150870989769e-05,7.71150870989769e-05,Overweighted,2023,HK0308001558
7.307032298135941e-05,0.00015008036760624614,7.701004462488674e-05,7.701004462488674e-05,Overweighted,2023,AU000000GWA4
0.001222251828337071,0.001145305272957526,-7.694655537954492e-05,7.694655537954492e-05,Underweighted,2023,JP3419400001
0.0003672016734669756,0.00029028049097874547,-7.692118248823013e-05,7.692118248823013e-05,Underweighted,2023,AU000000ANN9
0.00012401450479463882,0.00020074139841227026,7.672689361763144e-05,7.672689361763144e-05,Overweighted,2023,HK0242001243
0.0005158541117821787,0.0004391986298987753,-7.665548188340342e-05,7.665548188340342e-05,Underweighted,2023,JP3939000000
0.00490763372157255,0.004983091931084625,7.545820951207483e-05,7.545820951207483e-05,Overweighted,2023,AU000000GMG2
0.00038872510873971615,0.0004622293532578136,7.350424451809745e-05,7.350424451809745e-05,Overweighted,2023,JP3219000001
0.004394504213245076,0.004467963270474546,7.345905722946997e-05,7.345905722946997e-05,Overweighted,2023,JP3566800003
0.0003596088218782664,0.00043297976090826267,7.33709390299963e-05,7.33709390299963e-05,Overweighted,2023,JP3131400008
0.006459629362654393,0.0063863976471137856,-7.323171554060766e-05,7.323171554060766e-05,Underweighted,2023,JP3893600001
0.000526881454954897,0.000454242281984229,-7.2639172970668e-05,7.2639172970668e-05,Underweighted,2023,JP3209000003
0.007922555013945606,0.007994241242132417,7.168622818681109e-05,7.168622818681109e-05,Overweighted,2023,JP3898400001
0.0008789626666042587,0.0008073563065456577,-7.160636005860098e-05,7.160636005860098e-05,Underweighted,2023,JP3260800002
0.025565713811325278,0.02563722158879396,7.150777746868162e-05,7.150777746868162e-05,Overweighted,2023,AU000000BHP4
0.00149403179962671,0.0015654859108484554,7.145411122174545e-05,7.145411122174545e-05,Overweighted,2023,HK0101000591
0.002084254848123505,0.0020132960592284563,-7.095878889504855e-05,7.095878889504855e-05,Underweighted,2023,JP3402600005
0.00837788223085175,0.008306974302019945,-7.090792883180513e-05,7.090792883180513e-05,Underweighted,2023,AU000000ANZ3
0.0005095210397839857,0.0005797593934593316,7.023835367534598e-05,7.023835367534598e-05,Overweighted,2023,JP3131430005
0.0002492049074314734,0.00031786073748040356,6.865583004893018e-05,6.865583004893018e-05,Overweighted,2023,HK0363006039
0.00025811967323908445,0.00019050851313944816,-6.76111600996363e-05,6.76111600996363e-05,Underweighted,2023,JP3491000000
0.0006849907837103747,0.0007524698533327498,6.74790696223751e-05,6.74790696223751e-05,Overweighted,2023,JP3108600002
0.010497956138873792,0.010565366803643873,6.741066477008138e-05,6.741066477008138e-05,Overweighted,2023,SG1L01001701
0.00011594632329878038,4.8795023690789655e-05,-6.715129960799073e-05,6.715129960799073e-05,Underweighted,2023,JP3528600004
0.003099697779342246,0.00303275463588782,-6.694314345442572e-05,6.694314345442572e-05,Underweighted,2023,JP3899600005
0.00032289813006239755,0.00038965718916962686,6.675905910722931e-05,6.675905910722931e-05,Overweighted,2023,JP3415400005
0.0007843005602589348,0.0008508182930609227,6.651773280198791e-05,6.651773280198791e-05,Overweighted,2023,JP3869010003
0.0007661261814561732,0.0007006744710549205,-6.54517104012527e-05,6.54517104012527e-05,Underweighted,2023,JP3868400007
0.004379332490359045,0.004314173678374961,-6.515881198408333e-05,6.515881198408333e-05,Underweighted,2023,JP3818000006
0.0046629615352818,0.004598730320973993,-6.423121430780727e-05,6.423121430780727e-05,Underweighted,2023,AU000000WOW2
0.00939697712485385,0.009332755942101329,-6.422118275252117e-05,6.422118275252117e-05,Underweighted,2023,JP3802300008
7.05181431204246e-05,0.00013469206144359466,6.417391832317005e-05,6.417391832317005e-05,Overweighted,2023,JP3826800009
0.0005780011670933655,0.0006421158907424872,6.411472364912173e-05,6.411472364912173e-05,Overweighted,2023,AU000000CIM7
0.0007388537396920634,0.000802835960403314,6.398222071125057e-05,6.398222071125057e-05,Overweighted,2023,SG1R89002252
0.001662662074333564,0.0017265650982218655,6.390302388830163e-05,6.390302388830163e-05,Overweighted,2023,JP3906000009
0.0011865523775981765,0.0011227917644685411,-6.376061312963533e-05,6.376061312963533e-05,Underweighted,2023,AU000000IAG3
0.00021342934177280657,0.00027697612199580507,6.35467802229985e-05,6.35467802229985e-05,Overweighted,2023,JP3352400000
0.00046032128766262937,0.0005232815931800002,6.296030551737088e-05,6.296030551737088e-05,Overweighted,2023,JP3600200004
0.0010245192470601538,0.001087357904678454,6.283865761830027e-05,6.283865761830027e-05,Overweighted,2023,SGXE21576413
0.0016354377869064528,0.0016977091986205824,6.227141171412961e-05,6.227141171412961e-05,Overweighted,2023,JP3659000008
0.0008298592231569001,0.0008918902404272612,6.203101727036107e-05,6.203101727036107e-05,Overweighted,2023,KYG525621408
0.0030594127930285006,0.002997809103886739,-6.160368914176137e-05,6.160368914176137e-05,Underweighted,2023,AU000000ALL7
0.00016268243740465114,0.00022408740382910485,6.140496642445371e-05,6.140496642445371e-05,Overweighted,2023,JP3165600002
0.00034672520668253094,0.00040776726956767055,6.104206288513962e-05,6.104206288513962e-05,Overweighted,2023,JP3215800008
0.0010895897366368788,0.0011502975015587414,6.070776492186252e-05,6.070776492186252e-05,Overweighted,2023,JP3626800001
0.0024324945863729327,0.0023718904517987657,-6.060413457416704e-05,6.060413457416704e-05,Underweighted,2023,JP3119600009
0.0005215471971080011,0.0005817925731117588,6.0245376003757755e-05,6.0245376003757755e-05,Overweighted,2023,JP3305530002
0.005006510109088122,0.005066746481623624,6.0236372535502417e-05,6.0236372535502417e-05,Overweighted,2023,HK0688002218
0.0031746445681008475,0.0031145111911804685,-6.0133376920379e-05,6.0133376920379e-05,Underweighted,2023,JP3893200000
0.0009184212623604768,0.0009785013573356848,6.0080094975208044e-05,6.0080094975208044e-05,Overweighted,2023,JP3223800008
0.00939522337496767,0.009455182152063238,5.995877709556903e-05,5.995877709556903e-05,Overweighted,2023,JP3481800005
0.0030337170174596726,0.0029737657856478334,-5.995123181183918e-05,5.995123181183918e-05,Underweighted,2023,JP3188220002
0.0003958193299356317,0.0004552651459336111,5.94458159979794e-05,5.94458159979794e-05,Overweighted,2023,JP3667600005
0.0007865498338064903,0.0008457483504419736,5.919851663548331e-05,5.919851663548331e-05,Overweighted,2023,HK0000055878
0.0002077813040525637,0.0001486774769425979,-5.91038271099658e-05,5.91038271099658e-05,Underweighted,2023,SG9999003735
0.0006366857702377697,0.0005777849193538019,-5.890085088396785e-05,5.890085088396785e-05,Underweighted,2023,KYG0535Q1331
0.0027778031235282737,0.0027193016742643465,-5.850144926392714e-05,5.850144926392714e-05,Underweighted,2023,AU0000224040
0.0012210868040548428,0.001279555892301676,5.846908824683325e-05,5.846908824683325e-05,Overweighted,2023,AU000000DXS1
0.006500170654310228,0.006557609067410208,5.743841309998037e-05,5.743841309998037e-05,Overweighted,2023,JP3910660004
0.0015675557053952834,0.001624625046235689,5.706934084040568e-05,5.706934084040568e-05,Overweighted,2023,AU000000SUN6
0.002489103892929261,0.0024320592047109564,-5.704468821830441e-05,5.704468821830441e-05,Underweighted,2023,JP3538800008
0.002655383925317433,0.0027119049112469726,5.652098592953984e-05,5.652098592953984e-05,Overweighted,2023,JP3122400009
0.0019164525173398879,0.0018602581316023658,-5.619438573752208e-05,5.619438573752208e-05,Underweighted,2023,AU000000QBE9
0.0030424453793821277,0.0030980275574618962,5.558217807976858e-05,5.558217807976858e-05,Overweighted,2023,JP3505000004
0.0022325546724226205,0.002287980431100329,5.5425758677708336e-05,5.5425758677708336e-05,Overweighted,2023,JP3240400006
0.0004873917918844863,0.0005428122417111244,5.542044982663805e-05,5.542044982663805e-05,Overweighted,2023,JP3582600007
5.540855486277828e-05,4.726985964752575e-16,-5.540855486230558e-05,5.540855486230558e-05,Underweighted,2023,JP3305800009
0.0009234153331169621,0.0008695906907475342,-5.382464236942789e-05,5.382464236942789e-05,Underweighted,2023,JP3277800003
0.00042967493557718637,0.0003758886987948995,-5.378623678228687e-05,5.378623678228687e-05,Underweighted,2023,JP3243600008
0.0016272235890338882,0.0016806432403694267,5.3419651335538535e-05,5.3419651335538535e-05,Overweighted,2023,JP3551520004
0.0003840743318050608,0.0004374140071467603,5.333967534169951e-05,5.333967534169951e-05,Overweighted,2023,JP3733400000
0.00017475830243137496,0.00012146370639348942,-5.329459603788553e-05,5.329459603788553e-05,Underweighted,2023,NZAIRE0001S2
0.0007872861291528585,0.0007340603585751552,-5.322577057770338e-05,5.322577057770338e-05,Underweighted,2023,AU000000BLD2
0.0006057349584732378,0.000554732865636518,-5.100209283671973e-05,5.100209283671973e-05,Underweighted,2023,AU000000JBH7
0.0007055821995573325,0.000756482620619649,5.0900421062316514e-05,5.0900421062316514e-05,Overweighted,2023,JP3268950007
0.0012939753832481745,0.0013448639431163727,5.088855986819826e-05,5.088855986819826e-05,Overweighted,2023,JP3574200006
0.001267061768962991,0.001216283041509436,-5.07787274535551e-05,5.07787274535551e-05,Underweighted,2023,JP3820000002
0.008362370320875308,0.008311610038367815,-5.076028250749348e-05,5.076028250749348e-05,Underweighted,2023,AU000000WBC1
0.00152996425522205,0.0015805413217932938,5.0577066571243744e-05,5.0577066571243744e-05,Overweighted,2023,HK0083000502
0.006488782930292874,0.006539260011291351,5.0477080998477183e-05,5.0477080998477183e-05,Overweighted,2023,SG1S04926220
0.0011662017334362123,0.0011164174449348392,-4.9784288501373165e-05,4.9784288501373165e-05,Underweighted,2023,JP3027680002
0.0003831640594992131,0.00043286925639437514,4.970519689516205e-05,4.970519689516205e-05,Overweighted,2023,JP3293200006
0.017888547085262566,0.0178391752634434,-4.937182181916425e-05,4.937182181916425e-05,Underweighted,2023,AU000000CBA7
0.0003114498247823674,0.0002622037018315579,-4.9246122950809496e-05,4.9246122950809496e-05,Underweighted,2023,JP3156400008
0.0002229918610813365,0.0001738315411650153,-4.916031991632119e-05,4.916031991632119e-05,Underweighted,2023,JP3172100004
0.0013377958299170551,0.0012887658744908269,-4.902995542622828e-05,4.902995542622828e-05,Underweighted,2023,JP3942600002
0.0009044409709737371,0.000855822601422338,-4.8618369551399086e-05,4.8618369551399086e-05,Underweighted,2023,JP3039710003
0.0011430208569512884,0.0011915702464771428,4.854938952585444e-05,4.854938952585444e-05,Overweighted,2023,AU000000MGR9
0.0036097982245359263,0.0035613862273297684,-4.841199720615787e-05,4.841199720615787e-05,Underweighted,2023,JP3783600004
0.000322017371705033,0.00027433087294877055,-4.7686498756262436e-05,4.7686498756262436e-05,Underweighted,2023,JP3835620000
0.0014490432219441815,0.001496729434837787,4.768621289360543e-05,4.768621289360543e-05,Overweighted,2023,HK0270001396
0.0008161119366266061,0.0008634316370186082,4.7319700392002085e-05,4.7319700392002085e-05,Overweighted,2023,JP3792600003
0.0004345105630312886,0.00048141399181597265,4.690342878468402e-05,4.690342878468402e-05,Overweighted,2023,BMG8063F1068
0.004354803292438155,0.004401405736582237,4.660244414408151e-05,4.660244414408151e-05,Overweighted,2023,AU000000TCL6
0.0006860563925871862,0.0007324991687209186,4.6442776133732424e-05,4.6442776133732424e-05,Overweighted,2023,AU000000WOR2
0.0016885349335932901,0.0017347959240230101,4.6260990429720017e-05,4.6260990429720017e-05,Overweighted,2023,JP3357200009
0.0021959775700577805,0.002149875300827044,-4.610226923073635e-05,4.610226923073635e-05,Underweighted,2023,JP3814800003
0.00038578614081708157,0.0003400195864142381,-4.5766554402843493e-05,4.5766554402843493e-05,Underweighted,2023,JP3721400004
0.0009757062830004974,0.0010212701658863297,4.556388288583235e-05,4.556388288583235e-05,Overweighted,2023,JP3414750004
0.0008777712351049667,0.000832327944922716,-4.544329018225067e-05,4.544329018225067e-05,Underweighted,2023,JP3787000003
0.008331734842349833,0.00828655401217465,-4.518083017518264e-05,4.518083017518264e-05,Underweighted,2023,JP3734800000
0.0007547104968560455,0.0007100093042315006,-4.470119262454486e-05,4.470119262454486e-05,Underweighted,2023,JP3143000002
0.00023891851970225228,0.0001947925945770124,-4.412592512523987e-05,4.412592512523987e-05,Underweighted,2023,JP3320800000
0.013901661567883531,0.01385795252198652,-4.37090458970113e-05,4.37090458970113e-05,Underweighted,2023,AU000000CSL8
9.683526497310723e-05,0.00014042818778943516,4.359292281632792e-05,4.359292281632792e-05,Overweighted,2023,AU000000MND5
0.00031655263113852735,0.00036003903804591607,4.348640690738872e-05,4.348640690738872e-05,Overweighted,2023,BMG684371393
0.0006934162393194498,0.0007367876705922465,4.337143127279672e-05,4.337143127279672e-05,Overweighted,2023,JP3955000009
0.00010442034973326834,0.00014716532393773044,4.2744974204462105e-05,4.2744974204462105e-05,Overweighted,2023,AU000000SBM8
0.0009442304336261078,0.0009867562206726508,4.252578704654303e-05,4.252578704654303e-05,Overweighted,2023,JP3766550002
0.000622778487039383,0.0005803388599100159,-4.243962712936712e-05,4.243962712936712e-05,Underweighted,2023,JP3870400003
0.0001233667512937199,0.0001657423810036823,4.237562970996241e-05,4.237562970996241e-05,Overweighted,2023,JP3425000001
0.0013804512523037076,0.0014227605023339528,4.230925003024513e-05,4.230925003024513e-05,Overweighted,2023,JP3982800009
0.0003102941206943969,0.0003524948644491613,4.2200743754764423e-05,4.2200743754764423e-05,Overweighted,2023,AU0000033359
0.0007094283330543956,0.0006680009183490552,-4.14274147053404e-05,4.14274147053404e-05,Underweighted,2023,SG1S83002349
0.00031466218506989827,0.0003557926500490962,4.113046497919795e-05,4.113046497919795e-05,Overweighted,2023,JP3300600008
0.0012911420441937952,0.0012500453614534709,-4.109668274032436e-05,4.109668274032436e-05,Underweighted,2023,JP3942800008
0.002003430123519634,0.0020444967385747997,4.1066615055165845e-05,4.1066615055165845e-05,Overweighted,2023,JP3197600004
0.003624580052628839,0.0036641755167174544,3.9595464088615535e-05,3.9595464088615535e-05,Overweighted,2023,KYG210961051
0.0017165887183093478,0.0017561735873643433,3.958486905499556e-05,3.958486905499556e-05,Overweighted,2023,JP3102000001
0.009998062859758142,0.01003747651557748,3.941365581933837e-05,3.941365581933837e-05,Overweighted,2023,JP3198900007
0.002035511785520782,0.0019961561340835223,-3.935565143725964e-05,3.935565143725964e-05,Underweighted,2023,HK0006000050
5.6426009402591e-05,1.7087086378143324e-05,-3.933892302444768e-05,3.933892302444768e-05,Underweighted,2023,AU000000SXL4
0.0001830004608867128,0.00022230340375711355,3.9302942870400744e-05,3.9302942870400744e-05,Overweighted,2023,AU000000IVC8
0.011293063464374677,0.01125376648038808,-3.929698398659649e-05,3.929698398659649e-05,Underweighted,2023,JP3371200001
0.011078424050714061,0.011117363942223785,3.893989150972367e-05,3.893989150972367e-05,Overweighted,2023,HK0388045442
0.008168976290025408,0.008207744355670848,3.876806564544026e-05,3.876806564544026e-05,Overweighted,2023,AU000000MQG1
0.004909601835926662,0.004948349727316214,3.8747891389552015e-05,3.8747891389552015e-05,Overweighted,2023,JP3830800003
0.0004740716809243427,0.00043540511011758474,-3.866657080675795e-05,3.866657080675795e-05,Underweighted,2023,JP3292200007
0.0017997046573349344,0.0018383154583272178,3.861080099228347e-05,3.861080099228347e-05,Overweighted,2023,JP3684000007
4.053663155870653e-05,7.875219648677259e-05,3.8215564928066064e-05,3.8215564928066064e-05,Overweighted,2023,AU000000MAH3
0.002114275193827964,0.002076287369202775,-3.798782462518906e-05,3.798782462518906e-05,Underweighted,2023,JP3111200006
0.00011876723542748253,0.0001565921083437167,3.7824872916234165e-05,3.7824872916234165e-05,Overweighted,2023,AU000000SWM4
0.002397304639586799,0.002435066835519793,3.7762195932994e-05,3.7762195932994e-05,Overweighted,2023,JP3197800000
0.003753579307985705,0.003791326945055554,3.7747637069849e-05,3.7747637069849e-05,Overweighted,2023,IE00BKVD2N49
0.0006661981653551771,0.0006287593302737885,-3.7438835081388686e-05,3.7438835081388686e-05,Underweighted,2023,JP3495000006
0.0026190584681975546,0.002655974025907141,3.6915557709586624e-05,3.6915557709586624e-05,Overweighted,2023,US89677Q1076
0.0009330368803224583,0.0008961904670281126,-3.684641329434568e-05,3.684641329434568e-05,Underweighted,2023,JP3283650004
0.00020325479637467935,0.00016665400927333275,-3.6600787101346606e-05,3.6600787101346606e-05,Underweighted,2023,JP3389900006
0.0005059995597202369,0.00046953844061079565,-3.6461119109441225e-05,3.6461119109441225e-05,Underweighted,2023,JP3040890000
0.0012432812933141468,0.0012070537808553873,-3.622751245875946e-05,3.622751245875946e-05,Underweighted,2023,JP3148800000
0.004211064149862536,0.004247285074948314,3.622092508577795e-05,3.622092508577795e-05,Overweighted,2023,JP3200450009
0.0014501398981351856,0.0014862051235890485,3.606522545386288e-05,3.606522545386288e-05,Overweighted,2023,JP3885400006
0.0004915051042836071,0.0004555702373578667,-3.5934866925740395e-05,3.5934866925740395e-05,Underweighted,2023,JP3269600007
0.01002971579282343,0.009993988841953828,-3.572695086960162e-05,3.572695086960162e-05,Underweighted,2023,AU000000NAB4
0.006533005698680551,0.006497463070866418,-3.5542627814132664e-05,3.5542627814132664e-05,Underweighted,2023,JP3475350009
0.00027418613477386757,0.00023919206448790858,-3.499407028595899e-05,3.499407028595899e-05,Underweighted,2023,HK0200030994
0.000870325953258673,0.0008362349842087833,-3.409096904988967e-05,3.409096904988967e-05,Underweighted,2023,JP3229400001
0.0022716466738713637,0.0022377750601843783,-3.387161368698533e-05,3.387161368698533e-05,Underweighted,2023,JP3635000007
0.0004464947794811438,0.0004802957975852915,3.3801018104147654e-05,3.3801018104147654e-05,Overweighted,2023,AU000000CGF5
0.0008154160287886885,0.0007816232073411687,-3.379282144751975e-05,3.379282144751975e-05,Underweighted,2023,JP3944130008
0.00015508803245023223,0.00018836616452760793,3.3278132077375704e-05,3.3278132077375704e-05,Overweighted,2023,JP3411000007
0.0004170631593806375,0.0003838112422129738,-3.3251917167663686e-05,3.3251917167663686e-05,Underweighted,2023,JP3588600001
0.0011607556332582224,0.0011282298147482193,-3.252581851000309e-05,3.252581851000309e-05,Underweighted,2023,JP3596200000
0.0013353834529699878,0.0013028885697627048,-3.2494883207283016e-05,3.2494883207283016e-05,Underweighted,2023,SG1M77906915
0.0003857084725315997,0.0003532413576088726,-3.2467114922727096e-05,3.2467114922727096e-05,Underweighted,2023,JP3780100008
0.0007054921043461736,0.0007375445656528807,3.2052461306707105e-05,3.2052461306707105e-05,Overweighted,2023,JP3351500008
0.008299137462933084,0.008267262236649356,-3.187522628372852e-05,3.187522628372852e-05,Underweighted,2023,JP3854600008
0.0011855364764240734,0.0012173231267385437,3.178665031447025e-05,3.178665031447025e-05,Overweighted,2023,SG1U68934629
0.0018088601948275393,0.001840358651977637,3.1498457150097754e-05,3.1498457150097754e-05,Overweighted,2023,AU000000ASX7
0.0008042488827021027,0.0007731112587486288,-3.113762395347394e-05,3.113762395347394e-05,Underweighted,2023,AU0000088338
0.0009544577934583627,0.000985293382284889,3.083558882652627e-05,3.083558882652627e-05,Overweighted,2023,JP3375800004
0.0007296158738168477,0.0007599563105807223,3.0340436763874536e-05,3.0340436763874536e-05,Overweighted,2023,JP3166000004
0.0037281025569819363,0.0037581833117161585,3.0080754734222205e-05,3.0080754734222205e-05,Overweighted,2023,JP3205800000
0.0028074879422394514,0.0028374177908311146,2.9929848591663238e-05,2.9929848591663238e-05,Overweighted,2023,HK0823032773
0.00029665712312948716,0.00032647826218188173,2.982113905239457e-05,2.982113905239457e-05,Overweighted,2023,SGXE34184239
0.00039961886246140565,0.0004293954907178363,2.977662825643068e-05,2.977662825643068e-05,Overweighted,2023,JP3765400001
0.0031345956933749673,0.00316436396024142,2.9768266866452876e-05,2.9768266866452876e-05,Overweighted,2023,JP3388200002
0.0010476550759394984,0.0010773116257167474,2.9656549777248983e-05,2.9656549777248983e-05,Overweighted,2023,AU000000QAN2
0.0008517570195656634,0.0008226204895343331,-2.9136530031330268e-05,2.9136530031330268e-05,Underweighted,2023,JP3888300005
0.004531622911166219,0.0045027463399798,-2.887657118641907e-05,2.887657118641907e-05,Underweighted,2023,JP3201200007
0.00021265421228369732,0.00024145513362461076,2.8800921340913443e-05,2.8800921340913443e-05,Overweighted,2023,JP3834800009
4.4901589202788585e-05,7.312100505738082e-05,2.8219415854592232e-05,2.8219415854592232e-05,Overweighted,2023,JP3599000001
0.007912284159873481,0.007940406840393313,2.8122680519831675e-05,2.8122680519831675e-05,Overweighted,2023,JP3914400001
0.002410564169284267,0.0023827408778008125,-2.782329148345473e-05,2.782329148345473e-05,Underweighted,2023,BMG2178K1009
0.012967574612341357,0.012995131509115528,2.755689677417031e-05,2.755689677417031e-05,Overweighted,2023,JP3902900004
5.567573376483597e-05,2.8127628230277218e-05,-2.7548105534558754e-05,2.7548105534558754e-05,Underweighted,2023,AU000000SIG5
0.00024093323502765243,0.00026823071075504184,2.7297475727389414e-05,2.7297475727389414e-05,Overweighted,2023,JP3678000005
0.003943327589515084,0.00391649096007935,-2.6836629435734137e-05,2.6836629435734137e-05,Underweighted,2023,JP3266400005
0.0001327506335456415,0.00015953917461645264,2.678854107081115e-05,2.678854107081115e-05,Overweighted,2023,AU000000ERA9
0.00048159929115324716,0.0004548199309994662,-2.677936015378098e-05,2.677936015378098e-05,Underweighted,2023,JP3549600009
0.0005480414026515823,0.0005215790008303296,-2.6462401821252695e-05,2.6462401821252695e-05,Underweighted,2023,NZFBUE0001S0
0.0032508029821129666,0.0032771736093867394,2.6370627273772807e-05,2.6370627273772807e-05,Overweighted,2023,JP3351600006
0.0004222358671937312,0.00039594791024138683,-2.6287956952344353e-05,2.6287956952344353e-05,Underweighted,2023,BMG988031446
0.000381178858122296,0.00035504362590723076,-2.6135232215065258e-05,2.6135232215065258e-05,Underweighted,2023,AU000000BPT9
0.0020373665041780896,0.002063155380212948,2.5788876034858483e-05,2.5788876034858483e-05,Overweighted,2023,AU000000NCM7
0.0010724390258367686,0.0010469712876689915,-2.5467738167777058e-05,2.5467738167777058e-05,Underweighted,2023,AU000000SGP0
4.207912370837681e-05,6.754087143782291e-05,2.54617477294461e-05,2.54617477294461e-05,Overweighted,2023,HK0000139300
0.0027695687319014843,0.0027945658164675443,2.499708456606001e-05,2.499708456606001e-05,Overweighted,2023,AU000000STO6
0.0018895590968089297,0.0019143478400203957,2.478874321146609e-05,2.478874321146609e-05,Overweighted,2023,JP3733000008
0.0005272433891652426,0.0005025117712279744,-2.4731617937268253e-05,2.4731617937268253e-05,Underweighted,2023,JP3635400009
0.0011991330864805326,0.0012236081601304741,2.4475073649941545e-05,2.4475073649941545e-05,Overweighted,2023,JP3499800005
0.0004926872155886413,0.0004683567540929865,-2.433046149565482e-05,2.433046149565482e-05,Underweighted,2023,HK0014000126
0.003054451342951917,0.0030785845101799774,2.413316722806036e-05,2.413316722806036e-05,Overweighted,2023,JP3404600003
0.0025791493963855413,0.002555265731867267,-2.3883664518274325e-05,2.3883664518274325e-05,Underweighted,2023,JP3173400007
0.0005248030516354017,0.000501364218386426,-2.3438833248975652e-05,2.3438833248975652e-05,Underweighted,2023,JP3358200008
0.0013836542923969805,0.0014070210396816354,2.336674728465487e-05,2.336674728465487e-05,Overweighted,2023,JP3539220008
0.00024285940850760323,0.00021951605393264698,-2.3343354574956252e-05,2.3343354574956252e-05,Underweighted,2023,AU000000IRE2
0.012061401638601374,0.01208444404822003,2.3042409618655862e-05,2.3042409618655862e-05,Overweighted,2023,JP3571400005
0.0028434235045662103,0.0028663024745049642,2.2878969938753928e-05,2.2878969938753928e-05,Overweighted,2023,JP3877600001
0.0007704942458316745,0.0007933263277262034,2.2832081894528893e-05,2.2832081894528893e-05,Overweighted,2023,BMG4600H1198
0.0036874525297264267,0.0037101627009354147,2.2710171208987964e-05,2.2710171208987964e-05,Overweighted,2023,JP3304200003
0.0035109870783801597,0.0034889835402781744,-2.200353810198532e-05,2.200353810198532e-05,Underweighted,2023,JP3672400003
0.0014874905766234252,0.0014661141375911662,-2.1376439032258932e-05,2.1376439032258932e-05,Underweighted,2023,JP3027670003
0.0006228421750334782,0.0006015359008809304,-2.1306274152547793e-05,2.1306274152547793e-05,Underweighted,2023,JP3743000006
0.004248422595179324,0.004227637766588249,-2.0784828591075347e-05,2.0784828591075347e-05,Underweighted,2023,JP3866800000
0.001149106943801649,0.0011696778187395116,2.0570874937862532e-05,2.0570874937862532e-05,Overweighted,2023,NZAIAE0002S6
0.0005915496228128259,0.0005715261989042096,-2.0023423908616307e-05,2.0023423908616307e-05,Underweighted,2023,SG0531000230
0.00043911163226323564,0.0004194089424173318,-1.970268984590384e-05,1.970268984590384e-05,Underweighted,2023,AU000000MTS0
0.0003397428278177092,0.0003593022816552875,1.9559453837578297e-05,1.9559453837578297e-05,Overweighted,2023,SG1N31909426
0.000215266973407308,0.00019617642145907047,-1.909055194823753e-05,1.909055194823753e-05,Underweighted,2023,AU000000PPT9
0.0003433342093383917,0.0003623673570881505,1.9033147749758777e-05,1.9033147749758777e-05,Overweighted,2023,AU000000AMP6
0.0005582004143926131,0.0005770407756605714,1.884036126795826e-05,1.884036126795826e-05,Overweighted,2023,AU000000BOQ8
0.0008516948849372778,0.0008704642167935088,1.876933185623094e-05,1.876933185623094e-05,Overweighted,2023,NZTELE0001S4
0.0002328666068975036,0.00021444759585180354,-1.8419011045700068e-05,1.8419011045700068e-05,Underweighted,2023,SG1T58930911
0.0032857210898999136,0.0033038238634320537,1.8102773532140126e-05,1.8102773532140126e-05,Overweighted,2023,HK0012000102
0.008008019641924165,0.00802544195333644,1.742231141227575e-05,1.742231141227575e-05,Overweighted,2023,JP3143600009
0.0012585322378513703,0.0012420382431951218,-1.6493994656248444e-05,1.6493994656248444e-05,Underweighted,2023,AU000000TAH8
0.0008230383943258809,0.0008392579105142442,1.6219516188363363e-05,1.6219516188363363e-05,Overweighted,2023,JP3688370000
0.001380179413304521,0.0013640132877488743,-1.6166125555646792e-05,1.6166125555646792e-05,Underweighted,2023,AU000000CPU5
0.006529942461501144,0.0065455941225342025,1.565166103305836e-05,1.565166103305836e-05,Overweighted,2023,BMG507361001
0.0001601954989035211,0.00017555813052290016,1.5362631619379052e-05,1.5362631619379052e-05,Overweighted,2023,JP3352000008
0.000669110726060748,0.0006839924534465383,1.488172738579028e-05,1.488172738579028e-05,Overweighted,2023,JP3676800000
0.0006633306522551859,0.0006486429231714487,-1.4687729083737167e-05,1.4687729083737167e-05,Underweighted,2023,JP3896800004
0.0003732597997345628,0.0003587401276319211,-1.4519672102641663e-05,1.4519672102641663e-05,Underweighted,2023,JP3560800009
0.000546644926878618,0.0005610208711952474,1.4375944316629406e-05,1.4375944316629406e-05,Overweighted,2023,JP3122800000
0.0005297551815177268,0.0005438785955970797,1.4123414079352946e-05,1.4123414079352946e-05,Overweighted,2023,JP3126340003
0.001620252083729034,0.001606532919436887,-1.3719164292147088e-05,1.3719164292147088e-05,Underweighted,2023,HK0004000045
0.002811079323760134,0.002824792501049758,1.371317728962422e-05,1.371317728962422e-05,Overweighted,2023,JP3592200004
0.0007302543071235088,0.0007438059078583664,1.3551600734857685e-05,1.3551600734857685e-05,Overweighted,2023,JP3419050004
0.00037517975975167505,0.0003618151981707832,-1.3364561580891845e-05,1.3364561580891845e-05,Underweighted,2023,JP3126400005
0.0002525291100500982,0.00026584664379485594,1.331753374475775e-05,1.331753374475775e-05,Overweighted,2023,JP3888400003
0.0008083777287583198,0.0007951501832640197,-1.3227545494300108e-05,1.3227545494300108e-05,Underweighted,2023,JP3494600004
0.00014560939489002272,0.00013240750644393079,-1.3201888446091935e-05,1.3201888446091935e-05,Underweighted,2023,BMG8403G1033
0.004035213831337286,0.004022111890623971,-1.3101940713314275e-05,1.3101940713314275e-05,Underweighted,2023,JP3634600005
0.0010375442185354663,0.0010506214427960022,1.3077224260535933e-05,1.3077224260535933e-05,Overweighted,2023,JP3322930003
0.0004036886806206566,0.0003909903900053262,-1.2698290615330418e-05,1.2698290615330418e-05,Underweighted,2023,JP3634200004
0.0011468017490885466,0.001159401841611263,1.2600092522716249e-05,1.2600092522716249e-05,Overweighted,2023,JP3675600005
0.0009800075526504844,0.0009923663730299036,1.2358820379419202e-05,1.2358820379419202e-05,Overweighted,2023,JP3164630000
0.003753622802225575,0.0037657183926699278,1.209559044435286e-05,1.209559044435286e-05,Overweighted,2023,HK0291001490
0.0014445757421632632,0.0014324939092504065,-1.2081832912856682e-05,1.2081832912856682e-05,Underweighted,2023,AU000000COH5
0.00018916110929113612,0.000177118904749692,-1.2042204541444116e-05,1.2042204541444116e-05,Underweighted,2023,JP3274400005
0.00038702883338479177,0.0003754813458088906,-1.1547487575901193e-05,1.1547487575901193e-05,Underweighted,2023,JP3613400005
0.0005055211230816684,0.0005169281095473092,1.1406986465640773e-05,1.1406986465640773e-05,Overweighted,2023,JP3224200000
0.00010113808798880379,0.00011231361669899263,1.1175528710188844e-05,1.1175528710188844e-05,Overweighted,2023,BMG2108M2182
0.002289813285845577,0.002278757511870432,-1.1055773975145091e-05,1.1055773975145091e-05,Underweighted,2023,JP3409000001
0.0004851580519940272,0.0004742214969390564,-1.0936555054970808e-05,1.0936555054970808e-05,Underweighted,2023,JP3405400007
0.012168218831624613,0.012179130352156058,1.0911520531444938e-05,1.0911520531444938e-05,Overweighted,2023,JP3436100006
0.00016092247405563158,0.00017136478728237985,1.044231322674827e-05,1.044231322674827e-05,Overweighted,2023,JP3919800007
0.007955627723269503,0.007945374984223789,-1.025273904571404e-05,1.025273904571404e-05,Underweighted,2023,JP3788600009
0.0010432574976155138,0.0010534937280073974,1.0236230391883578e-05,1.0236230391883578e-05,Overweighted,2023,JP3452000007
0.005337043031613389,0.005346455550636114,9.412519022725281e-06,9.412519022725281e-06,Overweighted,2023,KYG2108Y1052
0.0015900934884764174,0.0015993994001344295,9.305911658012136e-06,9.305911658012136e-06,Overweighted,2023,HK0000608585
0.0031671278314319103,0.003158195144039579,-8.932687392331547e-06,8.932687392331547e-06,Underweighted,2023,JP3351100007
0.0012964483414579177,0.001305240757431907,8.792415973989283e-06,8.792415973989283e-06,Overweighted,2023,AU000000APA1
0.00041607211205788865,0.00042479955735168917,8.727445293800517e-06,8.727445293800517e-06,Overweighted,2023,AU000000DOW2
0.001646778909952518,0.0016383941406542684,-8.384769298249621e-06,8.384769298249621e-06,Underweighted,2023,JP3407400005
0.00014869437918936328,0.0001407351852837307,-7.959193905632581e-06,7.959193905632581e-06,Underweighted,2023,JP3684400009
0.0006684070513942822,0.000660481050388897,-7.926001005385125e-06,7.926001005385125e-06,Underweighted,2023,AU000000CWY3
0.00046951099920084627,0.000461616981790431,-7.894017410415275e-06,7.894017410415275e-06,Underweighted,2023,HK0010000088
0.00022559840874210863,0.00023334392361242055,7.745514870311914e-06,7.745514870311914e-06,Overweighted,2023,JP3827200001
0.0006472859378403377,0.0006395590888514177,-7.726848988919965e-06,7.726848988919965e-06,Underweighted,2023,NZCENE0001S6
0.002159759295171867,0.0021671657614984745,7.406466326607703e-06,7.406466326607703e-06,Overweighted,2023,JP3420600003
0.001060315006473046,0.0010672248218890684,6.909815416022286e-06,6.909815416022286e-06,Overweighted,2023,JP3359600008
0.000769806104822305,0.0007634986587388807,-6.307446083424315e-06,6.307446083424315e-06,Underweighted,2023,AU000000LLC3
0.00077360097725095,0.0007674404201872676,-6.1605570636824635e-06,6.1605570636824635e-06,Underweighted,2023,HK0023000190
0.0010555803477900702,0.0010614217446191642,5.8413968290940265e-06,5.8413968290940265e-06,Overweighted,2023,AU000000GPT8
0.0005448523428496961,0.0005393949782591035,-5.4573645905925785e-06,5.4573645905925785e-06,Underweighted,2023,AU000000BEN6
0.0003854599340180576,0.00038073449088969963,-4.725443128357975e-06,4.725443128357975e-06,Underweighted,2023,JP3544000007
0.001538133405489035,0.0015419201873777216,3.786781888686589e-06,3.786781888686589e-06,Overweighted,2023,JP3137200006
0.0025249695537990866,0.002521253539676915,-3.7160141221717104e-06,3.7160141221717104e-06,Underweighted,2023,JP3778630008
0.00044822212215026095,0.00045175174773323825,3.529625582977293e-06,3.529625582977293e-06,Overweighted,2023,JP3280200001
0.0012074995141926413,0.0012042859223583536,-3.213591834287698e-06,3.213591834287698e-06,Underweighted,2023,SG9999000020
0.006076148416550413,0.006078748669523011,2.6002529725979023e-06,2.6002529725979023e-06,Overweighted,2023,JP3162600005
4.1325741339202504e-05,3.8875441771039444e-05,-2.45029956816306e-06,2.45029956816306e-06,Underweighted,2023,JP3407200009
0.002148241088434903,0.0021458141375445368,-2.426950890366264e-06,2.426950890366264e-06,Underweighted,2023,JP3967200001
0.0002652744756976759,0.0002630617479657631,-2.212727731912788e-06,2.212727731912788e-06,Underweighted,2023,JP3456000003
0.0003184399704757372,0.0003164652172498524,-1.9747532258847862e-06,1.9747532258847862e-06,Underweighted,2023,JP3548610009
0.00018311385658351638,0.00018506007095725195,1.9462143737355715e-06,1.9462143737355715e-06,Overweighted,2023,JP3992400006
0.0010172572623675974,0.0010154706664216018,-1.7865959459956084e-06,1.7865959459956084e-06,Underweighted,2023,AU000000IGO4
0.0002668278414073136,0.00026848317951879634,1.655338111482751e-06,1.655338111482751e-06,Overweighted,2023,JP3385820000
0.0067298202408230725,0.006731376851836927,1.5566110138547432e-06,1.5566110138547432e-06,Overweighted,2023,AU000000WES1
0.0025065714903341374,0.0025056674267994075,-9.040635347299167e-07,9.040635347299167e-07,Underweighted,2023,HK0000049939
0.005472535355636541,0.0054717029346928875,-8.324209436532878e-07,8.324209436532878e-07,Underweighted,2023,HK0016000132
0.0009714920018302502,0.0009718053475265167,3.133456962665839e-07,3.133456962665839e-07,Overweighted,2023,JP3143900003
0.000487568875575385,0.0004874663808083309,-1.0249476705407505e-07,1.0249476705407505e-07,Underweighted,2023,HK0000745908
0.0002636884893081357,0.0002637707375951607,8.224828702499019e-08,8.224828702499019e-08,Overweighted,2023,AU000000IFL2
0.0017039488721327391,7.996641673782667e-05,-0.0016239824553949125,0.0016239824553949125,Underweighted,2024,HK0836012952
0.0031647504189418673,0.0017768655674553436,-0.0013878848514865237,0.0013878848514865237,Underweighted,2024,HK0002007356
0.0013728800746725923,0.0007585766566540407,-0.0006143034180185516,0.0006143034180185516,Underweighted,2024,JP3386030005
0.0009108710306655392,0.00037426554458690263,-0.0005366054860786365,0.0005366054860786365,Underweighted,2024,HK2380027329
0.0005218147705012446,0.0,-0.0005218147705012446,0.0005218147705012446,Removed,2024,JP3551200003
0.00045265003622107743,0.0,-0.00045265003622107743,0.00045265003622107743,Removed,2024,JP3246400000
0.0004424593411089152,0.0,-0.0004424593411089152,0.0004424593411089152,Removed,2024,JP3605400005
0.0015140211177971609,0.0010761085975440742,-0.00043791252025308664,0.00043791252025308664,Underweighted,2024,JP3228600007
0.0007142678912118836,0.00028627324900962957,-0.000427994642202254,0.000427994642202254,Underweighted,2024,JP3174410005
0.00042124626355840385,0.0,-0.00042124626355840385,0.00042124626355840385,Removed,2024,MU0117U00026
0.0009625703310957854,0.0013259762492011864,0.00036340591810540097,0.00036340591810540097,Overweighted,2024,HK0144000764
0.0003585986581034771,0.0,-0.0003585986581034771,0.0003585986581034771,Removed,2024,JP3289800009
0.0003502969370398603,0.0,-0.0003502969370398603,0.0003502969370398603,Removed,2024,JP3449020001
0.0003497750279890144,0.0,-0.0003497750279890144,0.0003497750279890144,Removed,2024,JP3522200009
0.0013875204653376117,0.0017349938762322385,0.00034747341089462675,0.00034747341089462675,Overweighted,2024,JP3526600006
0.0009857447765309274,0.0006431323271855101,-0.0003426124493454174,0.0003426124493454174,Underweighted,2024,JP3401400001
0.0033719668314811124,0.0030413103689926084,-0.000330656462488504,0.000330656462488504,Underweighted,2024,JP3381000003
0.0031566237899469216,0.0034862512967320674,0.00032962750678514584,0.00032962750678514584,Overweighted,2024,HK0003000038
0.00027252070342073556,0.0005988700869507718,0.00032634938353003626,0.00032634938353003626,Overweighted,2024,JP3276400003
0.00018703705162492507,0.00050061370145184,0.0003135766498269149,0.0003135766498269149,Overweighted,2024,JP3789000001
0.00027697713328392635,0.0,-0.00027697713328392635,0.00027697713328392635,Removed,2024,JP3158800007
0.0002699229432095896,0.0005442258036525754,0.00027430286044298583,0.00027430286044298583,Overweighted,2024,JP3796150005
0.00253025548436299,0.0027985614340433414,0.0002683059496803512,0.0002683059496803512,Overweighted,2024,JP3347200002
0.004982600048900185,0.005250454081566245,0.0002678540326660596,0.0002678540326660596,Overweighted,2024,JP3242800005
0.00033028593388387793,6.403664159244834e-05,-0.0002662492922914296,0.0002662492922914296,Underweighted,2024,KYG5427W1309
0.00015587066340150716,0.0004219845006257079,0.0002661138372242008,0.0002661138372242008,Overweighted,2024,JP3726200003
0.0013062019844830683,0.0015671817477321962,0.0002609797632491279,0.0002609797632491279,Overweighted,2024,KYG9431R1039
0.0007033313712302867,0.0004436816397226511,-0.0002596497315076356,0.0002596497315076356,Underweighted,2024,JP3595200001
8.35997284800151e-05,0.00033369695365989305,0.00025009722517987796,0.00025009722517987796,Overweighted,2024,JP3194000000
0.0003970734566163212,0.0006466035846393477,0.0002495301280230265,0.0002495301280230265,Overweighted,2024,JP3711200000
0.00027447028626228256,0.0005129132753671325,0.0002384429891048499,0.0002384429891048499,Overweighted,2024,JP3535800001
0.001079284347063182,0.0008421894553186041,-0.0002370948917445779,0.0002370948917445779,Underweighted,2024,HK0293001514
0.00035949600495541537,0.0001451556814431242,-0.00021434032351229116,0.00021434032351229116,Underweighted,2024,JP3485800001
0.0005299986411340253,0.0003173742018731515,-0.00021262443926087378,0.00021262443926087378,Underweighted,2024,JP3368000000
0.0008257830196018215,0.000620205500985109,-0.0002055775186167126,0.0002055775186167126,Underweighted,2024,SG1R50925390
0.0006418218642217207,0.0008444973857148327,0.00020267552149311207,0.00020267552149311207,Overweighted,2024,BMG524401079
0.00020136934759218717,0.0,-0.00020136934759218717,0.00020136934759218717,Removed,2024,JP3350800003
0.001099906488881929,0.0012990934527433353,0.00019918696386140634,0.00019918696386140634,Overweighted,2024,JP3783420007
0.0004372705549969567,0.0006345511108461111,0.00019728055584915434,0.00019728055584915434,Overweighted,2024,BMG2442N1048
0.0015107852816819162,0.0017078763589814683,0.0001970910772995521,0.0001970910772995521,Overweighted,2024,SG1F60858221
0.00040392898453581974,0.0005956706328184819,0.0001917416482826622,0.0001917416482826622,Overweighted,2024,JP3219000001
0.0004210425506708156,0.0006113604740287477,0.00019031792335793212,0.00019031792335793212,Overweighted,2024,JP3940400009
0.000629612559587093,0.0008198682958909818,0.0001902557363038888,0.0001902557363038888,Overweighted,2024,BMG668971101
0.0006258884859726699,0.0008161441048555522,0.0001902556188828823,0.0001902556188828823,Overweighted,2024,JP3657400002
0.0002995438072114703,0.0001098271828415765,-0.00018971662436989377,0.00018971662436989377,Underweighted,2024,AU000000CSR5
0.0011479254887149198,0.0009632909590460356,-0.0001846345296688842,0.0001846345296688842,Underweighted,2024,JP3180400008
0.0001828129554682399,0.0,-0.0001828129554682399,0.0001828129554682399,Removed,2024,JP3625000009
0.0008221549099096507,0.0010022702118228659,0.00018011530191321514,0.00018011530191321514,Overweighted,2024,JP3663900003
0.0007935593446560448,0.0009714677845604585,0.00017790843990441374,0.00017790843990441374,Overweighted,2024,JP3385980002
0.0028540175551112937,0.0030282315590065057,0.00017421400389521207,0.00017421400389521207,Overweighted,2024,JP3116000005
0.0017984009417151825,0.0016242050241229372,-0.00017419591759224528,0.00017419591759224528,Underweighted,2024,JP3429800000
0.0028156134668569518,0.002988177523899872,0.00017256405704292035,0.00017256405704292035,Overweighted,2024,JP3358000002
0.00458662765202339,0.004758677873712786,0.000172050221689396,0.000172050221689396,Overweighted,2024,JP3814000000
0.0008006488898596324,0.0006295622978205995,-0.0001710865920390329,0.0001710865920390329,Underweighted,2024,JP3196000008
0.000206532880040395,0.0003775941481212372,0.00017106126808084221,0.00017106126808084221,Overweighted,2024,JP3658850007
0.004117692369838337,0.003947053513884618,-0.00017063885595371923,0.00017063885595371923,Underweighted,2024,JP3902400005
0.001815378138065925,0.0019833347904125703,0.00016795665234664516,0.00016795665234664516,Overweighted,2024,AU000000RHC8
0.0005074403850943982,0.0003406078578312861,-0.00016683252726311208,0.00016683252726311208,Underweighted,2024,JP3720800006
0.0009455325259520414,0.001109210085660106,0.0001636775597080646,0.0001636775597080646,Overweighted,2024,JP3629000005
0.006428857168966546,0.006592321331525555,0.0001634641625590091,0.0001634641625590091,Overweighted,2024,JP3837800006
0.0003436670085165338,0.0005061135187864786,0.0001624465102699448,0.0001624465102699448,Overweighted,2024,JP3415400005
0.005187844992089299,0.005025929954999108,-0.00016191503709019148,0.00016191503709019148,Underweighted,2024,HK0011000095
0.007214774754971657,0.007373342392903779,0.00015856763793212127,0.00015856763793212127,Overweighted,2024,JP3551500006
0.00022756413121190194,0.0003846376027819835,0.00015707347157008157,0.00015707347157008157,Overweighted,2024,HK0165000859
0.0009672052201828137,0.001124207435718924,0.00015700221553611028,0.00015700221553611028,Overweighted,2024,JP3585800000
0.0011476965221635812,0.0013018112582837452,0.00015411473612016407,0.00015411473612016407,Overweighted,2024,JP3486800000
0.00015259947215701163,0.0,-0.00015259947215701163,0.00015259947215701163,Removed,2024,JP3400900001
0.0002167168408422238,0.0003661929454508426,0.0001494761046086188,0.0001494761046086188,Overweighted,2024,JP3718800000
0.0023105688126636944,0.0021631397164670703,-0.00014742909619662415,0.00014742909619662415,Underweighted,2024,JP3421800008
0.0022835894818901276,0.0021364543942457917,-0.00014713508764433586,0.00014713508764433586,Underweighted,2024,SG1V61937297
0.0012853559268457325,0.0011389689064848054,-0.00014638702036092713,0.00014638702036092713,Underweighted,2024,JP3774200004
0.0001461732565212734,0.0,-0.0001461732565212734,0.0001461732565212734,Removed,2024,JP3845400005
0.00014597627794401863,0.0,-0.00014597627794401863,0.00014597627794401863,Removed,2024,AU000000ABC7
0.0006688668545210392,0.0008142332049349188,0.00014536635041387963,0.00014536635041387963,Overweighted,2024,JP3830000000
0.0002818123681033762,0.00042704911037095563,0.0001452367422675794,0.0001452367422675794,Overweighted,2024,JP3579800008
0.00029619517139813957,0.00015266570221641866,-0.00014352946918172091,0.00014352946918172091,Underweighted,2024,JP3421100003
0.002869519937499001,0.0027270053772931587,-0.00014251456020584205,0.00014251456020584205,Underweighted,2024,JP3899600005
0.001162766225112361,0.0013042739427217948,0.00014150771760943382,0.00014150771760943382,Overweighted,2024,JP3598600009
0.0008127521291065074,0.0009539089674738824,0.000141156838367375,0.000141156838367375,Overweighted,2024,JP3799000009
0.0036449505187372755,0.003785106956124452,0.0001401564373871766,0.0001401564373871766,Overweighted,2024,JP3165700000
0.00830790652765809,0.008447438677752097,0.0001395321500940079,0.0001395321500940079,Overweighted,2024,JP3898400001
0.00014407215169722276,0.00028350615032555907,0.0001394339986283363,0.0001394339986283363,Overweighted,2024,HK0440001847
0.012132062095102434,0.012269255326948747,0.0001371932318463137,0.0001371932318463137,Overweighted,2024,JP3496400007
0.002422728751268065,0.002286164181963973,-0.0001365645693040922,0.0001365645693040922,Underweighted,2024,JP3258000003
0.0006552450282939609,0.0007906342689496083,0.0001353892406556474,0.0001353892406556474,Overweighted,2024,JP3977400005
0.0007399222464273352,0.0008751718166187573,0.00013524957019142212,0.00013524957019142212,Overweighted,2024,HK0392044647
0.00013465758585099583,0.0,-0.00013465758585099583,0.00013465758585099583,Removed,2024,JP3850200001
0.0018061757029952032,0.0019407654963131873,0.00013458979331798407,0.00013458979331798407,Overweighted,2024,AU000000SHL7
0.0003050440551763529,0.00017108012331942064,-0.00013396393185693224,0.00013396393185693224,Underweighted,2024,AU000000BWP3
0.0007768144820118078,0.000910305918588663,0.0001334914365768552,0.0001334914365768552,Overweighted,2024,JP3134800006
0.0003917483007201095,0.0005241133418099889,0.00013236504108987945,0.00013236504108987945,Overweighted,2024,JP3398000004
0.00043413573353671454,0.0005661439738556889,0.00013200824031897433,0.00013200824031897433,Overweighted,2024,JP3935600001
0.0016583660090628903,0.0015265467807376752,-0.0001318192283252151,0.0001318192283252151,Underweighted,2024,JP3621000003
0.00017593554104015745,0.0003056603473902759,0.00012972480635011846,0.00012972480635011846,Overweighted,2024,AU000000ELD6
0.0005786085766987803,0.0007080838760780648,0.00012947529937928448,0.00012947529937928448,Overweighted,2024,JP3768600003
0.007256682368177001,0.007127841011930765,-0.00012884135624623583,0.00012884135624623583,Underweighted,2024,JP3519400000
0.0032229432781111862,0.003095382190993705,-0.0001275610871174812,0.0001275610871174812,Underweighted,2024,JP3249600002
0.0015104384646997414,0.0013832058104187124,-0.000127232654281029,0.000127232654281029,Underweighted,2024,AU000000ORG5
0.0010207901275064387,0.0008936025274784364,-0.0001271876000280023,0.0001271876000280023,Underweighted,2024,JP3027680002
0.002117236864454534,0.0022440367232793106,0.0001267998588247764,0.0001267998588247764,Overweighted,2024,JP3753000003
0.00023245997482435328,0.00035902714753954974,0.00012656717271519646,0.00012656717271519646,Overweighted,2024,JP3352400000
0.0002166444470061387,0.00034296609260558655,0.00012632164559944786,0.00012632164559944786,Overweighted,2024,NZSKCE0001S2
0.0011741438424208018,0.0010505508912599713,-0.0001235929511608305,0.0001235929511608305,Underweighted,2024,JP3300200007
0.0060654956698797035,0.005941910597067292,-0.00012358507281241132,0.00012358507281241132,Underweighted,2024,JP3802400006
0.00033977289356618997,0.00021619141150074157,-0.0001235814820654484,0.0001235814820654484,Underweighted,2024,JP3544000007
0.004169256984061913,0.004290060405345957,0.00012080342128404416,0.00012080342128404416,Overweighted,2024,JP3566800003
0.0012685807598049948,0.001389064933550265,0.00012048417374527025,0.00012048417374527025,Overweighted,2024,JP3862400003
0.001111635973905295,0.0012319800434510751,0.00012034406954578004,0.00012034406954578004,Overweighted,2024,JP3940000007
0.010087134887853809,0.010206213049579757,0.0001190781617259485,0.0001190781617259485,Overweighted,2024,JP3890350006
0.0006707440435265011,0.0007897645715482165,0.00011902052802171539,0.00011902052802171539,Overweighted,2024,JP3982100004
0.00011874946126569571,0.0,-0.00011874946126569571,0.00011874946126569571,Removed,2024,JP3619800000
0.0017262579586900268,0.0018449593118908076,0.00011870135320078083,0.00011870135320078083,Overweighted,2024,JP3733000008
0.0011903011364884412,0.0013081981517752007,0.00011789701528675954,0.00011789701528675954,Overweighted,2024,JP3711600001
0.006894548197148438,0.0070117590274252255,0.00011721083027678783,0.00011721083027678783,Overweighted,2024,JP3726800000
0.008478989998102962,0.00859493953475178,0.000115949536648818,0.000115949536648818,Overweighted,2024,JP3143600009
0.00042070751873172417,0.0005362046024226817,0.00011549708369095753,0.00011549708369095753,Overweighted,2024,AU000000FLT9
0.00045146311402479886,0.0003362508158428408,-0.00011521229818195808,0.00011521229818195808,Underweighted,2024,JP3326410002
0.0009689140514299383,0.0010838179754629827,0.00011490392403304438,0.00011490392403304438,Overweighted,2024,JP3414750004
0.0003591828595249078,0.00047293788489917633,0.00011375502537426855,0.00011375502537426855,Overweighted,2024,JP3293200006
0.0004608507426296918,0.0005745590400626071,0.00011370829743291528,0.00011370829743291528,Overweighted,2024,JP3665200006
0.0012624188658498464,0.001150056523863527,-0.00011236234198631944,0.00011236234198631944,Underweighted,2024,JP3027670003
0.0003997553957066358,0.00028836195941132594,-0.00011139343629530988,0.00011139343629530988,Underweighted,2024,JP3404200002
0.0007588978493695426,0.0008700604125272212,0.00011116256315767863,0.00011116256315767863,Overweighted,2024,BMG2624N1535
0.00037049313373001383,0.0004810504962009367,0.00011055736247092286,0.00011055736247092286,Overweighted,2024,JP3811000003
0.0010764239487490298,0.0009660636653958768,-0.000110360283353153,0.000110360283353153,Underweighted,2024,AU000000SEK6
0.00014162422989099708,0.0002516502444488806,0.00011002601455788351,0.00011002601455788351,Overweighted,2024,SG2B80958517
0.0005514878254082099,0.000661372569364761,0.00010988474395655107,0.00010988474395655107,Overweighted,2024,JP3268950007
0.000629954325836518,0.0005205082525576589,-0.00010944607327885913,0.00010944607327885913,Underweighted,2024,AU000000JBH7
0.0012604036234825477,0.0011511999379909092,-0.00010920368549163849,0.00010920368549163849,Underweighted,2024,SG1J26887955
0.002149283763754057,0.0020401485178299246,-0.00010913524592413241,0.00010913524592413241,Underweighted,2024,JP3814800003
0.000512122414353761,0.00040437767414182524,-0.00010774474021193575,0.00010774474021193575,Underweighted,2024,JP3336000009
0.0031067276011084687,0.0032142676767532206,0.0001075400756447519,0.0001075400756447519,Overweighted,2024,JP3397200001
0.000656303998593903,0.0007638350653318133,0.00010753106673791035,0.00010753106673791035,Overweighted,2024,HK0008011667
0.0012449955214395097,0.001352289666128266,0.00010729414468875638,0.00010729414468875638,Overweighted,2024,JP3502200003
0.001007328241149781,0.0011141222245655599,0.00010679398341577892,0.00010679398341577892,Overweighted,2024,JP3511800009
0.0012541811207343978,0.001360774479331972,0.00010659335859757426,0.00010659335859757426,Overweighted,2024,JP3493800001
0.001159926029729209,0.0012649521036222156,0.00010502607389300655,0.00010502607389300655,Overweighted,2024,BMG5320C1082
0.00040632808259212754,0.0005111169021835888,0.0001047888195914613,0.0001047888195914613,Overweighted,2024,JP3271400008
0.003978349387572812,0.004083132253313446,0.00010478286574063401,0.00010478286574063401,Overweighted,2024,JP3951600000
0.001483056758883748,0.001378589296349573,-0.00010446746253417482,0.00010446746253417482,Underweighted,2024,SG1B51001017
0.00012732392189781906,2.3610380183971316e-05,-0.00010371354171384774,0.00010371354171384774,Underweighted,2024,JP3528600004
0.001129569442323394,0.0012332778873973714,0.00010370844507397734,0.00010370844507397734,Overweighted,2024,JP3443600006
0.00043558866099116625,0.0003351577572246935,-0.00010043090376647278,0.00010043090376647278,Underweighted,2024,JP3209000003
0.00042620945027419015,0.0003261833331071189,-0.00010002611716707126,0.00010002611716707126,Underweighted,2024,AU000000ANN9
0.018999755546218477,0.019099091378385863,9.933583216738609e-05,9.933583216738609e-05,Overweighted,2024,JP3435000009
0.0010425217469526293,0.00094344832626132,-9.907342069130935e-05,9.907342069130935e-05,Underweighted,2024,JP3260800002
0.0003254288125558442,0.00022646190826600991,-9.896690428983431e-05,9.896690428983431e-05,Underweighted,2024,JP3870000001
5.6189401845104406e-05,0.00015508832689640516,9.889892505130075e-05,9.889892505130075e-05,Overweighted,2024,SG1S76928401
0.00046091135142269324,0.0003634437466945263,-9.746760472816696e-05,9.746760472816696e-05,Underweighted,2024,JP3040890000
0.00012632219323571159,0.0002234659038706006,9.714371063488902e-05,9.714371063488902e-05,Overweighted,2024,JP3411000007
0.0020335883122246014,0.0019365220726820346,-9.706623954256681e-05,9.706623954256681e-05,Underweighted,2024,JP3256000005
0.007203634522102472,0.007300612922899612,9.697840079714044e-05,9.697840079714044e-05,Overweighted,2024,JP3910660004
0.0017011541333443383,0.001798001596898885,9.68474635545467e-05,9.68474635545467e-05,Overweighted,2024,JP3659000008
0.0015498493323489414,0.0016453392782813786,9.548994593243723e-05,9.548994593243723e-05,Overweighted,2024,JP3362700001
0.008684278714309246,0.00877847257898505,9.419386467580428e-05,9.419386467580428e-05,Overweighted,2024,JP3481800005
0.00021953346613920837,0.00031309795065350343,9.356448451429506e-05,9.356448451429506e-05,Overweighted,2024,AU0000033359
0.000794172166896393,0.0007008788648509512,-9.329330204544176e-05,9.329330204544176e-05,Underweighted,2024,AU000000ORI1
0.0002827652730155658,0.00018948615735051488,-9.327911566505093e-05,9.327911566505093e-05,Underweighted,2024,JP3156400008
0.009038493336385617,0.008945670776363459,-9.28225600221582e-05,9.28225600221582e-05,Underweighted,2024,AU000000ANZ3
0.00019849548065736791,0.00029098893562093235,9.249345496356443e-05,9.249345496356443e-05,Overweighted,2024,HK0308001558
0.003829275326875385,0.003921602529109286,9.232720223390075e-05,9.232720223390075e-05,Overweighted,2024,JP3866800000
0.0005728238041223075,0.0006651352665729647,9.231146245065728e-05,9.231146245065728e-05,Overweighted,2024,AU000000ILU1
0.01112155357589766,0.011029306441753492,-9.224713414416816e-05,9.224713414416816e-05,Underweighted,2024,JP3802300008
0.0019138640595381324,0.0020056921683111097,9.182810877297735e-05,9.182810877297735e-05,Overweighted,2024,BMG677491539
0.0018100816029886307,0.001901885482298272,9.180387930964127e-05,9.180387930964127e-05,Overweighted,2024,SG1M51904654
0.0017755699461070487,0.0018673726395484276,9.180269344137896e-05,9.180269344137896e-05,Overweighted,2024,HK0083000502
0.00028642873783698745,0.0003770290698949588,9.060033205797138e-05,9.060033205797138e-05,Overweighted,2024,JP3742600004
0.00035886466336165014,0.0004494068301565463,9.054216679489613e-05,9.054216679489613e-05,Overweighted,2024,JP3638600001
0.0007897140534556187,0.0006997361423544265,-8.99779111011922e-05,8.99779111011922e-05,Underweighted,2024,JP3277800003
0.002901102169385512,0.0029909075441843353,8.980537479882315e-05,8.980537479882315e-05,Overweighted,2024,JP3890310000
0.0006341514847518691,0.0007238441399692667,8.969265521739764e-05,8.969265521739764e-05,Overweighted,2024,JP3676800000
0.0003509568994525429,0.0004401244813557032,8.916758190316028e-05,8.916758190316028e-05,Overweighted,2024,JP3769000005
0.002669943600033107,0.002759077090662723,8.913349062961585e-05,8.913349062961585e-05,Overweighted,2024,JP3505000004
0.0024915028955488894,0.0025802852562708703,8.878236072198085e-05,8.878236072198085e-05,Overweighted,2024,JP3122400009
0.00036011892866126376,0.0004486729102574624,8.855398159619864e-05,8.855398159619864e-05,Overweighted,2024,JP3732200005
0.0012661799781711037,0.0013544940614795982,8.831408330849458e-05,8.831408330849458e-05,Overweighted,2024,JP3906000009
0.00035648071750359273,0.00044443836100930607,8.795764350571334e-05,8.795764350571334e-05,Overweighted,2024,AU000000SGM7
0.0005293336279885925,0.00044156194333029494,-8.777168465829761e-05,8.777168465829761e-05,Underweighted,2024,JP3143000002
4.253053691119183e-05,0.0001292371232168692,8.670658630567737e-05,8.670658630567737e-05,Overweighted,2024,AU000000MAH3
0.0002879826799464416,0.00020141120535227403,-8.657147459416756e-05,8.657147459416756e-05,Underweighted,2024,NZAIRE0001S2
0.00020171279741919545,0.0002860415390767759,8.432874165758045e-05,8.432874165758045e-05,Overweighted,2024,JP3992400006
0.0045032400543188805,0.004587237914686273,8.39978603673925e-05,8.39978603673925e-05,Overweighted,2024,JP3830800003
0.0008336133389420936,0.0007503339091939074,-8.327942974818616e-05,8.327942974818616e-05,Underweighted,2024,JP3597800006
0.0004670799796881753,0.00038410028055484315,-8.297969913333213e-05,8.297969913333213e-05,Underweighted,2024,AU000000BLD2
6.883643665140925e-05,0.00015158168340437345,8.27452467529642e-05,8.27452467529642e-05,Overweighted,2024,AU000000GWA4
0.0005511292233829512,0.0006333443895323933,8.221516614944214e-05,8.221516614944214e-05,Overweighted,2024,BMG8063F1068
0.0007197917092629333,0.0008012332096082981,8.144150034536477e-05,8.144150034536477e-05,Overweighted,2024,JP3894900004
0.001984818436789426,0.0019034489454027267,-8.136949138669932e-05,8.136949138669932e-05,Underweighted,2024,JP3402600005
0.0008913533157414854,0.0009725970840821027,8.124376834061731e-05,8.124376834061731e-05,Overweighted,2024,JP3270000007
0.0010238542387081793,0.0009428119161954487,-8.104232251273063e-05,8.104232251273063e-05,Underweighted,2024,JP3820000002
0.0025211422789041867,0.0026021146466005556,8.097236769636891e-05,8.097236769636891e-05,Overweighted,2024,JP3762800005
0.0007952378715066687,0.0008761183589696059,8.088048746293728e-05,8.088048746293728e-05,Overweighted,2024,JP3973400009
0.00029583993652804766,0.00037669123594936325,8.08512994213156e-05,8.08512994213156e-05,Overweighted,2024,JP3493400000
0.0002864321049921542,0.00036679303570780246,8.036093071564824e-05,8.036093071564824e-05,Overweighted,2024,AU000000CQR9
0.0010376528405815118,0.001117607387391827,7.995454681031526e-05,7.995454681031526e-05,Overweighted,2024,JP3223800008
0.0015484856345064084,0.0016283114421570591,7.982580765065073e-05,7.982580765065073e-05,Overweighted,2024,SGXE21576413
0.002563751943961797,0.0024848202015314994,-7.893174243029776e-05,7.893174243029776e-05,Underweighted,2024,JP3294460005
0.0025878506734902116,0.0026664646723639236,7.861399887371199e-05,7.861399887371199e-05,Overweighted,2024,JP3756100008
6.916305070258379e-05,0.00014713473964574135,7.797168894315756e-05,7.797168894315756e-05,Overweighted,2024,JP3203500008
0.0010672501344972253,0.0009896205013163908,-7.762963318083444e-05,7.762963318083444e-05,Underweighted,2024,AU000000BSL0
0.0003141017025749045,0.00023654766991878772,-7.75540326561168e-05,7.75540326561168e-05,Underweighted,2024,JP3549600009
0.0014977796448503529,0.0014203642014270466,-7.741544342330627e-05,7.741544342330627e-05,Underweighted,2024,JP3771800004
0.0010755249183195081,0.001152703451323889,7.717853300438088e-05,7.717853300438088e-05,Overweighted,2024,AU000000DXS1
0.004144021839664722,0.004066999486010152,-7.702235365456955e-05,7.702235365456955e-05,Underweighted,2024,KYG217651051
0.0006840358885472381,0.0007608721929585968,7.683630441135869e-05,7.683630441135869e-05,Overweighted,2024,JP3738600000
0.0011098244444255848,0.0011860937167862502,7.626927236066539e-05,7.626927236066539e-05,Overweighted,2024,JP3670800006
0.0008295256125696618,0.000753435250454119,-7.609036211554275e-05,7.609036211554275e-05,Underweighted,2024,JP3351500008
0.0030042718036946657,0.0029282023164505944,-7.606948724407127e-05,7.606948724407127e-05,Underweighted,2024,JP3893200000
0.00022565495423235588,0.00030137882784686293,7.572387361450705e-05,7.572387361450705e-05,Overweighted,2024,JP3352000008
0.004586282518618799,0.004661611959254288,7.532944063548975e-05,7.532944063548975e-05,Overweighted,2024,AU000000GMG2
0.0004264350496703622,0.0005013068916964811,7.487184202611887e-05,7.487184202611887e-05,Overweighted,2024,JP3792600003
0.0011941514784216175,0.001268251714343169,7.410023592155151e-05,7.410023592155151e-05,Overweighted,2024,JP3869010003
0.0012611494483519825,0.0013346734864657114,7.352403811372891e-05,7.352403811372891e-05,Overweighted,2024,HK0019000162
0.0007352452679007225,0.0008086094287947457,7.336416089402317e-05,7.336416089402317e-05,Overweighted,2024,JP3695200000
0.0007917158272022504,0.0007184690940841872,-7.324673311806323e-05,7.324673311806323e-05,Underweighted,2024,JP3118000003
0.0008191699268543288,0.000891667251157904,7.249732430357524e-05,7.249732430357524e-05,Overweighted,2024,AU000000CIM7
0.0006446435402514553,0.0007143071393083797,6.966359905692437e-05,6.966359905692437e-05,Overweighted,2024,JP3419050004
0.00036651652347808466,0.0004355660679302661,6.904954445218143e-05,6.904954445218143e-05,Overweighted,2024,JP3131400008
0.00032428397979915,0.00039273132414081673,6.844734434166674e-05,6.844734434166674e-05,Overweighted,2024,JP3819400007
0.00034999220949726966,0.0004183322997459029,6.834009024863323e-05,6.834009024863323e-05,Overweighted,2024,JP3300600008
0.009505623823401293,0.009437322092959699,-6.830173044159414e-05,6.830173044159414e-05,Underweighted,2024,JP3756600007
0.001442425297486602,0.0015106630513140626,6.82377538274606e-05,6.82377538274606e-05,Overweighted,2024,JP3982800009
0.0002600437099503515,0.00019209962075654945,-6.794408919380204e-05,6.794408919380204e-05,Underweighted,2024,JP3721400004
0.0009228581030591614,0.0008551551141167069,-6.770298894245451e-05,6.770298894245451e-05,Underweighted,2024,JP3039710003
0.000322681213939778,0.00025506658413674264,-6.761462980303537e-05,6.761462980303537e-05,Underweighted,2024,JP3560800009
0.0018612657286783644,0.0019283812777752271,6.711554909686278e-05,6.711554909686278e-05,Overweighted,2024,AU000000SUN6
0.000201458577204106,0.00013439204385134768,-6.706653335275832e-05,6.706653335275832e-05,Underweighted,2024,JP3841800000
0.003085706451402462,0.003019231536392199,-6.647491501026283e-05,6.647491501026283e-05,Underweighted,2024,JP3160400002
0.009863656799436757,0.009797238785197445,-6.64180142393115e-05,6.64180142393115e-05,Underweighted,2024,AU000000WBC1
0.0015067901520765701,0.001573190706762543,6.640055468597281e-05,6.640055468597281e-05,Overweighted,2024,HK0101000591
0.00374748207714233,0.0038131756869269518,6.569360978462158e-05,6.569360978462158e-05,Overweighted,2024,JP3933800009
0.001608274525224766,0.001673852021432631,6.557749620786498e-05,6.557749620786498e-05,Overweighted,2024,JP3684000007
0.022160618584520335,0.022095100350592728,-6.551823392760697e-05,6.551823392760697e-05,Underweighted,2024,AU000000CBA7
0.0007692417500417921,0.000834566993461963,6.532524342017093e-05,6.532524342017093e-05,Overweighted,2024,HK0000055878
0.003687273975605712,0.0036226948550189867,-6.457912058672544e-05,6.457912058672544e-05,Underweighted,2024,JP3546800008
0.04022952576846895,0.040165170379269435,-6.435538919951495e-05,6.435538919951495e-05,Underweighted,2024,JP3633400001
3.685856403280511e-05,0.00010089856552152941,6.40400014887243e-05,6.40400014887243e-05,Overweighted,2024,HK0000139300
0.029600009526355404,0.02966400162397629,6.39920976208859e-05,6.39920976208859e-05,Overweighted,2024,AU000000BHP4
0.005694069834168501,0.005757338095704309,6.326826153580777e-05,6.326826153580777e-05,Overweighted,2024,AU000000TLS2
0.0026362181738829606,0.0025731553565710697,-6.306281731189092e-05,6.306281731189092e-05,Underweighted,2024,BMG507361001
0.009591508166661945,0.00965336168843826,6.185352177631546e-05,6.185352177631546e-05,Overweighted,2024,HK0388045442
6.0423599467289794e-05,0.0,-6.0423599467289794e-05,6.0423599467289794e-05,Removed,2024,JP3305800009
0.005610749579567326,0.005550890291443898,-5.985928812342854e-05,5.985928812342854e-05,Underweighted,2024,JP3734800000
0.0030099606123488863,0.0030691097090203485,5.914909667146216e-05,5.914909667146216e-05,Overweighted,2024,JP3188220002
0.00044399476386495216,0.00038503759747351513,-5.895716639143703e-05,5.895716639143703e-05,Underweighted,2024,JP3405400007
0.0008022617571845046,0.0008602388429991129,5.797708581460831e-05,5.797708581460831e-05,Overweighted,2024,JP3626800001
0.0004729607161869004,0.00041508582584533877,-5.787489034156162e-05,5.787489034156162e-05,Underweighted,2024,JP3280200001
0.0008707732633623227,0.0009286439646842339,5.787070132191126e-05,5.787070132191126e-05,Overweighted,2024,JP3305990008
0.00087564216973344,0.0008179840436668943,-5.7658126066545694e-05,5.7658126066545694e-05,Underweighted,2024,AU0000088338
0.0001791074012072339,0.00012187256797072063,-5.7234833236513276e-05,5.7234833236513276e-05,Underweighted,2024,JP3834800009
0.000539781910471011,0.000596780837999462,5.6998927528451016e-05,5.6998927528451016e-05,Overweighted,2024,JP3131430005
0.00042475988997490516,0.0004817585601487241,5.6998670173818945e-05,5.6998670173818945e-05,Overweighted,2024,JP3126340003
0.004875475690847686,0.004932067078711097,5.659138786341059e-05,5.659138786341059e-05,Overweighted,2024,HK0688002218
0.0017667429488374192,0.0017101775514509374,-5.656539738648175e-05,5.656539738648175e-05,Underweighted,2024,JP3111200006
0.0003574874968984503,0.0004136647772353647,5.617728033691441e-05,5.617728033691441e-05,Overweighted,2024,JP3765400001
0.002516266638222736,0.0024601192560914195,-5.614738213131649e-05,5.614738213131649e-05,Underweighted,2024,JP3635000007
0.0012656547019650908,0.001321454856003316,5.5800154038225264e-05,5.5800154038225264e-05,Overweighted,2024,JP3499800005
0.0007918202090124195,0.0008473827914296947,5.556258241727521e-05,5.556258241727521e-05,Overweighted,2024,JP3955000009
0.0027099555048795713,0.0026548970743018583,-5.5058430577713e-05,5.5058430577713e-05,Underweighted,2024,JP3173400007
0.011849961835232303,0.011795083258743521,-5.487857648878158e-05,5.487857648878158e-05,Underweighted,2024,AU000000NAB4
0.0007676726557340875,0.0008223080220569124,5.4635366322824865e-05,5.4635366322824865e-05,Overweighted,2024,JP3613000003
0.0002767464831550041,0.00033040868400201955,5.3662200847015454e-05,5.3662200847015454e-05,Overweighted,2024,JP3164800009
0.010191097487204733,0.010244658663812524,5.356117660779147e-05,5.356117660779147e-05,Overweighted,2024,JP3198900007
6.958057794326052e-05,0.00012295298348034687,5.337240553708635e-05,5.337240553708635e-05,Overweighted,2024,JP3826800009
0.0002734668740225917,0.00022032457375590852,-5.314230026668318e-05,5.314230026668318e-05,Underweighted,2024,JP3491000000
0.0041849630793372086,0.004132001356064901,-5.2961723272307304e-05,5.2961723272307304e-05,Underweighted,2024,JP3201200007
0.0006385422550893083,0.0006913646433258286,5.28223882365203e-05,5.28223882365203e-05,Overweighted,2024,JP3224200000
0.003143746105011694,0.0031961871313306535,5.244102631895946e-05,5.244102631895946e-05,Overweighted,2024,JP3205800000
8.846863485113247e-05,0.00014085804868018144,5.2389413829048966e-05,5.2389413829048966e-05,Overweighted,2024,AU000000SWM4
0.004573792056527748,0.004521408633583865,-5.238342294388264e-05,5.238342294388264e-05,Underweighted,2024,JP3942400007
0.001104421843960538,0.001156462229430022,5.204038546948418e-05,5.204038546948418e-05,Overweighted,2024,AU000000MGR9
0.0010543556137861646,0.0011058099885638746,5.145437477770999e-05,5.145437477770999e-05,Overweighted,2024,JP3210200006
0.0017262125020952757,0.0017774011863248063,5.1188684229530644e-05,5.1188684229530644e-05,Overweighted,2024,JP3240400006
0.0035518604634197813,0.003602942374609771,5.108191118998991e-05,5.108191118998991e-05,Overweighted,2024,JP3877600001
0.0005874305232356596,0.0005367680517655289,-5.066247147013066e-05,5.066247147013066e-05,Underweighted,2024,JP3870400003
0.001304742322718283,0.0013550822923143948,5.033996959611167e-05,5.033996959611167e-05,Overweighted,2024,HK0000608585
0.0024124353579233165,0.0023625892944645808,-4.9846063458735754e-05,4.9846063458735754e-05,Underweighted,2024,BMG2178K1009
0.0012132482989498277,0.0011634157765858986,-4.983252236392911e-05,4.983252236392911e-05,Underweighted,2024,JP3942600002
0.018256516651951896,0.018306344876156386,4.982822420449007e-05,4.982822420449007e-05,Overweighted,2024,JP3735400008
0.0015977942547682636,0.0016468567754455764,4.906252067731279e-05,4.906252067731279e-05,Overweighted,2024,AU000000ASX7
0.0007115573313026516,0.0007604294284461228,4.887209714347126e-05,4.887209714347126e-05,Overweighted,2024,JP3766550002
0.0010822592286530038,0.0010339191070660068,-4.8340121586996996e-05,4.8340121586996996e-05,Underweighted,2024,JP3419400001
0.002388302956843235,0.002340259201279969,-4.8043755563265816e-05,4.8043755563265816e-05,Underweighted,2024,JP3538800008
0.0050676106153950675,0.005019645913305894,-4.7964702089173424e-05,4.7964702089173424e-05,Underweighted,2024,JP3818000006
0.00011411962291141744,0.00016170276514297006,4.758314223155262e-05,4.758314223155262e-05,Overweighted,2024,HK0242001243
0.0008549627862768582,0.0008074020839965346,-4.7560702280323615e-05,4.7560702280323615e-05,Underweighted,2024,JP3868400007
0.0014329568571577068,0.0014801764273697476,4.7219570212040816e-05,4.7219570212040816e-05,Overweighted,2024,JP3551520004
0.0005894558670684584,0.0005424227103300529,-4.7033156738405493e-05,4.7033156738405493e-05,Underweighted,2024,JP3939000000
0.00023034035064688552,0.00018356822205328705,-4.677212859359846e-05,4.677212859359846e-05,Underweighted,2024,SG1T58930911
0.0007818567968740128,0.0007354152234386772,-4.6441573435335604e-05,4.6441573435335604e-05,Underweighted,2024,JP3888300005
0.005618704483648768,0.005573551649609021,-4.515283403974755e-05,4.515283403974755e-05,Underweighted,2024,HK0066009694
0.008800336135019125,0.008844890401335619,4.455426631649363e-05,4.455426631649363e-05,Overweighted,2024,AU000000MQG1
0.005419043967303705,0.005463447743594697,4.440377629099171e-05,4.440377629099171e-05,Overweighted,2024,SG1T75931496
0.00029691910975899034,0.0003410815068130291,4.416239705403878e-05,4.416239705403878e-05,Overweighted,2024,JP3215800008
0.0011305997918044188,0.001086459210359457,-4.414058144496186e-05,4.414058144496186e-05,Underweighted,2024,JP3283650004
0.0003060525181487938,0.00035000011083145246,4.3947592682658666e-05,4.3947592682658666e-05,Overweighted,2024,AU000000DOW2
0.007600746701003211,0.0076446494182297285,4.390271722651794e-05,4.390271722651794e-05,Overweighted,2024,JP3854600008
0.00033817349486198477,0.0003820529210175445,4.387942615555971e-05,4.387942615555971e-05,Overweighted,2024,JP3588600001
0.00016286424468284238,0.00011905737498983334,-4.3806869693009036e-05,4.3806869693009036e-05,Underweighted,2024,BMG8403G1033
0.0010744676315971493,0.0010306885923005167,-4.3779039296632655e-05,4.3779039296632655e-05,Underweighted,2024,JP3596200000
0.00011187373041519663,6.869786118060835e-05,-4.3175869234588285e-05,4.3175869234588285e-05,Underweighted,2024,JP3919800007
0.0020541818332244313,0.0020110115273263294,-4.3170305898101915e-05,4.3170305898101915e-05,Underweighted,2024,HK0006000050
0.000328322882421664,0.0002854146347987348,-4.290824762292919e-05,4.290824762292919e-05,Underweighted,2024,JP3902000003
7.227430207665879e-05,0.00011501918171098638,4.2744879634327586e-05,4.2744879634327586e-05,Overweighted,2024,AU000000SBM8
0.00015461639810189357,0.0001973277340098572,4.2711335907963627e-05,4.2711335907963627e-05,Overweighted,2024,AU000000MND5
0.00048275240341180307,0.00044009353824659304,-4.265886516521003e-05,4.265886516521003e-05,Underweighted,2024,AU000000MTS0
0.00034145478757198055,0.0003840053549325601,4.2550567360579556e-05,4.2550567360579556e-05,Overweighted,2024,JP3600200004
0.0002723304591538143,0.00031425509174171404,4.192463258789975e-05,4.192463258789975e-05,Overweighted,2024,JP3459600007
0.0003876151177529265,0.00042949314651170536,4.1878028758778854e-05,4.1878028758778854e-05,Overweighted,2024,JP3263000006
0.0025133321624949156,0.0025551117377912167,4.1779575296301084e-05,4.1779575296301084e-05,Overweighted,2024,JP3778630008
0.0008191278374147444,0.000777562066472902,-4.15657709418424e-05,4.15657709418424e-05,Underweighted,2024,JP3787000003
0.0005906343713768202,0.0006321919417725435,4.1557570395723284e-05,4.1557570395723284e-05,Overweighted,2024,AU000000CGF5
0.0009552484521856922,0.0009965382466041522,4.128979441845996e-05,4.128979441845996e-05,Overweighted,2024,AU000000WOR2
0.0025158087051200583,0.0025564548060628234,4.064610094276508e-05,4.064610094276508e-05,Overweighted,2024,IE00BKVD2N49
0.0012483576258735074,0.001208692073756395,-3.966555211711237e-05,3.966555211711237e-05,Underweighted,2024,JP3885400006
0.00642810124263161,0.006467720857877003,3.9619615245392245e-05,3.9619615245392245e-05,Overweighted,2024,SG1M31001969
0.0007674150683638312,0.0007280575396078556,-3.935752875597559e-05,3.935752875597559e-05,Underweighted,2024,SG1S83002349
0.005276049305259841,0.005236844898359128,-3.920440690071379e-05,3.920440690071379e-05,Underweighted,2024,AU000000WOW2
0.0013913202999432867,0.0013522438518719132,-3.907644807137349e-05,3.907644807137349e-05,Underweighted,2024,JP3967200001
0.00048411778483191934,0.0005229914680155067,3.887368318358732e-05,3.887368318358732e-05,Overweighted,2024,AU000000AMP6
0.0004435418814950246,0.00048220006759695685,3.865818610193227e-05,3.865818610193227e-05,Overweighted,2024,JP3305530002
0.0006338063513472774,0.000595657960821648,-3.8148390525629414e-05,3.8148390525629414e-05,Underweighted,2024,JP3229400001
0.0006696429837869745,0.0006315468011172595,-3.8096182669715016e-05,3.8096182669715016e-05,Underweighted,2024,NZCENE0001S6
0.00046631395188774017,0.0005041267492890167,3.781279740127654e-05,3.781279740127654e-05,Overweighted,2024,JP3635400009
0.0002287813578046813,0.00019144136507904258,-3.73399927256387e-05,3.73399927256387e-05,Underweighted,2024,JP3827200001
0.0001870016964956742,0.0001497094315173125,-3.72922649783617e-05,3.72922649783617e-05,Underweighted,2024,JP3274400005
0.0014153853579200336,0.0013782655267381028,-3.7119831181930745e-05,3.7119831181930745e-05,Underweighted,2024,AU000000IAG3
0.00010031428672775134,0.0001370023202122462,3.6688033484494865e-05,3.6688033484494865e-05,Overweighted,2024,JP3684400009
0.0009683197485430073,0.0010039193932237273,3.559964468071992e-05,3.559964468071992e-05,Overweighted,2024,JP3436120004
0.00021100951283458622,0.00017545325643009417,-3.555625640449205e-05,3.555625640449205e-05,Underweighted,2024,JP3389900006
0.001162131516363429,0.0011268913934753338,-3.5240122888095284e-05,3.5240122888095284e-05,Underweighted,2024,AU000000SGP0
0.00023684232727387556,0.00020188516281757188,-3.4957164456303675e-05,3.4957164456303675e-05,Underweighted,2024,JP3385820000
3.404362231340393e-05,0.0,-3.404362231340393e-05,3.404362231340393e-05,Removed,2024,AU000000SXL4
0.0005767078176071511,0.0006107340150800838,3.402619747293269e-05,3.402619747293269e-05,Overweighted,2024,BMG4600H1198
0.00016325315110460176,0.00019700581347757893,3.375266237297717e-05,3.375266237297717e-05,Overweighted,2024,JP3425000001
0.0004141954406392339,0.000381166019403864,-3.3029421235369893e-05,3.3029421235369893e-05,Underweighted,2024,JP3456000003
0.0030211951255627403,0.002988298686230568,-3.2896439332172345e-05,3.2896439332172345e-05,Underweighted,2024,JP3388200002
0.0014649162104228939,0.0014320853333819148,-3.283087704097909e-05,3.283087704097909e-05,Underweighted,2024,JP3942800008
0.0003970347343319036,0.000364297239583766,-3.273749474813761e-05,3.273749474813761e-05,Underweighted,2024,AU000000BPT9
0.0069051951417856946,0.00693748170511808,3.2286563332385373e-05,3.2286563332385373e-05,Overweighted,2024,HK0016000132
0.0019233661714186947,0.0018913248148562487,-3.204135656244603e-05,3.204135656244603e-05,Underweighted,2024,JP3409000001
0.0020387299581642255,0.00207060021591731,3.187025775308475e-05,3.187025775308475e-05,Overweighted,2024,JP3931600005
0.0029797336604169907,0.0029484339726832767,-3.1299687733713985e-05,3.1299687733713985e-05,Underweighted,2024,JP3266400005
0.003964101270484718,0.003932891342783693,-3.12099277010253e-05,3.12099277010253e-05,Underweighted,2024,US89677Q1076
0.00220098643133947,0.002231126298144697,3.013986680522676e-05,3.013986680522676e-05,Overweighted,2024,JP3762600009
0.00010543404615879141,7.58148119879253e-05,-2.9619234170866104e-05,2.9619234170866104e-05,Underweighted,2024,SG9999003735
0.0007309942345027034,0.0007014889661167047,-2.9505268385998738e-05,2.9505268385998738e-05,Underweighted,2024,JP3358800005
0.0034288010435406485,0.003399407330878442,-2.9393712662206545e-05,2.9393712662206545e-05,Underweighted,2024,JP3783600004
0.005910697445398806,0.005881631905617841,-2.906553978096471e-05,2.906553978096471e-05,Underweighted,2024,JP3162600005
8.362329856618234e-05,5.46297592200547e-05,-2.899353934612764e-05,2.899353934612764e-05,Underweighted,2024,AU000000SIG5
0.002746447048999201,0.0027752174509079997,2.8770401908798787e-05,2.8770401908798787e-05,Overweighted,2024,AU000000STO6
0.0013068754155164178,0.0013356131104374843,2.873769492106647e-05,2.873769492106647e-05,Overweighted,2024,HK0004000045
0.0005502200914879292,0.0005785678660669875,2.83477745790583e-05,2.83477745790583e-05,Overweighted,2024,AU000000BOQ8
0.0010881685859706462,0.0011163435120140116,2.8174926043365422e-05,2.8174926043365422e-05,Overweighted,2024,NZTELE0001S4
0.006637341315426071,0.006665229851856157,2.7888536430085466e-05,2.7888536430085466e-05,Overweighted,2024,JP3914400001
0.0009244827554271174,0.0008969826577653439,-2.750009766177349e-05,2.750009766177349e-05,Underweighted,2024,JP3359600008
0.0009158039129848248,0.0009428771953979487,2.707328241312399e-05,2.707328241312399e-05,Overweighted,2024,JP3190000004
0.003706476861521675,0.0037331918836074887,2.671502208581372e-05,2.671502208581372e-05,Overweighted,2024,JP3404600003
0.007939031311985699,0.00791270198941456,-2.6329322571138486e-05,2.6329322571138486e-05,Underweighted,2024,JP3893600001
0.001328181089834015,0.0013539611786907045,2.578008885668957e-05,2.578008885668957e-05,Overweighted,2024,JP3574200006
0.00048811459801484895,0.0004625408635043705,-2.557373451047846e-05,2.557373451047846e-05,Underweighted,2024,JP3269600007
0.002344186489848505,0.0023193415261243064,-2.484496372419853e-05,2.484496372419853e-05,Underweighted,2024,AU000000QBE9
0.001792171704656699,0.0018166320465139107,2.4460341857211612e-05,2.4460341857211612e-05,Overweighted,2024,SG1U68934629
0.001505862500828131,0.0015302656984277146,2.4403197599583495e-05,2.4403197599583495e-05,Overweighted,2024,AU000000APA1
0.0016703042577065948,0.0016461191022015206,-2.418515550507423e-05,2.418515550507423e-05,Underweighted,2024,AU000000CPU5
0.00018292575516632594,0.00020699287396779253,2.4067118801466588e-05,2.4067118801466588e-05,Overweighted,2024,JP3165600002
0.0016157142545656956,0.0015918673595537113,-2.384689501198434e-05,2.384689501198434e-05,Underweighted,2024,JP3407400005
0.00090869079769507,0.0008853020620652936,-2.338873562977644e-05,2.338873562977644e-05,Underweighted,2024,JP3322930003
0.005679476583675816,0.005702818651785259,2.3342068109442546e-05,2.3342068109442546e-05,Overweighted,2024,KYG2108Y1052
0.0030348691426949036,0.0030123772633688824,-2.2491879326021202e-05,2.2491879326021202e-05,Underweighted,2024,HK0012000102
0.00017202459031397986,0.00014993637981689794,-2.208821049708192e-05,2.208821049708192e-05,Underweighted,2024,JP3407200009
0.0015470613278708739,0.001568893067879763,2.183174000888917e-05,2.183174000888917e-05,Overweighted,2024,JP3357200009
0.0001147997882551005,0.00013655082450787017,2.175103625276967e-05,2.175103625276967e-05,Overweighted,2024,AU000000ERA9
0.0012322962957281203,0.0012538113588196511,2.151506309153086e-05,2.151506309153086e-05,Overweighted,2024,HK0270001396
0.00036328405451800666,0.00038458144669707245,2.129739217906579e-05,2.129739217906579e-05,Overweighted,2024,JP3634200004
0.002786777150008923,0.0027655029639009564,-2.1274186107966657e-05,2.1274186107966657e-05,Underweighted,2024,AU000000ALL7
0.000780750686401736,0.0008020176718608183,2.126698545908232e-05,2.126698545908232e-05,Overweighted,2024,KYG525621408
0.0059807763623067455,0.005959563904470278,-2.1212457836467143e-05,2.1212457836467143e-05,Underweighted,2024,HK2388011192
0.00044818013773721975,0.00042718229732875153,-2.0997840408468215e-05,2.0997840408468215e-05,Underweighted,2024,JP3495000006
0.00030993653163363747,0.00033076881024166315,2.083227860802568e-05,2.083227860802568e-05,Overweighted,2024,JP3733400000
0.0015904589072375033,0.001569643841473843,-2.0815065763660342e-05,2.0815065763660342e-05,Underweighted,2024,SG1M77906915
0.017567930053196797,0.017547294035193037,-2.0636018003759166e-05,2.0636018003759166e-05,Underweighted,2024,AU000000CSL8
0.0067887824862057225,0.006768197676999139,-2.0584809206583392e-05,2.0584809206583392e-05,Underweighted,2024,AU000000WES1
0.0009711784632795762,0.0009914885657554512,2.0310102475874954e-05,2.0310102475874954e-05,Overweighted,2024,SG1R89002252
0.00037586542979855994,0.00039599261255280276,2.012718275424283e-05,2.012718275424283e-05,Overweighted,2024,JP3903000002
0.0006930245092648715,0.000713139496465659,2.0114987200787484e-05,2.0114987200787484e-05,Overweighted,2024,JP3375800004
0.00021416117007066218,0.00019417432055376794,-1.9986849516894243e-05,1.9986849516894243e-05,Underweighted,2024,AU000000IRE2
0.00026450687412387573,0.00028441458063285986,1.9907706508984126e-05,1.9907706508984126e-05,Overweighted,2024,JP3835620000
0.00048401171944416674,0.0005039099336616222,1.9898214217455425e-05,1.9898214217455425e-05,Overweighted,2024,JP3780100008
0.0014547642375951494,0.001474539993758472,1.9775756163322583e-05,1.9775756163322583e-05,Overweighted,2024,JP3102000001
0.008039854039143628,0.008020132901796848,-1.9721137346780104e-05,1.9721137346780104e-05,Underweighted,2024,AU0000224040
0.0027693655906416703,0.0027498267582381063,-1.953883240356398e-05,1.953883240356398e-05,Underweighted,2024,JP3119600009
0.0015772529246735184,0.0015967747183500036,1.9521793676485202e-05,1.9521793676485202e-05,Overweighted,2024,JP3573000001
0.003665357162625351,0.003684561195433072,1.9204032807721046e-05,1.9204032807721046e-05,Overweighted,2024,HK0000049939
0.0014028595406997317,0.0014219619119597293,1.910237125999758e-05,1.910237125999758e-05,Overweighted,2024,NZAIAE0002S6
0.0021793844473671988,0.002161034875612002,-1.8349571755196976e-05,1.8349571755196976e-05,Underweighted,2024,JP3420600003
0.000556486367253247,0.0005384872365088428,-1.7999130744404223e-05,1.7999130744404223e-05,Underweighted,2024,JP3667600005
0.0023865806569754434,0.0023686372307613916,-1.7943426214051764e-05,1.7943426214051764e-05,Underweighted,2024,JP3351100007
0.0013882679737846299,0.0014058177193825238,1.7549745597893922e-05,1.7549745597893922e-05,Overweighted,2024,JP3112000009
0.009787650005857757,0.009804584261374483,1.6934255516725533e-05,1.6934255516725533e-05,Overweighted,2024,JP3571400005
0.0002239629587610651,0.00020721549243369008,-1.6747466327375024e-05,1.6747466327375024e-05,Underweighted,2024,JP3172100004
0.0006470796770145973,0.0006303895735934303,-1.6690103421167007e-05,1.6690103421167007e-05,Underweighted,2024,JP3108600002
0.0008755428386560209,0.0008921082830649217,1.6565444408900808e-05,1.6565444408900808e-05,Overweighted,2024,JP3688370000
0.0005423156947339888,0.0005259065754058895,-1.6409119328099266e-05,1.6409119328099266e-05,Underweighted,2024,JP3896800004
0.000580989155401671,0.0005973947526533705,1.640559725169953e-05,1.640559725169953e-05,Overweighted,2024,HK0023000190
0.014273754607533058,0.014257794509368222,-1.596009816483626e-05,1.596009816483626e-05,Underweighted,2024,JP3436100006
3.822899618567148e-05,2.2473573586203558e-05,-1.575542259946792e-05,1.575542259946792e-05,Underweighted,2024,JP3599000001
0.0004413885857658893,0.00045707554587595483,1.5686960110065506e-05,1.5686960110065506e-05,Overweighted,2024,HK0010000088
0.0006801283049762273,0.0006651874020143885,-1.4940902961838834e-05,1.4940902961838834e-05,Underweighted,2024,AU000000BEN6
0.0013197345810982278,0.0013049195254043614,-1.4815055693866456e-05,1.4815055693866456e-05,Underweighted,2024,AU000000IGO4
0.0005856796025489507,0.0005996708146219663,1.3991212073015597e-05,1.3991212073015597e-05,Overweighted,2024,SGXE34184239
0.0007252044111934805,0.0007114371655270313,-1.3767245666449239e-05,1.3767245666449239e-05,Underweighted,2024,JP3944130008
0.00748289795374462,0.007496506762338592,1.3608808593972184e-05,1.3608808593972184e-05,Overweighted,2024,SG1S04926220
0.0007204988118479504,0.000733531597378635,1.3032785530684614e-05,1.3032785530684614e-05,Overweighted,2024,AU000000LLC3
0.001628012788812242,0.0016150866821956257,-1.292610661661627e-05,1.292610661661627e-05,Underweighted,2024,JP3137200006
0.003910999549927522,0.003923817633513978,1.2818083586455843e-05,1.2818083586455843e-05,Overweighted,2024,JP3304200003
0.015780463947885626,0.015793269513788077,1.280556590245105e-05,1.280556590245105e-05,Overweighted,2024,JP3902900004
0.0003319021683639169,0.00034462187310346293,1.2719704739546029e-05,1.2719704739546029e-05,Overweighted,2024,SG1N31909426
0.0007401966695734252,0.0007527859757129415,1.2589306139516323e-05,1.2589306139516323e-05,Overweighted,2024,AU000000CWY3
0.0009736566894823027,0.0009860979629754685,1.2441273493165803e-05,1.2441273493165803e-05,Overweighted,2024,JP3164630000
0.0017066375455333871,0.0016943321984544935,-1.2305347078893619e-05,1.2305347078893619e-05,Underweighted,2024,AU000000COH5
0.00030545148095152935,0.00029316107807763036,-1.2290402873898988e-05,1.2290402873898988e-05,Underweighted,2024,JP3548610009
0.0006050306432922504,0.0006172792655485578,1.224862225630743e-05,1.224862225630743e-05,Overweighted,2024,JP3358200008
0.0022242315870331137,0.0022362102512471535,1.1978664214039834e-05,1.1978664214039834e-05,Overweighted,2024,JP3900000005
0.011680817846163472,0.011669039498702509,-1.1778347460963262e-05,1.1778347460963262e-05,Underweighted,2024,SG1L01001701
0.0037106555010836093,0.003699307791054031,-1.1347710029578194e-05,1.1347710029578194e-05,Underweighted,2024,JP3200450009
0.010314306745488786,0.010325458094020683,1.1151348531896962e-05,1.1151348531896962e-05,Overweighted,2024,JP3475350009
0.0029377300832893953,0.0029482370001779772,1.0506916888581956e-05,1.0506916888581956e-05,Overweighted,2024,HK0823032773
0.0002539390576330377,0.0002637657823815771,9.826724748539445e-06,9.826724748539445e-06,Overweighted,2024,HK0363006039
0.0006933544904712128,0.0006835654038009091,-9.789086670303703e-06,9.789086670303703e-06,Underweighted,2024,JP3494600004
0.001058567924899766,0.0010676691885508109,9.101263651044864e-06,9.101263651044864e-06,Overweighted,2024,AU000000GPT8
0.008619029981488006,0.008609930281070047,-9.099700417958267e-06,9.099700417958267e-06,Underweighted,2024,JP3788600009
0.000589774063231716,0.0005987172513862875,8.94318815457143e-06,8.94318815457143e-06,Overweighted,2024,HK0014000126
0.0007530019606725672,0.000744263851695053,-8.738108977514184e-06,8.738108977514184e-06,Underweighted,2024,JP3452000007
0.0005062669315187866,0.0004977852304206335,-8.481701098153127e-06,8.481701098153127e-06,Underweighted,2024,JP3743000006
0.000630634491180201,0.00062232249553897,-8.311995641231023e-06,8.311995641231023e-06,Underweighted,2024,KYG0535Q1331
0.0004583220090994642,0.0004502972856641669,-8.024723435297266e-06,8.024723435297266e-06,Underweighted,2024,NZFBUE0001S0
0.0013734575417836895,0.0013657628945435937,-7.694647240095867e-06,7.694647240095867e-06,Underweighted,2024,AU000000QAN2
0.00040139520027284196,0.00040879640186496915,7.401201592127193e-06,7.401201592127193e-06,Overweighted,2024,JP3126400005
0.00010279082935289435,0.00011013605496500511,7.345225612110759e-06,7.345225612110759e-06,Overweighted,2024,BMG2108M2182
0.000969691864273457,0.0009623541681376,-7.337696135857022e-06,7.337696135857022e-06,Underweighted,2024,JP3148800000
0.001848450336113722,0.0018551054080478125,6.655071934090354e-06,6.655071934090354e-06,Overweighted,2024,SG9999000020
0.0051714772508237375,0.0051777064803377884,6.2292295140509504e-06,6.2292295140509504e-06,Overweighted,2024,AU000000TCL6
0.00841117549304466,0.00841732016360587,6.1446705612085845e-06,6.1446705612085845e-06,Overweighted,2024,JP3463000004
0.0005382262847839736,0.0005322009305781507,-6.025354205822873e-06,6.025354205822873e-06,Underweighted,2024,JP3122800000
0.0006991662002890195,0.0007051801321136795,6.013931824659993e-06,6.013931824659993e-06,Overweighted,2024,SG0531000230
0.003353974437847595,0.0033599528105939308,5.978372746335767e-06,5.978372746335767e-06,Overweighted,2024,JP3634600005
0.0025397357097349683,0.0025454817727396917,5.74606300472345e-06,5.74606300472345e-06,Overweighted,2024,JP3672400003
0.00021089166240375007,0.0002052478876929588,-5.643774710791259e-06,5.643774710791259e-06,Underweighted,2024,JP3678000005
0.0004306052713443794,0.0004358522888195142,5.247017475134782e-06,5.247017475134782e-06,Overweighted,2024,JP3582600007
0.0004457776725257452,0.000440955610829643,-4.822061696102195e-06,4.822061696102195e-06,Underweighted,2024,BMG988031446
0.0004195239636906123,0.00041476968916412003,-4.7542745264922935e-06,4.7542745264922935e-06,Underweighted,2024,JP3292200007
0.0015739985692048565,0.001578710406040327,4.7118368354706185e-06,4.7118368354706185e-06,Overweighted,2024,JP3539220008
0.0006532853439869137,0.0006579674840019286,4.682140015014875e-06,4.682140015014875e-06,Overweighted,2024,JP3166000004
0.0041299690175763,0.0041258834875159845,-4.085530060315111e-06,4.085530060315111e-06,Underweighted,2024,HK0291001490
0.0003475459712686273,0.00035128085507975736,3.7348838111300503e-06,3.7348838111300503e-06,Overweighted,2024,AU000000PPT9
0.0019350047432525584,0.0019316420100876932,-3.3627331648652167e-06,3.3627331648652167e-06,Underweighted,2024,JP3197600004
0.00028083420952743597,0.00028399099019890255,3.1567806714665803e-06,3.1567806714665803e-06,Overweighted,2024,AU000000TAH8
0.00025408384530520783,0.0002566226516243587,2.538806319150888e-06,2.538806319150888e-06,Overweighted,2024,JP3888400003
0.003417637240585296,0.0034155222066786853,-2.1150339066106083e-06,2.1150339066106083e-06,Underweighted,2024,JP3351600006
0.002033153949208091,0.002035077379565123,1.9234303570321576e-06,1.9234303570321576e-06,Overweighted,2024,JP3197800000
0.003349688049320325,0.003348047504149062,-1.6405451712629693e-06,1.6405451712629693e-06,Underweighted,2024,KYG210961051
0.0005173549734828871,0.0005157879181499256,-1.567055332961473e-06,1.567055332961473e-06,Underweighted,2024,JP3243600008
0.0013690011119204988,0.001367794041131503,-1.20707078899579e-06,1.20707078899579e-06,Underweighted,2024,JP3675600005
0.0004375735989619641,0.00043872665224264744,1.153053280683353e-06,1.153053280683353e-06,Overweighted,2024,JP3613400005
0.010160000125662233,0.0101609638285663,9.637029040662076e-07,9.637029040662076e-07,Overweighted,2024,JP3371200001
0.0007471683643461765,0.0007481280104539016,9.596461077250769e-07,9.596461077250769e-07,Overweighted,2024,HK0000745908
0.0002756437398378942,0.00027656172861432386,9.179887764296756e-07,9.179887764296756e-07,Overweighted,2024,AU000000IFL2
0.0003295872491867778,0.0003288010347453374,-7.862144414404236e-07,7.862144414404236e-07,Underweighted,2024,JP3320800000
0.0003286747501365891,0.0003280680371730377,-6.067129635514245e-07,6.067129635514245e-07,Underweighted,2024,BMG684371393
0.00033536697103050045,0.0003354056759888395,3.8704958339047524e-08,3.8704958339047524e-08,Overweighted,2024,HK0200030994
0.0015546509899230165,3.1764742491367954e-18,-0.0015546509899230132,0.0015546509899230132,Underweighted,2025,HK0836012952
0.0033568619149500025,0.0020175250025332775,-0.001339336912416725,0.001339336912416725,Underweighted,2025,HK0002007356
0.0007412836357290137,2.716893593202903e-05,-0.0007141146997969848,0.0007141146997969848,Underweighted,2025,HK2380027329
0.000614211196504405,8.631585862877988e-18,-0.0006142111965043963,0.0006142111965043963,Underweighted,2025,JP3246400000
0.0005359045045860291,4.198363208621257e-18,-0.0005359045045860249,0.0005359045045860249,Underweighted,2025,JP3605400005
0.0005206953053797774,3.1414270444931044e-18,-0.0005206953053797743,0.0005206953053797743,Underweighted,2025,JP3551200003
0.001621683289272117,0.0011500662980425146,-0.0004716169912296023,0.0004716169912296023,Underweighted,2025,JP3386030005
0.0006319234821503596,0.00017479834468867315,-0.00045712513746168647,0.00045712513746168647,Underweighted,2025,JP3174410005
0.00041924354756349007,6.201645729440934e-18,-0.0004192435475634839,0.0004192435475634839,Underweighted,2025,JP3522200009
0.0004172284741029933,1.198032019512653e-17,-0.00041722847410298133,0.00041722847410298133,Underweighted,2025,MU0117U00026
0.0004033605026210498,5.174775582400144e-18,-0.0004033605026210446,0.0004033605026210446,Underweighted,2025,JP3449020001
0.0016175319470748306,0.0020020924009416952,0.0003845604538668646,0.0003845604538668646,Overweighted,2025,JP3526600006
0.0008371103167882927,0.0012145392850438873,0.0003774289682555946,0.0003774289682555946,Overweighted,2025,HK0144000764
0.0036767996690560984,0.0033091939037951886,-0.0003676057652609098,0.0003676057652609098,Underweighted,2025,JP3381000003
0.0003373430117187752,0.0006824677420861913,0.0003451247303674161,0.0003451247303674161,Overweighted,2025,JP3796150005
0.0003405991248085114,0.0006675250237354862,0.0003269258989269748,0.0003269258989269748,Overweighted,2025,JP3276400003
0.0006006227821264438,0.0002797317825279373,-0.0003208909995985065,0.0003208909995985065,Underweighted,2025,JP3401400001
0.0006814826545320569,0.0003610457669707009,-0.00032043688756135596,0.00032043688756135596,Underweighted,2025,JP3595200001
0.0010695757842142343,0.000750127180775324,-0.00031944860343891023,0.00031944860343891023,Underweighted,2025,HK0293001514
0.002139998319425502,0.002451822061187147,0.0003118237417616453,0.0003118237417616453,Overweighted,2025,HK0003000038
0.0023353424816914335,0.002627677562821349,0.0002923350811299156,0.0002923350811299156,Overweighted,2025,JP3347200002
0.0002811988959918298,1.572257731598249e-17,-0.0002811988959918141,0.0002811988959918141,Underweighted,2025,JP3158800007
0.00575631992967442,0.006035372265772133,0.00027905233609771315,0.00027905233609771315,Overweighted,2025,JP3242800005
0.0012696691853738306,0.0015353251880387783,0.00026565600266494765,0.00026565600266494765,Overweighted,2025,JP3783420007
0.004292901511870673,0.004554794187318029,0.0002618926754473566,0.0002618926754473566,Overweighted,2025,JP3814000000
0.0001710404695266597,0.0004305100734702563,0.0002594696039435966,0.0002594696039435966,Overweighted,2025,JP3789000001
0.00027717521281890513,0.0005358050298903213,0.0002586298170714162,0.0002586298170714162,Overweighted,2025,JP3711200000
0.00017764642005313198,0.0004356549930158992,0.00025800857296276724,0.00025800857296276724,Overweighted,2025,JP3726200003
0.0003512497656891324,0.000604441507479267,0.0002531917417901346,0.0002531917417901346,Overweighted,2025,BMG2442N1048
0.0010603972619563178,0.0013041055064422558,0.00024370824448593804,0.00024370824448593804,Overweighted,2025,KYG9431R1039
0.0049003403163358295,0.005143971432307538,0.00024363111597170816,0.00024363111597170816,Overweighted,2025,JP3830800003
0.00022515981617100486,0.0004658170545791322,0.00024065723840812736,0.00024065723840812736,Overweighted,2025,JP3535800001
0.00023714683696488242,7.347413048373129e-18,-0.00023714683696487507,0.00023714683696487507,Underweighted,2025,JP3350800003
0.0014286757719331128,0.00166483103448615,0.00023615526255303708,0.00023615526255303708,Overweighted,2025,JP3629000005
0.0014282782514268722,0.0016547327750056175,0.0002264545235787453,0.0002264545235787453,Overweighted,2025,SG1F60858221
9.876283861960194e-05,0.0003228292010563473,0.00022406636243674536,0.00022406636243674536,Overweighted,2025,JP3194000000
0.0005952804943474522,0.00037226526884731804,-0.00022301522550013416,0.00022301522550013416,Underweighted,2025,JP3368000000
0.0008808262609156545,0.0010986038082587478,0.00021777754734309332,0.00021777754734309332,Overweighted,2025,JP3663900003
0.0017306960163920649,0.0015161036259551978,-0.00021459239043686708,0.00021459239043686708,Underweighted,2025,JP3429800000
0.00021161341615549188,1.0029850427971719e-17,-0.00021161341615548186,0.00021161341615548186,Underweighted,2025,NZAIRE0001S2
0.0020691717999599245,0.0022776929226385736,0.00020852112267864906,0.00020852112267864906,Overweighted,2025,JP3358000002
0.0005646310169414836,0.0007721700186081392,0.0002075390016666556,0.0002075390016666556,Overweighted,2025,JP3657400002
0.00011488665817761085,0.00032117479478902065,0.0002062881366114098,0.0002062881366114098,Overweighted,2025,SG2B80958517
0.0013457959782559514,0.0015518648757452233,0.00020606889748927193,0.00020606889748927193,Overweighted,2025,JP3585800000
0.0003670730209619349,0.0005699118935991064,0.00020283887263717145,0.00020283887263717145,Overweighted,2025,BMG524401079
0.0012362483759832976,0.0014341289673226796,0.00019788059133938208,0.00019788059133938208,Overweighted,2025,AU000000RHC8
0.0008807697031200511,0.0006911590964490073,-0.0001896106066710438,0.0001896106066710438,Underweighted,2025,JP3289800009
0.0030357800774357016,0.0032251541651344066,0.00018937408769870503,0.00018937408769870503,Overweighted,2025,JP3116000005
0.00018697684039066889,8.144166020606712e-18,-0.00018697684039066075,0.00018697684039066075,Underweighted,2025,KYG5427W1309
0.00044558978469255175,0.00026871499499848815,-0.0001768747896940636,0.0001768747896940636,Underweighted,2025,JP3720800006
0.0001036769030890252,0.00028017569250581595,0.00017649878941679076,0.00017649878941679076,Overweighted,2025,HK0440001847
0.00017508515988080847,6.821039444963817e-18,-0.00017508515988080164,0.00017508515988080164,Underweighted,2025,JP3625000009
0.0002781932531397656,0.0004531300878544906,0.000174936834714725,0.000174936834714725,Overweighted,2025,JP3718800000
0.008284571356546807,0.008458785213100789,0.0001742138565539817,0.0001742138565539817,Overweighted,2025,JP3910660004
0.003436458124608135,0.0032626289598290635,-0.00017382916477907137,0.00017382916477907137,Underweighted,2025,JP3249600002
0.0013313349578886813,0.0015039449329674781,0.00017260997507879679,0.00017260997507879679,Overweighted,2025,JP3493800001
0.0009767741372512264,0.0008042769111915616,-0.00017249722605966477,0.00017249722605966477,Underweighted,2025,AU000000SEK6
0.011591326296466267,0.0117631901153045,0.00017186381883823286,0.00017186381883823286,Overweighted,2025,JP3898400001
0.00038091836932563713,0.00020906018039842212,-0.000171858188927215,0.000171858188927215,Underweighted,2025,JP3040890000
0.00016926617068173147,3.438163861768223e-18,-0.00016926617068172803,0.00016926617068172803,Underweighted,2025,JP3845400005
0.0005993849743712389,0.0007663912754814639,0.000167006301110225,0.000167006301110225,Overweighted,2025,JP3940400009
0.0009683518735173777,0.0011346939196725388,0.00016634204615516117,0.00016634204615516117,Overweighted,2025,JP3511800009
0.011107833093097362,0.01127337852503022,0.00016554543193285712,0.00016554543193285712,Overweighted,2025,JP3890350006
0.002112299543013011,0.0019468588282420764,-0.0001654407147709347,0.0001654407147709347,Underweighted,2025,JP3258000003
0.0004425324318559359,0.0006065073114216687,0.00016397487956573275,0.00016397487956573275,Overweighted,2025,JP3415400005
0.0094900732989031,0.009328780552948994,-0.00016129274595410616,0.00016129274595410616,Underweighted,2025,JP3519400000
0.0015371148414119408,0.001376732704485456,-0.00016038213692648484,0.00016038213692648484,Underweighted,2025,AU000000ORG5
0.00015563574194132207,3.682613512708849e-18,-0.00015563574194131838,0.00015563574194131838,Underweighted,2025,JP3850200001
0.0005577632846182186,0.0007119369974869352,0.0001541737128687166,0.0001541737128687166,Overweighted,2025,BMG668971101
0.00506642955484167,0.004912456745549662,-0.00015397280929200802,0.00015397280929200802,Underweighted,2025,JP3902400005
0.00042165614153022766,0.0005756243437492332,0.00015396820221900558,0.00015396820221900558,Overweighted,2025,JP3219000001
0.001288923074934231,0.0014411446415679636,0.00015222156663373247,0.00015222156663373247,Overweighted,2025,JP3486800000
0.0001379024491141433,0.0002899932206035015,0.0001520907714893582,0.0001520907714893582,Overweighted,2025,HK0165000859
0.002728255951496034,0.002576613200662655,-0.000151642750833379,0.000151642750833379,Underweighted,2025,JP3421800008
0.0008925805867790495,0.0007414596963952493,-0.00015112089038380025,0.00015112089038380025,Underweighted,2025,JP3196000008
0.006980555429871565,0.0071305972810842225,0.00015004185121265771,0.00015004185121265771,Overweighted,2025,JP3837800006
0.0024515946066486108,0.002302125421621057,-0.00014946918502755377,0.00014946918502755377,Underweighted,2025,SG1V61937297
0.00027499046597159824,0.00042382258843114975,0.0001488321224595515,0.0001488321224595515,Overweighted,2025,JP3658850007
0.0035353550860001675,0.0036841551339573285,0.00014880004795716096,0.00014880004795716096,Overweighted,2025,JP3951600000
0.00014986199897872778,0.00029809156570036064,0.00014822956672163286,0.00014822956672163286,Overweighted,2025,AU000000ELD6
0.00044892023088508097,0.00030233668299071786,-0.00014658354789436311,0.00014658354789436311,Underweighted,2025,JP3485800001
0.0004177940520590269,0.0002720300301223724,-0.00014576402193665447,0.00014576402193665447,Underweighted,2025,JP3143000002
0.0005321830016353282,0.0006779227682405962,0.00014573976660526796,0.00014573976660526796,Overweighted,2025,JP3665200006
0.0010977997401573274,0.001241534695200984,0.00014373495504365675,0.00014373495504365675,Overweighted,2025,JP3443600006
0.0002780122681938348,0.0001356129113158446,-0.00014239935687799022,0.00014239935687799022,Underweighted,2025,JP3156400008
0.008036187293564045,0.008178117178036102,0.00014192988447205707,0.00014192988447205707,Overweighted,2025,JP3551500006
0.0019022988320007237,0.0017608172835534273,-0.00014148154844729642,0.00014148154844729642,Underweighted,2025,BMG507361001
0.0029017219424855695,0.0030421544894020285,0.00014043254691645897,0.00014043254691645897,Overweighted,2025,JP3733000008
0.0002901721942485569,0.00015010090017879472,-0.0001400712940697622,0.0001400712940697622,Underweighted,2025,JP3544000007
0.0006021708497889585,0.0004626894805518777,-0.00013948136923708075,0.00013948136923708075,Underweighted,2025,JP3336000009
0.0013125836247406418,0.001173105230847329,-0.00013947839389331289,0.00013947839389331289,Underweighted,2025,JP3621000003
0.0017210828070765112,0.0018604790831935176,0.0001393962761170064,0.0001393962761170064,Overweighted,2025,JP3659000008
0.0018375385400978609,0.001976532444527893,0.00013899390443003197,0.00013899390443003197,Overweighted,2025,JP3711600001
0.00013854559204700437,4.931481555758119e-18,-0.00013854559204699943,0.00013854559204699943,Underweighted,2025,JP3400900001
0.0027126266086653,0.002851062536101157,0.00013843592743585697,0.00013843592743585697,Overweighted,2025,JP3762800005
0.00035626078637959003,0.00021931765976840564,-0.0001369431266111844,0.0001369431266111844,Underweighted,2025,JP3421100003
0.0029455510022041377,0.003081449336140145,0.00013589833393600707,0.00013589833393600707,Overweighted,2025,JP3205800000
0.0035229867040702215,0.0036588347021000124,0.0001358479980297909,0.0001358479980297909,Overweighted,2025,JP3890310000
0.0008823614010820313,0.0007503929457327354,-0.00013196845534929592,0.00013196845534929592,Underweighted,2025,JP3027680002
0.010739691937767032,0.010871362907443949,0.00013167096967691728,0.00013167096967691728,Overweighted,2025,JP3198900007
0.0015989212004472913,0.0017300259742349926,0.0001311047737877014,0.0001311047737877014,Overweighted,2025,AU000000SHL7
0.0044089209418973685,0.004278527609049811,-0.00013039333284755716,0.00013039333284755716,Underweighted,2025,JP3802400006
3.7467115681699184e-05,0.00016688919429678678,0.0001294220786150876,0.0001294220786150876,Overweighted,2025,SG1S76928401
0.0032171851669909306,0.0030877973152335703,-0.0001293878517573603,0.0001293878517573603,Underweighted,2025,KYG217651051
0.0009469213167947565,0.0008181411592197579,-0.00012878015757499862,0.00012878015757499862,Underweighted,2025,JP3260800002
0.0008952404191094246,0.0007669199372488136,-0.000128320481860611,0.000128320481860611,Underweighted,2025,JP3597800006
0.0006910586972962142,0.0008183044131388799,0.00012724571584266575,0.00012724571584266575,Overweighted,2025,JP3830000000
0.0002984506395878714,0.00042399277338887176,0.00012554213380100036,0.00012554213380100036,Overweighted,2025,JP3579800008
0.0005902387708536671,0.0007146477142881771,0.00012440894343451,0.00012440894343451,Overweighted,2025,JP3263000006
0.00025335953305883946,0.0003773791678006512,0.00012401963474181174,0.00012401963474181174,Overweighted,2025,JP3352400000
0.001236366339385556,0.001359951367364264,0.00012358502797870817,0.00012358502797870817,Overweighted,2025,BMG5320C1082
0.004179278516440543,0.004302548278923412,0.00012326976248286901,0.00012326976248286901,Overweighted,2025,JP3566800003
0.0006797342106794043,0.0008025548482230118,0.00012282063754360747,0.00012282063754360747,Overweighted,2025,JP3799000009
0.00024915001712893234,0.00012706584915521597,-0.00012208416797371638,0.00012208416797371638,Underweighted,2025,JP3549600009
0.0016108290403273238,0.001732079594287229,0.00012125055395990534,0.00012125055395990534,Overweighted,2025,SG1M51904654
0.0001598791925485912,3.869011491166649e-05,-0.0001211890776369247,0.0001211890776369247,Underweighted,2025,JP3834800009
0.0013615513641740298,0.001240892374842334,-0.00012065898933169583,0.00012065898933169583,Underweighted,2025,JP3256000005
0.011650700670290672,0.011770974708341132,0.00012027403805046043,0.00012027403805046043,Overweighted,2025,JP3143600009
0.0037127122533272133,0.0038322093008561794,0.0001194970475289661,0.0001194970475289661,Overweighted,2025,JP3397200001
0.001247997854035641,0.0011288521997219927,-0.00011914565431364837,0.00011914565431364837,Underweighted,2025,SG1R50925390
0.0006870366300603067,0.0008060465933673889,0.00011900996330708221,0.00011900996330708221,Overweighted,2025,JP3270000007
0.00010708006644733013,0.00022591912918402195,0.00011883906273669182,0.00011883906273669182,Overweighted,2025,AU0000033359
0.008513998862380339,0.008632613651352448,0.00011861478897210939,0.00011861478897210939,Overweighted,2025,JP3726800000
0.0004988106703553122,0.0006171968663022422,0.00011838619594692996,0.00011838619594692996,Overweighted,2025,AU000000FLT9
0.007508753530822382,0.007625610467871921,0.00011685693704953891,0.00011685693704953891,Overweighted,2025,JP3481800005
0.0006507362209050539,0.0005339169668723549,-0.00011681925403269895,0.00011681925403269895,Underweighted,2025,AU000000JBH7
0.004097980725103257,0.003982081574748008,-0.00011589915035524912,0.00011589915035524912,Underweighted,2025,JP3546800008
0.0003246740655036229,0.00020908855319980377,-0.0001155855123038191,0.0001155855123038191,Underweighted,2025,AU000000ANN9
0.0027800467328985383,0.0028951587457709854,0.00011511201287244715,0.00011511201287244715,Overweighted,2025,JP3753000003
0.004850499970913133,0.004965274018690512,0.00011477404777737905,0.00011477404777737905,Overweighted,2025,SG1T75931496
0.0003890352209632276,0.0005023474961746272,0.00011331227521139958,0.00011331227521139958,Overweighted,2025,JP3811000003
0.0011085974313065172,0.0009966260457600793,-0.00011197138554643786,0.00011197138554643786,Underweighted,2025,JP3027670003
0.00011176789973433993,1.5884257345325447e-17,-0.00011176789973432405,0.00011176789973432405,Underweighted,2025,BMG8403G1033
0.00036746246178308946,0.0002564315236157348,-0.00011103093816735465,0.00011103093816735465,Underweighted,2025,JP3870000001
0.013463408722181642,0.013352846573847306,-0.00011056214833433595,0.00011056214833433595,Underweighted,2025,JP3802300008
0.003192089665113212,0.003081636860556353,-0.00011045280455685867,0.00011045280455685867,Underweighted,2025,HK0011000095
0.000785565157812409,0.0008945451317937508,0.0001089799739813418,0.0001089799739813418,Overweighted,2025,JP3894900004
9.414610656135065e-05,0.00020304951464971235,0.0001089034080883617,0.0001089034080883617,Overweighted,2025,JP3203500008
0.0008503545365815821,0.0009576309289553442,0.00010727639237376207,0.00010727639237376207,Overweighted,2025,JP3935600001
0.00010725620358220916,9.822671876006277e-16,-0.00010725620358122689,0.00010725620358122689,Underweighted,2025,JP3389900006
0.00046527997724760676,0.0005724500356104249,0.00010717005836281818,0.00010717005836281818,Overweighted,2025,JP3134800006
0.0001498749264748657,0.00025671304102727846,0.00010683811455241277,0.00010683811455241277,Overweighted,2025,HK0308001558
0.00010627048200169348,1.1295563715575285e-17,-0.00010627048200168219,0.00010627048200168219,Underweighted,2025,JP3619800000
3.972619563179905e-05,0.0001454368213180575,0.00010571062568625844,0.00010571062568625844,Overweighted,2025,AU000000MAH3
0.0014433872625380553,0.0015481451513230716,0.00010475788878501631,0.00010475788878501631,Overweighted,2025,JP3906000009
0.0004863534118894181,0.00038193876158162997,-0.00010441465030778814,0.00010441465030778814,Underweighted,2025,JP3404200002
0.00022838037864636183,0.00033278404637434895,0.00010440366772798712,0.00010440366772798712,Overweighted,2025,AU000000CQR9
0.0006115885307254263,0.0005074642296554595,-0.00010412430106996684,0.00010412430106996684,Underweighted,2025,JP3326410002
0.0010408961340322798,0.0009376732817728052,-0.00010322285225947462,0.00010322285225947462,Underweighted,2025,AU000000QAN2
0.008871109631630996,0.008768094019179815,-0.00010301561245118149,0.00010301561245118149,Underweighted,2025,AU000000WBC1
0.00028524843415703025,0.00038786754199463544,0.0001026191078376052,0.0001026191078376052,Overweighted,2025,JP3493400000
0.0007304406983433412,0.0008329303038399781,0.00010248960549663687,0.00010248960549663687,Overweighted,2025,HK0392044647
0.0009172236262919415,0.0010196537261242338,0.00010243009983229232,0.00010243009983229232,Overweighted,2025,JP3670800006
0.00033271496810140325,0.00023078740769308717,-0.00010192756040831608,0.00010192756040831608,Underweighted,2025,JP3209000003
0.0006119682759244774,0.0005106331751481544,-0.00010133510077632308,0.00010133510077632308,Underweighted,2025,JP3277800003
0.0026596836641695053,0.002760714360989531,0.00010103069682002551,0.00010103069682002551,Overweighted,2025,HK0688002218
0.00016043830675655584,0.00026087056962395793,0.0001004322628674021,0.0001004322628674021,Overweighted,2025,NZSKCE0001S2
0.00293781874357665,0.0028374259607864575,-0.0001003927827901924,0.0001003927827901924,Underweighted,2025,JP3899600005
0.0013404763135952012,0.0014402446029155701,9.976828932036896e-05,9.976828932036896e-05,Overweighted,2025,AU000000ASX7
0.008636422250806351,0.008536753733806551,-9.966851699979955e-05,9.966851699979955e-05,Underweighted,2025,AU000000ANZ3
0.0012565122261794723,0.0011574934282906433,-9.901879788882899e-05,9.901879788882899e-05,Underweighted,2025,JP3774200004
0.0018139232365279327,0.0019128733416741489,9.895010514621616e-05,9.895010514621616e-05,Overweighted,2025,JP3223800008
0.004966036235771674,0.005064746479226115,9.871024345444075e-05,9.871024345444075e-05,Overweighted,2025,AU000000TLS2
0.01235493733396247,0.012453084075471485,9.814674150901426e-05,9.814674150901426e-05,Overweighted,2025,JP3496400007
0.0001841295593662941,8.607114065991213e-05,-9.805841870638199e-05,9.805841870638199e-05,Underweighted,2025,SG1T58930911
0.0002300771125144626,0.00013244189292948644,-9.763521958497615e-05,9.763521958497615e-05,Underweighted,2025,AU000000BWP3
0.003753765133250166,0.0036568834297326003,-9.688170351756587e-05,9.688170351756587e-05,Underweighted,2025,JP3635000007
0.0014849071482589892,0.0015812663606053366,9.635921234634739e-05,9.635921234634739e-05,Overweighted,2025,SGXE21576413
0.002055358770336567,0.002151508688914244,9.614991857767726e-05,9.614991857767726e-05,Overweighted,2025,JP3362700001
0.0009837242823623705,0.0010796538093612402,9.59295269988697e-05,9.59295269988697e-05,Overweighted,2025,JP3598600009
9.56133773730035e-05,5.187763009599669e-17,-9.561337737295162e-05,9.561337737295162e-05,Underweighted,2025,JP3528600004
0.0010532418928439844,0.0009587655756482319,-9.447631719575254e-05,9.447631719575254e-05,Underweighted,2025,JP3771800004
0.0008838593746970118,0.0009777271465458203,9.386777184880847e-05,9.386777184880847e-05,Overweighted,2025,JP3738600000
0.019896853124252625,0.01999066279438917,9.380967013654373e-05,9.380967013654373e-05,Overweighted,2025,JP3435000009
0.005042630034451777,0.0049491089443357865,-9.352109011599025e-05,9.352109011599025e-05,Underweighted,2025,JP3818000006
0.0009220407345403304,0.0008291647848443816,-9.28759496959488e-05,9.28759496959488e-05,Underweighted,2025,AU0000088338
0.0009043106735871861,0.0009963472069253324,9.203653333814631e-05,9.203653333814631e-05,Overweighted,2025,JP3305990008
0.0005671276396331176,0.0006586457500979821,9.151811046486454e-05,9.151811046486454e-05,Overweighted,2025,JP3268950007
0.0004460438629943959,0.0005370308181280034,9.098695513360744e-05,9.098695513360744e-05,Overweighted,2025,JP3769000005
0.0010827973808892823,0.001173757014911966,9.09596340226838e-05,9.09596340226838e-05,Overweighted,2025,JP3190000004
0.0012306265311003237,0.0011402216553966016,-9.040487570372208e-05,9.040487570372208e-05,Underweighted,2025,SG1J26887955
0.003260356540343483,0.0033504589258155884,9.010238547210551e-05,9.010238547210551e-05,Overweighted,2025,JP3165700000
0.0004546665029183822,0.0005446994916946466,9.003298877626446e-05,9.003298877626446e-05,Overweighted,2025,JP3293200006
0.0005270507856685777,0.0006168748503055163,8.982406463693866e-05,8.982406463693866e-05,Overweighted,2025,JP3977400005
0.0019068202237749578,0.0019943515207800854,8.753129700512759e-05,8.753129700512759e-05,Overweighted,2025,AU000000SUN6
0.0006332307751973058,0.0007205774589979703,8.73466838006645e-05,8.73466838006645e-05,Overweighted,2025,JP3695200000
0.00021128699687800965,0.0001241105958965977,-8.717640098141195e-05,8.717640098141195e-05,Underweighted,2025,AU000000ABC7
0.0012707453994273117,0.0011836552071602814,-8.709019226703038e-05,8.709019226703038e-05,Underweighted,2025,SG1B51001017
0.00047232546264276796,0.000559212773369632,8.688731072686406e-05,8.688731072686406e-05,Overweighted,2025,AU000000CGF5
0.0003014288115106425,0.00038801919004468856,8.659037853404606e-05,8.659037853404606e-05,Overweighted,2025,AU000000SGM7
0.00032133392368899024,0.00040737038823083463,8.603646454184439e-05,8.603646454184439e-05,Overweighted,2025,AU000000ILU1
0.0002542272912370967,0.00016839441043287187,-8.583288080422485e-05,8.583288080422485e-05,Underweighted,2025,JP3560800009
0.0023984609815847816,0.0023129683307018707,-8.549265088291088e-05,8.549265088291088e-05,Underweighted,2025,JP3420600003
0.0007785519911575926,0.0008638734338328956,8.532144267530306e-05,8.532144267530306e-05,Overweighted,2025,JP3973400009
0.001081793884001577,0.0011663779199238343,8.458403592225732e-05,8.458403592225732e-05,Overweighted,2025,HK0019000162
0.0003448248001085909,0.0004293626024294814,8.453780232089048e-05,8.453780232089048e-05,Overweighted,2025,JP3638600001
0.0015406181928653145,0.001624471018583081,8.385282571776644e-05,8.385282571776644e-05,Overweighted,2025,BMG677491539
0.0003020800341285898,0.00038543119668639096,8.335116255780116e-05,8.335116255780116e-05,Overweighted,2025,AU000000DOW2
0.0012961721683935644,0.0012129268868929129,-8.324528150065159e-05,8.324528150065159e-05,Underweighted,2025,JP3820000002
0.003687211151258168,0.0036040088943235355,-8.320225693463253e-05,8.320225693463253e-05,Underweighted,2025,JP3783600004
0.00041237743117724236,0.0004950641564257228,8.268672524848041e-05,8.268672524848041e-05,Overweighted,2025,JP3398000004
0.0008519413867325105,0.000934162216211414,8.222082947890346e-05,8.222082947890346e-05,Overweighted,2025,JP3955000009
0.00611471052104273,0.006196639718559777,8.192919751704667e-05,8.192919751704667e-05,Overweighted,2025,HK0388045442
0.0006105252441680832,0.0006923369605832385,8.181171641515527e-05,8.181171641515527e-05,Overweighted,2025,JP3224200000
0.0005111531972929822,0.00043094398249837404,-8.020921479460813e-05,8.020921479460813e-05,Underweighted,2025,JP3405400007
0.0004775320117123114,0.0005571610657669357,7.962905405462423e-05,7.962905405462423e-05,Overweighted,2025,HK0000055878
0.00039029241996263946,0.00046960068071313113,7.930826075049167e-05,7.930826075049167e-05,Overweighted,2025,JP3903000002
0.011996863466249539,0.011917604452797843,-7.925901345169628e-05,7.925901345169628e-05,Underweighted,2025,JP3756600007
0.0002087241207686689,0.0002877992161040728,7.907509533540386e-05,7.907509533540386e-05,Overweighted,2025,JP3411000007
0.0006891228047495619,0.0007681514105438996,7.902860579433763e-05,7.902860579433763e-05,Overweighted,2025,JP3676800000
0.0009639807638857467,0.0010426965065614643,7.871574267571762e-05,7.871574267571762e-05,Overweighted,2025,JP3613000003
0.0034627898183040417,0.0035407532865639915,7.796346825994982e-05,7.796346825994982e-05,Overweighted,2025,KYG2108Y1052
0.0009506476675565092,0.0008731172658082869,-7.753040174822228e-05,7.753040174822228e-05,Underweighted,2025,JP3118000003
0.0034097224466579186,0.0033327490248330005,-7.697342182491802e-05,7.697342182491802e-05,Underweighted,2025,JP3119600009
0.005808110711076924,0.005883938593857051,7.582788278012731e-05,7.582788278012731e-05,Overweighted,2025,SG1M31001969
0.0005944256636653329,0.0005186746330302627,-7.57510306350702e-05,7.57510306350702e-05,Underweighted,2025,HK0270001396
0.005397716034619834,0.005473156598103671,7.544056348383638e-05,7.544056348383638e-05,Overweighted,2025,AU000000GMG2
0.0009205330653032466,0.0008460602599134203,-7.447280538982635e-05,7.447280538982635e-05,Underweighted,2025,JP3351500008
0.0009447058671441221,0.0010191207976938703,7.441493054974812e-05,7.441493054974812e-05,Overweighted,2025,NZTELE0001S4
0.001097276176563742,0.001023140708206851,-7.413546835689094e-05,7.413546835689094e-05,Underweighted,2025,AU000000BSL0
0.000647955193298386,0.0005740678743966261,-7.388731890175984e-05,7.388731890175984e-05,Underweighted,2025,JP3108600002
0.0007639988623803397,0.0006903001357862779,-7.36987265940618e-05,7.36987265940618e-05,Underweighted,2025,JP3039710003
0.0003848418644034929,0.0003112352825855725,-7.360658181792043e-05,7.360658181792043e-05,Underweighted,2025,JP3280200001
0.0007214350813462693,0.0007950132139407053,7.3578132594436e-05,7.3578132594436e-05,Overweighted,2025,AU000000CIM7
0.00023929603319781004,0.00016582812366948218,-7.346790952832786e-05,7.346790952832786e-05,Underweighted,2025,BMG684371393
0.0051243172666102154,0.0051976370966430145,7.331983003279908e-05,7.331983003279908e-05,Overweighted,2025,JP3122400009
0.0038509863679553223,0.003777736335628961,-7.325003232636117e-05,7.325003232636117e-05,Underweighted,2025,US89677Q1076
0.0010211251446263629,0.0009482200810348179,-7.290506359154496e-05,7.290506359154496e-05,Underweighted,2025,JP3419400001
0.0012115633221079574,0.001284392008765639,7.28286866576815e-05,7.28286866576815e-05,Overweighted,2025,JP3862400003
0.0006477208824308862,0.0007196894892099622,7.196860677907593e-05,7.196860677907593e-05,Overweighted,2025,HK0008011667
0.0014297632975457145,0.0013580634557041106,-7.169984184160396e-05,7.169984184160396e-05,Underweighted,2025,JP3300200007
0.0003487321358162744,0.0004203667697694487,7.16346339531743e-05,7.16346339531743e-05,Overweighted,2025,JP3600200004
0.002440916494838697,0.002511777035510977,7.086054067228023e-05,7.086054067228023e-05,Overweighted,2025,JP3756100008
0.0012880714761261463,0.0012189353840927272,-6.91360920334191e-05,6.91360920334191e-05,Underweighted,2025,JP3402600005
0.0012674666632193341,0.001336443804708617,6.897714148928276e-05,6.897714148928276e-05,Overweighted,2025,JP3869010003
0.0005506466979942989,0.0006193311121056408,6.868441411134196e-05,6.868441411134196e-05,Overweighted,2025,JP3271400008
0.0011556858359888563,0.0012237782877510357,6.809245176217938e-05,6.809245176217938e-05,Overweighted,2025,JP3551520004
2.7436994615697853e-05,9.487107479478845e-05,6.74340801790906e-05,6.74340801790906e-05,Overweighted,2025,HK0000139300
0.00037734391664350484,0.0003107747077972836,-6.656920884622123e-05,6.656920884622123e-05,Underweighted,2025,AU000000MTS0
0.0027726990672811533,0.0027067984177605465,-6.590064952060682e-05,6.590064952060682e-05,Underweighted,2025,JP3294460005
0.00954898874661461,0.009614404565869839,6.541581925522885e-05,6.541581925522885e-05,Overweighted,2025,JP3475350009
0.0007919723480857609,0.0007274357973033176,-6.453655078244333e-05,6.453655078244333e-05,Underweighted,2025,AU000000ORI1
0.0038533941141110075,0.003917930639264044,6.45365251530361e-05,6.45365251530361e-05,Overweighted,2025,JP3933800009
0.0017223755566903023,0.001786889026747542,6.451347005723964e-05,6.451347005723964e-05,Overweighted,2025,JP3502200003
0.020430178593359143,0.020365895108712687,-6.42834846464567e-05,6.42834846464567e-05,Underweighted,2025,AU000000CBA7
0.0008007775888926952,0.0007368142042145473,-6.396338467814784e-05,6.396338467814784e-05,Underweighted,2025,JP3358800005
0.00040446741947785836,0.0003416969811532014,-6.277043832465698e-05,6.277043832465698e-05,Underweighted,2025,JP3902000003
0.0007077351673141187,0.0006450527524910108,-6.268241482310793e-05,6.268241482310793e-05,Underweighted,2025,JP3152740001
0.0016855435042563778,0.0016228991476444888,-6.264435661188904e-05,6.264435661188904e-05,Underweighted,2025,JP3111200006
0.0010634529988559165,0.0011258436676286063,6.239066877268985e-05,6.239066877268985e-05,Overweighted,2025,JP3940000007
0.002297306556179666,0.0023590454945085033,6.173893832883736e-05,6.173893832883736e-05,Overweighted,2025,JP3778630008
0.009683473488937293,0.009745095963847964,6.162247491067058e-05,6.162247491067058e-05,Overweighted,2025,JP3854600008
0.0016011915919565117,0.0015396776240387835,-6.151396791772819e-05,6.151396791772819e-05,Underweighted,2025,JP3675600005
0.0003279754248298418,0.00038917075514405833,6.119533031421652e-05,6.119533031421652e-05,Overweighted,2025,JP3742600004
0.00039101797568337975,0.0003303977010797498,-6.062027460362993e-05,6.062027460362993e-05,Underweighted,2025,JP3491000000
0.0019249914355338085,0.0019852223093610416,6.0230873827233104e-05,6.0230873827233104e-05,Overweighted,2025,JP3240400006
0.00318555966362655,0.0032449241367336614,5.936447310711133e-05,5.936447310711133e-05,Overweighted,2025,JP3505000004
0.004344246294656419,0.004403244828822911,5.89985341664925e-05,5.89985341664925e-05,Overweighted,2025,HK0016000132
0.0006184756542928981,0.0006770231886609569,5.854753436805875e-05,5.854753436805875e-05,Overweighted,2025,JP3732200005
0.004689250463773924,0.0047471311530070375,5.7880689233113895e-05,5.7880689233113895e-05,Overweighted,2025,AU000000WOW2
0.001529132112546781,0.0015868658117321368,5.7733699185355796e-05,5.7733699185355796e-05,Overweighted,2025,JP3210200006
0.0003127565300014866,0.0003696334979218969,5.68769679204103e-05,5.68769679204103e-05,Overweighted,2025,JP3131400008
0.003313431991674692,0.0032567711204822864,-5.6660871192405586e-05,5.6660871192405586e-05,Underweighted,2025,JP3942400007
0.0020389069155640586,0.001982703341710614,-5.620357385344469e-05,5.620357385344469e-05,Underweighted,2025,HK0006000050
0.0008712938484509627,0.0009267858412956282,5.549199284466549e-05,5.549199284466549e-05,Overweighted,2025,AU000000DXS1
0.00036526801931367916,0.0004202305570520145,5.496253773833534e-05,5.496253773833534e-05,Overweighted,2025,BMG8063F1068
0.0012180949395316366,0.0011642151341413809,-5.387980539025574e-05,5.387980539025574e-05,Underweighted,2025,JP3868400007
0.0033002556412361265,0.0032464228269230818,-5.38328143130447e-05,5.38328143130447e-05,Underweighted,2025,JP3538800008
0.00019475919306569104,0.0001411459127820209,-5.3613280283670124e-05,5.3613280283670124e-05,Underweighted,2025,JP3274400005
0.00014747041219321434,9.41271446806999e-05,-5.334326751251444e-05,5.334326751251444e-05,Underweighted,2025,AU000000IFL2
0.00025218636278432407,0.0003052995422205752,5.3113179436251154e-05,5.3113179436251154e-05,Overweighted,2025,BMG988031446
0.00020967590767182254,0.00026272657616265634,5.30506684908338e-05,5.30506684908338e-05,Overweighted,2025,JP3684400009
0.00019318688634791767,0.00014031443207651936,-5.287245427139831e-05,5.287245427139831e-05,Underweighted,2025,JP3721400004
0.0003678712938484509,0.00031534031807091363,-5.253097577753729e-05,5.253097577753729e-05,Underweighted,2025,SG1N31909426
0.0006119553484283395,0.0006639918063905728,5.203645796223323e-05,5.203645796223323e-05,Overweighted,2025,JP3626800001
0.0004471556276622561,0.0003954726633036891,-5.168296435856701e-05,5.168296435856701e-05,Underweighted,2025,JP3613400005
0.0029630402885417136,0.003013933435769894,5.0893147228180374e-05,5.0893147228180374e-05,Overweighted,2025,IE00BKVD2N49
0.0008488355557853775,0.0008996833316653229,5.0847775879945384e-05,5.0847775879945384e-05,Overweighted,2025,HK0101000591
0.0006308973621444129,0.0006814576633780076,5.056030123359466e-05,5.056030123359466e-05,Overweighted,2025,JP3768600003
0.00045060726913107827,0.0005008633887240957,5.025611959301744e-05,5.025611959301744e-05,Overweighted,2025,BMG2624N1535
0.0037373795318953644,0.0037871743002740013,4.97947683786369e-05,4.97947683786369e-05,Overweighted,2025,JP3200450009
0.0006599551415884013,0.0006101840265606001,-4.977111502780119e-05,4.977111502780119e-05,Underweighted,2025,JP3942600002
0.003697915118060358,0.0037473340884091994,4.94189703488415e-05,4.94189703488415e-05,Overweighted,2025,JP3866800000
0.0004992324299168114,0.0005485224015420253,4.9289971625213875e-05,4.9289971625213875e-05,Overweighted,2025,HK0000608585
0.0005826002365731793,0.0006318433541993289,4.924311762614963e-05,4.924311762614963e-05,Overweighted,2025,JP3419050004
0.025421399207544482,0.025470599244900444,4.920003735596132e-05,4.920003735596132e-05,Overweighted,2025,AU000000BHP4
0.002447050591756135,0.002397936947897493,-4.911364385864212e-05,4.911364385864212e-05,Underweighted,2025,BMG2178K1009
0.0001635134349003613,0.0001151304779227472,-4.838295697761411e-05,4.838295697761411e-05,Underweighted,2025,AU000000IRE2
0.0010928258860182663,0.0011409226714713385,4.8096785453072234e-05,4.8096785453072234e-05,Overweighted,2025,JP3436120004
0.0016706736518237461,0.0017186242692050547,4.7950617381308566e-05,4.7950617381308566e-05,Overweighted,2025,JP3499800005
0.0021340145046506664,0.0020860712638983703,-4.794324075229608e-05,4.794324075229608e-05,Underweighted,2025,AU000000COH5
0.010580368627552371,0.010532652192496847,-4.771643505552432e-05,4.771643505552432e-05,Underweighted,2025,AU000000NAB4
0.00034896321480973953,0.00030199745748719616,-4.6965757322543376e-05,4.6965757322543376e-05,Underweighted,2025,NZFBUE0001S0
0.0005018130813333419,0.0005485666605005203,4.675357916717837e-05,4.675357916717837e-05,Overweighted,2025,JP3635400009
0.0012080939053319456,0.0012546671425834601,4.65732372515145e-05,4.65732372515145e-05,Overweighted,2025,JP3982800009
0.003743230839834786,0.0036970917188721138,-4.613912096267233e-05,4.613912096267233e-05,Underweighted,2025,JP3893200000
0.007065098022739465,0.0071110981574506165,4.600013471115112e-05,4.600013471115112e-05,Overweighted,2025,SG1S04926220
0.00048160740486978776,0.0004356745351263785,-4.5932869743409285e-05,4.5932869743409285e-05,Underweighted,2025,JP3667600005
0.0005631831373740376,0.0005175740911208404,-4.5609046253197185e-05,4.5609046253197185e-05,Underweighted,2025,JP3870400003
0.001999625102612,0.0019542436666537245,-4.538143595827571e-05,4.538143595827571e-05,Underweighted,2025,JP3228600007
0.001141670814238344,0.001096299661509306,-4.537115272903818e-05,4.537115272903818e-05,Underweighted,2025,AU000000SGP0
0.00021702195735219022,0.00026238206613197557,4.536010877978535e-05,4.536010877978535e-05,Overweighted,2025,HK0363006039
0.001630398037606086,0.0016754317111035773,4.503367349749138e-05,4.503367349749138e-05,Overweighted,2025,JP3573000001
7.569372176150062e-05,3.114010522306669e-05,-4.4553616538433925e-05,4.4553616538433925e-05,Underweighted,2025,JP3305800009
6.229921982560807e-05,0.00010646031840953785,4.416109858392978e-05,4.416109858392978e-05,Overweighted,2025,AU000000GWA4
0.000905960545281787,0.0009499081828326481,4.394763755086108e-05,4.394763755086108e-05,Overweighted,2025,JP3414750004
0.0030271913721890767,0.002983284216016969,-4.390715617210751e-05,4.390715617210751e-05,Underweighted,2025,AU000000ALL7
0.004489842219909636,0.004533734792411187,4.389257250155161e-05,4.389257250155161e-05,Overweighted,2025,JP3877600001
3.941916759852367e-05,8.270446165060208e-05,4.3285294052078405e-05,4.3285294052078405e-05,Overweighted,2025,BMG2108M2182
0.0002877692959039228,0.0003306848204880058,4.291552458408302e-05,4.291552458408302e-05,Overweighted,2025,HK0014000126
0.0004645964358893147,0.0004221211427530228,-4.247529313629192e-05,4.247529313629192e-05,Underweighted,2025,JP3939000000
0.0005815385659528533,0.0005392073156293669,-4.2331250323486384e-05,4.2331250323486384e-05,Underweighted,2025,AU000000IGO4
3.972296375776457e-05,8.177557397320265e-05,4.205261021543808e-05,4.205261021543808e-05,Overweighted,2025,AU000000SWM4
0.0028866888804141965,0.0028447940403134946,-4.18948401007019e-05,4.18948401007019e-05,Underweighted,2025,JP3266400005
0.0007561082419251625,0.0007148188488149871,-4.12893931101754e-05,4.12893931101754e-05,Underweighted,2025,JP3596200000
0.0006316956350309289,0.0005911973614910118,-4.0498273539917094e-05,4.0498273539917094e-05,Underweighted,2025,JP3122800000
0.00026009475854669084,0.00021966191054894845,-4.043284799774239e-05,4.043284799774239e-05,Underweighted,2025,JP3172100004
0.0006632968993400513,0.0007029884738364851,3.9691574496433834e-05,3.9691574496433834e-05,Overweighted,2025,SG1R89002252
0.0019978847384444338,0.002037455862856424,3.957112441199022e-05,3.957112441199022e-05,Overweighted,2025,JP3684000007
0.006774728684174804,0.006814045977319714,3.931729314490991e-05,3.931729314490991e-05,Overweighted,2025,JP3914400001
0.0014757496331822967,0.0014369857889313272,-3.8763844250969516e-05,3.8763844250969516e-05,Underweighted,2025,JP3967200001
0.002405373960144529,0.0023673545666836847,-3.801939346084445e-05,3.801939346084445e-05,Underweighted,2025,JP3814800003
0.0013261946622368443,0.0013642004508151956,3.80057885783513e-05,3.80057885783513e-05,Overweighted,2025,JP3357200009
4.988559165917948e-05,1.2172384531279446e-05,-3.771320712790003e-05,3.771320712790003e-05,Underweighted,2025,HK0242001243
0.0005026856873226508,0.0005401881036222652,3.750241629961438e-05,3.750241629961438e-05,Overweighted,2025,JP3766550002
0.0006948173667983115,0.0006576543825119945,-3.716298428631693e-05,3.716298428631693e-05,Underweighted,2025,JP3359600008
0.0014226822615361742,0.001459608148806609,3.6925887270434794e-05,3.6925887270434794e-05,Overweighted,2025,HK0083000502
0.0005332139694523265,0.00056960709014877,3.6393120696443524e-05,3.6393120696443524e-05,Overweighted,2025,JP3126340003
0.0033889948225377963,0.0034253491448741386,3.635432233634224e-05,3.635432233634224e-05,Overweighted,2025,HK0000049939
7.013813029623357e-05,0.0001063409614087242,3.620283111249063e-05,3.620283111249063e-05,Overweighted,2025,SG9999003735
0.0008213888655475764,0.000785305497236633,-3.608336831094339e-05,3.608336831094339e-05,Underweighted,2025,SGXE34184239
0.009701549360412128,0.009665766362974766,-3.57829974373617e-05,3.57829974373617e-05,Underweighted,2025,JP3893600001
0.0033677791854384675,0.0033320419913607205,-3.5737194077747024e-05,3.5737194077747024e-05,Underweighted,2025,JP3388200002
0.002546275588362668,0.002510664091181333,-3.561149718133479e-05,3.561149718133479e-05,Underweighted,2025,AU000000QBE9
0.00014220892126508473,0.00017719662964960575,3.4987708384521014e-05,3.4987708384521014e-05,Overweighted,2025,AU000000MND5
0.00035543665850079826,0.00039035453041409853,3.491787191330027e-05,3.491787191330027e-05,Overweighted,2025,JP3765400001
0.0004037386318830837,0.00036894681587826413,-3.479181600481954e-05,3.479181600481954e-05,Underweighted,2025,AU000000BPT9
0.001233990911970215,0.0012687582821045104,3.476737013429539e-05,3.476737013429539e-05,Overweighted,2025,NZAIAE0002S6
0.0006314710197855328,0.0006661913824500328,3.4720362664500013e-05,3.4720362664500013e-05,Overweighted,2025,AU000000CWY3
0.00022606958871171034,0.0001916527435949821,-3.441684511672823e-05,3.441684511672823e-05,Underweighted,2025,JP3678000005
0.00017792112934606258,0.00014358961821845002,-3.433151112761256e-05,3.433151112761256e-05,Underweighted,2025,AU000000SIG5
0.010035830171483235,0.010070001928167305,3.417175668407081e-05,3.417175668407081e-05,Overweighted,2025,SG1L01001701
0.00035739679010270885,0.00039137664725149543,3.397985714878658e-05,3.397985714878658e-05,Overweighted,2025,JP3733400000
0.00014698886296207717,0.0001806493569896561,3.3660494027578936e-05,3.3660494027578936e-05,Overweighted,2025,AU000000ERA9
0.012090434299232752,0.012124020038472587,3.358573923983518e-05,3.358573923983518e-05,Overweighted,2025,JP3788600009
0.000785524759386978,0.0007523343175323353,-3.319044185464272e-05,3.319044185464272e-05,Underweighted,2025,JP3944130008
0.0016946606209076393,0.0017278209736893597,3.316035278172046e-05,3.316035278172046e-05,Overweighted,2025,JP3407400005
0.0035456744597922546,0.0035129956304777313,-3.2678829314523265e-05,3.2678829314523265e-05,Underweighted,2025,JP3734800000
0.007760377547524707,0.00779294829545442,3.257074792971295e-05,3.257074792971295e-05,Overweighted,2025,AU000000MQG1
0.01871736130412581,0.01868627546751383,-3.108583661198122e-05,3.108583661198122e-05,Underweighted,2025,JP3902900004
0.0001378895216180054,0.00016897175763438437,3.108223601637898e-05,3.108223601637898e-05,Overweighted,2025,JP3919800007
0.0005830042208274889,0.0005520212582002972,-3.0982962627191754e-05,3.0982962627191754e-05,Underweighted,2025,JP3320800000
0.00015500067869354722,0.00018485022369879925,2.9849545005252034e-05,2.9849545005252034e-05,Overweighted,2025,JP3165600002
0.010344697141084228,0.010314882935170109,-2.9814205914118624e-05,2.9814205914118624e-05,Underweighted,2025,JP3436100006
0.0027327595679630784,0.0027623095685661817,2.955000060310322e-05,2.955000060310322e-05,Overweighted,2025,JP3762600009
0.002117913308210899,0.002088452602432021,-2.9460705778877865e-05,2.9460705778877865e-05,Underweighted,2025,HK0823032773
0.0011393099302561582,0.0011684130225640761,2.9103092307917978e-05,2.9103092307917978e-05,Overweighted,2025,AU000000APA1
0.012958507585208357,0.012987138769155781,2.863118394742445e-05,2.863118394742445e-05,Overweighted,2025,JP3371200001
0.0006270078017439191,0.0005984519235255998,-2.8555878218319342e-05,2.8555878218319342e-05,Underweighted,2025,JP3243600008
0.0008573644713623641,0.0008854720466295049,2.810757526714087e-05,2.810757526714087e-05,Overweighted,2025,JP3688370000
0.00028212644383972485,0.00031013474840652447,2.8008304566799617e-05,2.8008304566799617e-05,Overweighted,2025,BMG4600H1198
0.002984850590463386,0.00295725881825602,-2.7591772207365747e-05,2.7591772207365747e-05,Underweighted,2025,JP3201200007
0.002702800095663471,0.0027296945502223594,2.6894454558888323e-05,2.6894454558888323e-05,Overweighted,2025,AU000000STO6
0.0036348919584510268,0.003608123638222702,-2.676832022832469e-05,2.676832022832469e-05,Underweighted,2025,JP3900000005
0.0011849763103633272,0.0012117341608846271,2.6757850521299956e-05,2.6757850521299956e-05,Overweighted,2025,JP3574200006
0.0006527383668694128,0.0006789561155565902,2.6217748687177396e-05,2.6217748687177396e-05,Overweighted,2025,JP3358200008
1.4648469061269866e-05,4.0450190651415445e-05,2.580172159014558e-05,2.580172159014558e-05,Overweighted,2025,AU000000SBM8
0.00011069491755489336,0.0001362813393219393,2.5586421767045953e-05,2.5586421767045953e-05,Overweighted,2025,JP3407200009
0.0002325753511431138,0.00025813325528650896,2.5557904143395162e-05,2.5557904143395162e-05,Overweighted,2025,JP3385820000
0.05248080428417221,0.05245527187121684,-2.5532412955373007e-05,2.5532412955373007e-05,Underweighted,2025,JP3633400001
2.5523725187287095e-05,0.0,-2.5523725187287095e-05,2.5523725187287095e-05,Removed,2025,AU000000SXL4
0.0007301902281056693,0.0007555258014752948,2.533557336962557e-05,2.533557336962557e-05,Overweighted,2025,KYG0535Q1331
0.001543205308029914,0.0015683692410172459,2.5163932987331845e-05,2.5163932987331845e-05,Overweighted,2025,AU000000IAG3
0.0005801730991732866,0.0005550273416864246,-2.5145757486861936e-05,2.5145757486861936e-05,Underweighted,2025,JP3336600006
0.00026464846906126984,0.0002895791000867021,2.493063102543226e-05,2.493063102543226e-05,Overweighted,2025,JP3215800008
0.00027771493578266287,0.0002528919229652487,-2.4823012817414166e-05,2.4823012817414166e-05,Underweighted,2025,JP3459600007
0.0005116218190279815,0.0005361202008313475,2.4498381803366017e-05,2.4498381803366017e-05,Overweighted,2025,JP3452000007
0.0018290710301275296,0.0018535627251812963,2.4491695053766678e-05,2.4491695053766678e-05,Overweighted,2025,JP3351100007
0.004059256410422147,0.004035762988621337,-2.3493421800809856e-05,2.3493421800809856e-05,Underweighted,2025,HK2388011192
0.0002807836001783994,0.00025754418952804795,-2.3239410650351437e-05,2.3239410650351437e-05,Underweighted,2025,JP3841800000
0.015256308618115298,0.015279435869572176,2.3127251456877412e-05,2.3127251456877412e-05,Overweighted,2025,AU000000CSL8
0.0002274334395542599,0.00025046621749419396,2.3032777939934048e-05,2.3032777939934048e-05,Overweighted,2025,JP3992400006
0.00048585570328810857,0.0005082121545963688,2.23564513082602e-05,2.23564513082602e-05,Overweighted,2025,SG0531000230
0.0009530198630978158,0.0009308910794576387,-2.212878364017711e-05,2.212878364017711e-05,Underweighted,2025,JP3787000003
0.0008978356139591103,0.0009198100915119567,2.197447755284646e-05,2.197447755284646e-05,Overweighted,2025,AU000000MGR9
0.0009376846208042193,0.0009158095630914934,-2.187505771272585e-05,2.187505771272585e-05,Underweighted,2025,JP3166000004
0.0002430740939441144,0.00026488704784368447,2.181295389957008e-05,2.181295389957008e-05,Overweighted,2025,JP3300600008
0.002451061347432922,0.0024295300980971043,-2.1531249335817598e-05,2.1531249335817598e-05,Underweighted,2025,JP3173400007
0.001588777963790083,0.0015673161989038578,-2.1461764886225284e-05,2.1461764886225284e-05,Underweighted,2025,JP3942800008
0.0016899129979509918,0.0017113705884435422,2.1457590492550372e-05,2.1457590492550372e-05,Overweighted,2025,JP3102000001
0.0006323306982787038,0.0006110875956735336,-2.1243102605170237e-05,2.1243102605170237e-05,Underweighted,2025,NZCENE0001S6
0.006490587166874583,0.006470909210536185,-1.9677956338397425e-05,1.9677956338397425e-05,Underweighted,2025,AU0000224040
0.006041269415483262,0.006021668202305868,-1.960121317739344e-05,1.960121317739344e-05,Underweighted,2025,JP3162600005
0.0015178561040404888,0.001537414099029221,1.9557994988732156e-05,1.9557994988732156e-05,Overweighted,2025,SG1M77906915
0.0014095980195075915,0.001429047123544648,1.9449104037056473e-05,1.9449104037056473e-05,Overweighted,2025,JP3180400008
0.001707557414242222,0.0016884514684801588,-1.910594576206323e-05,1.910594576206323e-05,Underweighted,2025,SG9999000020
0.0014976956738134172,0.0014786971961996322,-1.8998477613784998e-05,1.8998477613784998e-05,Underweighted,2025,JP3197800000
0.0004169553807470799,0.0004357096624174355,1.875428167035561e-05,1.875428167035561e-05,Overweighted,2025,AU000000BOQ8
0.000419229004130335,0.0004005411697091572,-1.8687834421177803e-05,1.8687834421177803e-05,Underweighted,2025,HK0000745908
0.0034580939053319455,0.003476287808700843,1.8193903368897597e-05,1.8193903368897597e-05,Overweighted,2025,JP3188220002
0.004434187733098914,0.00441608266601304,-1.8105067085874213e-05,1.8105067085874213e-05,Underweighted,2025,JP3304200003
0.014443796094603415,0.014461529540560784,1.7733445957368935e-05,1.7733445957368935e-05,Overweighted,2025,JP3571400005
0.001763195741682772,0.0017463502408671878,-1.684550081558424e-05,1.684550081558424e-05,Underweighted,2025,JP3494600004
1.655365880459443e-05,1.735248277329898e-17,-1.6553658804577076e-05,1.6553658804577076e-05,Underweighted,2025,JP3599000001
0.00030494832233418867,0.0002895717558788339,-1.5376566455354787e-05,1.5376566455354787e-05,Underweighted,2025,AU000000PPT9
7.809500416911749e-05,9.313425528608237e-05,1.5039251116964885e-05,1.5039251116964885e-05,Overweighted,2025,JP3425000001
0.0006305838703630687,0.0006161420609311518,-1.4441809431916912e-05,1.4441809431916912e-05,Underweighted,2025,SG1S83002349
0.00029658100045892605,0.0003100748936154804,1.349389315655436e-05,1.349389315655436e-05,Overweighted,2025,JP3352000008
0.0005787833933384611,0.0005654268572182488,-1.335653612021231e-05,1.335653612021231e-05,Underweighted,2025,JP3743000006
0.00048240244588226925,0.0004956627638296647,1.3260317947395427e-05,1.3260317947395427e-05,Overweighted,2025,JP3819400007
0.0007726764441629122,0.0007600467028137028,-1.2629741349209456e-05,1.2629741349209456e-05,Underweighted,2025,JP3164630000
0.000514514346288839,0.0005019219790070979,-1.2592367281741008e-05,1.2592367281741008e-05,Underweighted,2025,JP3582600007
0.01850383623447892,0.018516282722226645,1.2446487747723445e-05,1.2446487747723445e-05,Overweighted,2025,JP3735400008
0.0005002181514973272,0.00048790405857487655,-1.231409292245069e-05,1.231409292245069e-05,Underweighted,2025,JP3292200007
0.0017123987615458697,0.0017001369332132023,-1.2261828332667387e-05,1.2261828332667387e-05,Underweighted,2025,JP3137200006
8.168723215843938e-05,6.946487408044299e-05,-1.2222358077996391e-05,1.2222358077996391e-05,Underweighted,2025,JP3891600003
0.0008190199018803042,0.0008312227501260346,1.2202848245730386e-05,1.2202848245730386e-05,Overweighted,2025,AU000000WOR2
0.0015975702771008795,0.0015864079386833216,-1.1162338417557973e-05,1.1162338417557973e-05,Underweighted,2025,SG1U68934629
0.0006253078360017839,0.0006363774676936867,1.1069631691902723e-05,1.1069631691902723e-05,Overweighted,2025,JP3283650004
0.0013104618994370073,0.0013215034537907046,1.1041554353697323e-05,1.1041554353697323e-05,Overweighted,2025,JP3112000009
0.000150912358039933,0.0001616780455238474,1.0765687483914397e-05,1.0765687483914397e-05,Overweighted,2025,JP3495000006
0.00021137425747694055,0.0002010883594409908,-1.0285898035949763e-05,1.0285898035949763e-05,Underweighted,2025,JP3827200001
0.0017947824625587391,0.0018042239209372624,9.441458378523296e-06,9.441458378523296e-06,Overweighted,2025,JP3351600006
0.0043627213025745105,0.00437199939781922,9.278095244709406e-06,9.278095244709406e-06,Overweighted,2025,AU000000TCL6
0.0009508658190538364,0.0009598431191034704,8.977300049633975e-06,8.977300049633975e-06,Overweighted,2025,JP3888300005
0.00046254096400338694,0.00045366041454286053,-8.880549460526404e-06,8.880549460526404e-06,Underweighted,2025,JP3305530002
0.002523253333678066,0.0025321216824910103,8.868348812944224e-06,8.868348812944224e-06,Overweighted,2025,JP3672400003
0.0003612798867551338,0.0003701170991949864,8.83721243985264e-06,8.83721243985264e-06,Overweighted,2025,JP3780100008
0.00703238014595143,0.007023577199791823,-8.802946159606855e-06,8.802946159606855e-06,Underweighted,2025,AU000000WES1
0.002403392821361394,0.0023947177722397077,-8.675049121686408e-06,8.675049121686408e-06,Underweighted,2025,JP3409000001
0.0002975521786062866,0.0003061575220266012,8.60534342031461e-06,8.60534342031461e-06,Overweighted,2025,JP3888400003
0.0020658607450116024,0.0020744311015184432,8.57035650684082e-06,8.57035650684082e-06,Overweighted,2025,HK0012000102
0.00041052071954443493,0.00041902322274721036,8.502503202775422e-06,8.502503202775422e-06,Overweighted,2025,JP3456000003
0.00041453309115823897,0.0004062649900827147,-8.268101075524276e-06,8.268101075524276e-06,Underweighted,2025,JP3634200004
0.004637879825995901,0.004629757676151096,-8.12214984480513e-06,8.12214984480513e-06,Underweighted,2025,JP3634600005
0.0005843470644888144,0.00057630146884141,-8.045595647404374e-06,8.045595647404374e-06,Underweighted,2025,AU000000BEN6
0.0007981710824838889,0.0007905120873979784,-7.658995085910495e-06,7.658995085910495e-06,Underweighted,2025,JP3375800004
0.0013772695835407118,0.0013697464779239147,-7.523105616797157e-06,7.523105616797157e-06,Underweighted,2025,JP3539220008
0.00027179737442553436,0.00026436078859470234,-7.436585830832021e-06,7.436585830832021e-06,Underweighted,2025,HK0010000088
0.00045571847791660465,0.0004630157565619337,7.2972786453290544e-06,7.2972786453290544e-06,Overweighted,2025,JP3131430005
0.0014295402982373356,0.0014225019696782525,-7.038328559083162e-06,7.038328559083162e-06,Underweighted,2025,JP3197600004
0.0001673593650013897,0.00016062388996584002,-6.73547503554967e-06,6.73547503554967e-06,Underweighted,2025,HK0200030994
0.0007818985967202941,0.0007885085215455721,6.609924825277968e-06,6.609924825277968e-06,Overweighted,2025,JP3885400006
0.0011329657615264785,0.001139357188199188,6.391426672709439e-06,6.391426672709439e-06,Overweighted,2025,JP3148800000
0.0008598400868727739,0.0008536248931652065,-6.215193707567409e-06,6.215193707567409e-06,Underweighted,2025,JP3322930003
0.0002786440995675752,0.00028462821595176633,5.984116384191132e-06,5.984116384191132e-06,Overweighted,2025,AU000000AMP6
0.0015601047773561975,0.0015542993096405455,-5.8054677156520185e-06,5.8054677156520185e-06,Underweighted,2025,AU000000CPU5
0.00219787310369791,0.002203618870063967,5.7457663660571284e-06,5.7457663660571284e-06,Overweighted,2025,JP3160400002
0.00024878481536303636,0.0002544608904377056,5.6760750746692235e-06,5.6760750746692235e-06,Overweighted,2025,JP3126400005
0.0003274987234097563,0.0003221533627982163,-5.345360611540002e-06,5.345360611540002e-06,Underweighted,2025,KYG525621408
0.0015092673987938644,0.0015039615591346436,-5.305839659220778e-06,5.305839659220778e-06,Underweighted,2025,HK0004000045
0.001907208048659095,0.0019124185176256877,5.210468966592623e-06,5.210468966592623e-06,Overweighted,2025,HK0291001490
0.004477514236405121,0.004482567271669794,5.053035264672781e-06,5.053035264672781e-06,Overweighted,2025,JP3404600003
0.0005650285374477243,0.0005700786790810575,5.050141633333141e-06,5.050141633333141e-06,Overweighted,2025,JP3896800004
0.0005325029571647415,0.0005368789737032461,4.37601653850467e-06,4.37601653850467e-06,Overweighted,2025,AU000000LLC3
0.0002980143365932169,0.0003023670320328206,4.352695439603746e-06,4.352695439603746e-06,Overweighted,2025,JP3792600003
0.0002004149726260269,0.00019609450667165739,-4.320465954369502e-06,4.320465954369502e-06,Underweighted,2025,JP3548610009
0.000936307842465532,0.0009322012956456125,-4.106546819919454e-06,4.106546819919454e-06,Underweighted,2025,AU000000GPT8
0.00020076239908473325,0.0001967935811910117,-3.968817893721554e-06,3.968817893721554e-06,Underweighted,2025,AU000000TAH8
0.0014328271141303996,0.0014357834980806056,2.9563839502059694e-06,2.9563839502059694e-06,Overweighted,2025,KYG210961051
0.00036843040805641553,0.00037057177571743325,2.141367661017725e-06,2.141367661017725e-06,Overweighted,2025,JP3164800009
8.45894550414003e-05,8.665422532346364e-05,2.064770282063339e-06,2.064770282063339e-06,Overweighted,2025,JP3826800009
0.0006385924542205042,0.0006368796191296326,-1.7128350908716299e-06,1.7128350908716299e-06,Underweighted,2025,JP3229400001
0.0005957911304448997,0.0005944645617783107,-1.3265686665890316e-06,1.3265686665890316e-06,Underweighted,2025,JP3269600007
0.003288866517138627,0.0032897762062013263,9.096890626991531e-07,9.096890626991531e-07,Overweighted,2025,HK0066009694
0.0004877770524016055,0.0004886499903694578,8.729379678523285e-07,8.729379678523285e-07,Overweighted,2025,HK0023000190
0.0007531526931206328,0.0007523022104673491,-8.504826532837071e-07,8.504826532837071e-07,Underweighted,2025,JP3588600001
0.0011975321409872727,0.0011980326395198393,5.004985325666404e-07,5.004985325666404e-07,Overweighted,2025,JP3931600005
0.007379551286609052,0.0073797381941055505,1.8690749649819677e-07,1.8690749649819677e-07,Overweighted,2025,JP3463000004
