,P_mv_oos,P_mv_oos(0.5)
Annualized Return,0.07647769141157124,0.07889634228438958
Annualized Volatility,0.11933664219899355,0.10802583224441495
Sharpe Ratio,0.6408567394082102,0.7303469979836106
Min Monthly Return,-0.1260560062858658,-0.07572988345965896
Max Monthly Return,0.098436470869745,0.10298555470758274
Cumulative Return,1.2248071364989679,1.3224852159334062
