Year,ISIN,Weight
2013,JP3626800001,3.4242946807211908e-09
2013,JP3200450009,4.6869466526844154e-08
2013,JP3174410005,3.873329598316293e-10
2013,JP3818000006,1.6858809770289096e-08
2013,AU000000PPT9,2.069971579989676e-07
2013,JP3621000003,1.986124822482979e-09
2013,JP3914400001,1.7521469266803145e-08
2013,AU000000ORI1,6.479260549969827e-09
2013,SG1U68934629,2.4646615735059207e-08
2013,JP3385820000,4.949298103818221e-08
2013,JP3783600004,2.245058141121862e-09
2013,AU000000ASX7,1.2888106221215366e-07
2013,JP3112000009,1.298546347946295e-09
2013,AU000000IVC8,3.609969081140822e-08
2013,JP3491000000,5.2273670014775205e-09
2013,NZTELE0001S4,8.7339781674222e-08
2013,JP3401400001,5.998245946479482e-10
2013,JP3830800003,9.702270758078225e-10
2013,JP3720800006,1.6420829364321527e-08
2013,JP3787000003,5.2979252656038454e-08
2013,SGXE21576413,2.669649826499983e-07
2013,JP3224200000,2.0144954407547737e-08
2013,JP3629000005,6.512969424675735e-09
2013,JP3638600001,3.1909095976620273e-09
2013,JP3269600007,2.1721809562899357e-09
2013,AU000000STO6,5.1283835004477515e-09
2013,JP3733000008,3.642738897399973e-08
2013,AU000000CSR5,6.004911565196808e-09
2013,HK0388045442,1.4569887155179161e-07
2013,JP3942400007,0.003234074392118798
2013,JP3814800003,5.691933060697252e-09
2013,AU000000MND5,1.0881043815292944e-07
2013,HK0293001514,2.6669770930664103e-10
2013,JP3495000006,1.2983773801928932e-08
2013,JP3164800009,1.2643758660534956e-08
2013,JP3762600009,1.6210452155643338e-07
2013,JP3320800000,1.2244046318791861e-08
2013,JP3659000008,0.031750610236576625
2013,AU000000OZL8,2.4052204567057018e-08
2013,JP3738600000,0.006870208618488868
2013,JP3830000000,3.744180076111112e-08
2013,JP3242800005,2.4951730480203003e-08
2013,JP3443600006,1.5814696974923172e-08
2013,JP3357200009,0.017006243899089772
2013,JP3665200006,4.620511706198445e-09
2013,AU000000SGM7,2.689983458765445e-08
2013,JP3596200000,6.345627597310513e-09
2013,JP3368000000,5.214290965660119e-10
2013,JP3215800008,1.602880124974467e-09
2013,JP3358800005,7.653568977764604e-09
2013,HK0823032773,0.03779599144927144
2013,JP3289800009,1.451414502609072e-10
2013,HK0003000038,0.029362863598727706
2013,JP3180400008,0.008503430312047977
2013,JP3551520004,6.845509801896401e-08
2013,JP3634600005,6.018235434565368e-09
2013,AU000000AMP6,1.4025442680280368e-07
2013,AU000000ERA9,1.4310845554769812e-08
2013,HK0010000088,5.451705968802488e-08
2013,HK0011000095,0.007280533363824859
2013,JP3209000003,7.817166724767017e-08
2013,JP3201200007,3.6521567723332857e-08
2013,JP3667600005,3.460475192905317e-08
2013,AU000000SGP0,1.0259781736902078e-07
2013,JP3792600003,1.8426625871583707e-08
2013,JP3493800001,5.016237742551449e-09
2013,AU000000WBC1,1.3816572703836444e-07
2013,JP3688370000,2.3056714291789235e-09
2013,JP3481800005,8.194914869756425e-09
2013,SG1F60858221,0.034253441277505514
2013,JP3890350006,1.1673204144445905e-07
2013,JP3420600003,1.5869953698836742e-08
2013,JP3902400005,2.0025117763020534e-08
2013,BMG677491539,9.87289409806078e-10
2013,NZCENE0001S6,1.1415038735698581e-09
2013,AU000000IAG3,1.0070358756459751e-07
2013,JP3190000004,1.077456081897668e-08
2013,JP3678000005,4.986441323773527e-09
2013,JP3854600008,4.171210284955746e-09
2013,JP3116000005,0.0010181172060774325
2013,AU000000NCM7,2.2639299535778287e-08
2013,IE00BKVD2N49,4.4958117274786057e-08
2013,JP3613400005,1.0397675554773856e-08
2013,JP3551500006,7.0094057841262895e-09
2013,JP3951600000,0.03372259239487881
2013,JP3726800000,1.7023896990709032e-08
2013,JP3122400009,1.3833637783473667e-07
2013,JP3258000003,8.827098909727507e-09
2013,JP3223800008,6.304029445353142e-11
2013,AU000000APA1,1.1516687023650924e-08
2013,AU000000QBE9,1.4180764732044473e-07
2013,JP3388200002,1.5639064910716642e-08
2013,JP3505000004,2.40258134858633e-08
2013,SG1R50925390,1.6121085949481602e-09
2013,JP3903000002,2.983963264028614e-10
2013,JP3973400009,1.0798226244612444e-08
2013,JP3519400000,1.3419051450047305e-08
2013,AU000000ANZ3,1.5638157040724672e-07
2013,AU000000TLS2,4.279984099407725e-08
2013,AU000000MGR9,2.0260241972062325e-07
2013,JP3118000003,8.346689498564055e-08
2013,BMG2442N1048,6.743187924331723e-08
2013,JP3888400003,2.3760857005697766e-09
2013,NZFBUE0001S0,9.149386326405746e-09
2013,AU000000QAN2,2.733408072599141e-10
2013,JP3300600008,1.093256926992708e-08
2013,JP3402600005,9.354515040994472e-09
2013,JP3119600009,0.0029408359202181896
2013,AU000000LLC3,3.5689538863428285e-08
2013,JP3526600006,2.3129813438521207e-11
2013,JP3900000005,3.458245200143871e-08
2013,JP3165600002,1.1815419792060067e-08
2013,JP3684000007,1.1784392999325807e-08
2013,JP3811000003,2.543864639338584e-08
2013,AU000000SHL7,7.466672422943237e-08
2013,JP3407400005,1.1105136521624135e-08
2013,JP3449020001,1.6787585725438792e-10
2013,AU000000BEN6,1.5585886321334714e-07
2013,AU000000TAH8,1.2850746320631413e-07
2013,JP3592200004,1.8187738809738808e-08
2013,AU0000038911,5.572336421356435e-09
2013,AU000000CIM7,5.493964096256499e-09
2013,HK0200030994,4.5260578936452973e-07
2013,JP3890310000,6.369609935119936e-08
2013,SG1J26887955,9.751617483609104e-08
2013,JP3111200006,1.296502681973168e-09
2013,JP3419400001,1.1905496985955675e-08
2013,JP3891600003,1.4512203243112751e-08
2013,AU000000WES1,1.5569661870367806e-08
2013,JP3573000001,0.020554840542677505
2013,JP3194000000,3.295937810915164e-08
2013,AU000000WOR2,9.163488919289016e-08
2013,JP3566800003,7.769572020053171e-09
2013,JP3421100003,1.0693859765756583e-08
2013,JP3845400005,1.961254609274122e-11
2013,JP3982100004,0.11026009185624962
2013,AU000000CSL8,3.820818338302673e-08
2013,AU000000NAB4,1.592826071740117e-07
2013,JP3870400003,4.20902228319206e-08
2013,JP3166000004,4.50958568972988e-08
2013,JP3898400001,9.130379218394235e-09
2013,AU000000MAH3,1.1285293917206272e-08
2013,AU000000SIG5,4.077673058225186e-08
2013,JP3522200009,1.5591409959597437e-11
2013,JP3270000007,3.5773482511848074e-08
2013,AU000000ORG5,1.0653188438698882e-09
2013,AU000000BWP3,6.230197671731298e-08
2013,JP3888300005,4.856129929225405e-10
2013,AU000000TCL6,9.704441438003411e-08
2013,JP3868400007,2.2919867642699097e-08
2013,JP3246400000,0.0
2013,JP3672400003,2.1038935528232943e-08
2013,JP3126400005,4.325942456762239e-08
2013,JP3304200003,6.516615966556701e-08
2013,JP3475350009,1.2997448553523404e-08
2013,JP3582600007,2.0829738688839687e-07
2013,JP3535800001,1.151617000168104e-08
2013,JP3165700000,7.023568138888761e-08
2013,AU000000CWY3,5.442745986290802e-09
2013,JP3405400007,6.336034379786964e-08
2013,HK0066009694,0.004017418375612753
2013,JP3814000000,0.03412640562092315
2013,JP3633400001,0.02058013663835142
2013,JP3027680002,1.711334670690523e-08
2013,JP3229400001,4.617446206106932e-09
2013,AU0000088338,3.7869201719854975e-09
2013,JP3734800000,2.6272571101889456e-08
2013,AU000000CBA7,1.1266260074061308e-07
2013,JP3502200003,1.3139783550372664e-07
2013,JP3435000009,2.3174536160245612e-08
2013,AU000000GPT8,1.5359384644639424e-07
2013,JP3134800006,3.419030178316772e-08
2013,SG1R89002252,1.3533694622669432e-07
2013,JP3619800000,9.182249713200453e-10
2013,JP3496400007,2.08644301425627e-08
2013,JP3456000003,2.9250346172166764e-08
2013,JP3955000009,3.742139829552158e-08
2013,JP3686800008,2.1653108131463254e-10
2013,SG1V61937297,4.343734706220106e-10
2013,JP3158800007,1.2257871812995654e-10
2013,AU000000SUN6,1.652995192188249e-07
2013,HK0006000050,0.27843393696359475
2013,JP3910660004,5.314210068957063e-08
2013,BMG524401079,1.653039189335986e-07
2013,AU000000DOW2,1.9077509717200805e-08
2013,JP3205800000,7.921672610042918e-10
2013,JP3819400007,2.7365269088016736e-08
2013,AU000000BHP4,7.928939152454156e-09
2013,AU000000MTS0,3.627431977251779e-08
2013,JP3385980002,7.004867046603084e-09
2013,JP3827200001,1.2656002462072694e-08
2013,BMG8063F1068,1.5927368866952676e-08
2013,AU000000WOW2,1.764098549004285e-08
2013,JP3788600009,1.3361005693711258e-08
2013,AU000000SBM8,2.2016838132011202e-08
2013,JP3197600004,0.028345336361998145
2013,JP3778630008,5.977788871616086e-08
2013,AU000000GWA4,4.419525500174854e-08
2013,JP3657400002,5.363436933634105e-08
2013,JP3293200006,3.918901837835621e-09
2013,JP3634200004,6.79433349302565e-09
2013,HK0002007356,0.11779148311641888
2013,JP3359600008,1.1157932514236673e-08
2013,JP3902900004,5.7729091430274995e-08
2013,JP3893600001,1.330917760100282e-08
2013,AU000000DXS1,1.112286116642143e-07
2013,JP3977400005,0.0400330511182665
2013,JP3148800000,1.4235406955654648e-08
2013,JP3743000006,2.663118701970091e-09
2013,JP3210200006,1.4427167224444503e-08
2013,JP3228600007,2.2683852481130647e-11
2013,SG9999000020,4.991637125445897e-08
2013,AU000000MQG1,2.9285103088930975e-07
2013,JP3493400000,4.599824680391689e-09
2013,JP3940000007,3.843010100064403e-09
2013,JP3452000007,2.149873052586358e-08
2013,JP3769000005,9.758944186138925e-09
2013,JP3197800000,2.11784406733045e-08
2013,JP3942800008,1.1199978300208478e-08
2013,JP3551200003,1.5133787579791848e-11
2013,JP3982800009,5.956749443696513e-09
2013,JP3351600006,6.226817792432574e-09
2013,JP3850200001,2.332889621297602e-11
2013,JP3866800000,6.6838844296020736e-09
2013,JP3571400005,1.0286205259964548e-07
2013,JP3362700001,1.0656220527749282e-10
2013,JP3429800000,0.010643604685172963
2013,AU000000BLD2,2.914276915920663e-09
2013,JP3294460005,2.018628485279762e-08
2013,AU000000COH5,1.2870217436312578e-07
2013,JP3371200001,0.03563495315503061
2013,JP3711600001,8.206920361552412e-09
2013,JP3544000007,2.2516143964602522e-09
2013,JP3870000001,1.732618803600861e-09
2013,JP3414750004,0.024380505161697066
2013,SGXE34184239,6.504258397244199e-08
2013,AU0000224040,5.1179074878046705e-09
2013,HK0019000162,3.8723188438390506e-10
2013,JP3463000004,0.022036399448329476
2013,AU000000CQR9,4.2080923809012675e-07
2013,JP3595200001,1.4086005026257154e-10
2013,JP3877600001,8.800609425140366e-08
2013,JP3635400009,7.703505108792788e-09
2013,JP3605400005,1.729550259071962e-11
2013,JP3260800002,0.039413399643557716
2013,JP3539220008,7.061355387669576e-08
2013,AU000000IGO4,5.0418596999643264e-08
2013,JP3528600004,1.5933246721046634e-07
2013,JP3786200000,6.412858955699807e-09
2013,JP3753000003,7.26367305169602e-11
2013,AU000000BSL0,2.0356796084126606e-10
2013,JP3350800003,2.709803716004479e-11
2013,JP3375800004,1.6600554639475323e-08
2013,JP3266400005,1.897087884148189e-08
2013,JP3820000002,1.3354114694524754e-08
2013,NZAIAE0002S6,7.81937172893475e-08
2013,JP3256000005,1.670560686049936e-08
2013,BMG684371393,1.81837028488526e-09
2014,JP3626800001,4.020808814160165e-09
2014,JP3200450009,5.9509547888278164e-08
2014,JP3174410005,4.85993143637084e-10
2014,JP3818000006,2.524374656875352e-08
2014,AU000000PPT9,2.0524572400592136e-07
2014,JP3621000003,1.967879485424346e-09
2014,JP3914400001,1.6005183816887417e-08
2014,AU000000ORI1,6.0534971604264215e-09
2014,SG1U68934629,2.3997336114604922e-08
2014,JP3385820000,6.710298107792223e-08
2014,JP3419050004,6.373264841886315e-08
2014,JP3783600004,1.6248974803100643e-09
2014,AU000000BPT9,2.5378674930556008e-08
2014,AU000000ASX7,1.2832759190592406e-07
2014,JP3112000009,1.0208863172312337e-09
2014,AU000000IVC8,3.655045676595335e-08
2014,JP3491000000,6.469816024990917e-09
2014,NZTELE0001S4,9.368020969484177e-08
2014,JP3401400001,2.5031274868804467e-09
2014,JP3830800003,9.358138043666667e-10
2014,JP3720800006,2.0654569393552637e-08
2014,JP3787000003,4.400215866696322e-08
2014,SGXE21576413,2.621183600393167e-07
2014,JP3224200000,2.0818330136183434e-08
2014,JP3629000005,7.234775937403576e-09
2014,JP3638600001,4.169031672977007e-09
2014,JP3269600007,9.955345098429773e-10
2014,AU000000STO6,4.574075274060207e-09
2014,JP3733000008,4.748838936445936e-08
2014,AU000000CSR5,8.94037640785226e-09
2014,HK0388045442,1.6624921877749508e-07
2014,JP3942400007,0.0038717627324672318
2014,JP3814800003,4.6691757343721405e-09
2014,AU000000MND5,8.143766160778831e-08
2014,HK0293001514,2.4893058697161286e-10
2014,JP3495000006,1.1148176427046674e-08
2014,JP3164800009,1.2645091767459753e-08
2014,JP3762600009,1.6796422722474768e-07
2014,JP3320800000,1.2409195146852686e-08
2014,JP3659000008,0.02735518978811805
2014,AU000000OZL8,8.634825685739729e-09
2014,JP3738600000,0.0018337999041439727
2014,JP3830000000,4.398877732944161e-08
2014,JP3242800005,1.9595139754445416e-08
2014,JP3443600006,1.5886254340742818e-08
2014,JP3357200009,0.03475665879402811
2014,JP3665200006,5.093507338592378e-09
2014,AU000000SGM7,2.6734773599630017e-08
2014,JP3596200000,6.431254401552187e-09
2014,JP3368000000,4.316962265007331e-10
2014,JP3215800008,1.8958562391339484e-09
2014,BMG668971101,1.8924491887180763e-08
2014,JP3358800005,9.228565476385198e-09
2014,HK0823032773,0.033399152668860614
2014,JP3289800009,1.7170730327570555e-10
2014,HK0003000038,0.03132265518412837
2014,JP3180400008,0.015006841089866071
2014,JP3551520004,6.174508377687276e-08
2014,JP3634600005,5.128722373917326e-09
2014,AU000000AMP6,1.4259011113221847e-07
2014,AU000000ERA9,1.1363677533988466e-08
2014,HK0010000088,7.228402652687411e-08
2014,HK0011000095,6.073702817004387e-08
2014,JP3209000003,5.554602961832332e-08
2014,JP3201200007,5.7035476006302184e-08
2014,HK0004000045,1.296983033072493e-07
2014,JP3667600005,4.263430065062952e-08
2014,AU000000SGP0,9.215411898233542e-08
2014,JP3792600003,2.177473015704952e-08
2014,JP3493800001,6.5844439402497836e-09
2014,AU000000WBC1,1.3911152212649455e-07
2014,HK0242001243,8.28934157064247e-09
2014,JP3688370000,3.239766508783755e-09
2014,JP3481800005,1.1138137995841031e-08
2014,SG1F60858221,0.03490289749550216
2014,JP3890350006,9.934091722090975e-08
2014,JP3420600003,1.5738516132126225e-08
2014,JP3902400005,2.4382962702971852e-08
2014,BMG677491539,5.050095427064584e-10
2014,NZCENE0001S6,1.9538591221657205e-09
2014,AU000000IAG3,1.0367802422129333e-07
2014,JP3190000004,1.0737398578972793e-08
2014,JP3678000005,5.618989742711242e-09
2014,JP3854600008,0.0024343475287834427
2014,JP3116000005,0.031953540342427554
2014,AU000000NCM7,8.399683405329524e-09
2014,IE00BKVD2N49,4.788532741081187e-08
2014,JP3613400005,5.772158690116075e-09
2014,JP3551500006,4.728882368284087e-09
2014,JP3894900004,2.417486925160265e-08
2014,JP3951600000,0.0156639014235039
2014,JP3726800000,1.7952121418387603e-08
2014,JP3122400009,8.979234883059672e-08
2014,JP3258000003,9.362266163956105e-09
2014,JP3223800008,7.632452901912014e-11
2014,AU000000APA1,1.2064443110298427e-08
2014,AU000000QBE9,1.472211361425641e-07
2014,JP3388200002,1.677307465842002e-08
2014,JP3505000004,2.1406761456625312e-08
2014,SG1R50925390,1.55588216444434e-09
2014,JP3903000002,2.7222441816867487e-10
2014,JP3973400009,1.2540795812184485e-08
2014,JP3519400000,1.937555132434583e-08
2014,AU000000ANZ3,1.5334642600171316e-07
2014,AU000000TLS2,5.529258954902774e-08
2014,JP3762800005,4.855734465059869e-08
2014,AU000000MGR9,1.583375027248507e-07
2014,JP3118000003,9.09185092345613e-08
2014,BMG2442N1048,4.839668493525042e-08
2014,JP3888400003,3.0183206169822266e-09
2014,NZFBUE0001S0,8.058249149658001e-09
2014,AU000000QAN2,9.911091467066158e-11
2014,JP3300600008,1.1373033204669783e-08
2014,JP3402600005,6.2382421498292844e-09
2014,JP3119600009,0.0014465653119428007
2014,AU000000LLC3,4.012633546197047e-08
2014,JP3526600006,1.525505651133736e-11
2014,JP3900000005,3.794969065370098e-08
2014,JP3165600002,1.3127883110371546e-08
2014,JP3684000007,9.026906969718819e-09
2014,JP3811000003,3.2674494901815495e-08
2014,AU000000SHL7,8.594909847387654e-08
2014,JP3407400005,1.3103345473710998e-08
2014,JP3449020001,1.6946827356428241e-10
2014,AU000000BEN6,1.5573918024468474e-07
2014,AU000000TAH8,1.2805505648263186e-07
2014,JP3592200004,1.76525691555851e-08
2014,AU0000038911,1.1186768396213285e-08
2014,AU000000CIM7,4.377785402805821e-08
2014,HK0200030994,2.9490941008061315e-07
2014,JP3890310000,6.6165014795784e-08
2014,SG1J26887955,1.0926759687227318e-07
2014,JP3111200006,1.6318890963721634e-09
2014,JP3419400001,1.2825832746435865e-08
2014,JP3891600003,1.5393908120872736e-08
2014,AU000000WES1,1.4590515071166988e-08
2014,JP3573000001,0.01644361995012857
2014,JP3194000000,4.3945193068745676e-08
2014,AU000000WOR2,6.396777622675906e-08
2014,JP3566800003,1.4096173261366354e-08
2014,JP3421100003,1.1572996105624761e-08
2014,JP3397200001,1.0438087099327206e-08
2014,JP3845400005,1.3658595001560044e-11
2014,JP3982100004,0.13363359522912813
2014,AU000000CSL8,3.519869783966859e-08
2014,AU000000NAB4,1.617388527224211e-07
2014,JP3870400003,3.659200093043983e-08
2014,JP3166000004,7.75610416811459e-08
2014,JP3898400001,1.0446288885869271e-08
2014,AU000000MAH3,4.082798836734009e-09
2014,AU000000SIG5,2.747321610013329e-08
2014,JP3522200009,1.0827681237874069e-11
2014,JP3270000007,3.8282333303650745e-08
2014,AU000000ORG5,9.37449717748737e-10
2014,AU000000BWP3,6.664194181016457e-08
2014,JP3888300005,4.706035366984762e-10
2014,AU000000TCL6,8.839735871153282e-08
2014,JP3868400007,3.14056579722802e-08
2014,JP3246400000,0.0
2014,JP3672400003,1.993100561994931e-08
2014,JP3126400005,6.592733547055353e-08
2014,JP3304200003,5.8051069282391587e-08
2014,JP3475350009,1.4194980780765283e-08
2014,JP3582600007,2.5489603109169697e-07
2014,JP3535800001,1.120049532550641e-08
2014,JP3165700000,7.116269488311291e-08
2014,AU000000CWY3,7.541851814492189e-09
2014,JP3405400007,6.622391465233875e-08
2014,HK0066009694,0.01814982361142798
2014,JP3814000000,0.027263065749221965
2014,JP3633400001,0.034209113811318664
2014,JP3027680002,1.1382743564430945e-08
2014,JP3229400001,0.002120408252763065
2014,AU0000088338,3.874622820351847e-09
2014,JP3734800000,2.9249238550710765e-08
2014,AU000000CBA7,1.1163463949461837e-07
2014,JP3502200003,1.3128502739776484e-07
2014,JP3435000009,2.6953758248732942e-08
2014,AU000000GPT8,1.4506351057975636e-07
2014,JP3134800006,4.670446809809918e-08
2014,SG1R89002252,1.4547713153430012e-07
2014,JP3619800000,9.683933646805404e-10
2014,JP3496400007,3.056050540550159e-08
2014,JP3456000003,3.081648547217101e-08
2014,JP3955000009,6.347904643218565e-08
2014,JP3686800008,2.7349050158471754e-10
2014,SG1V61937297,3.5572045814380057e-10
2014,JP3158800007,1.0243858670055321e-10
2014,AU000000SUN6,1.644707613834939e-07
2014,HK0006000050,0.21371671680250093
2014,JP3910660004,5.274742864109801e-08
2014,BMG524401079,1.8175537670217916e-07
2014,AU000000DOW2,1.6880159215623318e-08
2014,JP3205800000,3.166110175511325e-09
2014,AU000000BHP4,6.7143476836462825e-09
2014,AU000000MTS0,3.0035422602909475e-08
2014,JP3385980002,5.453831116326751e-09
2014,JP3827200001,1.681264380241945e-08
2014,BMG8063F1068,1.20687155444688e-08
2014,AU000000WOW2,1.7906608385681444e-08
2014,JP3788600009,1.4957335975175136e-08
2014,AU000000SBM8,2.5827294319558805e-09
2014,JP3197600004,0.011887983248663846
2014,JP3778630008,5.446704939751452e-08
2014,AU000000GWA4,4.618042938746816e-08
2014,JP3657400002,4.1159582726167326e-08
2014,JP3293200006,3.3372768373307405e-09
2014,JP3634200004,5.281737744991524e-09
2014,HK0002007356,0.10111957860557252
2014,JP3359600008,1.0840980562547722e-08
2014,JP3902900004,3.973773739765832e-08
2014,JP3893600001,1.2701286002796437e-08
2014,AU000000DXS1,9.167209050349786e-08
2014,JP3977400005,0.018668874492445916
2014,JP3546800008,1.9715715961786113e-08
2014,JP3148800000,1.82633415417551e-08
2014,JP3743000006,3.266660220772203e-09
2014,JP3210200006,1.4565036262337133e-08
2014,JP3228600007,1.5776013257390048e-11
2014,HK0016000132,8.598462635910283e-08
2014,SG9999000020,4.6587389385163894e-08
2014,AU000000MQG1,2.836030656439927e-07
2014,JP3493400000,7.80595254041404e-09
2014,JP3940000007,5.531461608945394e-09
2014,JP3452000007,2.7267828628790664e-08
2014,JP3769000005,0.0
2014,JP3197800000,2.4026576143483253e-08
2014,JP3942800008,1.2598689908856617e-08
2014,JP3551200003,1.4354681031940924e-11
2014,JP3982800009,9.980691636207635e-09
2014,JP3351600006,9.625630838246325e-09
2014,JP3850200001,1.8785093452183883e-11
2014,JP3866800000,8.73167428796164e-09
2014,JP3571400005,9.458769704633765e-08
2014,JP3362700001,1.356760314801562e-10
2014,JP3429800000,0.03841755430084738
2014,AU000000BLD2,2.625152839066277e-09
2014,JP3294460005,1.8478689653504295e-08
2014,AU000000COH5,1.3686234174565294e-07
2014,JP3371200001,0.04203541940143867
2014,JP3711600001,1.0855839839597278e-08
2014,JP3544000007,2.162704751359271e-09
2014,JP3870000001,0.0009419207120732794
2014,JP3414750004,0.010586919882813964
2014,SGXE34184239,6.798122852924735e-08
2014,AU0000224040,4.412164444363522e-09
2014,HK0019000162,2.940063388103549e-10
2014,JP3463000004,0.04365144987362416
2014,AU000000CQR9,4.14847397586608e-07
2014,JP3595200001,2.8388647778694566e-10
2014,JP3877600001,7.900699590687253e-08
2014,JP3635400009,6.116963889718372e-09
2014,JP3605400005,1.471265088232998e-11
2014,JP3260800002,0.05319677307598934
2014,JP3539220008,8.170031099738962e-08
2014,AU000000IGO4,3.825014529519291e-08
2014,JP3528600004,1.5491322770988715e-07
2014,JP3786200000,8.488679404563385e-09
2014,JP3753000003,1.024011224266689e-10
2014,AU000000BSL0,3.136711093760292e-10
2014,JP3350800003,7.277680840336285e-12
2014,JP3375800004,1.8885321105470716e-08
2014,JP3266400005,1.9953533204563954e-08
2014,JP3820000002,1.8276242701705955e-08
2014,NZAIAE0002S6,7.366858620204305e-08
2014,JP3256000005,2.2863262152441213e-08
2014,BMG684371393,1.5523170634495665e-09
2015,JP3626800001,0.0
2015,JP3200450009,0.0
2015,JP3174410005,0.0
2015,JP3818000006,2.5608733491319777e-09
2015,AU000000PPT9,1.3079670507270438e-07
2015,JP3621000003,0.02239235408407078
2015,JP3914400001,0.0
2015,AU000000ORI1,4.8826061853695796e-09
2015,SG1U68934629,2.4572067025763633e-08
2015,JP3385820000,0.0
2015,JP3585800000,6.2654818858596996e-12
2015,JP3419050004,0.0
2015,JP3783600004,0.0
2015,AU000000BPT9,3.5228602531839675e-08
2015,AU000000ASX7,1.8442105882588333e-07
2015,JP3112000009,0.0
2015,AU000000IVC8,6.329843619325873e-08
2015,JP3491000000,0.0
2015,NZTELE0001S4,2.377267782303288e-09
2015,JP3401400001,0.0
2015,JP3830800003,3.790854193527843e-09
2015,JP3720800006,0.0
2015,JP3787000003,5.711783556732022e-08
2015,SGXE21576413,4.44085531589098e-07
2015,JP3224200000,0.0
2015,JP3538800008,0.0
2015,JP3629000005,0.0
2015,JP3638600001,1.3688903013312098e-09
2015,JP3269600007,0.0
2015,JP3160400002,0.0
2015,AU000000STO6,2.1621509834420857e-09
2015,JP3733000008,0.0
2015,AU000000CSR5,0.0
2015,HK0388045442,1.15350826064585e-07
2015,JP3942400007,0.003046926661534872
2015,JP3814800003,0.0
2015,AU000000MND5,5.2715630655794165e-08
2015,HK0293001514,3.95511808947836e-10
2015,JP3495000006,0.0
2015,JP3164800009,0.0
2015,JP3762600009,0.0
2015,JP3320800000,0.0
2015,JP3659000008,0.008914566511647298
2015,AU000000OZL8,1.3949039193796487e-08
2015,JP3738600000,0.014287329418327704
2015,BMG988031446,0.004597551716358679
2015,JP3830000000,3.1107366511680586e-08
2015,JP3242800005,1.5438386311741453e-08
2015,JP3443600006,0.0
2015,JP3357200009,0.041766195478628136
2015,JP3665200006,0.0
2015,AU000000SGM7,1.5418246295630793e-08
2015,JP3596200000,0.0
2015,JP3368000000,0.0
2015,JP3215800008,0.0
2015,BMG668971101,2.2157468095541883e-08
2015,JP3358800005,0.003176809635700208
2015,HK0823032773,0.04494798068169547
2015,JP3289800009,2.1833229339405216e-12
2015,HK0003000038,0.024173828300759606
2015,JP3180400008,0.005797450384535002
2015,JP3551520004,0.0
2015,JP3634600005,1.1404499308021005e-09
2015,AU000000AMP6,3.031112911862921e-07
2015,AU000000ERA9,1.00401667176968e-08
2015,HK0010000088,2.2482042605475465e-08
2015,HK0011000095,1.40704669081899e-07
2015,JP3209000003,0.0
2015,JP3201200007,0.0
2015,HK0004000045,1.0979313239789058e-07
2015,JP3667600005,2.8387056637163055e-09
2015,AU000000SGP0,3.2878798472456854e-08
2015,JP3792600003,0.0
2015,JP3493800001,0.0
2015,AU000000WBC1,2.2858867522214873e-07
2015,JP3156400008,0.007864537724859995
2015,JP3663900003,0.0
2015,HK0242001243,3.24790583179069e-09
2015,JP3688370000,0.0
2015,AU000000CGF5,3.2439133594156355e-07
2015,JP3481800005,1.6223643599338255e-08
2015,SG1F60858221,0.011618869023893757
2015,JP3890350006,0.0
2015,JP3420600003,0.0
2015,JP3902400005,3.108132507970132e-10
2015,BMG677491539,5.222680145195162e-10
2015,NZCENE0001S6,0.0
2015,AU000000IAG3,1.0767337454609806e-07
2015,JP3190000004,0.0
2015,JP3678000005,0.0
2015,JP3854600008,9.885926074341519e-09
2015,HK2388011192,2.450336307484445e-07
2015,JP3116000005,0.04950907292794011
2015,AU000000NCM7,1.538818818197483e-08
2015,IE00BKVD2N49,5.1073991349434587e-08
2015,JP3613400005,0.0
2015,JP3551500006,0.0
2015,JP3894900004,0.0
2015,JP3358200008,0.0
2015,JP3951600000,0.0
2015,JP3726800000,0.0
2015,JP3122400009,0.0
2015,JP3258000003,0.0
2015,JP3223800008,3.576077168271081e-12
2015,AU000000APA1,1.7530245934428693e-08
2015,AU000000QBE9,1.1122167737451577e-07
2015,JP3388200002,0.0
2015,JP3505000004,0.0
2015,SG1R50925390,3.23328101918936e-10
2015,JP3903000002,0.0
2015,JP3973400009,0.0
2015,JP3519400000,0.0
2015,AU000000ANZ3,2.3049811978051438e-07
2015,AU000000TLS2,1.258321230199352e-07
2015,JP3762800005,0.0
2015,AU000000MGR9,1.7125382923847532e-07
2015,JP3118000003,0.0
2015,BMG2442N1048,0.0
2015,JP3888400003,0.0
2015,NZFBUE0001S0,1.0499095581856747e-09
2015,AU000000QAN2,2.3080048360352588e-10
2015,JP3300600008,3.2675968837812758e-09
2015,SG1T75931496,5.712789203501355e-08
2015,JP3402600005,4.045306801219471e-09
2015,JP3119600009,3.3824231146556095e-09
2015,AU000000LLC3,4.944261761057302e-08
2015,JP3526600006,2.992537481887185e-11
2015,JP3900000005,0.0
2015,JP3165600002,0.0
2015,JP3837800006,3.110277964587674e-08
2015,JP3684000007,0.0
2015,JP3347200002,0.0
2015,JP3811000003,0.0
2015,AU000000SHL7,1.51159464720363e-07
2015,JP3407400005,0.0
2015,JP3449020001,1.0963523416331739e-10
2015,AU000000BEN6,0.0
2015,AU000000TAH8,2.411198453768615e-07
2015,JP3592200004,0.0
2015,JP3243600008,0.005639726153682173
2015,AU0000038911,6.065133624584237e-10
2015,AU000000CIM7,8.930220326307804e-08
2015,HK0200030994,4.791567201946037e-07
2015,JP3890310000,0.0
2015,SG1J26887955,2.008930086567784e-07
2015,JP3111200006,0.010584541155973947
2015,JP3419400001,0.0
2015,JP3891600003,0.0
2015,AU000000WES1,3.209579269949916e-08
2015,JP3573000001,0.036911350812774316
2015,JP3194000000,0.0
2015,AU000000WOR2,2.6323203214616442e-08
2015,JP3566800003,0.0
2015,HK0000608585,2.3782674780437232e-08
2015,JP3421100003,0.0
2015,JP3397200001,5.051555481940574e-09
2015,JP3845400005,7.151372391436441e-12
2015,JP3982100004,0.1468019588179812
2015,AU000000CSL8,7.207206322467824e-08
2015,AU000000NAB4,2.0367107805734722e-07
2015,JP3870400003,0.0
2015,JP3166000004,0.0
2015,JP3898400001,0.0
2015,AU000000MAH3,1.5716297371005948e-09
2015,AU000000SIG5,3.399166754296108e-08
2015,JP3522200009,7.266568637388157e-12
2015,JP3270000007,0.0
2015,AU000000ORG5,1.0143833449772404e-09
2015,AU000000BWP3,2.2526750652050424e-07
2015,JP3888300005,2.1747116128049316e-10
2015,AU000000TCL6,6.55432351018834e-08
2015,JP3868400007,0.0
2015,JP3027670003,0.0
2015,JP3246400000,0.0
2015,JP3672400003,7.692706282555378e-09
2015,JP3126400005,0.0
2015,JP3486800000,0.0
2015,JP3304200003,6.592186101904911e-08
2015,JP3475350009,0.0
2015,JP3582600007,0.0
2015,JP3535800001,5.637917098948767e-09
2015,JP3165700000,0.01015570468125159
2015,AU000000CWY3,3.5279072928412215e-10
2015,JP3405400007,1.080111827419158e-08
2015,HK0066009694,0.018987662460598825
2015,JP3814000000,0.007684879239506964
2015,JP3633400001,0.053026944159924226
2015,JP3027680002,0.0
2015,JP3229400001,0.0
2015,AU0000088338,5.99725485249357e-09
2015,JP3734800000,0.0
2015,AU000000CBA7,2.24700794822582e-07
2015,JP3502200003,0.0
2015,JP3549600009,0.0
2015,JP3435000009,0.0
2015,AU000000GPT8,8.630896470012608e-08
2015,JP3134800006,0.0
2015,SG1R89002252,2.6303613622952993e-08
2015,JP3619800000,7.989163645986928e-10
2015,JP3496400007,0.0
2015,JP3456000003,0.0
2015,JP3955000009,5.038375281097434e-09
2015,JP3686800008,0.0
2015,SG1V61937297,6.953859351461844e-10
2015,JP3158800007,0.0
2015,AU000000SUN6,4.160238076733917e-08
2015,HK0006000050,0.17210180923452617
2015,JP3910660004,0.0
2015,BMG524401079,0.0
2015,AU000000DOW2,1.361347984940065e-08
2015,NZAIRE0001S2,3.5635494894661567e-10
2015,JP3205800000,0.0
2015,AU000000BHP4,7.60197049591864e-09
2015,AU000000MTS0,5.7428634236478794e-08
2015,JP3385980002,2.8316842175259976e-09
2015,JP3827200001,0.0
2015,BMG8063F1068,2.5878741007051625e-08
2015,AU000000WOW2,3.2739459246586885e-08
2015,NZSKCE0001S2,4.137666771137448e-08
2015,JP3788600009,0.0
2015,AU000000SBM8,2.7425887527187993e-09
2015,JP3967200001,0.0
2015,JP3197600004,0.0
2015,JP3778630008,0.0
2015,AU000000GWA4,3.3258685396132874e-08
2015,JP3657400002,0.0
2015,JP3293200006,0.0
2015,JP3634200004,0.0
2015,HK0002007356,0.09623686289118802
2015,JP3359600008,5.96859129422232e-09
2015,JP3902900004,0.02784731970014279
2015,JP3893600001,1.8816416336558022e-09
2015,AU000000DXS1,8.682036143247158e-08
2015,JP3977400005,0.033470614986906524
2015,JP3546800008,5.485276466891805e-09
2015,JP3148800000,0.0
2015,JP3743000006,0.0
2015,JP3210200006,0.0
2015,JP3228600007,0.0
2015,HK0016000132,2.195785888701316e-08
2015,SG9999000020,0.0
2015,AU000000MQG1,0.0
2015,JP3493400000,0.0
2015,JP3940000007,6.3902944740964645e-09
2015,JP3452000007,0.0
2015,JP3769000005,0.0
2015,JP3197800000,1.3789311447152066e-08
2015,JP3942800008,2.4875763529180817e-08
2015,JP3551200003,2.0765545783247166e-11
2015,JP3982800009,0.0
2015,JP3351600006,0.0
2015,JP3850200001,4.868592585778984e-12
2015,JP3866800000,0.0
2015,JP3571400005,0.0
2015,JP3362700001,0.0
2015,JP3429800000,0.01746787737290225
2015,AU000000BLD2,1.975260639525202e-09
2015,JP3294460005,1.142860774318306e-08
2015,AU000000COH5,1.627553448093832e-07
2015,JP3371200001,0.03636763369949539
2015,JP3711600001,2.0253711356190236e-08
2015,JP3544000007,0.0
2015,JP3870000001,1.9602631280642e-08
2015,JP3414750004,0.013888047587327666
2015,SGXE34184239,0.0
2015,AU0000224040,4.4673371255328945e-09
2015,HK0019000162,6.887233370508353e-10
2015,JP3463000004,0.009765472581572477
2015,AU000000CQR9,0.0
2015,JP3595200001,0.0
2015,JP3877600001,0.0
2015,JP3635400009,1.0157807491858065e-08
2015,JP3605400005,0.0
2015,JP3260800002,0.06096133105892644
2015,JP3539220008,0.0
2015,AU000000IGO4,3.103126193191779e-08
2015,JP3528600004,0.0
2015,JP3786200000,0.0
2015,JP3753000003,1.0036511205568752e-10
2015,AU000000BSL0,1.7771745076733774e-10
2015,JP3350800003,0.0
2015,JP3375800004,0.0
2015,HK0012000102,1.9044465975642586e-08
2015,JP3266400005,0.0
2015,JP3820000002,0.0
2015,NZAIAE0002S6,1.3439499206329348e-07
2015,JP3256000005,0.0
2015,BMG684371393,6.302935426970391e-11
2016,JP3626800001,2.589323340707232e-09
2016,JP3200450009,5.3730363721901047e-08
2016,JP3174410005,2.288744654814219e-10
2016,HK0023000190,1.387548508336357e-07
2016,JP3818000006,1.882119642800752e-08
2016,AU000000PPT9,2.1298150223597998e-07
2016,JP3621000003,0.021463988391065152
2016,JP3914400001,1.6461709200085642e-08
2016,AU000000ORI1,3.2798686428957305e-09
2016,SG1U68934629,9.70718300159401e-09
2016,JP3385820000,3.7499545537291027e-08
2016,JP3585800000,2.2733625900870602e-11
2016,JP3419050004,2.7736042927563894e-08
2016,JP3783600004,2.216455471710189e-09
2016,AU000000BPT9,1.7975001678812152e-08
2016,AU000000ASX7,1.5917462811970444e-07
2016,JP3112000009,7.025522951775739e-10
2016,AU000000IVC8,4.980024381931369e-08
2016,JP3491000000,3.1101400084065722e-09
2016,NZTELE0001S4,9.184828383764189e-08
2016,JP3401400001,3.3513586435214936e-09
2016,JP3830800003,2.5129855002824994e-09
2016,JP3720800006,1.646834873367987e-08
2016,JP3787000003,3.7711592062913825e-08
2016,SGXE21576413,1.883720839030947e-07
2016,JP3224200000,1.1039819144839499e-08
2016,JP3538800008,1.9142265740992193e-08
2016,JP3629000005,4.8522107582234255e-09
2016,JP3638600001,2.644336754280897e-09
2016,JP3269600007,5.273749336546201e-10
2016,JP3160400002,3.208086543047416e-08
2016,AU000000STO6,1.0205375148451177e-09
2016,JP3733000008,3.7669009326414566e-08
2016,AU000000CSR5,4.550011479573868e-09
2016,HK0388045442,2.3219929190442906e-07
2016,JP3942400007,6.368469205670039e-09
2016,JP3814800003,6.3957545153640446e-09
2016,AU000000MND5,5.519093194774749e-08
2016,HK0293001514,2.015142546552506e-10
2016,JP3495000006,5.4837874072611855e-09
2016,JP3164800009,1.2641714669947116e-08
2016,JP3762600009,1.3508883535251882e-07
2016,JP3711200000,0.07744000635948707
2016,JP3320800000,9.807241640785095e-09
2016,JP3659000008,2.1206053647638868e-09
2016,AU000000OZL8,1.5094415539309864e-08
2016,JP3738600000,0.00980933314652302
2016,BMG988031446,0.00464938308701651
2016,JP3830000000,9.174537191702805e-09
2016,JP3242800005,0.01897114525638734
2016,JP3443600006,1.6963267713369216e-08
2016,JP3357200009,0.03526355581589431
2016,JP3665200006,5.144915488275637e-09
2016,AU000000SGM7,2.2445585205442287e-08
2016,JP3596200000,2.7586180511985975e-09
2016,JP3368000000,2.1904336103144043e-10
2016,JP3215800008,2.3389926043731207e-09
2016,BMG668971101,1.981480076400818e-08
2016,JP3358800005,5.159559627902058e-09
2016,HK0823032773,0.035020683965930076
2016,JP3289800009,8.438992340726759e-11
2016,HK0003000038,0.023974453627267685
2016,JP3322930003,2.3639866100911266e-08
2016,JP3180400008,0.02802139904721971
2016,JP3551520004,3.399867924186989e-08
2016,JP3634600005,8.074817300055927e-09
2016,AU000000AMP6,1.7051199276710952e-07
2016,JP3143600009,3.7848545209655703e-08
2016,JP3765400001,0.0
2016,AU000000ERA9,1.9716442054012286e-09
2016,HK0010000088,1.2932926547806742e-07
2016,HK0011000095,9.283654237110733e-08
2016,JP3209000003,3.098656151790558e-08
2016,JP3201200007,7.361474072352417e-08
2016,HK0004000045,1.248934483104845e-07
2016,JP3667600005,2.53368569005506e-08
2016,AU000000SGP0,7.110809109840116e-08
2016,JP3792600003,1.4323914651806637e-08
2016,JP3493800001,5.648478651528874e-09
2016,AU000000WBC1,1.6956911401595177e-07
2016,JP3156400008,2.718362567063464e-08
2016,JP3663900003,3.6517076796486984e-08
2016,HK0242001243,4.221183946274924e-09
2016,JP3688370000,1.157059121358667e-09
2016,AU000000CGF5,3.365989615721437e-07
2016,JP3481800005,9.757549485368997e-09
2016,SG1F60858221,3.142494955805311e-08
2016,JP3890350006,7.751827214993546e-08
2016,JP3420600003,7.785179764857494e-09
2016,JP3902400005,1.8411777455653133e-08
2016,BMG677491539,3.338394455794992e-10
2016,NZCENE0001S6,2.0886719259351618e-09
2016,AU000000IAG3,1.2001022814767168e-07
2016,JP3190000004,7.320715179349645e-09
2016,JP3678000005,5.097124766360186e-09
2016,JP3854600008,6.447396415045121e-09
2016,HK2388011192,1.3435716788638775e-07
2016,JP3116000005,0.014500382305757797
2016,JP3040890000,3.9162851008008214e-08
2016,AU000000NCM7,8.95990109680578e-09
2016,IE00BKVD2N49,3.922124479005576e-08
2016,JP3613400005,5.122658099304494e-09
2016,JP3551500006,5.460942517496643e-09
2016,JP3894900004,2.4093763490322605e-08
2016,JP3358200008,4.3730717429196076e-08
2016,JP3951600000,1.3404132911439985e-08
2016,JP3726800000,2.078451291642474e-08
2016,HK0291001490,1.0329018522825146e-08
2016,JP3122400009,4.283075099224985e-08
2016,JP3258000003,4.879473496356451e-09
2016,JP3223800008,3.528460323262237e-11
2016,AU000000APA1,8.746322079141097e-09
2016,AU000000QBE9,1.4947123273628587e-07
2016,JP3388200002,1.0735887866962324e-08
2016,JP3802300008,1.1667750986606896e-08
2016,JP3505000004,1.773500071465346e-08
2016,SG1R50925390,1.0178014048298613e-10
2016,JP3903000002,2.07671116994514e-10
2016,JP3973400009,9.48684513963207e-09
2016,JP3519400000,2.2623441881703937e-08
2016,AU000000ANZ3,1.6556388809836327e-07
2016,AU000000TLS2,7.944090165115998e-08
2016,JP3762800005,2.4427689268461232e-08
2016,AU000000MGR9,1.936441162504966e-07
2016,JP3118000003,7.088815279902356e-08
2016,BMG2442N1048,1.244017936224116e-08
2016,JP3888400003,1.265160631413549e-09
2016,NZFBUE0001S0,4.319759596156568e-09
2016,AU000000QAN2,5.301104475339014e-10
2016,JP3300600008,8.021892172816887e-09
2016,SG1T75931496,6.905653323257843e-08
2016,HK0083000502,2.2138392174199265e-07
2016,JP3402600005,3.569754616377497e-09
2016,JP3119600009,1.510339018887324e-09
2016,AU000000LLC3,4.810660597441192e-08
2016,JP3835620000,0.014278061351344712
2016,JP3526600006,2.998566302622549e-11
2016,JP3900000005,1.9863527263762248e-08
2016,JP3165600002,1.1209136184806702e-08
2016,JP3837800006,3.215595525307383e-08
2016,JP3684000007,1.0336913678827036e-08
2016,JP3347200002,4.401120762084107e-08
2016,JP3811000003,3.428422483443366e-08
2016,AU000000SHL7,8.482719864788012e-08
2016,JP3407400005,0.003972071500055684
2016,JP3735400008,0.2297093309489527
2016,JP3449020001,9.692290552813775e-11
2016,AU000000BEN6,1.2638624302036043e-07
2016,AU000000TAH8,1.4196332804469225e-07
2016,JP3592200004,8.497711906905764e-09
2016,JP3243600008,0.0016324045286525823
2016,AU0000038911,8.017516560953188e-09
2016,AU000000CIM7,8.416383812307467e-09
2016,HK0200030994,9.842176515522854e-08
2016,JP3890310000,5.5066112528131634e-08
2016,SG1J26887955,1.6264320598107148e-07
2016,JP3111200006,0.001931294846266186
2016,JP3419400001,9.917017321838534e-09
2016,JP3891600003,1.2256581887144021e-08
2016,AU000000WES1,1.865193511348028e-08
2016,JP3573000001,0.02206941232717847
2016,JP3194000000,3.18540092454209e-08
2016,AU000000WOR2,4.17953368675942e-08
2016,JP3566800003,1.3651997611325302e-08
2016,HK0000608585,2.423832017303221e-07
2016,JP3421100003,6.630157965122316e-09
2016,JP3397200001,8.414713573800072e-09
2016,JP3845400005,2.0298051587935975e-11
2016,JP3982100004,0.06935922430901074
2016,AU000000CSL8,5.842612488611105e-08
2016,AU000000NAB4,1.7143303682689473e-07
2016,JP3870400003,2.2495860872851144e-08
2016,JP3166000004,5.301618934141781e-08
2016,JP3898400001,1.1568517952618771e-08
2016,AU000000MAH3,2.1699816056654994e-07
2016,AU000000SIG5,3.621732606456052e-08
2016,JP3522200009,1.4956671568642915e-11
2016,JP3270000007,3.2971422662607286e-08
2016,JP3670800006,9.021052655565578e-09
2016,AU000000ORG5,1.972655946879574e-10
2016,AU000000BWP3,1.0636080389840499e-07
2016,JP3888300005,6.388137226267262e-10
2016,AU000000TCL6,1.1908033580131261e-07
2016,JP3868400007,2.933875748198056e-08
2016,JP3027670003,3.7143712505501917e-08
2016,JP3246400000,2.3266537158082492e-11
2016,JP3672400003,2.4032129245463777e-08
2016,JP3126400005,5.5642738340334907e-08
2016,JP3486800000,3.060374157434797e-08
2016,JP3304200003,5.4839413219382726e-08
2016,JP3475350009,1.399843104765171e-08
2016,JP3582600007,1.6072315641403588e-07
2016,JP3535800001,5.761093070325714e-09
2016,JP3560800009,1.0381176678327807e-08
2016,JP3165700000,0.02013049013206167
2016,AU000000CWY3,3.400730390932186e-09
2016,JP3405400007,4.752433826845128e-08
2016,HK0066009694,4.637282461439402e-08
2016,JP3814000000,5.666224812623403e-09
2016,JP3633400001,0.04106090836198178
2016,JP3027680002,0.00754118163490751
2016,JP3229400001,4.114947260664547e-09
2016,AU0000088338,1.3178966394145035e-08
2016,JP3734800000,4.457005301921668e-08
2016,AU000000CBA7,1.359718860423045e-07
2016,JP3502200003,9.041635420904156e-08
2016,JP3549600009,8.93767851045041e-10
2016,JP3435000009,3.72265254137395e-08
2016,AU000000GPT8,1.1937284823877292e-07
2016,JP3134800006,2.0447846303928176e-08
2016,SG1R89002252,1.780752583320508e-07
2016,JP3619800000,9.196384695344006e-10
2016,JP3496400007,1.147153580980156e-08
2016,JP3456000003,1.660609087044486e-08
2016,JP3955000009,5.274361997433212e-08
2016,JP3686800008,8.409627917751641e-11
2016,SG1V61937297,4.2187393616566604e-10
2016,JP3158800007,6.540261214289374e-11
2016,AU000000SUN6,1.7205113399873926e-07
2016,HK0006000050,0.12530786761495993
2016,JP3910660004,4.428401967186647e-08
2016,BMG524401079,1.6545521749296342e-07
2016,AU000000DOW2,9.604263116458852e-09
2016,NZAIRE0001S2,7.594105422672385e-10
2016,JP3205800000,5.499447375950245e-09
2016,JP3819400007,0.020452576158893888
2016,AU000000BHP4,5.7137565477894434e-09
2016,AU000000MTS0,2.983770557610734e-08
2016,JP3385980002,4.602065408116401e-09
2016,JP3827200001,1.1767746146571766e-08
2016,BMG8063F1068,1.9461825740347063e-08
2016,AU000000WOW2,1.1838144045380643e-08
2016,NZSKCE0001S2,8.417899279331048e-08
2016,JP3788600009,1.0719643881618882e-08
2016,AU000000RHC8,7.303200590302211e-08
2016,AU000000SBM8,6.430279460327354e-09
2016,JP3967200001,2.3965379719004835e-08
2016,JP3197600004,3.3860444088173955e-08
2016,JP3778630008,4.099415851190694e-08
2016,AU000000GWA4,3.319665964795104e-08
2016,JP3657400002,3.830025750969797e-08
2016,JP3293200006,2.8079755703366852e-09
2016,JP3634200004,8.571760694331831e-09
2016,HK0002007356,0.10087479053688407
2016,JP3359600008,4.400402492860534e-09
2016,JP3902900004,0.014196596603802576
2016,JP3893600001,2.5179575915411745e-08
2016,JP3381000003,5.882624336889402e-11
2016,AU000000DXS1,8.698747787144307e-08
2016,JP3977400005,0.010082650285970687
2016,HK0165000859,2.531390953381742e-07
2016,JP3546800008,2.3913164214745394e-08
2016,JP3148800000,1.3492928106477124e-08
2016,JP3743000006,2.998065345252185e-09
2016,JP3210200006,1.2067565603597819e-08
2016,JP3228600007,2.2089491356966367e-11
2016,HK0016000132,1.0393948794992959e-07
2016,SG9999000020,6.866683282147634e-08
2016,AU000000MQG1,2.527399441609297e-07
2016,JP3493400000,6.155957104448203e-09
2016,KYG217651051,1.255141082312674e-08
2016,JP3940000007,2.2507465374856863e-09
2016,JP3452000007,1.2439404497413649e-08
2016,JP3769000005,0.0
2016,JP3197800000,1.708541305776634e-08
2016,KYG0535Q1331,1.7378685591201514e-07
2016,JP3942800008,1.3141055105462603e-08
2016,JP3551200003,2.112260142703834e-11
2016,JP3982800009,1.3753273021126547e-08
2016,JP3351600006,2.209327398624634e-08
2016,JP3850200001,2.0330450778052188e-11
2016,JP3866800000,1.3316705831397844e-08
2016,HK0000745908,2.945624316877084e-07
2016,JP3571400005,5.845386763737916e-08
2016,JP3386030005,4.232511294882652e-11
2016,JP3362700001,3.766340815847175e-11
2016,JP3429800000,0.0019497911243784964
2016,AU000000BLD2,3.5416384436730685e-09
2016,JP3294460005,1.0950198055500574e-08
2016,AU000000COH5,1.423958318948351e-07
2016,JP3371200001,0.012103334548900665
2016,JP3711600001,9.723359083954687e-09
2016,JP3544000007,2.785776992036236e-09
2016,JP3870000001,1.0498246634584767e-08
2016,JP3414750004,0.00823849904076611
2016,SGXE34184239,4.684599873867832e-08
2016,HK0688002218,1.6738668504678805e-07
2016,AU0000224040,2.4566573600334515e-09
2016,HK0019000162,2.91407614859021e-10
2016,JP3463000004,8.295262581157456e-09
2016,AU000000CQR9,3.2559910046274455e-07
2016,JP3595200001,2.1231636964172236e-10
2016,JP3877600001,9.037600200441436e-08
2016,JP3352400000,2.9226735063100142e-09
2016,JP3635400009,1.4334248738295289e-08
2016,JP3742600004,1.4900495214468593e-08
2016,JP3605400005,2.3454369538593555e-11
2016,JP3260800002,0.025983109930440798
2016,JP3539220008,5.2882423068752496e-08
2016,AU000000IGO4,4.3554509108617676e-08
2016,JP3528600004,8.917202408266177e-08
2016,JP3786200000,3.98878338629153e-09
2016,JP3753000003,4.1620661272548833e-11
2016,AU000000BSL0,1.443296530682726e-10
2016,JP3350800003,1.9676408740668417e-11
2016,JP3375800004,1.4659823501096008e-08
2016,HK0012000102,1.524221967330805e-07
2016,JP3942600002,3.175021461447356e-08
2016,KYG2108Y1052,3.371746780558105e-08
2016,JP3266400005,1.7552468351592693e-08
2016,JP3820000002,1.1224215571852947e-08
2016,NZAIAE0002S6,9.039052873410927e-08
2016,JP3256000005,2.522409971281174e-08
2016,BMG684371393,2.4072247111115447e-10
2017,JP3626800001,2.902165391384207e-09
2017,JP3200450009,4.6831041742120704e-08
2017,JP3174410005,3.6453694359670603e-10
2017,HK0023000190,1.2028397585398297e-07
2017,HK0308001558,5.5420802625212535e-08
2017,JP3818000006,1.73192274877839e-08
2017,AU000000PPT9,1.618221256730909e-07
2017,JP3621000003,0.0190010161614364
2017,JP3914400001,1.643064858743352e-08
2017,AU000000ORI1,3.804496718135045e-09
2017,SG1U68934629,2.4965955499400464e-08
2017,JP3385820000,3.83340622795776e-08
2017,JP3585800000,2.7659245548742644e-11
2017,JP3419050004,4.9210780132036845e-08
2017,JP3783600004,1.8952475149554466e-10
2017,AU000000BPT9,4.074112171928347e-08
2017,AU000000ASX7,1.0814055089359783e-07
2017,JP3112000009,1.0202979629218132e-09
2017,AU000000IVC8,4.060060681898722e-08
2017,JP3491000000,3.815904132354513e-09
2017,NZTELE0001S4,5.926820722079024e-08
2017,JP3131430005,2.260827218463392e-08
2017,JP3401400001,3.2758118545041075e-09
2017,JP3830800003,0.0
2017,JP3720800006,1.873733234159987e-08
2017,JP3787000003,3.802729121792079e-08
2017,SGXE21576413,1.469179273866316e-07
2017,JP3224200000,9.240660163750306e-09
2017,JP3538800008,2.164497357935121e-08
2017,JP3629000005,4.551112982225282e-09
2017,JP3638600001,2.667415019295429e-09
2017,SG1T58930911,2.1422858442136124e-08
2017,JP3269600007,9.864047901397597e-10
2017,JP3160400002,2.186504930608813e-08
2017,AU000000STO6,1.549985727846159e-09
2017,JP3733000008,3.0021371275173056e-08
2017,AU000000CSR5,6.468288874713899e-09
2017,HK0388045442,1.6294834193947302e-07
2017,JP3942400007,2.0106389007853634e-09
2017,JP3814800003,3.5691707393198023e-09
2017,AU000000MND5,5.3722395157157255e-08
2017,HK0293001514,1.9519282530459837e-10
2017,JP3495000006,3.5434322129105638e-09
2017,JP3198900007,0.013940492639962292
2017,JP3164800009,7.0552612280899715e-09
2017,JP3762600009,1.356454703924529e-07
2017,JP3711200000,0.11384571601130757
2017,JP3320800000,6.647793320369588e-09
2017,JP3659000008,0.0
2017,AU000000OZL8,2.7894835732425915e-08
2017,JP3738600000,0.011114320605616403
2017,BMG988031446,0.012689193650163397
2017,JP3830000000,1.092116678998493e-08
2017,JP3242800005,0.01140749032946068
2017,JP3443600006,1.2425343531568363e-08
2017,JP3357200009,0.014008873561710482
2017,JP3665200006,6.909449024655091e-09
2017,AU000000SGM7,2.6023308668755944e-08
2017,JP3596200000,5.117726885547423e-09
2017,JP3368000000,3.8436126353208296e-10
2017,JP3215800008,2.188899259018904e-09
2017,BMG668971101,1.5369439389449796e-08
2017,JP3358800005,3.5372348990295543e-09
2017,HK0823032773,0.02314925741008734
2017,JP3289800009,1.1188896659477588e-10
2017,HK0003000038,0.010688333583811042
2017,JP3322930003,4.354288603229226e-08
2017,JP3180400008,0.02709640404449937
2017,JP3551520004,3.877150477233452e-08
2017,JP3634600005,5.505163658836505e-09
2017,AU000000AMP6,1.2573487144036948e-07
2017,JP3143600009,2.2185606557275332e-08
2017,JP3765400001,0.0
2017,AU000000ERA9,4.643100803267292e-09
2017,HK0010000088,9.199943499692014e-08
2017,HK0011000095,6.754995504554627e-08
2017,JP3209000003,3.70682287753048e-08
2017,JP3201200007,3.904873778905223e-08
2017,HK0004000045,1.316816879910178e-07
2017,JP3667600005,2.1065735894167654e-08
2017,AU000000SGP0,6.364044902638475e-08
2017,JP3792600003,1.1124968560255168e-08
2017,JP3493800001,4.852351234717565e-09
2017,AU000000WBC1,1.1976068010256752e-07
2017,JP3156400008,2.7591385950862172e-08
2017,JP3404600003,0.037468294427356254
2017,JP3663900003,1.9801081733299004e-09
2017,HK0242001243,4.308650465183208e-09
2017,JP3126340003,5.226993286965223e-09
2017,JP3688370000,1.0592893471410446e-09
2017,AU000000CGF5,2.6415092816370317e-07
2017,JP3481800005,1.2091672370625346e-08
2017,SG1F60858221,2.9264532405720593e-08
2017,JP3890350006,7.58060085519195e-08
2017,JP3420600003,0.006922676188096792
2017,JP3902400005,2.031534941540131e-08
2017,BMG677491539,6.748140037083853e-10
2017,NZCENE0001S6,1.9381502832676368e-09
2017,AU000000IAG3,1.0660733254952137e-07
2017,JP3190000004,7.4072303138436455e-09
2017,JP3678000005,4.152385956005978e-09
2017,JP3854600008,4.513007130684349e-09
2017,HK2388011192,9.804625786723538e-08
2017,HK0144000764,5.891380632920694e-08
2017,JP3116000005,0.0
2017,JP3040890000,5.337747830713547e-08
2017,AU000000NCM7,1.4765027711103441e-08
2017,IE00BKVD2N49,3.968173915841869e-08
2017,JP3613400005,4.937816238757416e-09
2017,JP3551500006,5.797596182433008e-09
2017,JP3894900004,1.806088196628413e-08
2017,JP3358200008,2.5364502795264443e-08
2017,JP3951600000,7.60404104530692e-09
2017,JP3726800000,1.4001344883430305e-08
2017,HK0291001490,1.5512069031426033e-08
2017,JP3122400009,9.76532038748602e-08
2017,JP3258000003,4.580205553285273e-09
2017,JP3223800008,8.722174404225201e-11
2017,AU000000APA1,6.0440446876129285e-09
2017,AU000000QBE9,1.1398427200616349e-07
2017,JP3388200002,7.58609747543365e-09
2017,JP3933800009,3.7895981821782916e-08
2017,JP3802300008,3.85750189383238e-08
2017,JP3505000004,1.3233412532051693e-08
2017,SG1R50925390,1.177125215702701e-10
2017,JP3903000002,2.95181201571315e-10
2017,JP3973400009,7.3650090240386566e-09
2017,JP3519400000,2.7040943838254412e-08
2017,JP3635000007,2.1884097380953125e-08
2017,AU000000ANZ3,1.262106524109095e-07
2017,AU000000ILU1,9.905818895869745e-09
2017,AU000000TLS2,4.859191486177493e-08
2017,JP3762800005,1.1046213349804191e-08
2017,AU000000MGR9,1.6792939741422829e-07
2017,JP3118000003,5.919087918201236e-08
2017,BMG2442N1048,4.137510542338286e-08
2017,JP3888400003,2.473937493151912e-09
2017,NZFBUE0001S0,4.602758017075169e-09
2017,AU000000QAN2,3.8869940940642876e-10
2017,JP3300600008,8.151548052541335e-09
2017,SG1T75931496,4.852441640146725e-08
2017,JP3721400004,1.3774119669661597e-08
2017,HK0083000502,2.065864952554977e-07
2017,JP3402600005,3.9376445203972766e-09
2017,JP3119600009,9.621399314588265e-10
2017,AU000000LLC3,4.090018934099874e-08
2017,JP3835620000,0.0
2017,JP3526600006,6.147540073635388e-11
2017,JP3900000005,1.5755060933960078e-08
2017,JP3165600002,1.2826766932237169e-08
2017,BMG2178K1009,0.06265050049540534
2017,JP3837800006,4.2463350874176846e-08
2017,JP3684000007,1.5602040626259027e-08
2017,JP3347200002,3.946694092633711e-08
2017,JP3811000003,3.0533886466309065e-08
2017,AU000000SHL7,5.9411206246711655e-08
2017,JP3407400005,7.791147162282424e-09
2017,JP3735400008,0.15341944947155764
2017,JP3449020001,1.9192996066084726e-10
2017,AU000000BEN6,1.0772311954767964e-07
2017,SG1N31909426,2.3768168355817567e-09
2017,BMG2108M2182,1.2134608731555014e-07
2017,AU000000TAH8,9.241528818563602e-08
2017,JP3592200004,7.149581979679959e-09
2017,JP3243600008,0.012045852599300735
2017,AU0000038911,1.0122151523631493e-08
2017,AU000000CIM7,8.21302188004255e-09
2017,HK0200030994,8.652049801804138e-08
2017,JP3890310000,5.4313035835219365e-08
2017,SG1J26887955,1.0042441588311796e-07
2017,JP3111200006,0.010945385670573272
2017,JP3419400001,1.231975558249487e-08
2017,BMG4600H1198,2.4756741983998954e-07
2017,JP3891600003,1.1057184315387452e-08
2017,AU000000WES1,1.2581214257778515e-08
2017,JP3573000001,0.036748923553998586
2017,JP3194000000,2.0639028534384003e-08
2017,AU000000WOR2,8.059998374060344e-08
2017,JP3566800003,4.51501491745088e-09
2017,HK0000608585,3.6958809018444323e-08
2017,JP3421100003,4.30803275402683e-09
2017,JP3397200001,7.190248157007637e-09
2017,JP3845400005,3.6172892181913656e-11
2017,JP3982100004,0.08133426150574943
2017,AU000000CSL8,3.141819650065693e-08
2017,AU000000NAB4,1.2918536398662654e-07
2017,JP3870400003,2.0595793813713515e-08
2017,JP3166000004,5.271599555873072e-08
2017,JP3898400001,4.399527518786717e-09
2017,AU000000MAH3,2.1842306588459973e-07
2017,AU000000SIG5,3.367271848319212e-08
2017,JP3522200009,2.9473710051049754e-11
2017,JP3270000007,1.0983254922770302e-08
2017,JP3670800006,1.2835159707358862e-08
2017,AU000000ORG5,5.810701144618149e-10
2017,AU000000BWP3,6.873174759759072e-08
2017,JP3888300005,6.617183659439172e-10
2017,AU000000TCL6,8.262154426286286e-08
2017,JP3868400007,1.946809734002246e-08
2017,JP3027670003,2.70199867923364e-08
2017,JP3246400000,6.121054231459871e-11
2017,JP3672400003,1.7051539220433927e-08
2017,JP3126400005,6.774696577971125e-08
2017,JP3486800000,2.4139886553433828e-08
2017,JP3304200003,4.946677135628958e-08
2017,JP3475350009,1.0851524630932957e-08
2017,JP3582600007,1.5189074109557965e-07
2017,JP3535800001,2.672144281350789e-09
2017,JP3560800009,9.270034899997534e-09
2017,JP3165700000,0.006374002748526442
2017,AU000000CWY3,4.743915159158291e-09
2017,JP3405400007,5.01259920951492e-08
2017,HK0066009694,3.606488421616735e-08
2017,JP3814000000,3.017244265370133e-09
2017,JP3633400001,0.04621258569680248
2017,JP3400900001,7.16818623673888e-11
2017,JP3027680002,0.0
2017,JP3229400001,8.292579746721375e-09
2017,AU0000088338,8.248711531391248e-09
2017,JP3734800000,1.81551453039615e-08
2017,AU000000CBA7,9.304560659501751e-08
2017,JP3502200003,9.046606618329263e-08
2017,JP3549600009,1.0476980151821445e-09
2017,HK0000055878,1.5661507083408983e-07
2017,JP3435000009,4.0337773371043005e-08
2017,AU000000GPT8,1.0712937462861853e-07
2017,JP3134800006,2.2852689779553134e-08
2017,SG1R89002252,1.434436680241142e-07
2017,JP3619800000,9.540655815114887e-10
2017,JP3496400007,1.6163364001962397e-08
2017,JP3456000003,9.624292803089316e-09
2017,JP3955000009,5.6130679294449605e-08
2017,JP3686800008,1.3937563670586799e-10
2017,SG1V61937297,3.7399715322736037e-10
2017,JP3158800007,1.3222767789592877e-10
2017,AU000000SUN6,1.3547552656403619e-07
2017,HK0006000050,0.0615199093748284
2017,JP3910660004,4.153384502269337e-08
2017,BMG524401079,1.916477240269449e-07
2017,AU000000DOW2,1.7246820535120252e-08
2017,JP3274400005,3.7569173012915945e-08
2017,NZAIRE0001S2,5.124224722605554e-10
2017,JP3205800000,4.405155278393514e-09
2017,JP3819400007,0.028822903464548643
2017,AU000000BHP4,8.70695205698934e-09
2017,AU000000MTS0,2.6748692878660434e-08
2017,JP3385980002,4.897395181814991e-09
2017,JP3827200001,1.1781769058226213e-08
2017,BMG8063F1068,1.3396491497038775e-08
2017,AU000000WOW2,1.2394049920639605e-08
2017,NZSKCE0001S2,5.9550069997993805e-08
2017,JP3788600009,5.435122434612978e-09
2017,AU000000RHC8,6.456797296880928e-08
2017,AU000000SBM8,1.067587021121124e-08
2017,JP3967200001,2.091977920115671e-08
2017,JP3197600004,1.4043414073132735e-08
2017,JP3778630008,3.230757707619324e-08
2017,AU000000GWA4,3.227794345993595e-08
2017,JP3657400002,2.4425038464028138e-08
2017,JP3293200006,4.85740899895802e-10
2017,JP3634200004,7.560529694791003e-09
2017,JP3336000009,7.503911271565331e-09
2017,HK0002007356,0.1198008236768249
2017,JP3359600008,8.985293255653107e-09
2017,JP3902900004,0.014634268672827348
2017,JP3893600001,1.7598894778066225e-08
2017,JP3381000003,1.2915131468180774e-10
2017,AU000000DXS1,7.346371279858223e-08
2017,JP3977400005,0.005756018885809796
2017,JP3249600002,1.613119031058115e-08
2017,HK0165000859,2.014877220093395e-07
2017,JP3546800008,1.788358479992618e-08
2017,JP3148800000,1.2625397393040875e-08
2017,JP3743000006,3.140181499551778e-09
2017,JP3210200006,1.2984449579222393e-08
2017,JP3228600007,7.581149269151739e-11
2017,HK0016000132,1.0229761564851706e-07
2017,SG9999000020,4.602156794125288e-08
2017,AU000000MQG1,2.0245928946645195e-07
2017,JP3493400000,6.2391217030674045e-09
2017,HK0363006039,9.261429127920545e-08
2017,KYG217651051,5.7198286367044324e-09
2017,JP3940000007,1.0295488105851198e-09
2017,JP3452000007,1.869907668422539e-08
2017,JP3769000005,1.5314741589223142e-09
2017,JP3197800000,2.2910488213104058e-08
2017,KYG0535Q1331,1.4582495746198755e-07
2017,JP3942800008,1.1596408867723427e-08
2017,JP3551200003,2.7663011642291584e-11
2017,HK0008011667,2.1806237009593554e-08
2017,JP3982800009,1.56496361022935e-08
2017,JP3351600006,1.6245731645119287e-08
2017,JP3850200001,3.414467842721681e-11
2017,JP3866800000,7.593180386016653e-09
2017,HK0000745908,2.563597504397453e-07
2017,JP3571400005,9.153905636339413e-08
2017,JP3386030005,1.166925838064217e-10
2017,JP3362700001,1.1285822344079933e-10
2017,JP3429800000,3.2708921585476234e-11
2017,AU000000BLD2,5.452450114534304e-09
2017,JP3294460005,1.4126889380052158e-08
2017,AU000000COH5,1.0708058945268099e-07
2017,JP3371200001,5.9188459646372145e-09
2017,JP3711600001,8.355620384888618e-09
2017,JP3544000007,3.1131894228364594e-09
2017,JP3870000001,2.3014629396796004e-08
2017,JP3414750004,0.0082193068801511
2017,SGXE34184239,3.678738097625255e-08
2017,HK0688002218,1.4264924944575111e-07
2017,AU0000224040,2.760446570979108e-09
2017,HK0019000162,3.383901652140695e-10
2017,JP3463000004,6.0635946857659434e-09
2017,JP3695200000,7.1283832898944395e-09
2017,AU000000CQR9,2.849787216093022e-07
2017,JP3595200001,6.298491644106917e-10
2017,JP3877600001,7.07902042186444e-09
2017,JP3352400000,0.0
2017,JP3635400009,1.4794601880527272e-08
2017,JP3742600004,1.818990903005639e-08
2017,JP3605400005,5.2141316117488854e-11
2017,JP3260800002,0.023753707951649772
2017,JP3539220008,3.1505818918949386e-08
2017,AU000000IGO4,4.142468801725551e-08
2017,SG1P66918738,0.026343890390674363
2017,JP3528600004,8.897698761439388e-08
2017,JP3786200000,7.500637823751945e-05
2017,JP3753000003,6.465925214050275e-11
2017,AU000000BSL0,7.599391280288964e-10
2017,JP3350800003,6.092189589009461e-11
2017,JP3375800004,1.5550495490370206e-08
2017,HK0012000102,1.2475749444317497e-07
2017,JP3421800008,1.528108174288912e-08
2017,JP3942600002,2.765604101321509e-08
2017,KYG2108Y1052,3.0420685305187864e-08
2017,JP3266400005,1.541157481717849e-08
2017,JP3820000002,1.3257664144671063e-08
2017,NZAIAE0002S6,5.435993379906485e-08
2017,JP3256000005,1.6209390921316296e-08
2017,JP3799000009,3.608354220952975e-08
2017,BMG684371393,5.682842462770345e-10
2017,JP3675600005,0.0
2018,JP3351100007,1.5802455527505636e-07
2018,JP3326410002,0.0503253381385451
2018,JP3626800001,8.687669059477181e-09
2018,JP3200450009,6.975978019520354e-08
2018,JP3174410005,6.192281640048123e-10
2018,HK0023000190,5.971093953075862e-08
2018,HK0308001558,8.085128342751203e-09
2018,JP3818000006,1.9490936735263226e-08
2018,AU000000PPT9,2.965240995118765e-07
2018,JP3621000003,0.006984293982053711
2018,JP3914400001,6.917555399135097e-08
2018,AU000000ORI1,3.306471211254835e-09
2018,SG1U68934629,8.518554176393067e-08
2018,JP3385820000,2.5345175676745334e-08
2018,JP3585800000,8.603339450461652e-11
2018,JP3419050004,5.5965377909383264e-08
2018,JP3783600004,1.1549378027398481e-08
2018,AU000000BPT9,1.4199767130081485e-08
2018,AU000000ASX7,1.6496583944243018e-07
2018,JP3112000009,1.8732736991738422e-09
2018,AU000000IVC8,4.524801257224319e-08
2018,JP3491000000,2.2484208424069946e-10
2018,NZTELE0001S4,1.5877401124150212e-07
2018,JP3131430005,1.0798247382444355e-07
2018,JP3401400001,2.546331260339607e-09
2018,JP3830800003,2.9919272436846356e-09
2018,JP3720800006,2.4417358595396397e-08
2018,JP3485800001,2.060026796180463e-09
2018,JP3787000003,2.6088607159347034e-08
2018,SGXE21576413,1.3213838426075428e-07
2018,JP3224200000,2.563178151802052e-08
2018,JP3538800008,4.7737269401559966e-08
2018,JP3629000005,1.6313126961048445e-08
2018,JP3638600001,1.8795981929372584e-09
2018,SG1T58930911,1.015814535269796e-08
2018,JP3269600007,2.0195929545970473e-09
2018,JP3160400002,4.069781451804459e-08
2018,AU000000STO6,3.5919233600968056e-09
2018,JP3733000008,7.360326718580896e-08
2018,AU000000CSR5,9.319367670498473e-09
2018,HK0388045442,1.888443965120998e-07
2018,JP3942400007,5.110295257750319e-08
2018,JP3814800003,0.006038956329248784
2018,AU000000MND5,8.454836493192662e-08
2018,AU000000ABC7,3.3896728856529233e-09
2018,HK0293001514,3.5093770983906903e-10
2018,JP3495000006,5.421284772235949e-08
2018,JP3198900007,5.517769064911335e-08
2018,JP3164800009,3.448789635704123e-08
2018,JP3762600009,2.6156518000950526e-07
2018,JP3711200000,0.08078434370907499
2018,JP3320800000,2.2125537704344692e-08
2018,JP3659000008,1.3664008176973919e-08
2018,AU000000OZL8,2.9999710158546175e-08
2018,JP3738600000,6.157819955601259e-08
2018,BMG988031446,0.020609976492347835
2018,JP3830000000,5.9731660672568e-09
2018,JP3242800005,5.668985612396334e-09
2018,JP3443600006,1.2853025668784901e-08
2018,JP3357200009,0.00019363516180767525
2018,JP3665200006,1.6734215413980268e-08
2018,AU000000SGM7,3.9198804135080536e-08
2018,JP3596200000,2.8762430944352286e-08
2018,JP3368000000,3.363214221457456e-09
2018,JP3215800008,2.821007546935423e-09
2018,BMG668971101,0.0
2018,JP3358800005,1.6912165681803927e-08
2018,HK0823032773,0.04871456219665468
2018,JP3289800009,3.0213046611813066e-10
2018,HK0003000038,0.015408638833550972
2018,JP3322930003,3.3009317198276066e-08
2018,JP3180400008,0.021693486691899203
2018,JP3551520004,6.060650791863081e-08
2018,JP3634600005,2.1962560153666744e-08
2018,AU000000AMP6,2.487879366676442e-07
2018,JP3143600009,6.669722462277602e-10
2018,JP3765400001,6.696334188031658e-09
2018,AU000000ERA9,7.945114378779685e-09
2018,HK0010000088,1.262360888050267e-07
2018,HK0011000095,7.643936555413774e-08
2018,JP3209000003,3.227711007287539e-08
2018,JP3201200007,1.1837073129212417e-07
2018,HK0004000045,2.022969037258103e-07
2018,JP3667600005,1.7201236829880274e-08
2018,AU000000SGP0,6.638735472789321e-08
2018,JP3792600003,2.0560791832055814e-08
2018,JP3493800001,1.723820114399825e-08
2018,AU000000WBC1,1.75507044708793e-07
2018,JP3156400008,1.965570394117641e-08
2018,JP3404600003,0.023262021368674696
2018,JP3663900003,2.9213454346846805e-09
2018,HK0242001243,3.761850955985155e-09
2018,JP3126340003,5.5839452994985085e-08
2018,JP3688370000,6.159881848766107e-09
2018,AU000000CGF5,2.9951030523199185e-07
2018,JP3481800005,1.880977492229934e-08
2018,SG1F60858221,3.8188755088854415e-08
2018,JP3890350006,1.439752297879747e-07
2018,JP3420600003,2.9753523628652372e-08
2018,JP3902400005,2.3708417619367604e-08
2018,BMG677491539,1.0210409661030614e-09
2018,NZCENE0001S6,3.5300589764764423e-09
2018,AU000000IAG3,1.5638069733460018e-07
2018,JP3190000004,1.3608726165659868e-08
2018,JP3678000005,1.8353358574797626e-09
2018,JP3854600008,1.323521003707567e-08
2018,HK2388011192,1.3488947205001915e-07
2018,JP3283650004,1.3291549864908784e-07
2018,KYG5427W1309,1.47505877920142e-09
2018,HK0144000764,3.7366213387068795e-08
2018,JP3116000005,1.0510424769265561e-08
2018,JP3040890000,1.8857816568114266e-07
2018,AU000000NCM7,1.377029626702153e-08
2018,IE00BKVD2N49,7.137014871151493e-08
2018,JP3613400005,3.014178375348503e-09
2018,JP3551500006,2.1510998537456423e-08
2018,JP3894900004,5.296488249071134e-08
2018,JP3358200008,1.263976479740078e-07
2018,JP3951600000,7.676098033020849e-08
2018,JP3726800000,2.8765119487487877e-08
2018,HK0291001490,2.0668239318071986e-08
2018,JP3122400009,3.7901843116695336e-08
2018,JP3258000003,1.894100382836452e-08
2018,JP3223800008,2.2378594868820775e-10
2018,AU000000APA1,5.36841734288739e-09
2018,AU000000QBE9,2.302244933363413e-07
2018,AU000000ELD6,1.0186353634390303e-07
2018,JP3388200002,2.224383961926132e-08
2018,JP3933800009,2.9634670844960207e-07
2018,JP3802300008,1.2828604151167397e-07
2018,JP3505000004,2.389563075431239e-08
2018,SG1R50925390,2.3500796068160056e-10
2018,JP3903000002,4.0158491109815777e-10
2018,JP3973400009,7.3939786099437405e-09
2018,JP3519400000,9.130270860504264e-08
2018,JP3635000007,1.42710484211635e-08
2018,AU000000ANZ3,1.7688773541845122e-07
2018,AU000000ILU1,1.0056430645250847e-08
2018,AU000000TLS2,8.702637350322363e-08
2018,JP3762800005,1.5141888797549937e-07
2018,AU000000MGR9,1.545974325323686e-07
2018,JP3676800000,8.600847245815855e-09
2018,JP3118000003,1.418269720932279e-07
2018,BMG2442N1048,2.1619307820735835e-08
2018,JP3888400003,8.000316022346156e-09
2018,NZFBUE0001S0,7.751671509230545e-09
2018,JP3173400007,1.3523131994660661e-07
2018,AU000000QAN2,1.1935115691667238e-09
2018,JP3300600008,6.929723798291717e-09
2018,SG1T75931496,3.4098708009421e-08
2018,JP3721400004,1.3009589793460577e-08
2018,HK0083000502,5.722682157110043e-08
2018,JP3402600005,8.337920019105516e-09
2018,JP3119600009,6.046756570008803e-09
2018,AU000000LLC3,4.092603007845683e-08
2018,JP3835620000,2.8142922794237325e-08
2018,JP3526600006,1.5728300713769942e-10
2018,JP3900000005,2.3261471538084304e-08
2018,JP3165600002,2.0429094425777996e-08
2018,BMG2178K1009,0.04997873690429881
2018,JP3837800006,1.3766303097504483e-08
2018,JP3684000007,2.893060651766862e-08
2018,JP3347200002,8.048573186962048e-08
2018,JP3811000003,7.387179928762756e-08
2018,AU000000SHL7,1.3777595201001544e-07
2018,JP3407400005,1.8509489707475485e-08
2018,JP3735400008,0.08300640006528286
2018,JP3449020001,2.410900647566452e-10
2018,AU000000BEN6,2.2390470742939588e-07
2018,SG1N31909426,3.4702895493054527e-09
2018,BMG2108M2182,1.510757302100967e-07
2018,AU000000TAH8,1.5462649260373314e-07
2018,JP3592200004,4.137083238432759e-08
2018,JP3243600008,0.0
2018,AU0000038911,2.009930250328038e-08
2018,AU000000CIM7,9.867268479621694e-09
2018,HK0200030994,1.1958906295744701e-07
2018,JP3890310000,7.314253448454845e-08
2018,SG1J26887955,1.137984646213939e-07
2018,JP3111200006,3.1467875696022355e-09
2018,JP3419400001,3.2959191351952356e-08
2018,BMG4600H1198,0.0
2018,JP3891600003,1.7430354351680666e-08
2018,AU000000WES1,1.8688174310190676e-08
2018,JP3573000001,0.020797400950746493
2018,JP3194000000,4.163119022714669e-08
2018,AU000000WOR2,1.2163370340725474e-07
2018,JP3566800003,3.337719900235131e-08
2018,HK0000608585,4.835732285456788e-08
2018,JP3421100003,2.929766654582503e-09
2018,JP3397200001,1.1696887566638895e-08
2018,JP3845400005,8.599123335637879e-11
2018,JP3982100004,0.09470435274076693
2018,AU000000CSL8,7.627900470643582e-08
2018,AU000000NAB4,1.7626873362882695e-07
2018,JP3870400003,8.776807952595864e-08
2018,JP3166000004,9.96069795684497e-08
2018,JP3898400001,4.365417502425895e-09
2018,AU000000MAH3,8.745162862251597e-09
2018,AU000000SIG5,1.0714123546201805e-07
2018,JP3522200009,1.395532472870777e-10
2018,JP3270000007,5.704729032291595e-08
2018,JP3670800006,1.1024113009074406e-08
2018,AU000000ORG5,1.6012514247850936e-09
2018,AU000000BWP3,8.45356829906548e-08
2018,JP3888300005,1.929063612950415e-09
2018,AU000000TCL6,9.188762987164219e-08
2018,JP3868400007,4.675145437875822e-08
2018,JP3027670003,1.5274884903278724e-07
2018,JP3246400000,1.7033478371140774e-10
2018,JP3672400003,1.619664538834103e-08
2018,JP3126400005,1.5962610136404002e-07
2018,JP3486800000,2.76834424029906e-08
2018,JP3304200003,6.423242669970128e-08
2018,JP3475350009,5.777868689793377e-08
2018,JP3582600007,2.1422157380572536e-07
2018,JP3535800001,1.9002137655983205e-08
2018,JP3560800009,2.0739383733439032e-09
2018,JP3165700000,0.01676133180079091
2018,AU000000CWY3,6.841281523270547e-09
2018,JP3409000001,1.4126512807650976e-07
2018,JP3405400007,2.288971161465203e-08
2018,HK0066009694,0.008190120076512857
2018,JP3814000000,7.4485372492071085e-09
2018,JP3633400001,0.028860580920580064
2018,JP3400900001,2.0626862869260726e-10
2018,JP3027680002,1.2242212537771575e-07
2018,JP3229400001,4.419432580173535e-08
2018,AU0000088338,1.2580666666174722e-08
2018,JP3734800000,1.2591087139388854e-07
2018,AU000000CBA7,1.2346948058202223e-07
2018,JP3600200004,8.623492747068222e-09
2018,JP3502200003,1.3639141740088873e-07
2018,JP3549600009,1.9629309600033585e-09
2018,HK0000055878,2.0584787342873178e-07
2018,JP3435000009,1.4393974712755439e-07
2018,AU000000GPT8,6.56365637933553e-08
2018,JP3134800006,3.510386309872179e-08
2018,MU0117U00026,1.3330336433174554e-10
2018,SG1R89002252,7.714614233338335e-08
2018,JP3619800000,3.2106611124774998e-09
2018,JP3496400007,1.3446518476364926e-07
2018,JP3456000003,7.513600786328534e-08
2018,JP3955000009,1.1671677472220922e-07
2018,JP3686800008,3.675596213387135e-10
2018,SG1V61937297,6.684650499452532e-10
2018,JP3158800007,3.0751664566149875e-10
2018,AU000000SUN6,1.8361612061128703e-07
2018,HK0006000050,0.035605407162094566
2018,JP3910660004,6.370364036650216e-08
2018,JP3899600005,6.6159636497437e-08
2018,BMG524401079,1.4753554478075184e-07
2018,AU000000DOW2,2.8093350313253183e-08
2018,HK0014000126,1.1222232933899841e-07
2018,JP3274400005,3.334467233335066e-08
2018,NZAIRE0001S2,1.2877059858613176e-09
2018,JP3205800000,2.2563689622181754e-08
2018,JP3819400007,0.003676058104948338
2018,AU000000BHP4,1.1351473518187181e-08
2018,AU000000MTS0,5.0439035649054435e-08
2018,JP3385980002,7.903968368467543e-09
2018,JP3827200001,2.2100240219620856e-08
2018,BMG8063F1068,3.340679327745871e-08
2018,AU000000WOW2,1.4204951368621077e-08
2018,NZSKCE0001S2,1.251841086025694e-07
2018,JP3788600009,1.4824264464800078e-08
2018,AU000000RHC8,5.260577765402741e-08
2018,AU000000SBM8,2.3856013890736062e-08
2018,JP3967200001,2.7717527556265303e-07
2018,SG1L01001701,9.694789118756257e-08
2018,JP3197600004,1.3700391996618258e-07
2018,JP3389900006,1.9901273555164614e-07
2018,JP3778630008,1.415803114379431e-07
2018,AU000000GWA4,2.5931266288392363e-08
2018,JP3657400002,0.014410632280560503
2018,JP3293200006,0.002583047559476423
2018,SG1S83002349,8.743764843587292e-08
2018,JP3634200004,1.4286529718521687e-08
2018,JP3336000009,4.2194495280116075e-08
2018,HK0002007356,0.2503971233228885
2018,JP3359600008,0.0
2018,JP3902900004,0.05012787731176151
2018,JP3893600001,0.005439250996791061
2018,JP3381000003,3.2906689368950577e-10
2018,AU000000DXS1,5.8590414894746145e-08
2018,JP3977400005,1.056905183693095e-08
2018,JP3249600002,3.258605508545474e-08
2018,HK0165000859,2.8117719237645536e-08
2018,JP3546800008,5.3246464437319387e-08
2018,JP3148800000,1.6991283111608132e-08
2018,JP3743000006,1.0468671388108218e-09
2018,JP3210200006,8.472778384583962e-09
2018,JP3228600007,2.5731673281642106e-10
2018,HK0016000132,9.66013351908453e-08
2018,SG9999000020,6.23385664363138e-08
2018,AU000000MQG1,2.855787224815524e-07
2018,JP3493400000,1.5243917124160406e-08
2018,HK0363006039,8.220169441436772e-08
2018,JP3935600001,1.7604310786643687e-08
2018,KYG217651051,5.6837366820913985e-09
2018,JP3940000007,1.1945840142533602e-08
2018,JP3452000007,3.278361402976984e-08
2018,JP3769000005,5.229550860364935e-08
2018,JP3197800000,5.8859810625855166e-08
2018,KYG0535Q1331,0.0
2018,JP3942800008,3.9158946265674415e-08
2018,JP3551200003,8.44629015428782e-11
2018,HK0008011667,1.0730872216981044e-08
2018,JP3982800009,7.874790257180705e-08
2018,JP3351600006,8.965912301449794e-08
2018,JP3850200001,8.433968071624001e-11
2018,JP3866800000,4.134416390747989e-08
2018,HK0000745908,1.0373888698442947e-07
2018,JP3571400005,1.0114475549527263e-07
2018,JP3386030005,3.449799931046553e-10
2018,JP3362700001,2.722171374571262e-10
2018,JP3429800000,5.144933987692305e-10
2018,AU000000BLD2,1.100501046740798e-08
2018,JP3294460005,1.6257862866144662e-08
2018,JP3268950007,3.174281024106063e-08
2018,AU000000COH5,9.076268954475237e-08
2018,JP3371200001,8.913312297396309e-09
2018,JP3711600001,1.590943096341304e-08
2018,JP3544000007,7.725277104551395e-09
2018,HK0000139300,5.488858429025341e-08
2018,JP3870000001,2.1707237551784914e-07
2018,JP3436100006,1.2200658263791751e-07
2018,JP3414750004,1.4427176505869587e-08
2018,SGXE34184239,4.634091620151592e-08
2018,HK0688002218,1.3227038815335554e-07
2018,AU0000224040,3.6649796151194092e-09
2018,HK0019000162,5.704321965286745e-10
2018,JP3463000004,4.798534772567289e-08
2018,JP3695200000,2.2149598276861716e-08
2018,JP3404200002,1.020407492580471e-08
2018,AU000000CQR9,1.4056358503677374e-07
2018,JP3595200001,1.3993207090989974e-09
2018,JP3877600001,5.08089660345295e-09
2018,JP3352400000,6.452597839678946e-09
2018,JP3635400009,4.1921319487134274e-08
2018,JP3742600004,8.20011750598549e-09
2018,JP3605400005,1.942654346021258e-10
2018,JP3260800002,0.0013171062808836004
2018,JP3766550002,7.137572690492115e-08
2018,JP3539220008,7.654184164325095e-08
2018,AU000000IGO4,6.135341620857609e-08
2018,SG1P66918738,9.461690467362085e-08
2018,JP3528600004,1.8452466153884417e-07
2018,JP3786200000,0.030445962024630707
2018,JP3753000003,2.0742419789137415e-10
2018,AU000000BSL0,1.6771662330940557e-09
2018,JP3350800003,1.929220097063125e-10
2018,HK0000049939,2.7318038772378778e-08
2018,JP3375800004,1.1520743047118757e-08
2018,HK0012000102,1.0749065197508519e-07
2018,JP3421800008,0.029665153296034825
2018,JP3942600002,3.776591020243046e-08
2018,KYG2108Y1052,1.9157270279211008e-08
2018,JP3266400005,3.950725956363953e-08
2018,JP3820000002,2.8723603389613287e-08
2018,NZAIAE0002S6,1.4608331856558824e-07
2018,JP3256000005,2.780188888782874e-08
2018,JP3799000009,1.097939833794166e-07
2018,BMG684371393,1.0135719182304606e-09
2018,JP3675600005,3.2721984230775767e-09
2019,JP3351100007,8.2666625568907e-17
2019,JP3326410002,0.05324317288955181
2019,JP3626800001,1.3749606789770744e-17
2019,JP3200450009,2.160608102105944e-17
2019,JP3174410005,0.0
2019,HK0023000190,8.663583080498394e-17
2019,JP3598600009,1.0359665734386982e-16
2019,HK0308001558,0.0
2019,JP3818000006,5.887035024329801e-17
2019,JP3893200000,2.0622720765768213e-17
2019,AU000000PPT9,1.5198520808762062e-16
2019,JP3621000003,0.003274423005735718
2019,JP3914400001,9.88085316894889e-17
2019,JP3826800009,2.3928544643585646e-17
2019,AU000000ORI1,0.0
2019,SG1U68934629,2.7554238388482892e-17
2019,JP3511800009,1.6658325904688824e-16
2019,JP3385820000,3.176656725220538e-17
2019,JP3756600007,4.807966276999732e-16
2019,JP3585800000,0.0
2019,SG1M51904654,1.5806251907662812e-17
2019,JP3419050004,2.774663051891136e-16
2019,JP3783600004,9.926712339870215e-18
2019,AU000000FLT9,7.665326142591867e-17
2019,AU000000BPT9,0.0
2019,AU000000ASX7,0.0
2019,JP3112000009,0.0
2019,AU000000IVC8,0.0
2019,JP3491000000,0.0
2019,NZTELE0001S4,2.1190112155853988e-17
2019,JP3131430005,1.809279464477674e-16
2019,JP3401400001,0.0
2019,JP3830800003,1.971724126103779e-17
2019,JP3720800006,7.442797511436532e-18
2019,JP3485800001,0.0
2019,AU000000IRE2,0.0
2019,JP3102000001,0.0
2019,JP3787000003,1.7199403701100688e-17
2019,SGXE21576413,0.0
2019,JP3224200000,2.334829652578625e-17
2019,JP3538800008,0.0
2019,JP3629000005,6.549979022814737e-18
2019,JP3638600001,0.0
2019,SG1T58930911,0.015418068488467898
2019,JP3269600007,0.0
2019,JP3160400002,1.6978818276976997e-16
2019,AU000000STO6,0.0
2019,JP3733000008,1.3555760074763463e-16
2019,AU000000CSR5,0.0
2019,HK0388045442,0.0
2019,JP3942400007,1.3448750640928023e-16
2019,JP3814800003,0.002030450704714708
2019,AU000000MND5,0.0
2019,JP3143000002,8.71810161420155e-17
2019,AU000000ABC7,0.0
2019,HK0293001514,0.0
2019,JP3495000006,9.276996690763962e-17
2019,JP3198900007,2.070895640654132e-16
2019,JP3164800009,4.7089320070743805e-17
2019,JP3762600009,2.4725201045219605e-17
2019,JP3711200000,0.014899357126666714
2019,JP3320800000,8.562672674268269e-18
2019,JP3659000008,5.586189137309567e-17
2019,AU000000OZL8,0.0
2019,JP3738600000,4.4968975377791003e-17
2019,BMG988031446,0.009673949533028246
2019,JP3830000000,2.4148469733171706e-16
2019,JP3242800005,0.002723912233697833
2019,JP3443600006,2.929394045322452e-17
2019,JP3357200009,3.329677314831137e-16
2019,JP3665200006,9.947614427330943e-17
2019,KYG525621408,0.0
2019,AU000000SGM7,7.911549351595227e-17
2019,JP3596200000,0.0
2019,JP3368000000,0.0
2019,HK0392044647,0.0
2019,JP3215800008,0.0
2019,BMG668971101,1.593148364447989e-18
2019,AU000000ALL7,1.0727456577987723e-17
2019,JP3358800005,4.4044167520630843e-17
2019,HK0823032773,0.01208683358615446
2019,JP3289800009,0.0
2019,HK0003000038,0.021086040100676808
2019,JP3322930003,1.3589995793153806e-16
2019,JP3180400008,0.0
2019,JP3551520004,0.0
2019,JP3634600005,3.8328841392005284e-17
2019,AU000000AMP6,0.0
2019,JP3143600009,0.04010843592478949
2019,JP3765400001,9.915834010443643e-17
2019,AU000000ERA9,0.0
2019,HK0010000088,8.353465214274269e-17
2019,HK0011000095,0.007606810458711079
2019,JP3209000003,1.574729740780236e-16
2019,JP3201200007,9.079600012719887e-17
2019,HK0004000045,0.0
2019,JP3667600005,0.0
2019,AU000000SGP0,0.0
2019,JP3792600003,0.0
2019,JP3493800001,0.0
2019,AU000000WBC1,1.3366040549499172e-16
2019,JP3613000003,0.058162367540913154
2019,JP3156400008,0.0
2019,JP3404600003,0.0
2019,JP3663900003,0.0
2019,HK0242001243,0.0
2019,JP3126340003,8.823493425900215e-17
2019,JP3688370000,1.3409574873036894e-17
2019,AU000000CGF5,0.0
2019,JP3481800005,0.0
2019,SG1F60858221,1.536289448664142e-17
2019,JP3890350006,0.0
2019,JP3420600003,8.095965295502855e-17
2019,JP3902400005,4.379864510155624e-17
2019,BMG677491539,0.0
2019,NZCENE0001S6,0.0
2019,AU000000IAG3,6.041834764988571e-17
2019,JP3190000004,2.1456955428615553e-17
2019,JP3678000005,0.0
2019,JP3854600008,1.007657193614973e-17
2019,HK2388011192,1.7255021184597034e-16
2019,JP3283650004,3.3635543506222204e-16
2019,KYG5427W1309,0.0
2019,JP3172100004,0.0
2019,HK0144000764,5.268788642923871e-17
2019,JP3116000005,0.010541175595186785
2019,JP3040890000,4.091255713009167e-16
2019,AU000000NCM7,0.0
2019,IE00BKVD2N49,6.307662533668704e-17
2019,JP3613400005,0.0
2019,JP3551500006,0.0
2019,JP3894900004,1.605762181986774e-16
2019,JP3358200008,0.0
2019,JP3796150005,2.1158336088740666e-16
2019,JP3951600000,2.635759942630043e-16
2019,JP3726800000,0.0
2019,HK0291001490,0.0
2019,JP3756100008,1.1895430295683318e-16
2019,JP3122400009,2.858562163151769e-16
2019,JP3258000003,5.25865460724641e-17
2019,JP3223800008,0.0
2019,JP3625000009,0.0
2019,AU000000APA1,0.0
2019,AU000000QBE9,0.0
2019,AU000000ELD6,4.6488180915186945e-17
2019,JP3388200002,3.7629971382363415e-17
2019,JP3733400000,0.0
2019,JP3933800009,4.109609772090416e-18
2019,JP3802300008,4.63719855546703e-17
2019,JP3505000004,0.0
2019,SG1R50925390,0.0
2019,JP3903000002,0.0
2019,JP3973400009,4.5785217712632223e-17
2019,JP3519400000,3.06369170030927e-16
2019,JP3635000007,5.411945716608235e-19
2019,AU000000ANZ3,2.2204394573886294e-16
2019,AU000000ILU1,1.3276652957285275e-17
2019,AU000000TLS2,0.0
2019,JP3762800005,1.724540332290533e-16
2019,AU000000MGR9,0.0
2019,JP3676800000,0.0
2019,JP3118000003,3.047822731289873e-16
2019,BMG2442N1048,0.0
2019,JP3888400003,0.0
2019,NZFBUE0001S0,0.0
2019,JP3173400007,4.242465621265202e-17
2019,JP3499800005,1.9216848844632723e-16
2019,AU000000QAN2,0.0
2019,JP3300600008,0.0
2019,SG1T75931496,0.0
2019,JP3721400004,0.0
2019,HK0083000502,6.853478186259662e-17
2019,JP3402600005,0.0
2019,JP3119600009,0.007354059935057006
2019,AU000000LLC3,0.0
2019,JP3835620000,4.3604645193653e-16
2019,BMG8403G1033,0.0
2019,JP3526600006,0.0
2019,JP3900000005,6.240577570239762e-17
2019,JP3165600002,0.0
2019,BMG2178K1009,0.0
2019,JP3837800006,3.6345636106546183e-16
2019,JP3684000007,0.0
2019,JP3347200002,0.0
2019,JP3811000003,0.0
2019,JP3137200006,0.0
2019,AU000000SHL7,0.0
2019,JP3774200004,0.012044161174432725
2019,JP3407400005,0.0
2019,JP3735400008,0.04402841148345372
2019,JP3449020001,0.0
2019,AU000000BEN6,0.0
2019,SG1N31909426,0.0
2019,BMG2108M2182,5.241850193373985e-16
2019,AU000000TAH8,0.0
2019,JP3592200004,7.099603545538832e-17
2019,JP3243600008,0.0
2019,SG1B51001017,0.0
2019,AU0000038911,0.0
2019,SG9999003735,5.666633220467419e-17
2019,AU000000CIM7,0.0
2019,HK0200030994,3.367752977449834e-17
2019,JP3890310000,2.3875031144117e-16
2019,SG1J26887955,0.0
2019,JP3111200006,1.1620896588234583e-18
2019,JP3419400001,4.0135842014618514e-17
2019,BMG4600H1198,0.0
2019,JP3891600003,0.0
2019,AU000000WES1,0.0
2019,JP3573000001,0.043057617245483126
2019,JP3194000000,8.2772746503192e-17
2019,AU000000WOR2,1.2979067752986082e-17
2019,JP3566800003,1.959904147248645e-16
2019,HK0000608585,0.0
2019,JP3421100003,0.0
2019,JP3397200001,5.560674242335322e-18
2019,JP3845400005,0.0
2019,JP3982100004,0.08880899134405493
2019,AU000000CSL8,0.0
2019,AU000000NAB4,1.2355979655616216e-16
2019,JP3870400003,3.3297528582818885e-17
2019,JP3166000004,3.1592413301099185e-17
2019,JP3898400001,0.0
2019,JP3358000002,7.494287055377733e-17
2019,AU000000MAH3,0.0
2019,AU000000SIG5,0.0
2019,JP3522200009,0.0
2019,JP3270000007,4.323569089757739e-17
2019,JP3670800006,0.0
2019,AU000000ORG5,0.0
2019,AU000000BWP3,0.0
2019,JP3888300005,0.0
2019,AU000000TCL6,0.0
2019,JP3868400007,6.227089641133959e-18
2019,JP3027670003,1.118690848579284e-16
2019,JP3246400000,0.0
2019,JP3672400003,0.0
2019,JP3126400005,9.009609873550681e-17
2019,JP3486800000,5.798087255013361e-18
2019,JP3304200003,6.693188743103545e-17
2019,JP3475350009,2.8814468297050585e-17
2019,JP3582600007,5.791931392523564e-17
2019,JP3535800001,9.650748789417617e-17
2019,JP3560800009,0.0
2019,JP3718800000,1.0192996719723587e-17
2019,JP3165700000,0.020721204059128986
2019,AU000000CWY3,0.0
2019,JP3409000001,1.3978023058920123e-16
2019,JP3405400007,0.0
2019,HK0066009694,0.025035920332831745
2019,JP3814000000,0.0
2019,JP3633400001,0.03419713484448645
2019,JP3400900001,0.0
2019,JP3027680002,1.734827542086144e-16
2019,JP3229400001,8.448254703565551e-17
2019,AU0000088338,0.0
2019,JP3734800000,1.7624090271557445e-16
2019,AU000000CBA7,0.0
2019,JP3600200004,1.6200620591372172e-16
2019,KYG210961051,0.0016519240360559299
2019,JP3502200003,7.227306333746342e-17
2019,JP3549600009,0.0
2019,HK0000055878,7.260786011383709e-17
2019,JP3435000009,1.1528508809477856e-16
2019,AU000000GPT8,0.0
2019,JP3134800006,7.302635163276694e-17
2019,MU0117U00026,0.0
2019,SG1R89002252,4.9851574912716453e-17
2019,JP3619800000,0.0
2019,JP3862400003,2.490169244796356e-16
2019,JP3496400007,1.0054580200054462e-16
2019,JP3456000003,1.325273564166499e-16
2019,JP3955000009,1.2349276444867639e-16
2019,JP3305990008,0.13337671476482396
2019,JP3686800008,0.0
2019,SG1V61937297,0.0
2019,JP3158800007,0.0
2019,AU000000SUN6,0.0
2019,HK0006000050,0.0
2019,JP3910660004,1.9057321325344055e-16
2019,JP3899600005,0.0
2019,BMG524401079,0.0
2019,AU000000DOW2,0.0
2019,HK0014000126,0.0
2019,JP3274400005,2.650366381602031e-16
2019,NZAIRE0001S2,0.0
2019,JP3205800000,4.8779534743713524e-17
2019,JP3819400007,2.0705131425547618e-16
2019,AU000000BHP4,0.0
2019,AU000000MTS0,1.066383777943615e-17
2019,JP3385980002,0.0
2019,JP3494600004,0.0
2019,JP3827200001,1.1247587406557194e-17
2019,BMG8063F1068,0.0
2019,AU000000WOW2,1.691535381144492e-17
2019,NZSKCE0001S2,2.094983564669059e-17
2019,JP3788600009,1.3041346258238045e-17
2019,AU000000RHC8,1.2622360106383344e-17
2019,AU000000SBM8,0.0
2019,JP3967200001,5.564728860706693e-16
2019,SG1L01001701,1.4752871750827102e-16
2019,JP3197600004,3.6415786866202187e-16
2019,JP3389900006,2.0186559698776934e-17
2019,JP3276400003,3.637467028785811e-16
2019,JP3778630008,2.0475847177053855e-16
2019,AU000000GWA4,8.146660896741649e-17
2019,JP3657400002,0.005298109874194951
2019,JP3293200006,1.0671241776800178e-17
2019,SG1S83002349,1.7879427570658055e-16
2019,JP3634200004,0.0
2019,JP3336000009,3.440111430944498e-16
2019,HK0002007356,0.23751544029986887
2019,JP3579800008,0.0
2019,JP3359600008,5.0541794404444894e-17
2019,US89677Q1076,3.456304780075218e-16
2019,JP3902900004,0.0
2019,JP3574200006,3.605073632321083e-18
2019,JP3415400005,1.658059762116324e-17
2019,JP3893600001,3.389492089673921e-19
2019,JP3381000003,0.0
2019,AU000000DXS1,0.0
2019,JP3977400005,7.50848322683716e-17
2019,JP3249600002,2.7465340167356074e-17
2019,SG2B80958517,2.642182761547474e-16
2019,HK0165000859,0.0
2019,JP3546800008,1.9187617756882044e-17
2019,JP3148800000,0.0
2019,JP3743000006,6.0705982718240314e-18
2019,JP3210200006,1.6872587380167406e-17
2019,JP3228600007,0.0
2019,HK0016000132,0.0
2019,SG9999000020,5.645080540962585e-17
2019,AU000000MQG1,0.0
2019,JP3493400000,2.8921787803351255e-17
2019,HK0363006039,0.0
2019,JP3935600001,4.9207864724597716e-18
2019,KYG217651051,0.0
2019,JP3940000007,1.098813453288824e-17
2019,JP3452000007,1.1020935584676849e-16
2019,JP3769000005,2.131002924721328e-16
2019,JP3197800000,1.3420187807268878e-16
2019,KYG0535Q1331,1.3843515106862355e-17
2019,JP3942800008,6.410440019840522e-17
2019,JP3551200003,0.0
2019,HK0008011667,0.0
2019,JP3982800009,1.0191233116704408e-16
2019,JP3351600006,1.6319024896306714e-17
2019,JP3850200001,0.0
2019,JP3866800000,5.184058986073381e-17
2019,HK0000745908,0.0
2019,JP3571400005,2.6619181945945837e-16
2019,JP3386030005,0.0
2019,JP3362700001,0.0
2019,JP3429800000,0.0
2019,AU000000BLD2,0.0
2019,JP3294460005,0.0
2019,JP3268950007,8.681122852782097e-17
2019,AU000000COH5,0.0
2019,JP3371200001,2.0589697859714035e-17
2019,JP3711600001,7.12884965585071e-17
2019,JP3544000007,0.0
2019,JP3939000000,2.229182020656286e-16
2019,HK0000139300,0.0
2019,JP3870000001,5.884181433131716e-17
2019,JP3436100006,4.198496155842171e-16
2019,JP3414750004,2.7547545872838166e-17
2019,SGXE34184239,5.160369410923298e-17
2019,HK0688002218,5.470922221072902e-17
2019,AU0000224040,0.0
2019,HK0019000162,0.0
2019,JP3463000004,1.8821751655830167e-16
2019,JP3695200000,3.25706255622698e-18
2019,JP3404200002,1.786012035359447e-17
2019,AU000000CQR9,0.0
2019,JP3595200001,0.0
2019,JP3877600001,1.6054648726146656e-17
2019,JP3352400000,7.605560962488196e-17
2019,JP3635400009,0.0
2019,JP3742600004,0.0
2019,JP3605400005,0.0
2019,JP3260800002,0.02543921137283869
2019,JP3766550002,5.458552509686343e-17
2019,JP3539220008,0.0
2019,AU000000IGO4,1.4301502395263375e-17
2019,SG1P66918738,0.0
2019,JP3528600004,0.0
2019,JP3786200000,0.00793305409143043
2019,JP3753000003,0.0
2019,AU000000BSL0,0.0
2019,JP3350800003,0.0
2019,HK0000049939,8.677413825121063e-18
2019,JP3375800004,0.0
2019,HK0012000102,1.1018404808362948e-17
2019,JP3421800008,0.0626830479535436
2019,JP3942600002,1.7826670878837215e-16
2019,KYG2108Y1052,1.6849468451260997e-17
2019,JP3266400005,0.0
2019,JP3820000002,2.458865880447378e-18
2019,NZAIAE0002S6,0.0
2019,JP3256000005,2.1291832088989207e-16
2019,JP3799000009,2.262098599016939e-16
2019,BMG684371393,0.0
2019,JP3675600005,4.4254994034107976e-17
2020,JP3351100007,3.8660880584747335e-08
2020,JP3326410002,0.07171965071071408
2020,JP3626800001,8.952426236858063e-09
2020,JP3425000001,8.787706190222277e-10
2020,JP3200450009,1.879640735615871e-08
2020,JP3174410005,2.632626838283419e-10
2020,HK0023000190,4.915711128535499e-08
2020,JP3598600009,6.938975842681466e-08
2020,HK0308001558,2.3900173819463846e-08
2020,JP3818000006,5.930756890658378e-08
2020,JP3893200000,5.4889390961471196e-08
2020,AU000000PPT9,1.9143452711008395e-07
2020,JP3621000003,2.3374411530919727e-09
2020,JP3914400001,3.322046284072209e-08
2020,JP3826800009,2.5327206924227088e-08
2020,AU000000ORI1,3.0421717283283504e-09
2020,SG1U68934629,4.796992565753367e-08
2020,JP3511800009,7.042558369441797e-08
2020,JP3385820000,2.3200918634327596e-08
2020,JP3756600007,9.975880499014404e-08
2020,JP3585800000,3.8331793057923043e-08
2020,JP3188220002,1.3998378022733802e-08
2020,SG1M51904654,5.0807560254545874e-08
2020,JP3419050004,6.883846998056075e-08
2020,JP3039710003,7.736458595744783e-08
2020,JP3783600004,9.420034070528725e-09
2020,AU000000FLT9,6.438373375128024e-08
2020,AU000000BPT9,1.8510532972765826e-08
2020,AU000000ASX7,6.218849183119756e-08
2020,JP3112000009,9.02366693311793e-10
2020,AU000000IVC8,4.308340254367523e-08
2020,JP3491000000,3.5847419612030898e-09
2020,NZTELE0001S4,5.376426323218409e-08
2020,JP3131430005,4.849716134685588e-08
2020,JP3401400001,9.816214821994666e-10
2020,JP3830800003,5.738690312826877e-09
2020,JP3720800006,1.677909663984584e-08
2020,JP3485800001,1.3674587902614422e-09
2020,AU000000IRE2,1.1320694328231173e-07
2020,JP3102000001,1.2119045978778189e-08
2020,JP3787000003,3.7170176443690804e-08
2020,SGXE21576413,1.2464579071342962e-07
2020,JP3224200000,1.6630626728409604e-08
2020,JP3538800008,3.950493822487576e-08
2020,JP3629000005,1.3592880717957343e-08
2020,JP3638600001,1.1640208538768799e-09
2020,SG1T58930911,1.3734185645995289e-08
2020,JP3269600007,1.2833182282565827e-09
2020,JP3160400002,3.572303358690285e-08
2020,AU000000STO6,4.980607076157933e-09
2020,JP3733000008,8.067273861052278e-08
2020,AU000000CSR5,7.926749181353013e-09
2020,HK0388045442,6.926172407775043e-08
2020,JP3942400007,3.58083431781999e-08
2020,JP3814800003,1.8368653608051977e-08
2020,AU000000MND5,7.053997110655474e-08
2020,JP3143000002,3.006428714717189e-08
2020,AU000000ABC7,1.0114356703912402e-09
2020,HK0293001514,5.803069996122048e-10
2020,JP3495000006,3.6150248973003015e-08
2020,JP3198900007,4.452178319178238e-08
2020,JP3164800009,1.49274319391707e-08
2020,JP3762600009,1.357535729414926e-07
2020,JP3711200000,2.5375271449040284e-08
2020,JP3320800000,1.206312101330359e-08
2020,JP3659000008,1.379868969003837e-08
2020,AU000000OZL8,2.4873982835019736e-08
2020,JP3738600000,1.9250144355941945e-08
2020,BMG988031446,3.916878413446655e-08
2020,JP3830000000,6.710694861093141e-08
2020,JP3242800005,0.02478600652958608
2020,JP3443600006,1.3363726214506116e-08
2020,JP3357200009,7.249335726973272e-08
2020,JP3665200006,5.38192336528599e-09
2020,KYG525621408,2.512276150615096e-09
2020,AU000000SGM7,2.1869971824741985e-08
2020,JP3596200000,2.3550071091031917e-08
2020,JP3368000000,9.50530109456307e-10
2020,HK0392044647,1.5929337098576434e-09
2020,JP3215800008,1.5489548326602742e-09
2020,BMG668971101,6.1355042810164e-10
2020,JP3906000009,3.8356164817246116e-08
2020,AU000000ALL7,1.3422785075162767e-07
2020,JP3358800005,1.637421643760586e-08
2020,HK0823032773,1.4684974641868962e-08
2020,JP3289800009,5.273977151680218e-11
2020,HK0003000038,0.051251422447763366
2020,JP3322930003,4.610964527617015e-08
2020,JP3180400008,2.046943625348524e-11
2020,JP3551520004,1.349902476043279e-07
2020,JP3634600005,1.6570445961619953e-08
2020,AU000000AMP6,1.5289059330602146e-07
2020,JP3143600009,0.04234711951249452
2020,JP3765400001,5.817407963326003e-09
2020,AU000000ERA9,7.646441941914831e-09
2020,HK0010000088,8.516479969975829e-08
2020,HK0011000095,0.005291764103425911
2020,JP3209000003,1.222042393745332e-07
2020,JP3201200007,6.172798773308019e-08
2020,HK0004000045,6.197007394222299e-08
2020,JP3667600005,2.0384091557736747e-08
2020,AU000000SGP0,1.0775047805382599e-07
2020,JP3792600003,2.676735522024785e-08
2020,JP3493800001,1.2750515400120736e-08
2020,AU000000WBC1,1.2847656820421688e-07
2020,JP3613000003,0.11131351486211329
2020,JP3156400008,4.726340973461161e-08
2020,JP3404600003,6.8889603390044e-09
2020,JP3663900003,1.4200075438806551e-09
2020,HK0242001243,1.642507494273956e-08
2020,JP3126340003,2.71748327407276e-08
2020,JP3688370000,5.560260762655305e-09
2020,AU000000CGF5,2.129949512519514e-07
2020,JP3481800005,1.8380658257424924e-08
2020,SG1F60858221,2.8546124994275754e-08
2020,JP3890350006,9.744165908969912e-08
2020,JP3420600003,3.651413528903021e-08
2020,JP3902400005,1.763365335180757e-08
2020,BMG677491539,4.1150118917179074e-10
2020,NZCENE0001S6,2.1489450696866266e-09
2020,AU000000IAG3,7.997729465181663e-08
2020,JP3190000004,1.1505162625401605e-08
2020,JP3678000005,5.9454963666423295e-09
2020,JP3854600008,1.4846552823176051e-08
2020,HK2388011192,6.616733292664736e-08
2020,JP3283650004,9.557848584856028e-08
2020,KYG5427W1309,5.062299102956297e-10
2020,JP3172100004,8.32166637995859e-08
2020,HK0144000764,2.396695920397453e-08
2020,JP3116000005,1.5412589669237084e-08
2020,JP3040890000,5.168447126799472e-08
2020,AU000000NCM7,1.1815718324658472e-08
2020,IE00BKVD2N49,3.566476951445921e-08
2020,JP3613400005,3.6058155526789064e-09
2020,JP3551500006,1.3606250323495782e-08
2020,JP3894900004,4.332262787077054e-08
2020,JP3358200008,6.116355291062166e-08
2020,JP3796150005,3.787860171463153e-08
2020,JP3951600000,2.8683494390211252e-08
2020,JP3726800000,1.883180801650963e-08
2020,HK0291001490,2.2359405575069397e-08
2020,JP3756100008,5.493597581372708e-08
2020,JP3122400009,1.2200627584192312e-07
2020,JP3258000003,1.4648752388716012e-08
2020,JP3223800008,6.775252838417404e-11
2020,JP3625000009,1.9282205900297526e-10
2020,AU000000APA1,4.284176476211124e-09
2020,AU000000QBE9,1.5494204138835828e-07
2020,AU000000ELD6,3.2665969188998345e-08
2020,JP3992400006,2.0698541903858037e-08
2020,JP3388200002,1.078188078455418e-08
2020,JP3733400000,2.3567796252817812e-09
2020,JP3933800009,1.0449508656211946e-07
2020,JP3802300008,1.1619634807744569e-07
2020,JP3505000004,1.4448093423088783e-08
2020,JP3885400006,7.8807356871753e-08
2020,SG1R50925390,3.3117490461820703e-11
2020,JP3903000002,1.5316191825141757e-10
2020,JP3973400009,7.66858039965053e-09
2020,JP3519400000,1.1205577376238208e-07
2020,JP3635000007,1.4806816595456758e-08
2020,AU000000ANZ3,1.448381499744693e-07
2020,AU000000ILU1,1.1043716257837072e-08
2020,AU000000TLS2,6.45210541880409e-08
2020,JP3280200001,1.3157701654564137e-08
2020,JP3762800005,6.974466699392564e-08
2020,AU000000MGR9,1.3632526109015212e-07
2020,JP3676800000,4.3582183544812735e-09
2020,JP3118000003,1.5061999980602152e-07
2020,BMG2442N1048,1.2663656726145617e-08
2020,JP3888400003,2.7401114305264003e-09
2020,NZFBUE0001S0,4.588841355188622e-09
2020,AU000000ANN9,1.2651406194095921e-08
2020,JP3173400007,8.369340083307655e-08
2020,AU000000CPU5,1.469546105718584e-07
2020,JP3499800005,7.619919139648372e-08
2020,AU000000QAN2,1.0838271655633568e-09
2020,JP3300600008,1.0216662827370263e-08
2020,SG1T75931496,4.8661513538086755e-08
2020,JP3721400004,1.560120461804817e-08
2020,HK0083000502,6.044207950379095e-08
2020,JP3402600005,5.710997361730748e-09
2020,JP3119600009,0.0412527734191707
2020,AU000000LLC3,4.165126348347197e-08
2020,JP3835620000,2.8149065521261128e-08
2020,BMG8403G1033,4.4561482706944807e-10
2020,JP3526600006,1.3829759334743794e-08
2020,JP3900000005,1.1363493791392836e-08
2020,JP3165600002,1.4885219613227608e-08
2020,BMG2178K1009,5.947088280127181e-10
2020,JP3837800006,4.274373052557965e-08
2020,JP3684000007,1.9081712611928053e-08
2020,JP3347200002,6.576989062498097e-08
2020,JP3811000003,3.546508029665582e-08
2020,JP3137200006,3.435143934809491e-08
2020,AU000000SHL7,0.02450929111931988
2020,JP3774200004,1.4244456709676169e-08
2020,JP3407400005,1.241696756959205e-08
2020,JP3735400008,0.020398040999663452
2020,JP3449020001,6.408644080707837e-11
2020,AU000000BEN6,1.37745668531285e-07
2020,SG1N31909426,3.384776942151205e-09
2020,BMG2108M2182,1.1910358004524324e-07
2020,AU000000TAH8,1.742718108999749e-07
2020,JP3592200004,2.5921592367853357e-08
2020,JP3243600008,0.011225662218454576
2020,SG1B51001017,2.1767402277314535e-09
2020,SG9999003735,1.3998809414131386e-07
2020,AU000000CIM7,3.394218289283249e-09
2020,HK0200030994,1.0025159336738626e-07
2020,JP3890310000,6.289586287905529e-08
2020,SG1J26887955,0.0030924336118754885
2020,JP3111200006,2.6508095372591167e-09
2020,JP3419400001,1.8806031052131268e-08
2020,BMG4600H1198,1.0039548100608553e-07
2020,JP3588600001,8.8809473301928e-08
2020,AU000000WES1,1.1709565310229025e-08
2020,JP3573000001,0.04596363168474208
2020,JP3194000000,3.301340888746332e-08
2020,AU000000WOR2,1.0169975209304166e-07
2020,JP3566800003,3.9491671196768683e-08
2020,HK0000608585,6.999823754080253e-08
2020,JP3421100003,6.115007906785163e-10
2020,JP3397200001,3.14961998539038e-08
2020,JP3845400005,1.9586370341667684e-11
2020,JP3982100004,0.12171198535062541
2020,AU000000CSL8,4.0757203175722094e-08
2020,AU000000NAB4,1.4841773436535738e-07
2020,JP3870400003,7.667600669826586e-08
2020,JP3166000004,1.65364908469921e-08
2020,JP3898400001,2.5760677665101345e-09
2020,JP3358000002,4.2535485460621376e-08
2020,AU000000MAH3,4.989198610216615e-08
2020,AU000000SIG5,3.2186548098751115e-08
2020,JP3522200009,8.462600084341053e-12
2020,JP3270000007,2.471238923476165e-08
2020,JP3670800006,1.0019966148803443e-08
2020,AU000000ORG5,8.71759065233463e-10
2020,AU000000BWP3,7.936611019056612e-08
2020,JP3888300005,8.546292159455156e-10
2020,AU000000TCL6,6.560629635089256e-08
2020,JP3027670003,3.3686358887873564e-08
2020,HK0270001396,0.00910919169119538
2020,JP3246400000,5.1222527787420655e-11
2020,JP3672400003,1.7387071514280684e-08
2020,JP3126400005,5.299671255076141e-08
2020,JP3486800000,2.393834186067558e-08
2020,BMG5320C1082,1.0493777149363581e-08
2020,JP3304200003,4.7277364761241424e-08
2020,JP3475350009,7.526925056481322e-08
2020,JP3582600007,8.459916240372609e-08
2020,JP3535800001,1.1147117815613777e-08
2020,JP3560800009,1.2189450197790993e-09
2020,JP3718800000,7.3081592714787086e-09
2020,JP3165700000,7.660066347024417e-08
2020,AU000000CWY3,5.354701952178769e-09
2020,JP3409000001,8.010322531160105e-08
2020,JP3405400007,2.5717203398052215e-08
2020,HK0066009694,0.028708124426594085
2020,JP3814000000,0.044851445574481306
2020,JP3633400001,0.02639064418291575
2020,JP3400900001,5.509478196290245e-11
2020,JP3027680002,2.3439936074835126e-08
2020,JP3203500008,2.00118378027708e-08
2020,JP3229400001,3.0026977840936564e-08
2020,AU0000088338,1.4472744133829375e-08
2020,JP3734800000,1.0139122234225058e-07
2020,AU000000CBA7,9.490499236915665e-08
2020,JP3600200004,8.896265864416264e-09
2020,KYG210961051,1.2339063503337496e-08
2020,JP3502200003,9.655195050591079e-08
2020,JP3549600009,1.0024094277603934e-09
2020,HK0000055878,1.0675419084241521e-07
2020,JP3435000009,8.341718904982548e-08
2020,AU000000GPT8,1.0545518997852024e-07
2020,JP3459600007,1.0129367158788519e-08
2020,JP3134800006,4.2658628705636115e-08
2020,MU0117U00026,0.0006551281579749362
2020,SG1R89002252,1.2126874127906553e-07
2020,JP3351500008,3.525651379517185e-08
2020,JP3619800000,1.4000258144017621e-09
2020,JP3862400003,1.0681508690021366e-07
2020,JP3496400007,4.164085023359225e-08
2020,JP3456000003,2.6931154719179793e-08
2020,JP3955000009,4.5933986115314935e-08
2020,JP3305990008,0.08136758637286598
2020,JP3686800008,8.733569604584614e-11
2020,SG1V61937297,2.777854451009121e-10
2020,JP3158800007,7.05523675603328e-11
2020,AU000000SUN6,1.1077180697251998e-07
2020,HK0006000050,0.0018130273684795345
2020,JP3910660004,5.370676261950425e-08
2020,JP3899600005,4.502324860604548e-08
2020,BMG524401079,5.714057831746002e-08
2020,AU000000DOW2,2.0828637062134893e-08
2020,HK0014000126,5.477142208551827e-08
2020,JP3274400005,3.573608680471219e-08
2020,NZAIRE0001S2,1.1641163276251716e-09
2020,JP3205800000,6.579269174113278e-09
2020,AU000000BHP4,9.80328510333023e-09
2020,AU000000MTS0,1.4271798161138686e-08
2020,JP3385980002,8.262835856193016e-09
2020,JP3494600004,9.062538336095864e-08
2020,JP3827200001,1.28356146118955e-08
2020,BMG8063F1068,1.5544442305963913e-08
2020,AU000000WOW2,1.1645965784638064e-08
2020,NZSKCE0001S2,8.843330776559938e-08
2020,JP3788600009,1.2762319227885284e-08
2020,AU000000RHC8,2.8954994872600844e-08
2020,AU000000SBM8,1.1329024410670846e-08
2020,JP3967200001,9.62270892972637e-08
2020,SG1L01001701,8.559475777540401e-08
2020,JP3197600004,1.124027548495402e-07
2020,JP3389900006,1.9330179616381516e-07
2020,JP3276400003,2.8464220190240966e-08
2020,JP3778630008,1.0394408675265109e-07
2020,AU000000GWA4,3.1388291954422074e-08
2020,JP3657400002,5.472003509238091e-09
2020,JP3293200006,9.617070366214668e-09
2020,SG1S83002349,7.748032830277462e-08
2020,JP3634200004,1.2565015172770902e-08
2020,JP3336000009,3.975502925419105e-08
2020,HK0002007356,0.18157449585166854
2020,JP3579800008,2.9897606915804727e-09
2020,JP3359600008,2.7459966414389447e-08
2020,JP3896800004,8.24406488888306e-09
2020,US89677Q1076,1.7541274797013817e-07
2020,JP3902900004,0.016698060880112418
2020,JP3122800000,7.71865927122651e-08
2020,JP3574200006,1.137393700155694e-08
2020,JP3415400005,5.000922154752943e-09
2020,JP3893600001,4.7487777223766206e-09
2020,JP3381000003,8.06171400167293e-11
2020,AU000000DXS1,6.673912734707345e-08
2020,JP3977400005,1.1018662676315602e-08
2020,JP3249600002,1.2385769327334063e-08
2020,JP3108600002,8.892605507107674e-08
2020,SG2B80958517,7.010503275012821e-08
2020,HK0165000859,9.128279973248185e-08
2020,JP3546800008,3.8396799325358e-08
2020,JP3148800000,1.6192937086423514e-08
2020,JP3743000006,2.9842277851728887e-09
2020,JP3771800004,5.19583624807369e-08
2020,JP3162600005,6.793701810202059e-08
2020,JP3210200006,1.5145838242509745e-08
2020,JP3228600007,1.3941662205490065e-10
2020,HK0016000132,5.9023334091314346e-08
2020,SG9999000020,3.44907151741401e-08
2020,AU000000MQG1,1.4834746543002123e-07
2020,JP3493400000,8.804405951774164e-09
2020,HK0363006039,3.365201916802825e-08
2020,KYG548561284,1.0658763611772622e-07
2020,JP3935600001,9.249557221759326e-10
2020,KYG217651051,2.940423764030717e-09
2020,JP3940000007,7.324514889039414e-09
2020,JP3452000007,3.773792965354722e-08
2020,JP3197800000,8.161923895508079e-08
2020,KYG0535Q1331,8.742852442889454e-08
2020,JP3942800008,3.275264840792966e-08
2020,JP3551200003,9.775218522485267e-12
2020,HK0008011667,0.007694944694311382
2020,JP3982800009,2.7770919067735423e-08
2020,JP3351600006,5.264172305978402e-08
2020,JP3850200001,1.7829671009530186e-11
2020,JP3866800000,2.7530610011416758e-08
2020,JP3292200007,1.8038456913406107e-08
2020,HK0000745908,4.22054144158195e-08
2020,JP3571400005,1.3310342983621667e-07
2020,JP3386030005,7.680808241080034e-11
2020,JP3362700001,1.963373123635007e-10
2020,JP3429800000,3.709083395123557e-10
2020,AU000000JBH7,1.5176672367249822e-07
2020,AU000000BLD2,6.7536505859264425e-09
2020,JP3294460005,1.376497280124161e-09
2020,JP3268950007,2.10949237466605e-08
2020,AU000000COH5,1.0818015670297526e-07
2020,JP3371200001,1.2204394677722638e-08
2020,JP3711600001,6.274280804994369e-09
2020,JP3544000007,2.4768944327489803e-09
2020,JP3939000000,5.96178303357681e-08
2020,HK0000139300,8.623106324450954e-08
2020,JP3548610009,1.408699513759172e-07
2020,JP3870000001,6.661002678523467e-08
2020,JP3436100006,1.0493591235326829e-07
2020,JP3277800003,9.651868755202122e-09
2020,HK2380027329,7.94951108035828e-12
2020,JP3414750004,2.1110852822483473e-08
2020,SGXE34184239,3.440234319504535e-08
2020,HK0688002218,5.2400688260416223e-08
2020,AU0000224040,3.6718266583361404e-09
2020,HK0019000162,1.096664102138192e-08
2020,JP3463000004,4.3000242633049845e-08
2020,JP3695200000,1.2873158695976592e-08
2020,AU000000BOQ8,1.7227505453966823e-07
2020,JP3404200002,5.148592869363e-09
2020,AU000000CQR9,1.089907265417272e-07
2020,JP3595200001,5.115551296652635e-10
2020,JP3877600001,9.732276888253072e-09
2020,JP3352400000,1.586028371217509e-08
2020,JP3635400009,1.4922150532059277e-08
2020,JP3742600004,8.289450724198147e-09
2020,JP3605400005,4.388664333646839e-11
2020,JP3260800002,1.447338243609743e-08
2020,JP3766550002,9.660668462517124e-08
2020,JP3539220008,4.3708318616873104e-08
2020,AU000000IGO4,3.72911163828648e-08
2020,SG1P66918738,1.7132998115140125e-08
2020,JP3528600004,9.800267028836028e-08
2020,JP3786200000,1.4731114126347729e-08
2020,JP3753000003,1.1427412977038456e-10
2020,AU000000BSL0,9.494158973148691e-10
2020,JP3350800003,8.662627092476093e-11
2020,HK0000049939,2.3685061522173137e-08
2020,JP3375800004,2.7877846663967294e-08
2020,HK0012000102,7.151845383189407e-08
2020,JP3421800008,0.026257534840600324
2020,JP3942600002,8.147175835624966e-08
2020,KYG2108Y1052,1.36406453565288e-08
2020,JP3266400005,2.0386697475084728e-08
2020,JP3820000002,1.886113448950112e-08
2020,NZAIAE0002S6,1.2362225297419505e-07
2020,JP3407200009,8.593326575295183e-09
2020,JP3256000005,6.62051134506569e-08
2020,JP3799000009,5.452009695033574e-08
2020,JP3164630000,1.512538427067235e-07
2020,BMG684371393,5.398168876065045e-10
2020,JP3675600005,2.0533300427239514e-09
2021,JP3351100007,1.5688706023844256e-15
2021,JP3326410002,0.08133902612758485
2021,JP3626800001,0.0
2021,JP3425000001,0.0
2021,JP3200450009,0.0
2021,JP3174410005,0.0
2021,HK0023000190,1.7494153089815646e-15
2021,JP3598600009,2.6554824255932434e-15
2021,HK0308001558,3.9143639518356706e-16
2021,JP3818000006,9.560281855539815e-17
2021,JP3893200000,0.0
2021,AU000000PPT9,1.6098770667175501e-16
2021,JP3621000003,0.0
2021,BMG507361001,0.011490972911081192
2021,JP3914400001,0.0
2021,JP3826800009,1.364942178031752e-15
2021,AU000000ORI1,0.0
2021,SG1U68934629,9.99327793394684e-16
2021,JP3511800009,2.1504055216563628e-15
2021,JP3385820000,1.6738304339158072e-16
2021,JP3756600007,5.431267197127239e-15
2021,JP3585800000,0.0
2021,JP3188220002,2.324940732006726e-16
2021,SG1M51904654,0.0
2021,JP3419050004,3.4259645367183403e-15
2021,JP3039710003,1.5940283426064018e-15
2021,JP3783600004,1.0852183649593587e-16
2021,AU000000FLT9,8.092548110661668e-17
2021,AU000000BPT9,0.0
2021,AU000000ASX7,7.799154508932362e-16
2021,JP3112000009,0.0
2021,AU000000IVC8,4.3173149441767485e-16
2021,JP3491000000,0.0
2021,NZTELE0001S4,7.988472082350725e-16
2021,JP3219000001,0.007619355719698525
2021,JP3131430005,1.3288933521660588e-15
2021,JP3401400001,0.0
2021,JP3830800003,9.679366104828655e-17
2021,JP3720800006,0.0
2021,JP3485800001,0.0
2021,AU000000IRE2,2.880606908534082e-15
2021,JP3102000001,9.243254103387995e-17
2021,JP3787000003,0.0
2021,SGXE21576413,6.958063169713126e-16
2021,JP3224200000,4.4196805104037014e-16
2021,JP3538800008,0.0
2021,JP3629000005,1.3547147424829604e-16
2021,JP3638600001,0.0
2021,SG1T58930911,0.0
2021,JP3269600007,0.0
2021,JP3160400002,8.650175977152559e-16
2021,JP3944130008,1.4260817502484095e-15
2021,AU000000STO6,0.0
2021,JP3733000008,1.2570699810443056e-15
2021,SG1M77906915,0.018534674858613046
2021,AU000000CSR5,0.0
2021,HK0388045442,0.0
2021,JP3942400007,1.2814728330666431e-15
2021,JP3814800003,0.0
2021,AU000000MND5,1.5848017127171836e-16
2021,JP3143000002,6.069376072114141e-16
2021,AU000000ABC7,0.0
2021,HK0293001514,0.0
2021,JP3495000006,1.4357834308445612e-15
2021,JP3198900007,3.668396962570126e-15
2021,JP3164800009,0.0
2021,JP3762600009,0.0
2021,JP3711200000,9.603933004203996e-16
2021,JP3320800000,0.0
2021,JP3659000008,5.969613808072584e-16
2021,AU000000OZL8,8.062418055275034e-16
2021,JP3738600000,0.0
2021,BMG988031446,1.6279558299407856e-16
2021,JP3830000000,1.6919851161521252e-15
2021,JP3242800005,0.008697829294249216
2021,JP3443600006,1.5332684938272627e-16
2021,JP3131400008,3.005730695225984e-15
2021,JP3357200009,1.7424594290423514e-16
2021,JP3411000007,3.873492483453752e-15
2021,JP3665200006,0.0
2021,KYG525621408,0.0
2021,AU000000SGM7,2.0967508004366965e-16
2021,JP3596200000,0.0
2021,JP3368000000,0.0
2021,HK0392044647,0.0
2021,JP3215800008,0.0
2021,JP3940400009,4.501832811819839e-16
2021,BMG668971101,6.408444707578113e-16
2021,JP3906000009,2.49713956158287e-16
2021,AU000000ALL7,6.551626581690349e-17
2021,JP3358800005,0.0
2021,HK0823032773,1.3790744402572033e-15
2021,JP3289800009,0.0
2021,HK0003000038,0.03408076760365873
2021,JP3322930003,1.6485507154249742e-15
2021,JP3180400008,0.007108480456748703
2021,JP3551520004,0.0
2021,JP3634600005,1.2853202043751411e-17
2021,AU000000AMP6,3.437713604716936e-16
2021,JP3143600009,0.03371347949413766
2021,JP3765400001,5.597226464073918e-16
2021,AU000000ERA9,4.446407714689709e-16
2021,HK0010000088,0.0
2021,HK0011000095,0.001690584604423559
2021,JP3209000003,0.0
2021,JP3201200007,0.0
2021,HK0004000045,1.6359777983012693e-15
2021,JP3667600005,0.0
2021,JP3196000008,8.570545778217041e-16
2021,AU000000SGP0,0.0
2021,JP3792600003,0.0
2021,JP3493800001,0.0
2021,AU000000WBC1,2.477095531324594e-16
2021,JP3613000003,0.08760792225023331
2021,SG1S04926220,1.0747303579528181e-15
2021,JP3156400008,0.0
2021,JP3404600003,0.0
2021,JP3663900003,0.0
2021,HK0242001243,0.0
2021,JP3126340003,3.654172544006307e-16
2021,JP3688370000,2.532650781617561e-16
2021,AU000000CGF5,0.0
2021,JP3802400006,0.0
2021,JP3481800005,0.0
2021,SG1F60858221,1.0843017747953355e-15
2021,JP3890350006,3.884212564087798e-16
2021,JP3420600003,3.871610345601542e-16
2021,JP3902400005,0.0
2021,BMG677491539,0.0
2021,NZCENE0001S6,7.295520237442329e-18
2021,AU000000IAG3,1.07746228255112e-15
2021,JP3190000004,0.0
2021,JP3678000005,0.0
2021,JP3854600008,7.546635189478068e-17
2021,HK2388011192,1.3101385239037006e-15
2021,JP3283650004,4.1352905397819534e-15
2021,KYG5427W1309,0.0
2021,JP3172100004,0.0
2021,HK0144000764,1.5342098272302013e-16
2021,JP3116000005,1.4328395045383635e-16
2021,JP3263000006,4.358526245086394e-16
2021,JP3040890000,2.5300613630555112e-15
2021,AU000000NCM7,2.673489214048271e-16
2021,IE00BKVD2N49,7.150059561223828e-16
2021,JP3613400005,0.0
2021,JP3551500006,7.935808592319006e-16
2021,JP3894900004,8.563927876278532e-16
2021,JP3358200008,0.0
2021,JP3796150005,1.3293134007655904e-15
2021,JP3951600000,1.862402975240269e-15
2021,JP3726800000,2.2472299227689193e-16
2021,HK0291001490,0.0
2021,JP3756100008,4.686694255767728e-16
2021,JP3122400009,1.8888068888251745e-15
2021,JP3258000003,5.023455018181961e-16
2021,JP3223800008,0.0
2021,BMG2624N1535,0.021887931905140833
2021,JP3625000009,0.0
2021,AU000000APA1,6.887210834443899e-18
2021,AU000000QBE9,1.6055895131256409e-15
2021,AU000000ELD6,5.219375072611925e-16
2021,JP3992400006,0.004420417023395027
2021,JP3388200002,4.3451931320152994e-16
2021,JP3271400008,2.465691189931524e-15
2021,JP3733400000,0.0
2021,JP3933800009,3.2919008970902526e-15
2021,JP3802300008,0.0
2021,JP3505000004,0.0
2021,JP3885400006,5.793680690796104e-16
2021,SG1R50925390,0.0
2021,JP3903000002,0.0
2021,JP3973400009,1.0094843600318294e-16
2021,JP3519400000,0.0
2021,JP3635000007,0.0
2021,AU000000ANZ3,0.0
2021,AU000000ILU1,0.0
2021,AU000000TLS2,0.0
2021,JP3280200001,6.045857210045907e-16
2021,JP3762800005,1.4833361013407049e-15
2021,AU000000MGR9,1.7534884848137175e-15
2021,JP3676800000,2.447011787309022e-16
2021,JP3902000003,9.669866743407105e-16
2021,JP3118000003,3.3232906479323734e-15
2021,BMG2442N1048,1.5751466930187515e-16
2021,JP3888400003,0.0
2021,NZFBUE0001S0,0.0
2021,AU000000ANN9,0.0
2021,JP3173400007,2.3240861137465605e-15
2021,AU000000CPU5,0.0
2021,JP3499800005,1.383334853898542e-15
2021,AU000000QAN2,0.0
2021,JP3300600008,0.0
2021,SG1T75931496,7.512859384500387e-16
2021,JP3721400004,0.0
2021,HK0083000502,1.4492425824856329e-15
2021,JP3402600005,0.0
2021,JP3119600009,0.022589966358373792
2021,AU000000LLC3,0.0
2021,JP3835620000,4.478829717276482e-16
2021,BMG8403G1033,0.0
2021,JP3526600006,1.1242176946240186e-15
2021,JP3900000005,1.9597370299633918e-16
2021,JP3165600002,0.0
2021,BMG2178K1009,0.0
2021,JP3837800006,7.563894940070657e-16
2021,JP3684000007,4.739173407496439e-16
2021,JP3347200002,5.819478387104841e-16
2021,JP3811000003,7.602277259357275e-17
2021,JP3137200006,0.0
2021,AU000000SHL7,0.0009391461577863303
2021,JP3774200004,5.070471314538704e-16
2021,JP3407400005,0.0
2021,JP3735400008,0.03215021735520825
2021,JP3919800007,1.4957172847055023e-16
2021,JP3449020001,0.0
2021,AU000000BEN6,0.0
2021,SG1N31909426,0.0
2021,HK0440001847,1.1579283139835184e-15
2021,BMG2108M2182,0.0
2021,AU000000TAH8,0.0
2021,JP3592200004,0.0
2021,JP3243600008,0.017915809227418374
2021,SG1B51001017,0.0
2021,SG9999003735,0.0
2021,AU000000CIM7,5.75139536649429e-17
2021,AU000000GMG2,1.3220082729454268e-15
2021,HK0200030994,2.073685486050422e-15
2021,JP3890310000,1.6357344058210772e-15
2021,SG1J26887955,0.0021919097357433756
2021,JP3111200006,0.0
2021,JP3791200003,4.614051806847607e-16
2021,JP3419400001,1.1903283480056368e-16
2021,BMG4600H1198,0.0
2021,JP3588600001,1.3585070114980392e-15
2021,AU000000WES1,0.0
2021,JP3573000001,0.037176054389573686
2021,JP3194000000,3.221949744235625e-17
2021,AU000000WOR2,0.0
2021,JP3566800003,1.3328019893206994e-15
2021,HK0000608585,1.1673781851306689e-15
2021,JP3421100003,0.0
2021,JP3397200001,0.0
2021,JP3845400005,0.0
2021,JP3982100004,0.09800439885025777
2021,AU000000CSL8,1.9876520844020016e-17
2021,AU000000NAB4,5.816877676730038e-16
2021,JP3870400003,0.0
2021,JP3166000004,0.0
2021,JP3898400001,0.0
2021,JP3358000002,4.8069623544592736e-15
2021,AU000000MAH3,0.0
2021,AU000000SIG5,1.4922239831752909e-15
2021,JP3522200009,0.0
2021,JP3270000007,7.919398324511852e-16
2021,JP3670800006,1.669054369394836e-16
2021,AU000000ORG5,0.0
2021,AU000000BWP3,1.4847507697115026e-16
2021,JP3888300005,0.0
2021,AU000000TCL6,1.433078093632426e-15
2021,JP3868400007,1.4283484623978572e-16
2021,JP3027670003,2.5396864406519465e-15
2021,HK0270001396,0.0026700686973524707
2021,AU000000IFL2,2.8887696992838676e-15
2021,JP3246400000,0.0
2021,JP3672400003,0.0
2021,JP3126400005,0.0
2021,JP3486800000,0.0
2021,BMG5320C1082,1.0549068245834715e-16
2021,JP3304200003,0.0
2021,HK0836012952,0.0
2021,JP3475350009,1.0056521737588629e-16
2021,JP3582600007,0.0
2021,JP3535800001,5.972716402295713e-16
2021,JP3560800009,0.0
2021,JP3718800000,0.0
2021,JP3165700000,0.0
2021,AU000000CWY3,0.0
2021,JP3409000001,0.0
2021,JP3405400007,0.0
2021,HK0066009694,0.01801755753213983
2021,JP3814000000,0.05284931006234641
2021,JP3633400001,0.047322876663607516
2021,AU0000033359,2.0124623954855428e-16
2021,JP3400900001,0.0
2021,JP3027680002,2.4758306483518086e-15
2021,JP3203500008,1.5023676211023024e-15
2021,JP3229400001,0.0
2021,JP3398000004,4.449654462997345e-16
2021,JP3780100008,7.38956305703397e-18
2021,AU0000088338,0.0
2021,JP3734800000,6.381105364344848e-18
2021,AU000000CBA7,0.0
2021,JP3600200004,2.194766876660951e-15
2021,KYG210961051,5.832110343387473e-16
2021,JP3502200003,1.7035309361369946e-15
2021,JP3549600009,0.0
2021,HK0000055878,2.654852519524325e-16
2021,JP3435000009,1.7737240912288276e-15
2021,AU000000GPT8,0.0
2021,JP3459600007,0.0
2021,JP3134800006,1.762011273304652e-16
2021,MU0117U00026,0.0
2021,HK0101000591,4.261728537856374e-16
2021,SG1R89002252,1.7909889020978598e-15
2021,JP3351500008,1.4790072642307855e-15
2021,JP3619800000,0.0
2021,JP3862400003,7.1032664382257615e-16
2021,JP3496400007,2.130656955521396e-15
2021,JP3456000003,4.689537455945683e-16
2021,JP3955000009,0.0
2021,JP3305990008,0.04974189480710317
2021,SG1V61937297,0.0
2021,JP3158800007,0.0
2021,AU000000SUN6,0.0
2021,HK0006000050,0.013736593300054136
2021,JP3910660004,1.5194183413246003e-15
2021,JP3899600005,5.506258248604044e-17
2021,BMG524401079,6.28072555417708e-16
2021,AU000000DOW2,0.0
2021,HK0014000126,8.652793560050014e-16
2021,JP3274400005,1.2743395183880865e-16
2021,JP3305530002,2.3890022186965927e-16
2021,AU000000SEK6,1.7742556579396956e-15
2021,NZAIRE0001S2,0.0
2021,JP3205800000,6.762554025387015e-16
2021,AU000000BHP4,1.3989159207498314e-17
2021,AU000000MTS0,5.106766985003436e-16
2021,JP3385980002,1.9310069860405047e-17
2021,JP3494600004,5.233026184285711e-16
2021,JP3827200001,0.0
2021,BMG8063F1068,0.0
2021,AU000000WOW2,2.9963053604823043e-16
2021,NZSKCE0001S2,1.8401858193621898e-15
2021,JP3788600009,1.03568174115764e-16
2021,AU000000RHC8,4.681974284047129e-16
2021,AU000000SBM8,4.658265608423168e-16
2021,JP3967200001,1.2653710444846856e-15
2021,SG1L01001701,5.255713374024745e-16
2021,JP3197600004,6.016442316093276e-17
2021,JP3389900006,1.92454971431775e-15
2021,JP3276400003,3.878104672115055e-15
2021,JP3778630008,3.923615403428171e-15
2021,AU000000GWA4,6.94331737411224e-16
2021,JP3657400002,0.0
2021,JP3293200006,0.0
2021,SG1S83002349,2.7022473779124344e-15
2021,JP3634200004,5.772858509417448e-16
2021,JP3336000009,9.939097486145236e-16
2021,HK0002007356,0.19560270613026381
2021,JP3579800008,0.0
2021,JP3359600008,0.0
2021,JP3896800004,0.0
2021,US89677Q1076,5.908855432146704e-15
2021,JP3902900004,0.0008259590401143535
2021,JP3122800000,0.0
2021,JP3574200006,6.004806510782023e-16
2021,AU000000SXL4,0.0
2021,JP3415400005,1.758528888696992e-16
2021,JP3893600001,0.0
2021,JP3381000003,0.0
2021,AU000000DXS1,0.0
2021,JP3977400005,1.2403927906293553e-15
2021,JP3249600002,0.006589339996721643
2021,JP3108600002,1.7417566703389267e-15
2021,SG2B80958517,1.8494597721768048e-15
2021,HK0165000859,3.7953480393874196e-17
2021,JP3546800008,7.456418131571141e-16
2021,JP3148800000,0.0
2021,JP3743000006,1.07609414704583e-16
2021,JP3771800004,2.0276682468719902e-16
2021,JP3162600005,1.6102770353614751e-15
2021,JP3210200006,2.701000270642443e-16
2021,JP3228600007,0.0
2021,HK0016000132,1.501753639373859e-15
2021,SG9999000020,1.1752450907573408e-15
2021,AU000000MQG1,8.212321270332971e-16
2021,JP3493400000,2.796921941569968e-17
2021,HK0363006039,0.0
2021,KYG548561284,6.756987704925393e-16
2021,JP3300200007,0.0
2021,JP3935600001,0.0
2021,KYG217651051,0.0
2021,JP3940000007,4.948973980178268e-16
2021,JP3452000007,9.201772222500657e-17
2021,JP3769000005,2.376342849188468e-15
2021,JP3197800000,0.0
2021,KYG0535Q1331,0.0
2021,JP3942800008,0.0
2021,JP3551200003,0.0
2021,HK0008011667,0.03230418815394916
2021,JP3982800009,0.0
2021,JP3351600006,3.5971890774619976e-15
2021,JP3850200001,0.0
2021,JP3866800000,0.0
2021,JP3292200007,0.0
2021,HK0000745908,1.6813876564005574e-15
2021,JP3571400005,0.0
2021,JP3386030005,0.0
2021,JP3362700001,0.0
2021,JP3429800000,0.0
2021,AU000000JBH7,2.899920606146183e-15
2021,AU000000BLD2,0.0
2021,JP3294460005,0.0
2021,JP3268950007,2.441119264006925e-16
2021,AU000000COH5,0.0
2021,JP3371200001,1.2466119180401975e-16
2021,JP3711600001,0.0
2021,JP3544000007,0.0
2021,JP3939000000,8.940848632393574e-16
2021,HK0000139300,3.374843081373813e-17
2021,JP3548610009,1.6246204458646579e-15
2021,JP3870000001,3.457718417323352e-16
2021,JP3436100006,3.0260601046081705e-15
2021,JP3277800003,7.97765029070542e-16
2021,HK2380027329,0.0
2021,JP3414750004,1.6056250863073785e-16
2021,SGXE34184239,7.629929307155163e-16
2021,HK0688002218,3.0815757862189726e-15
2021,AU0000224040,0.0
2021,HK0019000162,1.440817943986134e-16
2021,JP3463000004,7.697057511729932e-16
2021,JP3695200000,0.0
2021,AU000000BOQ8,0.0
2021,JP3404200002,8.453297633248628e-17
2021,AU000000CQR9,0.0
2021,JP3595200001,0.0
2021,JP3877600001,0.0
2021,JP3352400000,4.491215724820934e-16
2021,JP3635400009,3.6784731638632043e-16
2021,JP3742600004,2.5423248696273123e-16
2021,JP3605400005,0.0
2021,JP3260800002,1.0518236925360633e-15
2021,JP3766550002,1.7422093945902186e-15
2021,JP3539220008,0.0
2021,AU000000IGO4,1.361739450577963e-15
2021,SG1P66918738,1.0576992348626108e-15
2021,JP3528600004,0.0
2021,JP3786200000,0.0
2021,JP3753000003,0.0
2021,AU000000BSL0,0.0
2021,JP3350800003,0.0
2021,HK0000049939,1.4003275036155012e-16
2021,JP3375800004,0.0
2021,HK0012000102,9.742864347994782e-16
2021,JP3421800008,0.05118056129278376
2021,JP3942600002,9.423714327025433e-16
2021,KYG2108Y1052,6.212175918830151e-16
2021,JP3266400005,0.0
2021,JP3820000002,0.0
2021,NZAIAE0002S6,1.0826047003791917e-17
2021,JP3240400006,1.2698578985329893e-16
2021,JP3407200009,0.0
2021,JP3256000005,0.0
2021,JP3799000009,2.5430156268865557e-16
2021,JP3164630000,3.3613867836653753e-15
2021,BMG684371393,0.0
2021,JP3675600005,4.1682742160220094e-16
2022,JP3351100007,5.123527622437933e-16
2022,JP3326410002,0.06470806256837591
2022,JP3626800001,0.0
2022,JP3425000001,0.0
2022,JP3200450009,0.0
2022,JP3174410005,0.0
2022,HK0023000190,3.312586549003841e-16
2022,JP3598600009,7.093805416485044e-16
2022,HK0308001558,3.405882158506377e-16
2022,JP3818000006,0.0
2022,JP3893200000,0.0
2022,AU000000PPT9,2.31775669924193e-16
2022,JP3621000003,0.0
2022,BMG507361001,0.0016225548754390938
2022,JP3914400001,0.0
2022,JP3826800009,3.1914400188379483e-16
2022,AU000000ORI1,0.0
2022,KYG9431R1039,1.3200708913957541e-16
2022,SG1U68934629,3.2131814150890154e-16
2022,JP3511800009,4.561538060674505e-16
2022,JP3385820000,2.0077890325501864e-19
2022,JP3756600007,1.5945012520807614e-15
2022,JP3585800000,5.204099875924276e-17
2022,JP3188220002,1.37313228886344e-16
2022,SG1M51904654,1.941546761111323e-16
2022,JP3419050004,1.2148819288315779e-15
2022,JP3039710003,2.4733729763221726e-16
2022,JP3783600004,6.981680880936671e-18
2022,AU000000FLT9,2.260103747632724e-17
2022,AU000000BPT9,0.0
2022,AU000000ASX7,5.7727620122269415e-16
2022,JP3112000009,0.0
2022,AU000000IVC8,2.1343433548080336e-16
2022,JP3491000000,0.0
2022,NZTELE0001S4,3.4601492570883666e-16
2022,JP3219000001,1.7084013864966592e-16
2022,JP3131430005,3.8379118735017727e-16
2022,JP3401400001,0.0
2022,JP3830800003,1.693553570553098e-17
2022,JP3720800006,0.0
2022,JP3485800001,0.0
2022,AU000000IRE2,1.2518536519515058e-15
2022,JP3102000001,2.7306718449960822e-17
2022,JP3787000003,0.0
2022,SGXE21576413,1.0461398435027584e-16
2022,JP3224200000,2.913003762172267e-16
2022,JP3538800008,0.0
2022,JP3629000005,5.59618109810529e-17
2022,JP3638600001,0.0
2022,SG1T58930911,0.0
2022,JP3269600007,0.0
2022,JP3352000008,0.0010708203426820341
2022,JP3160400002,0.0
2022,JP3944130008,4.723207912974101e-16
2022,JP3834800009,4.993704193098986e-16
2022,AU000000STO6,0.0
2022,JP3733000008,7.78408542040962e-16
2022,SG1M77906915,0.027736992466939565
2022,AU000000CSR5,0.0
2022,SG0531000230,4.249569515122992e-16
2022,HK0388045442,2.0309159146945962e-16
2022,JP3942400007,2.1227770356462362e-16
2022,JP3814800003,2.3177249247885443e-18
2022,AU000000MND5,0.0
2022,JP3143000002,1.4913021330220316e-16
2022,AU000000ABC7,0.0
2022,HK0293001514,0.0
2022,JP3495000006,3.243786366567643e-16
2022,JP3198900007,5.952861632107913e-16
2022,JP3164800009,0.0
2022,JP3762600009,0.0
2022,JP3711200000,2.2695388259455128e-17
2022,JP3320800000,0.0
2022,JP3659000008,5.0177947986081184e-17
2022,AU000000OZL8,1.2569919422621834e-17
2022,JP3738600000,0.0
2022,BMG988031446,0.0
2022,JP3830000000,3.014076905686599e-16
2022,JP3242800005,0.007192067154942711
2022,JP3443600006,6.768574205363765e-17
2022,JP3131400008,5.012136553474541e-16
2022,JP3357200009,2.891642100476948e-16
2022,JP3411000007,7.815392584516829e-16
2022,JP3665200006,0.0
2022,KYG525621408,1.6141726074613337e-17
2022,AU000000SGM7,1.3303150355784738e-17
2022,JP3596200000,0.0
2022,JP3368000000,0.0
2022,HK0392044647,0.0
2022,JP3215800008,0.0
2022,JP3940400009,1.7660391948067402e-16
2022,JP3599000001,0.0
2022,BMG668971101,2.837245443961512e-17
2022,JP3906000009,0.0
2022,AU000000ALL7,0.0
2022,JP3358800005,0.0
2022,HK0823032773,3.2435858748669903e-17
2022,JP3289800009,0.0
2022,HK0003000038,1.3287798455003498e-17
2022,JP3322930003,2.54660259164716e-16
2022,JP3180400008,0.024844677475602518
2022,JP3551520004,0.0
2022,JP3634600005,0.0
2022,AU000000AMP6,0.0
2022,JP3143600009,6.896528346071003e-17
2022,JP3765400001,1.1689306860930567e-16
2022,AU000000ERA9,1.215719718850776e-16
2022,HK0010000088,0.0
2022,HK0011000095,0.03357401693718211
2022,JP3209000003,0.0
2022,JP3201200007,0.0
2022,HK0004000045,8.844612373197095e-16
2022,JP3667600005,0.0
2022,JP3196000008,1.480323732321446e-16
2022,AU000000SGP0,0.0
2022,JP3792600003,0.0
2022,JP3493800001,3.2644433658968325e-17
2022,AU000000WBC1,0.0
2022,JP3613000003,0.004130532379473458
2022,SG1S04926220,3.537250760421208e-17
2022,JP3156400008,0.0
2022,JP3404600003,0.0
2022,JP3663900003,0.0
2022,HK0242001243,2.3980735042928354e-16
2022,JP3126340003,2.474514842843976e-16
2022,JP3688370000,3.8639875019787185e-17
2022,AU000000CGF5,0.0
2022,JP3802400006,0.0
2022,JP3481800005,0.0
2022,SG1F60858221,3.8591321743678774e-16
2022,JP3890350006,4.0883408678855954e-18
2022,JP3420600003,1.4419234499196346e-16
2022,JP3902400005,1.756357705852395e-18
2022,BMG677491539,3.370294148083381e-17
2022,NZCENE0001S6,0.0
2022,AU000000IAG3,3.759548496088318e-16
2022,JP3190000004,0.0
2022,JP3678000005,0.0
2022,JP3854600008,6.58095338950532e-17
2022,HK2388011192,2.8370826978203447e-16
2022,JP3283650004,1.1316724489163925e-15
2022,JP3726200003,9.363617785801631e-17
2022,KYG5427W1309,0.0
2022,JP3172100004,0.0
2022,HK0144000764,2.0303261366361188e-16
2022,JP3116000005,0.0
2022,JP3263000006,2.09304791049784e-16
2022,JP3040890000,7.596484434935274e-16
2022,AU000000NCM7,7.793875126679477e-17
2022,IE00BKVD2N49,3.4666490606332972e-16
2022,JP3613400005,0.0
2022,JP3551500006,1.694090434201415e-16
2022,JP3894900004,3.0237814398549607e-16
2022,JP3358200008,0.0
2022,JP3796150005,3.8403508865820506e-16
2022,JP3951600000,4.2969878284982676e-16
2022,JP3726800000,5.509324628801937e-17
2022,HK0291001490,0.0
2022,JP3756100008,0.0
2022,JP3122400009,0.0
2022,JP3258000003,1.1088682290055467e-16
2022,JP3223800008,0.0
2022,BMG2624N1535,0.0009315573456363761
2022,JP3625000009,0.0
2022,AU000000APA1,1.6816259224491e-17
2022,AU000000QBE9,5.583491634445656e-16
2022,AU000000ELD6,1.0222320720306071e-16
2022,JP3992400006,0.010212686561888687
2022,JP3388200002,4.239111397205845e-17
2022,JP3143900003,0.12327617835295168
2022,JP3271400008,4.562517873842232e-16
2022,AU000000SWM4,0.0
2022,JP3733400000,0.0
2022,JP3933800009,2.6753667139668263e-16
2022,JP3802300008,0.0
2022,JP3505000004,0.0
2022,JP3885400006,0.0
2022,SG1R50925390,0.0
2022,JP3903000002,0.0
2022,JP3973400009,0.0
2022,JP3519400000,0.0
2022,JP3635000007,0.0
2022,AU000000ANZ3,0.0
2022,AU000000ILU1,0.0
2022,AU000000TLS2,0.0
2022,JP3280200001,2.158127160069189e-16
2022,JP3762800005,5.99788121587177e-16
2022,AU000000MGR9,0.0
2022,JP3676800000,1.2604331812742779e-16
2022,JP3902000003,2.6925412656361647e-16
2022,JP3118000003,4.816360728489555e-16
2022,BMG2442N1048,7.461366274395367e-18
2022,JP3888400003,0.0
2022,NZFBUE0001S0,0.0
2022,AU000000ANN9,0.0
2022,JP3173400007,6.559395989452167e-16
2022,AU000000CPU5,0.0
2022,JP3499800005,3.9755403479235893e-16
2022,AU000000QAN2,0.0
2022,JP3300600008,0.0
2022,SG1T75931496,3.422640122943294e-17
2022,JP3721400004,0.0
2022,HK0083000502,4.2286110708351613e-16
2022,JP3402600005,0.0
2022,JP3119600009,0.02847705640697611
2022,AU000000LLC3,0.0
2022,JP3835620000,0.0
2022,BMG8403G1033,0.0
2022,JP3526600006,1.756420191012508e-16
2022,JP3900000005,1.5207040820800269e-16
2022,JP3869010003,5.397503685104582e-16
2022,JP3165600002,0.0
2022,BMG2178K1009,0.0
2022,JP3837800006,0.0
2022,JP3684000007,5.230947175256029e-17
2022,JP3347200002,3.4444029520787893e-16
2022,JP3811000003,1.2113738544847668e-17
2022,JP3137200006,0.0
2022,AU000000SHL7,0.0
2022,JP3774200004,4.1763853769720946e-17
2022,JP3407400005,2.853577516282193e-17
2022,JP3735400008,0.06889687561865887
2022,JP3919800007,9.334338266626152e-17
2022,JP3449020001,0.0
2022,AU000000BEN6,0.0
2022,SG1N31909426,0.0
2022,HK0440001847,6.161839060361829e-16
2022,BMG2108M2182,0.0
2022,AU000000TAH8,0.0
2022,JP3592200004,1.0696706733963854e-16
2022,JP3243600008,0.006554221685967877
2022,SG1B51001017,0.0
2022,SG9999003735,0.0
2022,AU000000CIM7,1.2530830638971525e-16
2022,AU000000GMG2,1.2312930731400476e-16
2022,HK0200030994,3.8969677929585905e-16
2022,JP3890310000,6.002227639533374e-16
2022,SG1J26887955,0.015179877996088997
2022,JP3111200006,0.0
2022,JP3791200003,3.067669680148056e-16
2022,JP3419400001,5.882148495685339e-18
2022,BMG4600H1198,6.890405260536325e-17
2022,JP3588600001,5.975839995655092e-16
2022,AU000000WES1,0.0
2022,JP3573000001,0.06655702873922392
2022,JP3194000000,3.964058378392929e-17
2022,AU000000WOR2,0.0
2022,JP3566800003,1.7081972951636043e-16
2022,HK0000608585,4.125656423958588e-16
2022,JP3421100003,0.0
2022,JP3397200001,0.0
2022,JP3845400005,0.0
2022,JP3982100004,0.05972277027592392
2022,AU000000CSL8,0.0
2022,AU000000NAB4,0.0
2022,JP3870400003,0.0
2022,JP3166000004,0.0
2022,JP3898400001,0.0
2022,JP3358000002,1.141975970863524e-15
2022,AU000000MAH3,0.0
2022,AU000000SIG5,1.6015858793259144e-15
2022,JP3522200009,0.0
2022,JP3270000007,4.6844512944853796e-17
2022,SG1M31001969,0.0
2022,JP3670800006,0.0
2022,AU000000ORG5,0.0
2022,AU000000BWP3,1.3396031642645692e-16
2022,JP3888300005,0.0
2022,AU000000TCL6,7.141690463432387e-16
2022,JP3868400007,8.51030180821425e-18
2022,JP3027670003,7.49270388533791e-16
2022,JP3768600003,0.0906134208613728
2022,HK0270001396,0.0
2022,AU000000IFL2,1.5699289797713738e-16
2022,JP3246400000,0.0
2022,JP3672400003,8.925063979265105e-18
2022,JP3126400005,0.0
2022,JP3486800000,0.0
2022,BMG5320C1082,4.859424983011879e-17
2022,JP3304200003,0.0
2022,HK0836012952,0.0
2022,JP3475350009,2.346611861923374e-16
2022,JP3582600007,8.216913500121135e-18
2022,JP3535800001,4.2260266828427905e-17
2022,JP3560800009,0.0
2022,JP3718800000,0.0
2022,JP3165700000,0.0
2022,AU000000CWY3,0.0
2022,JP3409000001,0.0
2022,JP3405400007,1.8706583550894788e-17
2022,JP3783420007,2.7825598707552424e-16
2022,HK0066009694,0.030992449515061176
2022,JP3814000000,0.027968959456366838
2022,JP3633400001,0.04737521681192611
2022,AU0000033359,5.620764943087717e-17
2022,JP3400900001,0.0
2022,JP3027680002,5.540313580831685e-16
2022,JP3203500008,4.444499661920235e-16
2022,JP3229400001,0.0
2022,JP3398000004,2.308151238562196e-16
2022,JP3780100008,0.0
2022,AU0000088338,0.0
2022,JP3734800000,0.0
2022,AU000000CBA7,0.0
2022,JP3600200004,4.618063869602841e-16
2022,KYG210961051,3.1087646901189164e-16
2022,JP3502200003,4.279896467643124e-16
2022,JP3549600009,0.0
2022,HK0000055878,1.6602914635608292e-16
2022,JP3435000009,7.397515963499574e-16
2022,AU000000GPT8,0.0
2022,JP3459600007,0.0
2022,JP3134800006,1.7784721703608427e-16
2022,MU0117U00026,0.0
2022,HK0101000591,1.596415633818817e-16
2022,SG1R89002252,8.780893989949359e-16
2022,JP3351500008,0.0
2022,JP3619800000,0.0
2022,JP3862400003,1.253945845295609e-16
2022,JP3496400007,6.207475123921758e-16
2022,JP3456000003,1.0339513856405189e-16
2022,JP3955000009,0.0
2022,JP3305990008,0.008939166378805666
2022,SG1V61937297,0.0
2022,JP3158800007,0.0
2022,AU000000SUN6,0.0
2022,HK0006000050,0.00698853787334855
2022,JP3910660004,0.013220079864199631
2022,JP3899600005,2.1556190010023622e-17
2022,BMG524401079,8.654522137013315e-16
2022,AU000000DOW2,0.0
2022,HK0014000126,4.3612096177275855e-16
2022,JP3274400005,0.0
2022,JP3305530002,6.984385127988559e-17
2022,AU000000SEK6,1.8053520760860102e-16
2022,NZAIRE0001S2,0.0
2022,JP3205800000,6.488456610833956e-17
2022,AU000000BHP4,0.0
2022,AU000000MTS0,5.257396756588889e-16
2022,JP3385980002,3.064818632050632e-17
2022,JP3494600004,0.0
2022,JP3827200001,0.0
2022,BMG8063F1068,0.0
2022,AU000000WOW2,5.685022071704483e-17
2022,NZSKCE0001S2,5.837958373033663e-16
2022,JP3788600009,0.0
2022,JP3305800009,7.217711512542953e-18
2022,AU000000RHC8,2.1823276757541512e-16
2022,AU000000SBM8,7.349011937285365e-17
2022,JP3967200001,0.0
2022,SG1L01001701,0.0
2022,JP3197600004,2.823640050257151e-16
2022,JP3389900006,0.0
2022,JP3276400003,1.0426858710496703e-15
2022,JP3778630008,8.892798366422478e-16
2022,AU000000GWA4,6.573642395129873e-16
2022,JP3657400002,7.516259856821797e-18
2022,JP3293200006,5.069096198855744e-18
2022,SG1S83002349,9.340192711143229e-16
2022,JP3634200004,3.810821474959148e-17
2022,JP3684400009,0.0
2022,JP3336000009,0.0
2022,HK0002007356,0.11637368715469278
2022,JP3579800008,1.5971358926965314e-17
2022,JP3359600008,0.0
2022,JP3896800004,0.0
2022,US89677Q1076,2.23131061976365e-15
2022,JP3902900004,4.1440811576441737e-16
2022,JP3122800000,0.0
2022,JP3574200006,2.0410169494209997e-16
2022,JP3789000001,0.022816527265242012
2022,JP3841800000,0.0
2022,AU000000SXL4,0.0
2022,JP3415400005,0.0
2022,JP3893600001,0.0
2022,JP3381000003,0.0
2022,AU000000DXS1,0.0
2022,JP3977400005,7.957560611439983e-17
2022,JP3249600002,0.009506074721429426
2022,JP3108600002,4.644274661384253e-16
2022,SG2B80958517,4.1703360838254463e-16
2022,HK0165000859,9.734713436115943e-16
2022,JP3546800008,4.143226436473984e-17
2022,JP3148800000,0.0
2022,JP3743000006,4.3814756497075595e-18
2022,JP3771800004,0.0
2022,JP3162600005,4.319175171588437e-16
2022,JP3210200006,1.0365748257371666e-16
2022,JP3228600007,0.0
2022,HK0016000132,2.562065568046718e-16
2022,SG9999000020,1.6321284422145246e-16
2022,AU000000MQG1,7.906363739775496e-17
2022,JP3732200005,3.176594522331921e-16
2022,JP3493400000,0.0
2022,HK0363006039,0.0
2022,JP3300200007,0.0
2022,JP3935600001,0.0
2022,KYG217651051,0.0
2022,JP3940000007,6.505436548402759e-17
2022,JP3452000007,0.0
2022,JP3769000005,6.772143309157178e-16
2022,JP3197800000,0.0
2022,KYG0535Q1331,0.0
2022,JP3942800008,0.0
2022,JP3551200003,0.0
2022,HK0008011667,0.028698287130537653
2022,JP3982800009,0.0
2022,JP3351600006,1.3387057152270162e-15
2022,JP3850200001,0.0
2022,JP3866800000,0.0
2022,JP3292200007,0.0
2022,HK0000745908,6.716201504085429e-16
2022,JP3571400005,0.0
2022,JP3386030005,0.0
2022,JP3362700001,0.0
2022,JP3429800000,0.0
2022,AU000000JBH7,3.45311089769778e-16
2022,AU000000BLD2,0.0
2022,JP3294460005,0.0
2022,JP3268950007,1.28773525982708e-16
2022,AU000000COH5,0.0
2022,JP3371200001,0.0
2022,JP3711600001,0.0
2022,JP3544000007,0.0
2022,JP3658850007,7.782909211026511e-16
2022,JP3939000000,2.3160772837672867e-16
2022,HK0000139300,3.3723611966812472e-18
2022,JP3548610009,0.0
2022,JP3870000001,0.0
2022,JP3436100006,4.4250203079752395e-16
2022,JP3277800003,1.2525970781148956e-16
2022,HK2380027329,0.0
2022,JP3414750004,0.0
2022,SGXE34184239,3.1200983895737047e-16
2022,HK0688002218,1.110119753731428e-15
2022,AU0000224040,0.0
2022,HK0019000162,0.0
2022,JP3463000004,2.546423113161307e-16
2022,JP3695200000,0.0
2022,AU000000BOQ8,0.0
2022,JP3404200002,6.166392198855404e-18
2022,AU000000CQR9,0.0
2022,JP3595200001,0.0
2022,JP3877600001,0.0
2022,JP3352400000,5.045919179936471e-17
2022,JP3635400009,1.2499037207348018e-16
2022,JP3742600004,8.848002902591884e-17
2022,JP3605400005,0.0
2022,JP3260800002,0.007679678781735734
2022,JP3766550002,2.489393793904259e-16
2022,JP3539220008,8.032164858116105e-17
2022,AU000000IGO4,2.226336591118857e-16
2022,JP3528600004,0.0
2022,JP3753000003,0.0
2022,AU000000BSL0,0.0
2022,JP3350800003,0.0
2022,HK0000049939,0.0
2022,JP3375800004,0.0
2022,HK0012000102,3.6225434321595634e-17
2022,JP3421800008,0.04413993700126082
2022,JP3942600002,2.3886800642454513e-16
2022,KYG2108Y1052,7.607572632745041e-16
2022,JP3266400005,0.0
2022,JP3820000002,0.0
2022,NZAIAE0002S6,0.0
2022,JP3240400006,0.0
2022,JP3407200009,3.4383914998177517e-17
2022,JP3256000005,0.0
2022,JP3799000009,0.0
2022,JP3164630000,1.0737218076131058e-15
2022,BMG684371393,0.0
2022,JP3675600005,1.096120693573322e-16
2023,JP3351100007,0.0
2023,JP3326410002,3.4664699267935844e-16
2023,JP3626800001,0.0
2023,JP3425000001,1.111010863983808e-17
2023,JP3200450009,0.0
2023,JP3174410005,0.0
2023,HK0023000190,0.0
2023,JP3598600009,5.308125278833857e-16
2023,HK0308001558,1.219638332640067e-16
2023,JP3818000006,2.321797714799895e-16
2023,JP3893200000,0.0
2023,AU000000PPT9,4.98624770558561e-16
2023,JP3621000003,0.0
2023,JP3597800006,1.8360897354832334e-17
2023,BMG507361001,0.0
2023,JP3914400001,0.0
2023,JP3826800009,1.8939344208199148e-16
2023,AU000000ORI1,0.0
2023,KYG9431R1039,5.5929239052654685e-18
2023,SG1U68934629,2.1081474116835425e-16
2023,JP3511800009,2.429170601478964e-16
2023,JP3385820000,0.0
2023,JP3756600007,6.227170907732331e-16
2023,JP3585800000,5.0882779698603783e-17
2023,JP3188220002,5.3473921369218194e-17
2023,SG1M51904654,3.4411882673962326e-16
2023,JP3419050004,3.2417193071792333e-16
2023,JP3039710003,0.0
2023,JP3783600004,0.0
2023,AU000000FLT9,1.2310415792904398e-16
2023,AU000000BPT9,0.0
2023,AU000000ASX7,5.573419505027574e-16
2023,JP3112000009,0.0
2023,JP3491000000,0.0
2023,NZTELE0001S4,2.96083733303499e-16
2023,JP3219000001,1.2134838735076762e-16
2023,JP3131430005,1.401574149556535e-16
2023,JP3401400001,0.0
2023,JP3830800003,0.007338286087169332
2023,JP3720800006,0.0
2023,JP3485800001,0.0
2023,AU000000IRE2,9.722189260257598e-16
2023,JP3102000001,0.0
2023,JP3787000003,0.0
2023,SGXE21576413,3.4133259203060956e-16
2023,JP3224200000,1.0175085755368549e-16
2023,JP3538800008,0.0
2023,JP3629000005,4.3059100943968e-18
2023,JP3638600001,0.0
2023,SG1T58930911,0.0
2023,JP3269600007,0.0
2023,JP3352000008,0.0486105904377866
2023,JP3160400002,0.0
2023,JP3944130008,3.8155754094552807e-16
2023,JP3834800009,0.0
2023,AU000000STO6,0.0
2023,JP3733000008,2.8026677975073317e-16
2023,SG1M77906915,0.051362264952588506
2023,AU000000CSR5,0.0
2023,SG0531000230,3.2087105965583437e-16
2023,HK0388045442,0.0
2023,JP3942400007,2.113092176336276e-16
2023,JP3814800003,0.0
2023,AU000000MND5,0.0
2023,JP3143000002,7.843173226788119e-17
2023,AU000000ABC7,0.0
2023,HK0293001514,0.0
2023,JP3495000006,1.358355490084932e-16
2023,JP3198900007,2.8527045553797244e-16
2023,JP3164800009,0.0
2023,JP3762600009,0.0
2023,JP3711200000,8.094809844052087e-17
2023,JP3320800000,2.073444174382996e-17
2023,JP3659000008,5.190887327352092e-17
2023,JP3738600000,0.0
2023,BMG988031446,0.0
2023,JP3830000000,1.7825745013606473e-16
2023,JP3242800005,0.0
2023,JP3443600006,3.23870819182531e-17
2023,JP3131400008,0.0
2023,JP3357200009,4.7586672245746434e-17
2023,JP3411000007,3.3866747999557434e-16
2023,JP3665200006,0.0
2023,KYG525621408,0.0
2023,AU000000SGM7,1.9097186932930758e-17
2023,JP3596200000,0.0
2023,JP3368000000,0.0
2023,HK0392044647,0.0
2023,JP3215800008,0.0
2023,JP3940400009,1.0034881373614427e-16
2023,JP3599000001,0.0
2023,BMG668971101,0.0
2023,JP3906000009,3.9156829748580664e-17
2023,JP3436120004,0.0
2023,AU000000ALL7,0.0
2023,JP3358800005,0.0
2023,HK0823032773,2.388432907414542e-16
2023,JP3289800009,0.0
2023,HK0003000038,0.005241004609656819
2023,JP3322930003,4.790565230150001e-19
2023,JP3180400008,0.04711116438455685
2023,JP3551520004,0.0
2023,JP3634600005,0.0
2023,AU000000AMP6,0.0
2023,JP3143600009,0.0
2023,JP3765400001,1.1715211031114733e-16
2023,AU000000ERA9,3.177815233231095e-17
2023,HK0010000088,0.0
2023,HK0011000095,0.016564834432143904
2023,JP3209000003,0.0
2023,JP3201200007,0.0
2023,HK0004000045,5.131058052971314e-16
2023,JP3667600005,0.0
2023,JP3196000008,1.9088128506743554e-17
2023,AU000000SGP0,0.0
2023,JP3792600003,0.0
2023,JP3493800001,0.0
2023,AU000000WBC1,0.0
2023,JP3613000003,0.030293048680708888
2023,SG1S04926220,0.0
2023,JP3156400008,0.0
2023,JP3404600003,0.0
2023,JP3663900003,0.0
2023,HK0242001243,0.0
2023,JP3126340003,8.187399839493337e-17
2023,JP3688370000,1.2076012647584433e-17
2023,AU000000CGF5,1.065669857766042e-17
2023,JP3802400006,0.0
2023,JP3481800005,0.0
2023,SG1F60858221,0.002605136576951502
2023,JP3890350006,0.0
2023,JP3420600003,0.0
2023,JP3902400005,0.0
2023,BMG677491539,5.6200470223367085e-18
2023,SG1S76928401,0.0
2023,NZCENE0001S6,3.6310698789317765e-18
2023,AU000000IAG3,4.9034264505857425e-17
2023,JP3190000004,0.0
2023,JP3678000005,0.0
2023,JP3854600008,0.0
2023,HK2388011192,1.6360290382698285e-16
2023,JP3283650004,8.233227565463786e-16
2023,JP3726200003,5.378877343961253e-17
2023,KYG5427W1309,0.0
2023,JP3172100004,0.0
2023,HK0144000764,1.3757883144296494e-16
2023,JP3116000005,0.0
2023,JP3263000006,1.9241445128218064e-16
2023,JP3040890000,0.00196152711559942
2023,IE00BKVD2N49,1.7479485695354046e-16
2023,JP3613400005,0.0
2023,JP3551500006,3.375379073234883e-17
2023,JP3894900004,6.126957594396116e-17
2023,JP3358200008,0.0
2023,JP3796150005,0.004038405384918176
2023,JP3951600000,5.105613275969903e-16
2023,JP3726800000,9.178328275924672e-17
2023,HK0291001490,0.0
2023,JP3756100008,0.0
2023,JP3122400009,0.0
2023,JP3258000003,5.379122648382069e-17
2023,JP3223800008,0.0
2023,BMG2624N1535,4.863019160231427e-17
2023,JP3625000009,0.0
2023,AU000000APA1,1.963288471382992e-17
2023,AU000000QBE9,0.0
2023,AU000000ELD6,7.584690638132889e-17
2023,JP3992400006,0.0010478436106657583
2023,JP3388200002,0.0
2023,JP3271400008,0.0
2023,AU000000SWM4,0.0
2023,JP3733400000,0.0
2023,JP3933800009,0.0
2023,JP3802300008,0.0
2023,JP3505000004,1.83072410783279e-17
2023,JP3885400006,2.0859741995941204e-17
2023,SG1R50925390,0.0
2023,JP3903000002,0.0
2023,JP3973400009,0.0
2023,JP3519400000,0.0
2023,JP3635000007,0.0
2023,AU000000ANZ3,0.0
2023,AU000000ILU1,0.0
2023,AU000000TLS2,0.0
2023,JP3280200001,9.814360415272473e-17
2023,JP3762800005,0.0
2023,AU000000MGR9,0.0
2023,JP3676800000,1.221265998902915e-16
2023,JP3902000003,0.0
2023,JP3118000003,2.671421757784373e-17
2023,BMG2442N1048,2.2815436529683305e-17
2023,JP3888400003,0.0
2023,NZFBUE0001S0,0.0
2023,AU000000ANN9,0.0
2023,JP3173400007,1.6255286920932849e-16
2023,AU000000CPU5,0.0
2023,JP3499800005,0.0
2023,AU000000QAN2,0.0
2023,JP3300600008,0.0
2023,SG1T75931496,0.0
2023,JP3721400004,0.0
2023,HK0083000502,2.878237705959876e-16
2023,JP3402600005,0.0
2023,JP3119600009,0.02014599380890558
2023,AU000000LLC3,0.0
2023,JP3835620000,4.1544537463866904e-16
2023,BMG8403G1033,0.0
2023,JP3526600006,1.0514573107057802e-16
2023,JP3900000005,1.7155419638753864e-16
2023,JP3869010003,2.0530271872500769e-16
2023,JP3165600002,0.0
2023,BMG2178K1009,0.0
2023,JP3837800006,0.0
2023,JP3684000007,0.0
2023,JP3347200002,1.9841268173124843e-16
2023,JP3811000003,0.0
2023,JP3137200006,0.0
2023,AU000000SHL7,0.0
2023,JP3774200004,0.0012171155987851022
2023,JP3407400005,0.0
2023,JP3735400008,0.05265568210787258
2023,JP3919800007,3.778698544178029e-17
2023,JP3449020001,0.0
2023,AU000000BEN6,0.0
2023,SG1N31909426,0.0
2023,HK0440001847,8.535595558990952e-17
2023,BMG2108M2182,0.0
2023,AU000000TAH8,0.0
2023,JP3243600008,1.4654441677173508e-16
2023,SG1B51001017,0.0
2023,SG9999003735,0.0
2023,AU000000CIM7,1.4473091081736545e-16
2023,AU000000GMG2,5.642967748386757e-17
2023,HK0200030994,2.6928782290939074e-16
2023,JP3890310000,4.458973774439694e-16
2023,SG1J26887955,0.0031718901028501703
2023,JP3111200006,0.0
2023,JP3419400001,0.0
2023,BMG4600H1198,1.5917523564548608e-16
2023,JP3588600001,0.0
2023,AU000000WES1,0.0
2023,JP3573000001,0.05579563708432144
2023,JP3194000000,3.9351239082842344e-17
2023,AU000000WOR2,0.0
2023,JP3566800003,1.2014765616190706e-16
2023,HK0000608585,2.276407619548595e-16
2023,JP3421100003,0.0
2023,JP3397200001,0.0
2023,JP3845400005,0.0
2023,JP3982100004,0.02870037303302582
2023,AU000000CSL8,0.0
2023,AU000000NAB4,0.0
2023,JP3870400003,0.0
2023,JP3166000004,0.0
2023,JP3898400001,0.0
2023,JP3358000002,4.143182855293682e-16
2023,AU000000MAH3,0.0
2023,AU000000SIG5,7.678216879191412e-16
2023,JP3522200009,0.0
2023,JP3270000007,6.4557947165490835e-18
2023,SG1M31001969,0.0
2023,JP3670800006,0.0
2023,AU000000ORG5,0.0
2023,AU000000BWP3,1.2916596011024494e-16
2023,JP3888300005,0.0
2023,AU000000TCL6,4.503209075790384e-16
2023,JP3868400007,0.0
2023,JP3027670003,0.026274620798876998
2023,JP3768600003,0.056146325905299645
2023,HK0270001396,0.0
2023,AU000000IFL2,2.685963877455437e-16
2023,JP3246400000,0.0
2023,JP3672400003,0.0
2023,JP3126400005,3.884032119777444e-17
2023,JP3486800000,0.0
2023,BMG5320C1082,4.0507359732931546e-17
2023,JP3304200003,0.0
2023,HK0836012952,0.0
2023,JP3475350009,1.2183458188103577e-17
2023,JP3582600007,0.0
2023,JP3535800001,3.7574704897920853e-17
2023,JP3560800009,0.0
2023,JP3718800000,2.521393852003242e-19
2023,JP3165700000,0.0
2023,AU000000CWY3,0.0
2023,JP3409000001,0.0
2023,JP3405400007,0.0
2023,JP3783420007,2.0624451038264583e-16
2023,HK0066009694,0.022834609276643193
2023,JP3814000000,0.021173555689549112
2023,JP3633400001,0.01580025030602006
2023,AU0000033359,0.0
2023,JP3400900001,0.0
2023,JP3027680002,0.05687052314120699
2023,JP3203500008,0.0
2023,JP3229400001,0.0
2023,JP3398000004,1.5849367285929685e-16
2023,JP3780100008,0.0
2023,AU0000088338,0.0
2023,JP3734800000,0.0
2023,AU000000CBA7,0.0
2023,JP3600200004,2.520618761328581e-16
2023,KYG210961051,2.037486814591449e-16
2023,JP3502200003,1.171642015588978e-16
2023,JP3549600009,0.0
2023,HK0000055878,2.1779874050561334e-16
2023,JP3435000009,0.0
2023,AU000000GPT8,0.0
2023,JP3459600007,0.0
2023,JP3134800006,0.0
2023,MU0117U00026,0.0
2023,HK0101000591,2.304175561940129e-16
2023,SG1R89002252,3.266856420062854e-16
2023,JP3351500008,0.0
2023,JP3619800000,0.0
2023,JP3862400003,1.0826405206380113e-16
2023,JP3496400007,0.011466921678523204
2023,JP3456000003,2.588202375325031e-17
2023,JP3955000009,0.0
2023,JP3305990008,4.19156691199345e-16
2023,SG1V61937297,0.0
2023,JP3158800007,0.0
2023,AU000000SUN6,0.0
2023,HK0006000050,0.0029727027369761162
2023,JP3910660004,0.023926153629161735
2023,JP3899600005,0.0
2023,BMG524401079,5.379475157244567e-16
2023,AU000000DOW2,0.0
2023,HK0014000126,4.738108107888865e-16
2023,JP3274400005,0.00023177365497081877
2023,JP3305530002,5.2041120732479573e-17
2023,AU000000SEK6,3.1585385318442917e-16
2023,NZAIRE0001S2,0.0
2023,JP3205800000,9.0304050492088e-17
2023,JP3819400007,0.1886817338727151
2023,AU000000BHP4,0.0
2023,AU000000MTS0,3.0680545412430994e-16
2023,JP3385980002,1.5203789050820607e-17
2023,JP3494600004,8.549102526337405e-17
2023,JP3827200001,0.0
2023,BMG8063F1068,4.7875501353980327e-17
2023,AU000000WOW2,2.1008914960633474e-17
2023,NZSKCE0001S2,1.8181805967414727e-16
2023,JP3788600009,0.0
2023,JP3305800009,0.0
2023,AU000000RHC8,1.893211978085096e-16
2023,JP3931600005,1.366222209883494e-16
2023,AU000000SBM8,0.0
2023,JP3967200001,0.0
2023,SG1L01001701,0.0
2023,JP3197600004,4.547357786427243e-16
2023,JP3389900006,0.0
2023,JP3276400003,7.01498719177991e-16
2023,JP3778630008,4.483840719274528e-16
2023,AU000000GWA4,3.8713800929451487e-16
2023,JP3657400002,0.0
2023,JP3293200006,9.567727538164411e-18
2023,SG1S83002349,3.435863031751249e-16
2023,JP3634200004,0.0
2023,JP3684400009,0.0
2023,JP3336000009,7.444693093781968e-17
2023,HK0002007356,0.07849994621545538
2023,JP3579800008,1.2145426234170645e-17
2023,JP3359600008,0.0
2023,JP3896800004,0.0
2023,US89677Q1076,9.097758074212973e-16
2023,JP3902900004,0.0
2023,JP3122800000,0.0
2023,JP3574200006,5.594025830381638e-17
2023,JP3789000001,0.012086221635942085
2023,JP3841800000,0.0
2023,AU000000SXL4,0.0
2023,JP3415400005,0.0
2023,JP3893600001,0.0
2023,JP3381000003,0.0
2023,AU000000DXS1,0.0
2023,JP3977400005,1.289582656809524e-16
2023,JP3249600002,0.0
2023,JP3108600002,1.182713168153922e-16
2023,SG2B80958517,3.155499860147795e-16
2023,HK0165000859,7.965679320807123e-16
2023,JP3546800008,3.101890092706396e-17
2023,JP3148800000,0.0
2023,JP3743000006,0.0
2023,JP3771800004,0.0
2023,JP3162600005,6.925397328110841e-17
2023,JP3210200006,6.131618883057378e-17
2023,JP3228600007,0.0
2023,HK0016000132,3.7432097573597893e-16
2023,SG9999000020,2.9968498643799054e-17
2023,AU000000MQG1,3.394118401911315e-17
2023,JP3732200005,1.6959778645770238e-16
2023,JP3493400000,0.0
2023,HK0363006039,0.0
2023,JP3300200007,0.0
2023,JP3935600001,0.0
2023,KYG217651051,0.0
2023,JP3940000007,2.05849867311461e-17
2023,JP3452000007,0.0
2023,JP3769000005,3.0762795584651984e-16
2023,JP3197800000,0.0
2023,KYG0535Q1331,0.0
2023,JP3942800008,0.0
2023,JP3551200003,0.0
2023,HK0008011667,0.03872667420593759
2023,JP3982800009,0.0
2023,JP3351600006,6.824517866197418e-16
2023,JP3850200001,0.0
2023,JP3866800000,0.0
2023,JP3292200007,0.0
2023,HK0000745908,3.4472007006850956e-16
2023,JP3571400005,0.0
2023,JP3386030005,0.0
2023,JP3362700001,0.0
2023,JP3429800000,0.0
2023,AU000000JBH7,1.0202612139769139e-16
2023,AU000000BLD2,0.0
2023,JP3294460005,0.0
2023,JP3268950007,4.45413115202598e-17
2023,AU000000COH5,0.0
2023,JP3371200001,0.0
2023,JP3711600001,0.0
2023,JP3544000007,0.0
2023,JP3658850007,4.504627893762494e-16
2023,JP3939000000,1.707693853981868e-16
2023,HK0000139300,0.0
2023,JP3548610009,4.80763608026017e-17
2023,JP3870000001,0.0
2023,JP3436100006,0.0
2023,JP3277800003,9.917746303971022e-17
2023,HK2380027329,0.0
2023,JP3414750004,0.0
2023,SGXE34184239,1.275859112683409e-16
2023,HK0688002218,6.006152201637554e-16
2023,AU0000224040,0.0
2023,HK0019000162,0.0
2023,JP3463000004,1.5815281956801134e-16
2023,JP3695200000,0.0
2023,AU000000BOQ8,0.0
2023,JP3404200002,0.0
2023,AU000000CQR9,0.0
2023,JP3595200001,0.0
2023,JP3877600001,0.0
2023,JP3352400000,4.247937279243229e-17
2023,JP3635400009,0.0
2023,JP3742600004,7.740682114896115e-18
2023,JP3605400005,0.0
2023,JP3260800002,9.040102248214995e-17
2023,JP3766550002,5.570095189552906e-17
2023,JP3539220008,0.0
2023,AU000000IGO4,0.0
2023,JP3528600004,0.0
2023,JP3753000003,0.0
2023,AU000000BSL0,0.0
2023,JP3350800003,0.0
2023,HK0000049939,0.0
2023,JP3375800004,0.0
2023,HK0012000102,1.9454819492100054e-16
2023,JP3421800008,0.06644718924418222
2023,JP3942600002,5.591769021592361e-17
2023,KYG2108Y1052,1.9982639710007633e-16
2023,JP3266400005,0.0
2023,JP3820000002,0.0
2023,NZAIAE0002S6,0.0
2023,JP3240400006,0.0
2023,JP3407200009,8.62289724074994e-17
2023,JP3256000005,0.0
2023,JP3799000009,0.0
2023,JP3164630000,7.32009261038907e-16
2023,BMG684371393,0.0
2023,JP3675600005,8.809738187809067e-17
2024,JP3351100007,7.66187127510255e-17
2024,JP3326410002,1.1834897324545233e-16
2024,JP3626800001,0.0
2024,JP3425000001,0.0
2024,JP3200450009,0.0
2024,JP3174410005,0.0
2024,HK0023000190,4.3371706389810943e-17
2024,JP3598600009,7.060244384818927e-17
2024,HK0308001558,0.0
2024,JP3818000006,0.0
2024,JP3893200000,1.513943593663761e-17
2024,AU000000PPT9,0.0
2024,JP3621000003,0.0
2024,JP3597800006,1.5076687915866135e-17
2024,BMG507361001,0.0
2024,JP3914400001,0.0
2024,JP3826800009,5.2471458870996096e-18
2024,AU000000ORI1,0.0
2024,KYG9431R1039,1.1424798785656702e-17
2024,SG1U68934629,0.0
2024,JP3511800009,7.484113362792553e-17
2024,JP3385820000,0.0
2024,JP3756600007,1.3496993677389492e-16
2024,JP3585800000,3.913419568961165e-17
2024,JP3188220002,2.893723265931803e-17
2024,SG1M51904654,2.4752165916854354e-17
2024,JP3419050004,7.159511719308886e-17
2024,JP3039710003,0.0
2024,JP3783600004,0.0
2024,AU000000FLT9,0.0
2024,AU000000BPT9,0.0
2024,AU000000ASX7,3.4127739193644175e-17
2024,JP3112000009,0.0
2024,JP3491000000,0.0
2024,NZTELE0001S4,0.002031648267272026
2024,JP3219000001,7.455774389468604e-18
2024,JP3131430005,5.312963652952735e-17
2024,JP3401400001,0.0
2024,JP3830800003,0.004376094771856108
2024,JP3720800006,4.3128876593739195e-18
2024,JP3485800001,0.0
2024,AU000000IRE2,0.0
2024,JP3102000001,0.0
2024,JP3787000003,0.0
2024,SGXE21576413,0.0
2024,JP3224200000,1.7714251937714757e-17
2024,JP3538800008,0.0
2024,JP3629000005,2.5477244950259226e-17
2024,JP3638600001,0.0
2024,SG1T58930911,0.0
2024,JP3269600007,0.0
2024,JP3352000008,0.04224449821970609
2024,JP3160400002,2.3205942240131603e-17
2024,JP3944130008,5.601352704357003e-17
2024,JP3834800009,5.097412442633576e-17
2024,AU000000STO6,0.0
2024,JP3733000008,3.51907555276951e-17
2024,SG1M77906915,0.031354392727630485
2024,SG0531000230,0.0
2024,HK0388045442,0.0
2024,JP3942400007,4.34973708364002e-17
2024,JP3814800003,0.005169021507873282
2024,AU000000MND5,0.0
2024,JP3143000002,3.892601777249407e-17
2024,AU000000ABC7,0.0
2024,HK0293001514,0.0
2024,JP3495000006,4.56539270685354e-17
2024,JP3198900007,5.722354115974496e-17
2024,JP3164800009,0.0
2024,JP3762600009,0.0
2024,JP3711200000,1.341022847814163e-17
2024,JP3320800000,2.670474208850514e-18
2024,JP3659000008,1.0799218392765407e-17
2024,JP3738600000,6.324890135920688e-18
2024,BMG988031446,3.147507618129829e-18
2024,JP3830000000,3.347132184217875e-17
2024,JP3242800005,0.0
2024,JP3443600006,3.45082505516857e-17
2024,JP3131400008,1.2399072148510655e-16
2024,JP3357200009,3.799184768908254e-17
2024,JP3411000007,1.5644026224955164e-16
2024,JP3665200006,2.329147019292564e-17
2024,KYG525621408,0.0
2024,AU000000SGM7,1.4073066990491942e-18
2024,JP3596200000,0.0
2024,JP3368000000,0.0
2024,HK0392044647,0.0
2024,JP3215800008,0.0
2024,JP3940400009,1.267183031515123e-18
2024,JP3599000001,0.0
2024,BMG668971101,0.0
2024,JP3906000009,0.0
2024,JP3436120004,6.000224586841042e-18
2024,AU000000ALL7,0.0
2024,JP3358800005,8.30818614768264e-18
2024,HK0823032773,0.0
2024,JP3289800009,0.0
2024,HK0003000038,0.019912998815030985
2024,JP3322930003,0.0
2024,JP3180400008,0.05695822032750712
2024,JP3551520004,0.0
2024,JP3634600005,0.0
2024,AU000000AMP6,0.0
2024,JP3143600009,9.626672880132469e-18
2024,JP3765400001,3.6954929425929915e-17
2024,AU000000ERA9,2.572194028139893e-17
2024,HK0010000088,0.0
2024,HK0011000095,0.03028261578614532
2024,JP3209000003,0.0
2024,JP3201200007,0.0
2024,HK0004000045,5.3921528460490185e-17
2024,JP3667600005,0.0
2024,JP3196000008,3.4801908143780844e-17
2024,AU000000SGP0,0.0
2024,JP3792600003,0.0
2024,JP3493800001,1.6332239401463105e-17
2024,AU000000WBC1,0.0
2024,JP3613000003,0.005053586555159019
2024,SG1S04926220,0.0
2024,JP3156400008,0.0
2024,JP3404600003,0.0
2024,JP3663900003,0.0
2024,HK0242001243,0.0
2024,JP3126340003,5.1772373298910536e-17
2024,JP3688370000,4.788774182140829e-18
2024,AU000000CGF5,0.0
2024,JP3802400006,0.0
2024,JP3481800005,0.0
2024,SG1F60858221,0.012706146102804025
2024,JP3890350006,0.0
2024,JP3420600003,5.7208257418988104e-18
2024,JP3902400005,8.594666919115663e-18
2024,BMG677491539,0.0
2024,SG1S76928401,0.0
2024,NZCENE0001S6,0.0
2024,AU000000IAG3,6.743664415769298e-17
2024,JP3190000004,9.421195693769277e-18
2024,JP3678000005,0.0
2024,JP3854600008,1.5595452794978813e-17
2024,HK2388011192,4.106571189427711e-17
2024,JP3283650004,1.2859352912814867e-16
2024,JP3726200003,1.6153135898790744e-17
2024,KYG5427W1309,0.0
2024,JP3172100004,0.0
2024,HK0144000764,7.795203853649323e-18
2024,JP3116000005,0.0
2024,JP3263000006,0.001415286796413476
2024,JP3040890000,0.0
2024,IE00BKVD2N49,2.0970257823558922e-17
2024,JP3613400005,0.0
2024,JP3551500006,0.0
2024,JP3894900004,1.6319767594003542e-17
2024,JP3358200008,6.773622097783067e-17
2024,JP3796150005,0.016736732328962077
2024,JP3951600000,1.4544446485968338e-16
2024,JP3726800000,4.9207204589745257e-17
2024,HK0291001490,0.0
2024,JP3756100008,6.716616525174775e-17
2024,JP3122400009,0.0
2024,JP3258000003,3.3078860266036766e-17
2024,JP3223800008,0.0
2024,BMG2624N1535,5.229862689555191e-18
2024,JP3625000009,0.0
2024,AU000000APA1,0.0
2024,AU000000QBE9,0.0
2024,AU000000ELD6,0.0
2024,JP3992400006,0.011771228785415243
2024,JP3388200002,3.245884226488896e-17
2024,JP3271400008,8.102537287767836e-18
2024,AU000000SWM4,0.0
2024,JP3733400000,0.0
2024,JP3933800009,0.0
2024,JP3802300008,0.0
2024,JP3505000004,0.0
2024,JP3885400006,3.0308565458107197e-20
2024,SG1R50925390,0.0
2024,JP3903000002,0.0
2024,JP3973400009,0.0
2024,JP3519400000,2.2634051967386297e-17
2024,JP3635000007,0.0
2024,AU000000ANZ3,0.0
2024,AU000000ILU1,0.0
2024,AU000000TLS2,0.0
2024,JP3280200001,2.491044250959462e-17
2024,JP3762800005,0.0
2024,AU000000MGR9,0.0
2024,JP3676800000,5.726046609270814e-18
2024,JP3902000003,2.234363717989947e-18
2024,JP3118000003,0.0
2024,BMG2442N1048,0.0
2024,JP3888400003,0.0
2024,NZFBUE0001S0,0.0
2024,AU000000ANN9,0.0
2024,JP3173400007,3.9905975584457544e-18
2024,AU000000CPU5,0.0
2024,JP3499800005,9.060851267652867e-17
2024,AU000000QAN2,0.0
2024,JP3300600008,0.0
2024,SG1T75931496,0.0
2024,JP3721400004,0.0
2024,HK0083000502,2.3330537442861187e-17
2024,JP3402600005,0.0
2024,JP3119600009,0.021057329127509697
2024,AU000000LLC3,0.0
2024,BMG8403G1033,0.0
2024,JP3526600006,4.763289965025311e-17
2024,JP3900000005,3.0297989644604757e-17
2024,JP3869010003,1.576926937079268e-16
2024,JP3165600002,0.0
2024,BMG2178K1009,0.0
2024,JP3837800006,1.8184082348108855e-18
2024,JP3684000007,0.0
2024,JP3347200002,3.9966898613694403e-17
2024,JP3811000003,3.1773220837009674e-17
2024,JP3137200006,0.0
2024,AU000000SHL7,0.0
2024,JP3774200004,1.3656886503399548e-17
2024,JP3407400005,8.330275640093862e-18
2024,JP3735400008,0.057861381918021496
2024,JP3919800007,2.6367363867414887e-17
2024,JP3449020001,0.0
2024,AU000000BEN6,0.0
2024,SG1N31909426,0.0
2024,HK0440001847,5.514667834322653e-17
2024,BMG2108M2182,0.0
2024,AU000000TAH8,0.0
2024,JP3243600008,0.0
2024,SG1B51001017,0.0
2024,SG9999003735,0.0
2024,AU000000CIM7,2.920021321505499e-18
2024,AU000000GMG2,0.0
2024,HK0200030994,1.3139466685669879e-17
2024,JP3890310000,8.198668998952555e-17
2024,SG1J26887955,2.602829512116032e-17
2024,JP3111200006,0.0
2024,JP3419400001,1.3288335776612553e-17
2024,BMG4600H1198,0.0
2024,JP3891600003,0.0
2024,JP3588600001,0.0
2024,AU000000WES1,0.0
2024,JP3573000001,0.04272289085598572
2024,JP3194000000,6.336563256813411e-18
2024,AU000000WOR2,0.0
2024,JP3566800003,3.3991673381444764e-17
2024,HK0000608585,0.0
2024,JP3421100003,7.728129877025808e-18
2024,JP3397200001,0.0
2024,JP3845400005,0.0
2024,AU000000CSL8,0.0
2024,AU000000NAB4,0.0
2024,JP3870400003,0.0
2024,JP3166000004,0.0
2024,JP3898400001,0.0
2024,JP3358000002,1.2711700391524474e-16
2024,AU000000MAH3,0.0
2024,AU000000SIG5,1.1192231232476713e-16
2024,JP3522200009,0.0
2024,JP3270000007,0.0
2024,SG1M31001969,0.0
2024,JP3670800006,0.0
2024,AU000000ORG5,0.0
2024,AU000000BWP3,0.0
2024,JP3888300005,0.0
2024,AU000000TCL6,0.0
2024,JP3868400007,1.6246177172529127e-17
2024,JP3027670003,0.026287991700631248
2024,JP3768600003,0.022434863402025367
2024,HK0270001396,0.0
2024,AU000000IFL2,0.0
2024,JP3246400000,0.0
2024,JP3672400003,7.080032375591832e-18
2024,JP3126400005,0.0
2024,JP3486800000,1.19934822882717e-18
2024,BMG5320C1082,2.2975692956671243e-18
2024,JP3304200003,0.0
2024,HK0836012952,0.0
2024,JP3475350009,1.725675566345521e-16
2024,JP3582600007,3.911197162385257e-17
2024,JP3535800001,4.1239096994041725e-17
2024,JP3560800009,0.0
2024,JP3718800000,0.0
2024,JP3165700000,0.0
2024,AU000000CWY3,0.0
2024,JP3409000001,3.165259901061819e-17
2024,JP3405400007,0.0
2024,JP3783420007,2.848542331717106e-17
2024,HK0066009694,0.01549174712522654
2024,JP3814000000,0.019056700364398615
2024,JP3633400001,0.0163187758008491
2024,AU0000033359,0.0
2024,JP3400900001,0.0
2024,JP3027680002,0.05003771327538902
2024,JP3203500008,1.1277880358310277e-16
2024,JP3229400001,0.0
2024,JP3398000004,3.517227005747714e-17
2024,JP3780100008,0.0
2024,AU0000088338,0.0
2024,JP3734800000,0.0
2024,AU000000CBA7,0.0
2024,JP3600200004,1.0069765081864406e-16
2024,KYG210961051,3.527343845341657e-18
2024,JP3502200003,0.0
2024,JP3549600009,0.0
2024,HK0000055878,0.0
2024,JP3435000009,0.0
2024,AU000000GPT8,0.0
2024,JP3459600007,2.814842097427543e-18
2024,JP3134800006,0.0
2024,MU0117U00026,0.0
2024,HK0101000591,6.860094601064226e-17
2024,SG1R89002252,3.9416388444503524e-17
2024,JP3351500008,3.5395715461207646e-17
2024,JP3619800000,0.0
2024,JP3862400003,0.0
2024,JP3496400007,0.013427185906710671
2024,JP3456000003,1.796660833456867e-17
2024,JP3336600006,2.0399753603380664e-17
2024,JP3955000009,0.0
2024,JP3305990008,6.55066276715039e-17
2024,SG1V61937297,0.0
2024,JP3158800007,0.0
2024,AU000000SUN6,0.0
2024,HK0006000050,0.0
2024,JP3910660004,0.03677397647739251
2024,JP3899600005,2.6335343277661306e-17
2024,BMG524401079,1.2353525797218078e-16
2024,AU000000DOW2,0.0
2024,HK0014000126,9.518517761430917e-17
2024,JP3274400005,0.021050686663723804
2024,JP3305530002,1.0256241697932384e-17
2024,AU000000SEK6,0.0
2024,NZAIRE0001S2,0.0
2024,JP3205800000,2.3014761612451057e-17
2024,JP3819400007,0.1981904538028268
2024,AU000000BHP4,0.0
2024,AU000000MTS0,9.89864641802236e-17
2024,JP3494600004,0.0
2024,JP3827200001,0.0
2024,BMG8063F1068,0.0
2024,AU000000WOW2,0.0011346383048923324
2024,NZSKCE0001S2,0.0
2024,JP3788600009,0.0
2024,JP3305800009,4.130775929082422e-17
2024,AU000000RHC8,0.0
2024,JP3931600005,2.6600836262671812e-17
2024,AU000000SBM8,0.0
2024,JP3967200001,0.0
2024,SG1L01001701,0.0
2024,JP3197600004,1.0306754868856566e-16
2024,JP3389900006,0.0
2024,JP3276400003,1.9966960306754452e-16
2024,JP3778630008,0.0076960651138568755
2024,AU000000GWA4,0.0
2024,JP3657400002,0.0
2024,JP3293200006,1.650568198112983e-17
2024,SG1S83002349,4.3221317026193186e-17
2024,JP3634200004,1.2806723144959606e-18
2024,JP3684400009,0.0
2024,JP3336000009,4.5603850734014335e-17
2024,HK0002007356,0.08876322691096152
2024,JP3579800008,0.0
2024,JP3359600008,1.182063682728351e-17
2024,JP3896800004,0.0
2024,US89677Q1076,5.192518458316227e-17
2024,JP3902900004,5.049864519540952e-17
2024,JP3122800000,0.0
2024,JP3574200006,1.663087874171289e-17
2024,JP3789000001,0.0051712600298645505
2024,JP3841800000,0.0
2024,AU000000SXL4,0.0
2024,JP3415400005,0.0
2024,JP3893600001,0.0
2024,JP3381000003,0.0
2024,AU000000DXS1,0.0
2024,JP3977400005,2.8408451082809273e-17
2024,JP3249600002,0.0
2024,JP3108600002,6.39681108980461e-20
2024,SG2B80958517,4.777810798221359e-17
2024,HK0165000859,0.0
2024,JP3546800008,2.430698238186598e-17
2024,JP3148800000,0.0
2024,JP3743000006,0.0
2024,JP3771800004,0.0
2024,JP3162600005,1.8734831731032616e-18
2024,JP3210200006,2.4411293959538112e-17
2024,JP3228600007,0.0
2024,HK0016000132,0.0
2024,SG9999000020,0.0
2024,AU000000MQG1,0.0
2024,JP3732200005,0.0
2024,JP3493400000,0.0
2024,HK0363006039,0.0
2024,JP3300200007,0.0
2024,JP3935600001,5.6764986521204885e-18
2024,KYG217651051,0.0
2024,JP3940000007,0.0
2024,JP3452000007,0.0
2024,JP3769000005,1.0883531907703545e-16
2024,JP3197800000,0.0
2024,KYG0535Q1331,4.812748045958224e-20
2024,JP3942800008,0.0
2024,JP3152740001,1.8617926618623596e-16
2024,JP3551200003,0.0
2024,HK0008011667,0.05643594687352403
2024,JP3982800009,0.0
2024,JP3351600006,0.0
2024,JP3850200001,0.0
2024,JP3866800000,0.0
2024,JP3292200007,0.0
2024,HK0000745908,0.0
2024,JP3571400005,0.0
2024,JP3386030005,0.0
2024,JP3362700001,0.0
2024,JP3429800000,0.0
2024,AU000000JBH7,0.0
2024,JP3294460005,0.0
2024,JP3268950007,2.1146744376054645e-17
2024,AU000000COH5,0.0
2024,JP3371200001,0.0
2024,JP3711600001,0.0
2024,JP3544000007,0.0
2024,JP3658850007,2.0708792338996682e-16
2024,JP3939000000,3.380017352400133e-17
2024,HK0000139300,0.0
2024,JP3548610009,0.0
2024,JP3870000001,0.0
2024,JP3436100006,0.0
2024,JP3277800003,2.680317503517852e-17
2024,HK2380027329,0.0
2024,JP3414750004,0.0
2024,SGXE34184239,0.0
2024,HK0688002218,1.0449958137245675e-17
2024,AU0000224040,0.0
2024,HK0019000162,0.0
2024,JP3463000004,2.368197672237808e-17
2024,JP3695200000,0.0
2024,AU000000BOQ8,0.0
2024,JP3404200002,0.0
2024,AU000000CQR9,0.0
2024,JP3595200001,0.0
2024,JP3877600001,0.0
2024,JP3352400000,1.3710451947624897e-18
2024,JP3635400009,2.1712812135201472e-17
2024,JP3742600004,0.0
2024,JP3605400005,0.0
2024,JP3260800002,1.2810216941575166e-17
2024,JP3766550002,0.0
2024,JP3539220008,8.69052407934106e-17
2024,AU000000IGO4,0.0
2024,JP3528600004,0.0
2024,JP3753000003,0.0
2024,AU000000BSL0,0.0
2024,JP3350800003,0.0
2024,HK0000049939,0.0
2024,JP3375800004,0.0
2024,HK0012000102,0.0
2024,JP3421800008,0.05266939374409691
2024,JP3942600002,4.3149039058821624e-17
2024,KYG2108Y1052,2.1384401351431743e-17
2024,JP3266400005,0.0
2024,JP3820000002,0.0
2024,NZAIAE0002S6,0.0
2024,JP3240400006,0.0
2024,JP3407200009,2.1925042241992405e-17
2024,JP3256000005,3.28430412456128e-17
2024,JP3799000009,3.4362717281015704e-17
2024,JP3164630000,8.003742359548755e-17
2024,BMG684371393,0.0
2024,JP3675600005,0.007405301610331346
