Year,ISIN,Weight
2013,JP3505000004,0.003588121217106302
2013,AU000000QAN2,0.0010968648268243088
2013,HK0003000038,0.0081901519548159
2013,SG1U68934629,0.005552450832173
2013,JP3778630008,0.0010178607154359102
2013,SGXE21576413,0.005003098767709515
2013,JP3811000003,0.00035007035385372796
2013,JP3792600003,0.001953526543242831
2013,JP3977400005,0.0013551314960536024
2013,JP3210200006,0.0010356088079693606
2013,AU000000ASX7,0.002144912649868075
2013,AU000000SBM8,0.0002669227504239852
2013,JP3940000007,0.0025479797256713933
2013,JP3890350006,0.018569121734364827
2013,JP3463000004,0.013280771821329147
2013,AU000000MGR9,0.0019091200511318156
2013,BMG677491539,0.0014972201645774032
2013,JP3452000007,0.00034041897126465555
2013,SG9999000020,0.0013888883933579146
2013,HK0006000050,0.00614458317381685
2013,JP3443600006,0.0011385487882991422
2013,JP3819400007,0.0012058486762234262
2013,JP3711600001,0.0009223858407577205
2013,AU000000SHL7,0.0019302110473672376
2013,HK0019000162,0.0037880596298766
2013,JP3733000008,0.0022650140775611095
2013,JP3405400007,0.0008514684826553471
2013,JP3112000009,0.0025758185275704176
2013,NZAIAE0002S6,0.001046326121764604
2013,JP3582600007,0.0006524859166798681
2013,AU000000CSL8,0.00952293727929292
2013,JP3830800003,0.0070843605038078935
2013,JP3495000006,0.0018337036505198425
2013,AU000000DXS1,0.0017657293861933253
2013,AU000000MQG1,0.004634677230408446
2013,JP3519400000,0.0037382827424593374
2013,JP3951600000,0.0036165621804576144
2013,JP3942400007,0.007857305632801808
2013,JP3526600006,0.003045604855645647
2013,JP3726800000,0.021308514434403958
2013,AU000000WBC1,0.030375603926050772
2013,HK0010000088,0.0027136728993492672
2013,JP3201200007,0.002094254754301478
2013,HK0002007356,0.00689822000650103
2013,JP3657400002,0.0037145157109483217
2013,JP3165600002,0.0005501190584573137
2013,SG1R50925390,0.002583531350569376
2013,AU0000088338,0.0017859653625493111
2013,JP3891600003,0.0004934590406729453
2013,AU000000WES1,0.013109772206158476
2013,JP3407400005,0.0029690055173087065
2013,JP3753000003,0.0011841160452891806
2013,JP3868400007,0.002772682079425216
2013,JP3122400009,0.0008787600264398039
2013,JP3246400000,0.0018506041133010953
2013,JP3850200001,0.000529318344168101
2013,SG1J26887955,0.0022311537671676983
2013,JP3902900004,0.02618067730662001
2013,JP3266400005,0.004882218137923849
2013,JP3197800000,0.0019013347893202114
2013,JP3385980002,0.001609395984280303
2013,JP3194000000,0.00029106715113514503
2013,AU000000SIG5,0.00028083465292429415
2013,SG1V61937297,0.0035076310067091725
2013,JP3116000005,0.003427233826732068
2013,SG1R89002252,0.0028574421923510665
2013,AU000000TCL6,0.0031775808011286965
2013,JP3684000007,0.0033049984597673192
2013,AU000000ORG5,0.004671129816231241
2013,JP3788600009,0.009459443634451628
2013,AU000000BLD2,0.0012784403773393525
2013,JP3421100003,0.0006886166695062872
2013,JP3491000000,0.0006289449431291788
2013,JP3205800000,0.00490557096287636
2013,AU000000CWY3,0.00042042357031138434
2013,JP3783600004,0.008886486762690974
2013,JP3429800000,0.0022958506211148365
2013,AU000000CIM7,0.002433607434311189
2013,JP3982800009,0.001173829252714041
2013,JP3528600004,0.0010660179937318328
2013,JP3435000009,0.004933000001786158
2013,JP3890310000,0.004378926803071291
2013,BMG8063F1068,0.002523666601319552
2013,AU000000ORI1,0.0032594348605775618
2013,JP3293200006,0.0005827556373412486
2013,AU000000WOW2,0.013579978852970402
2013,JP3269600007,0.0016448480579173805
2013,JP3633400001,0.05569465197871092
2013,JP3256000005,0.0017739530414896095
2013,JP3224200000,0.0017536538853498108
2013,JP3629000005,0.0014335925964122861
2013,JP3893600001,0.00906221871841959
2013,BMG2442N1048,0.0015153175720229446
2013,JP3605400005,0.0011100701467020033
2013,JP3787000003,0.0016835451873501407
2013,JP3845400005,0.0006410829718154432
2013,JP3743000006,0.0011386841000422504
2013,JP3228600007,0.0027943172805817676
2013,JP3734800000,0.0026885674798277494
2013,AU000000NCM7,0.006265977206115775
2013,JP3942800008,0.0013995569521447304
2013,JP3258000003,0.00407746368405826
2013,AU000000BSL0,0.0006488832814776734
2013,AU000000COH5,0.0015998339085864083
2013,JP3456000003,0.0007991851397667799
2013,JP3738600000,0.0009354154642372919
2013,BMG524401079,0.0025936505170986008
2013,AU000000MND5,0.0008549443016462766
2013,NZFBUE0001S0,0.0018360304423269698
2013,JP3209000003,0.0007661552484907647
2013,JP3402600005,0.003042191347078708
2013,JP3619800000,0.0004963631975885077
2013,JP3571400005,0.0025614381977865025
2013,AU000000SUN6,0.004859272363737768
2013,JP3166000004,0.0005498429795010003
2013,JP3368000000,0.0006810780780092111
2013,JP3190000004,0.0012211499875227903
2013,JP3720800006,0.0012973647036613237
2013,JP3818000006,0.0028534552094929264
2013,JP3229400001,0.001010786952295278
2013,SGXE34184239,0.0026858550200010997
2013,AU000000BHP4,0.042151575775935556
2013,JP3260800002,0.0022794622749496207
2013,JP3626800001,0.002398921489229439
2013,AU000000TLS2,0.0199915251441925
2013,JP3242800005,0.015937208962449056
2013,JP3814000000,0.0034759259846739977
2013,AU000000IGO4,0.0003916353532526492
2013,JP3566800003,0.005961628008187501
2013,JP3300600008,0.001405400215022293
2013,JP3164800009,0.0008647617773889086
2013,JP3659000008,0.0026425728555342395
2013,JP3134800006,0.0012953652023917342
2013,BMG684371393,0.0003974634995119693
2013,JP3223800008,0.000426137176137505
2013,JP3118000003,0.0009079228771210899
2013,JP3903000002,0.0012624891872414954
2013,JP3351600006,0.0018172451458632595
2013,HK0293001514,0.002449662994952972
2013,JP3635400009,0.000788478049050665
2013,AU000000BEN6,0.001255317456677548
2013,JP3820000002,0.0006360250314312
2013,AU000000DOW2,0.0006694381441564191
2013,JP3496400007,0.011052951931999903
2013,AU000000NAB4,0.022640083561479042
2013,AU000000MAH3,0.00010471518159273568
2013,JP3320800000,0.0004715218663870105
2013,AU000000APA1,0.001690543173302265
2013,AU000000STO6,0.003946373015670833
2013,JP3888400003,0.000472326366891935
2013,JP3786200000,0.0011044810075697892
2013,JP3420600003,0.0023912752769969796
2013,JP3910660004,0.007365057155848675
2013,HK0066009694,0.008024571473078142
2013,JP3165700000,0.002866038146656801
2013,JP3888300005,0.0008526167171984628
2013,JP3119600009,0.0029450516642625085
2013,AU000000IVC8,0.0004081853211731749
2013,AU000000ERA9,0.00030331264562573823
2013,JP3350800003,0.0009879332008077917
2013,JP3982100004,0.002478763676867483
2013,JP3688370000,0.0013517864837306183
2013,JP3371200001,0.008626659660247133
2013,HK0388045442,0.00730101254423749
2013,JP3762600009,0.007062921944840397
2013,JP3502200003,0.003410429945237534
2013,JP3111200006,0.002657542704934431
2013,JP3174410005,0.0011959512013510263
2013,JP3900000005,0.006092689787933495
2013,JP3493800001,0.0017894089345360305
2013,JP3419400001,0.0015932936691084036
2013,JP3126400005,0.00037909513030888687
2013,AU0000224040,0.01011426573469449
2013,AU000000AMP6,0.0053561356968366645
2013,JP3304200003,0.008790514340527666
2013,JP3665200006,0.0005777004692771291
2013,JP3375800004,0.0003292138941138766
2013,JP3672400003,0.015181241709530183
2013,JP3955000009,0.0009908142479467658
2013,JP3027680002,0.002083130531163568
2013,JP3551500006,0.011018141901581143
2013,JP3449020001,0.001017524028293033
2013,JP3667600005,0.0024199912965615334
2013,JP3362700001,0.00121766795246328
2013,HK0011000095,0.010499322064379792
2013,JP3621000003,0.0029906066236375403
2013,JP3539220008,0.002821190324675865
2013,AU000000TAH8,0.0007097672752859364
2013,JP3197600004,0.0021542192610150114
2013,AU000000CBA7,0.03616792532361136
2013,JP3870400003,0.0008188997130806104
2013,AU000000GPT8,0.0023603788937608438
2013,JP3385820000,0.00049061915681802
2013,JP3902400005,0.005809133793847542
2013,JP3535800001,0.0007761052406904596
2013,JP3870000001,0.0005389609349241831
2013,AU000000CQR9,0.00044032962076296495
2013,JP3814800003,0.003633645489681797
2013,HK0823032773,0.004002690566653154
2013,AU0000038911,1.2437297560685018e-05
2013,AU000000LLC3,0.0020581383696969954
2013,JP3866800000,0.005215615457575475
2013,AU000000SGM7,0.0007015624715509603
2013,JP3544000007,0.0007238896978082986
2013,JP3522200009,0.0012932073861519494
2013,JP3914400001,0.004532067361861856
2013,JP3613400005,0.0009931801728077251
2013,JP3215800008,0.0006005868252990304
2013,JP3595200001,0.00036468779641156505
2013,AU000000OZL8,0.0007187765060135346
2013,JP3270000007,0.0008862794842219268
2013,NZTELE0001S4,0.0011988265881820795
2013,JP3830000000,0.0009916850210654122
2013,JP3596200000,0.0010374092499207314
2013,JP3854600008,0.022916051211712835
2013,JP3200450009,0.003890865626822219
2013,JP3592200004,0.0059725250213275086
2013,JP3180400008,0.00267021011602148
2013,JP3158800007,0.0005458837721051302
2013,JP3294460005,0.006937722479052224
2013,JP3573000001,0.004140899606987665
2013,SG1F60858221,0.003324891794146433
2013,JP3686800008,0.0002569116045782467
2013,AU000000GWA4,0.00024056343106144466
2013,AU000000PPT9,0.00059652506212003
2013,HK0200030994,0.0008807567635000371
2013,AU000000SGP0,0.002654574528050227
2013,IE00BKVD2N49,0.003983074512944729
2013,JP3401400001,0.0015845004795199083
2013,JP3827200001,0.0005119378167593542
2013,JP3475350009,0.003933830681716006
2013,JP3769000005,0.0008591706457786158
2013,JP3148800000,0.0006588188241950953
2013,AU000000WOR2,0.002154632323574984
2013,JP3634600005,0.003613264251593312
2013,JP3678000005,0.0004765021700860523
2013,AU000000IAG3,0.00364867950944146
2013,JP3551200003,0.0005044626415155976
2013,JP3638600001,0.0007362472136007923
2013,JP3414750004,0.0006812710256502999
2013,JP3898400001,0.011229424362877067
2013,AU000000CSR5,0.00035263275366066444
2013,JP3358800005,0.0008856911095243226
2013,JP3634200004,0.0010214241983775656
2013,NZCENE0001S6,0.0010476622621467297
2013,JP3551520004,0.0025920328200211024
2013,AU000000MTS0,0.0011954146570460314
2013,JP3289800009,0.0012614952102301116
2013,AU000000QBE9,0.00492810307757981
2013,JP3357200009,0.0007564318761305033
2013,JP3493400000,0.0006485192485764397
2013,JP3388200002,0.00298571698344633
2013,JP3359600008,0.0013877422164993462
2013,JP3973400009,0.0027470428911198276
2013,AU000000BWP3,0.00046406626871904356
2013,AU000000ANZ3,0.0253621904950588
2013,JP3877600001,0.004122560357865932
2013,JP3481800005,0.0037174738620615842
2014,JP3505000004,0.003802545345444738
2014,AU000000QAN2,0.0004521250773029371
2014,HK0003000038,0.005951169392869189
2014,SG1U68934629,0.004435553780032692
2014,JP3778630008,0.0015171122825546803
2014,SGXE21576413,0.003937519132563708
2014,JP3811000003,0.00048116283195052945
2014,JP3792600003,0.0025844172273259258
2014,JP3977400005,0.001351184378160608
2014,JP3210200006,0.001159110878893129
2014,AU000000ASX7,0.0018153335391637659
2014,AU000000SBM8,5.4538347673707375e-05
2014,JP3940000007,0.0030448304019359807
2014,JP3890350006,0.01980618773956321
2014,JP3463000004,0.011304135854924215
2014,AU000000MGR9,0.0016680688334934925
2014,JP3397200001,0.0044857355052939476
2014,BMG677491539,0.0008264082649873806
2014,JP3452000007,0.0004160671952821566
2014,SG9999000020,0.001509889522970482
2014,HK0006000050,0.004913578186289712
2014,JP3443600006,0.0015701599450739607
2014,JP3711600001,0.0009929101736143664
2014,AU000000SHL7,0.00184631942123152
2014,HK0019000162,0.0027858532510612495
2014,JP3733000008,0.0023217536980133773
2014,JP3405400007,0.000956732672717501
2014,JP3112000009,0.0020421491162803704
2014,NZAIAE0002S6,0.0011266149923652006
2014,JP3582600007,0.001213230458994805
2014,AU000000CSL8,0.00930018375012421
2014,JP3830800003,0.009193984205189382
2014,JP3495000006,0.0021261978758110723
2014,AU000000DXS1,0.001242916867777397
2014,AU000000MQG1,0.004673359169086162
2014,JP3519400000,0.003934963036350776
2014,JP3951600000,0.003584564599919925
2014,JP3942400007,0.008650083572171322
2014,JP3526600006,0.002596077993071692
2014,JP3726800000,0.01893776667814085
2014,AU000000WBC1,0.025936580642913962
2014,HK0010000088,0.0018721253371086902
2014,JP3201200007,0.0030458784352735795
2014,HK0002007356,0.005409088841526154
2014,JP3657400002,0.002102832115405187
2014,JP3165600002,0.0006928298071146534
2014,SG1R50925390,0.0021692788238839487
2014,AU0000088338,0.0014140601706077898
2014,JP3891600003,0.0005565342095977445
2014,AU000000WES1,0.012924049155587754
2014,JP3407400005,0.0038106102108777665
2014,JP3753000003,0.0015833594813259946
2014,JP3868400007,0.0043368931564817855
2014,JP3122400009,0.0006465130941402946
2014,JP3246400000,0.0020568792014838645
2014,JP3850200001,0.0004669405411546501
2014,SG1J26887955,0.001745919513597995
2014,JP3902900004,0.025958816899128014
2014,JP3266400005,0.005710101470589088
2014,JP3197800000,0.0027910845064553786
2014,JP3385980002,0.001286787073416625
2014,JP3194000000,0.0005082068633210182
2014,AU000000SIG5,0.0001845005358870739
2014,SG1V61937297,0.0026192128443589162
2014,JP3116000005,0.004181450039059224
2014,SG1R89002252,0.0018966707787543857
2014,AU000000TCL6,0.0027759352344728554
2014,JP3684000007,0.0022194694120364115
2014,AU000000ORG5,0.004116156201101674
2014,JP3788600009,0.011477887687238718
2014,AU000000BLD2,0.000988143354744623
2014,JP3421100003,0.0006396206296706597
2014,JP3491000000,0.0006224929478563961
2014,JP3205800000,0.005065978434086334
2014,AU000000CWY3,0.00046968700775431015
2014,JP3783600004,0.009043690686253993
2014,JP3429800000,0.0022384570790586434
2014,AU000000CIM7,0.0014736742642239872
2014,JP3982800009,0.0016773309970637329
2014,JP3528600004,0.0012288698844068115
2014,JP3435000009,0.004972879732400392
2014,JP3890310000,0.004551219756918792
2014,BMG8063F1068,0.0016147986285303115
2014,AU000000ORI1,0.0023463712364813387
2014,JP3293200006,0.0006828442429203049
2014,AU000000WOW2,0.011462312725266372
2014,JP3269600007,0.0013134594791780923
2014,JP3633400001,0.06071120805247349
2014,JP3256000005,0.0018254890048093435
2014,JP3224200000,0.0023075030502661366
2014,JP3629000005,0.0015378322366469473
2014,JP3893600001,0.00759684280774199
2014,BMG2442N1048,0.0011736624935226204
2014,JP3605400005,0.001478132783248991
2014,JP3787000003,0.001306483318242972
2014,JP3845400005,0.0004885478775347203
2014,JP3743000006,0.001290342705809996
2014,JP3228600007,0.0028621209841531827
2014,JP3894900004,0.001486202535845145
2014,JP3734800000,0.004930157056972914
2014,AU000000NCM7,0.002018354408823483
2014,JP3942800008,0.0014335525241448352
2014,JP3258000003,0.004081674845371028
2014,AU000000BSL0,0.0008091269735184458
2014,AU000000COH5,0.0009238344687135916
2014,JP3456000003,0.0009431914066096712
2014,JP3738600000,0.0016484911211011905
2014,BMG524401079,0.0014340274347222353
2014,AU000000MND5,0.0004108157838485051
2014,NZFBUE0001S0,0.001542785645248027
2014,JP3209000003,0.0009156679499396041
2014,JP3402600005,0.002293127240520655
2014,JP3619800000,0.0005090261070812476
2014,JP3571400005,0.0029510908191798997
2014,AU000000SUN6,0.004197239846127535
2014,JP3166000004,0.0009098480814131841
2014,JP3368000000,0.0005558323117941283
2014,JP3190000004,0.0012900774291291532
2014,JP3720800006,0.0019133874466508367
2014,JP3818000006,0.003804017952887636
2014,JP3229400001,0.0012260471685515393
2014,SGXE34184239,0.0020210979752523788
2014,AU000000BHP4,0.031491911595967
2014,JP3260800002,0.0019575092608423716
2014,JP3626800001,0.002573750252555845
2014,AU000000TLS2,0.017197921803341322
2014,JP3242800005,0.012112560598631038
2014,JP3814000000,0.004741962135201347
2014,AU000000IGO4,0.0002262030786432033
2014,JP3566800003,0.0070501586426841515
2014,BMG668971101,0.0016843901892701406
2014,JP3300600008,0.0017558432791024657
2014,JP3419050004,0.0019386566972576392
2014,JP3164800009,0.0009040202544904484
2014,JP3659000008,0.0025647280631517183
2014,JP3134800006,0.0021116505954922983
2014,BMG684371393,0.00037879826035506684
2014,JP3223800008,0.0005216171182213062
2014,JP3118000003,0.0010724647442884698
2014,JP3903000002,0.0012603347063027122
2014,JP3351600006,0.002164645140993658
2014,HK0293001514,0.00238135795859467
2014,JP3635400009,0.0006483400371687278
2014,AU000000BEN6,0.0012193218077061112
2014,JP3820000002,0.0009825246838442406
2014,AU000000DOW2,0.0005594610287035205
2014,JP3496400007,0.015173812258310843
2014,AU000000NAB4,0.020945086498673476
2014,AU000000MAH3,1.2510145859027503e-05
2014,JP3320800000,0.0004928646363859449
2014,AU000000APA1,0.0013841070646108207
2014,AU000000STO6,0.0034840967881709095
2014,JP3888400003,0.000468663093053679
2014,JP3786200000,0.0020633864976223344
2014,JP3420600003,0.0028870665388538138
2014,JP3910660004,0.006928998932429041
2014,HK0066009694,0.006419562879117127
2014,JP3165700000,0.0030625923391702213
2014,JP3888300005,0.0008272372733379243
2014,JP3119600009,0.0027516167486462072
2014,AU000000IVC8,0.0004129054690112736
2014,AU000000ERA9,0.00024254134531005378
2014,JP3350800003,0.0010583946157826697
2014,JP3982100004,0.002308933544914445
2014,JP3688370000,0.0014717563730276767
2014,JP3371200001,0.007478483246970514
2014,HK0388045442,0.00558114930131162
2014,JP3762600009,0.008119763388960517
2014,JP3502200003,0.004887518728056359
2014,JP3111200006,0.00324524368499025
2014,JP3174410005,0.0016521448472687596
2014,JP3900000005,0.006678750310163468
2014,JP3493800001,0.0020700394653994023
2014,JP3419400001,0.001830972607835638
2014,JP3126400005,0.0007616593758709655
2014,AU0000224040,0.008266035978932015
2014,AU000000AMP6,0.0033592790298195116
2014,JP3304200003,0.006343689853544758
2014,JP3665200006,0.000519852524550137
2014,JP3375800004,0.0003500478709020416
2014,JP3672400003,0.011903595128083814
2014,JP3955000009,0.0012600628670724858
2014,JP3027680002,0.0020963915889191196
2014,JP3551500006,0.01376610260009239
2014,JP3449020001,0.0012867212918049912
2014,JP3667600005,0.003000976349531599
2014,JP3362700001,0.001434483201422445
2014,JP3762800005,0.0023180007140792694
2014,HK0011000095,0.0092081329521409
2014,JP3621000003,0.003280405750310041
2014,JP3539220008,0.0025789188257344057
2014,AU000000TAH8,0.0006093220705592529
2014,JP3197600004,0.0032145445907972637
2014,AU000000CBA7,0.03224867349553459
2014,JP3870400003,0.000831791889703977
2014,AU000000GPT8,0.0016566344823570902
2014,JP3385820000,0.0006696058335020385
2014,JP3902400005,0.007729278919173055
2014,AU000000BPT9,0.0004574268448457275
2014,JP3535800001,0.0006001813368850533
2014,JP3870000001,0.0006006640868638575
2014,AU000000CQR9,0.00032914240084852255
2014,JP3814800003,0.006517697212188918
2014,HK0823032773,0.003230871692991357
2014,AU0000038911,2.8690826727374972e-05
2014,AU000000LLC3,0.0015937345055142065
2014,JP3866800000,0.008411577754482567
2014,AU000000SGM7,0.0006144778800732388
2014,JP3544000007,0.0006758783238613265
2014,JP3522200009,0.0010329421840736305
2014,JP3914400001,0.006324926198416546
2014,JP3613400005,0.0012520633429585074
2014,JP3215800008,0.0006608657127166674
2014,JP3595200001,0.0007097165984062144
2014,AU000000OZL8,0.00025417026048561215
2014,JP3270000007,0.0008333006564098773
2014,NZTELE0001S4,0.000995679206280952
2014,JP3830000000,0.0011619604232837098
2014,JP3596200000,0.001712865338084685
2014,HK0242001243,0.0004985196761292032
2014,JP3854600008,0.020823938231397984
2014,JP3546800008,0.002728655452174399
2014,JP3200450009,0.005981509062960328
2014,JP3592200004,0.005373471073035373
2014,JP3180400008,0.002727091544941783
2014,JP3158800007,0.00041798918089223474
2014,JP3294460005,0.005371791835458082
2014,JP3573000001,0.00390701781939952
2014,SG1F60858221,0.002811960887847282
2014,JP3686800008,0.00025594473132201204
2014,AU000000GWA4,0.0002364072019332168
2014,AU000000PPT9,0.0006189265261557549
2014,HK0200030994,0.0016992711298124683
2014,AU000000SGP0,0.0023096920810537183
2014,IE00BKVD2N49,0.005102142368839437
2014,JP3401400001,0.002130554371463739
2014,JP3827200001,0.00056992454076666
2014,JP3475350009,0.0036334380465602007
2014,JP3769000005,0.0009058384959057399
2014,JP3148800000,0.0008280968238117012
2014,AU000000WOR2,0.0010637521302918182
2014,JP3634600005,0.004620171478341015
2014,JP3678000005,0.0005531279805695645
2014,AU000000IAG3,0.003438303414776592
2014,JP3551200003,0.0006308949011471338
2014,JP3638600001,0.0008706139966363243
2014,JP3414750004,0.001838985274858649
2014,JP3898400001,0.009363452536324797
2014,AU000000CSR5,0.0004177109297815855
2014,HK0016000132,0.01011145179521474
2014,JP3358800005,0.001339973968502208
2014,JP3634200004,0.0008526843777455833
2014,NZCENE0001S6,0.0008931070529903046
2014,JP3551520004,0.00346655990618472
2014,AU000000MTS0,0.0007546321902444282
2014,JP3289800009,0.001518546893125773
2014,HK0004000045,0.006320668053414777
2014,AU000000QBE9,0.0037900610288323085
2014,JP3357200009,0.0009377100645613347
2014,JP3493400000,0.0008786805654904181
2014,JP3388200002,0.003227690679268214
2014,JP3359600008,0.0018296035825540891
2014,JP3973400009,0.0026983819526411857
2014,AU000000BWP3,0.0004022496932851122
2014,AU000000ANZ3,0.022015418615964212
2014,JP3877600001,0.003712967177626776
2014,JP3481800005,0.0050592297365903835
2015,JP3505000004,0.003335686195168794
2015,AU000000QAN2,0.001047721175756448
2015,HK0003000038,0.006460257913262746
2015,SG1U68934629,0.0031728633216193095
2015,JP3778630008,0.001179782050252052
2015,SGXE21576413,0.002697933293863222
2015,JP3811000003,0.00044570559371418786
2015,JP3792600003,0.0022806860091276683
2015,JP3977400005,0.001218179496616081
2015,JP3210200006,0.001193298365329487
2015,AU000000ASX7,0.0015423264907959795
2015,AU000000SBM8,8.607977761670758e-05
2015,JP3549600009,0.0003267703661731135
2015,JP3940000007,0.0028402656881815623
2015,JP3890350006,0.01325944857423883
2015,JP3463000004,0.010925723828223512
2015,AU000000MGR9,0.0015740694378232353
2015,NZSKCE0001S2,0.00040488127707823026
2015,JP3397200001,0.005076164197371142
2015,BMG677491539,0.0011876207399726592
2015,JP3452000007,0.00033067403027696283
2015,SG9999000020,0.001748545594681805
2015,HK0006000050,0.006235515612763136
2015,JP3443600006,0.0019654904679778816
2015,JP3711600001,0.001584576211270318
2015,JP3243600008,0.0007039846510965451
2015,AU000000SHL7,0.0016372435834010456
2015,HK0019000162,0.002930509973720078
2015,JP3733000008,0.0019355472415091535
2015,JP3405400007,0.0009967291681385214
2015,JP3112000009,0.0016170406724919123
2015,NZAIAE0002S6,0.000931175245311718
2015,JP3582600007,0.0008630841098213002
2015,AU000000CSL8,0.00927206054384255
2015,JP3830800003,0.009053299684078836
2015,JP3495000006,0.0010564589208240586
2015,AU000000DXS1,0.0014832380671331571
2015,AU000000MQG1,0.004369007506904108
2015,JP3519400000,0.004638836132145218
2015,JP3951600000,0.005022256655601435
2015,JP3942400007,0.009707545592527697
2015,JP3526600006,0.002415907766070323
2015,JP3726800000,0.015207737911373333
2015,AU000000WBC1,0.023494099170830802
2015,JP3358200008,0.0008225092491069048
2015,HK0010000088,0.001783653673761677
2015,JP3201200007,0.0032244723938354473
2015,NZAIRE0001S2,0.000579381149507476
2015,HK0002007356,0.005320089654132831
2015,JP3657400002,0.0014167878174546793
2015,JP3165600002,0.0006783047859836115
2015,SG1R50925390,0.0013373391940469138
2015,AU0000088338,0.0019357682529890692
2015,JP3891600003,0.0005133155869941342
2015,AU000000WES1,0.010536997810799734
2015,JP3407400005,0.0028039468216484948
2015,JP3753000003,0.0010153138046956655
2015,JP3868400007,0.003429124383343608
2015,JP3122400009,0.0006812752762796165
2015,JP3246400000,0.002116212199254453
2015,JP3850200001,0.0
2015,SG1J26887955,0.0016804475001629636
2015,JP3902900004,0.020833883541125885
2015,SG1T75931496,0.013491507881794946
2015,JP3266400005,0.005084440629382707
2015,JP3197800000,0.0025560021287343677
2015,JP3385980002,0.001196926762889921
2015,JP3194000000,0.0005586763742111312
2015,AU000000SIG5,0.0001855619862352138
2015,JP3160400002,0.004206830839559279
2015,SG1V61937297,0.0029162126394805575
2015,JP3116000005,0.004613231947005644
2015,SG1R89002252,0.0018849159150652042
2015,AU000000TCL6,0.003860124367670778
2015,JP3684000007,0.002956830208504356
2015,AU000000ORG5,0.002372572985039273
2015,JP3788600009,0.010027252768569415
2015,AU000000BLD2,0.0008905442734353317
2015,JP3421100003,0.0004607035404400237
2015,JP3491000000,0.0003886924329040208
2015,HK0012000102,0.006060828140587565
2015,JP3205800000,0.006092172892083247
2015,AU000000CWY3,0.0002445323185908662
2015,JP3783600004,0.008808675471162314
2015,JP3429800000,0.00277668806327576
2015,AU000000CIM7,0.0015779821816927127
2015,JP3982800009,0.0019029797372719735
2015,JP3528600004,0.0004904896491661568
2015,JP3435000009,0.00754259132149015
2015,JP3890310000,0.004421210287831182
2015,BMG8063F1068,0.001387711030897468
2015,AU000000ORI1,0.0014780740231043227
2015,JP3293200006,0.0005190594640099261
2015,AU000000WOW2,0.008724775724573593
2015,JP3269600007,0.0013079434300735874
2015,JP3633400001,0.061848985200863
2015,JP3256000005,0.0017060793919460822
2015,JP3224200000,0.0024362670306402982
2015,JP3629000005,0.001209258006643941
2015,JP3893600001,0.006498641038967429
2015,BMG2442N1048,0.001235827247685907
2015,JP3605400005,0.0016787181866828606
2015,JP3787000003,0.0011833826717366188
2015,JP3845400005,0.0002738035780051649
2015,JP3743000006,0.0015978227708083434
2015,JP3228600007,0.0022205272613065067
2015,JP3894900004,0.001489732515955117
2015,JP3734800000,0.005439565902859384
2015,AU000000CGF5,0.000756569092975245
2015,AU000000NCM7,0.0023736294172507547
2015,JP3942800008,0.002142574504285301
2015,HK0000608585,0.0029249713389849874
2015,JP3258000003,0.0036845370312735826
2015,AU000000BSL0,0.0004914430916120316
2015,AU000000COH5,0.0011345829922318098
2015,JP3456000003,0.0008409431844054352
2015,JP3738600000,0.0018226336967917798
2015,BMG524401079,0.0014457467248485695
2015,AU000000MND5,0.00022499590741704197
2015,NZFBUE0001S0,0.0011530888691906082
2015,JP3209000003,0.0011571650955408174
2015,JP3402600005,0.0023181478330637213
2015,JP3619800000,0.0004864766225011244
2015,JP3571400005,0.0035530251777393627
2015,AU000000SUN6,0.004118860367945327
2015,JP3166000004,0.0005950585865182519
2015,JP3368000000,0.00022285695567635287
2015,JP3190000004,0.0012143267417017304
2015,JP3720800006,0.001726927977863967
2015,JP3818000006,0.0033844932335429755
2015,JP3229400001,0.001384740309897049
2015,SGXE34184239,0.0013770182184027634
2015,AU000000BHP4,0.020552754317353462
2015,JP3260800002,0.0017627083534040662
2015,JP3626800001,0.0016500583314503635
2015,JP3967200001,0.005322292934768544
2015,AU000000TLS2,0.017185305077166167
2015,JP3242800005,0.01178949672174192
2015,JP3814000000,0.00487310027045976
2015,AU000000IGO4,0.0002952946388333828
2015,JP3566800003,0.00999012756953235
2015,BMG668971101,0.002007662001586165
2015,JP3300600008,0.001497089883642566
2015,JP3419050004,0.0010140969988414407
2015,JP3164800009,0.0014941441665482634
2015,JP3659000008,0.0033182039804845577
2015,JP3134800006,0.0024111201641014764
2015,JP3663900003,0.0005848024635533879
2015,BMG684371393,0.00016023055537801756
2015,JP3223800008,0.0004580895304625827
2015,JP3118000003,0.0012864496126646814
2015,JP3903000002,0.000881870619210126
2015,JP3351600006,0.002055706556781827
2015,HK0293001514,0.0023345313251991705
2015,JP3635400009,0.0007731926466975034
2015,AU000000BEN6,0.0012342792159205978
2015,JP3820000002,0.0008420173091542816
2015,AU000000DOW2,0.0003554377359271662
2015,JP3496400007,0.01728943048673921
2015,AU000000NAB4,0.018519152203304204
2015,AU000000MAH3,1.0801450844453716e-09
2015,JP3320800000,0.0005675145118423465
2015,AU000000APA1,0.0020522112157185537
2015,AU000000STO6,0.0017038155824887276
2015,JP3888400003,0.00036179645699959713
2015,JP3786200000,0.0019643664174473323
2015,JP3420600003,0.0024670637625145452
2015,JP3910660004,0.007563636888379163
2015,HK0066009694,0.007260245272482952
2015,JP3027670003,0.002232725202895171
2015,JP3165700000,0.002983993387566463
2015,JP3888300005,0.0010079475621249951
2015,JP3119600009,0.003311809895886614
2015,AU000000IVC8,0.0004799281794257892
2015,AU000000ERA9,0.0002902651360181367
2015,JP3350800003,0.0010246986969350228
2015,JP3982100004,0.0019100265079725076
2015,JP3688370000,0.0016955757431375838
2015,JP3371200001,0.00808296265824969
2015,HK0388045442,0.007531891233275955
2015,JP3762600009,0.005835931608771539
2015,JP3502200003,0.0035796774905397294
2015,JP3111200006,0.0038124212471990996
2015,JP3174410005,0.0012388042077381871
2015,JP3900000005,0.005294988223546388
2015,JP3493800001,0.0015814780821439944
2015,JP3419400001,0.001523263033344646
2015,JP3126400005,0.001033284711961176
2015,JP3538800008,0.002492244324514878
2015,JP3347200002,0.0029706130014154476
2015,AU0000224040,0.005952384886814042
2015,AU000000AMP6,0.0036828806508681865
2015,JP3304200003,0.005514484142731967
2015,JP3585800000,0.0012745709739929653
2015,JP3665200006,0.0006921291442240381
2015,JP3375800004,0.0003844201896493373
2015,JP3672400003,0.010735815116390676
2015,JP3955000009,0.0007343041856046317
2015,JP3027680002,0.0020434398626459375
2015,JP3551500006,0.01055722078361737
2015,JP3449020001,0.0005483582641443279
2015,JP3156400008,0.0005718779985852152
2015,JP3667600005,0.0014700211068961874
2015,JP3362700001,0.0008268180463665259
2015,JP3762800005,0.0021554052250396085
2015,HK0011000095,0.00949743139545407
2015,JP3621000003,0.0038271918255399014
2015,JP3539220008,0.0020601567563782023
2015,AU000000TAH8,0.0006442678712250875
2015,JP3486800000,0.002365901138477609
2015,JP3197600004,0.0036783346331440542
2015,AU000000CBA7,0.031339498134639994
2015,JP3870400003,0.0007294741625802638
2015,AU000000GPT8,0.0017871817067508454
2015,JP3385820000,0.0005993579644541934
2015,JP3902400005,0.007169255370947598
2015,AU000000BPT9,0.0002526499945091035
2015,JP3535800001,0.0004701534763934475
2015,JP3870000001,0.0006459188193858211
2015,AU000000CQR9,0.0003114632913421412
2015,JP3814800003,0.00802173738558191
2015,HK2388011192,0.010356112760574587
2015,HK0823032773,0.004377170491049679
2015,AU0000038911,2.32790047555713e-05
2015,AU000000LLC3,0.002031937872434479
2015,JP3866800000,0.007772359592014402
2015,AU000000SGM7,0.0005878425289958607
2015,JP3544000007,0.0008071922511375992
2015,JP3522200009,0.000563403320356302
2015,JP3914400001,0.006842505700131004
2015,JP3613400005,0.0008997821689556851
2015,JP3215800008,0.0005113043036436848
2015,JP3595200001,0.0008169817107701304
2015,AU000000OZL8,0.000179725345226008
2015,JP3270000007,0.0008382440213616316
2015,NZTELE0001S4,0.0010144392257871167
2015,JP3830000000,0.0015091935596074349
2015,JP3596200000,0.0012077194844329051
2015,HK0242001243,0.00034968735619327946
2015,JP3854600008,0.01589840212096931
2015,JP3546800008,0.002594809890316067
2015,JP3200450009,0.0041666582925087275
2015,JP3592200004,0.004599833105111599
2015,JP3180400008,0.002515952723235729
2015,JP3158800007,0.0
2015,BMG988031446,0.0015925531833689472
2015,JP3294460005,0.004453963263369802
2015,JP3573000001,0.004339568549564183
2015,SG1F60858221,0.002292048764889826
2015,JP3686800008,0.0
2015,AU000000GWA4,0.0002578265685222346
2015,AU000000PPT9,0.0005827065163696344
2015,HK0200030994,0.0008981658304101603
2015,AU000000SGP0,0.0023252644838820196
2015,IE00BKVD2N49,0.005209883257597849
2015,JP3401400001,0.001988155901678876
2015,JP3827200001,0.0005151378222617407
2015,JP3475350009,0.002956088855584785
2015,JP3769000005,0.001050319073432224
2015,JP3148800000,0.0005892294756516837
2015,AU000000WOR2,0.00048390833130853016
2015,JP3634600005,0.004816293433143702
2015,JP3678000005,0.0007845236996788935
2015,AU000000IAG3,0.003258756275422277
2015,JP3551200003,0.00041756125221171527
2015,JP3638600001,0.0007716381404229603
2015,JP3414750004,0.0021054479843857087
2015,JP3898400001,0.007912038947631664
2015,AU000000CSR5,0.0004532706896666378
2015,HK0016000132,0.012920091084237997
2015,JP3358800005,0.0016482894622022275
2015,JP3634200004,0.0007866962579043539
2015,NZCENE0001S6,0.0009403169425393032
2015,JP3551520004,0.0033085454040204998
2015,AU000000MTS0,0.000302691676080394
2015,JP3289800009,0.0016620205868856579
2015,HK0004000045,0.00677200360915477
2015,AU000000QBE9,0.0030423858275790863
2015,JP3357200009,0.001112827025969141
2015,JP3493400000,0.0007536731696294843
2015,JP3388200002,0.002600920055365141
2015,JP3359600008,0.0011190756821808083
2015,JP3973400009,0.0021762422249959083
2015,AU000000BWP3,0.0005555500323464537
2015,AU000000ANZ3,0.019906603233808
2015,JP3877600001,0.0026813942094449724
2015,JP3837800006,0.004691072820211693
2015,JP3481800005,0.005657765473861287
2016,JP3505000004,0.005465756220563011
2016,AU000000QAN2,0.0013344389916266444
2016,HK0003000038,0.00529338371079845
2016,SG1U68934629,0.0015510568091824596
2016,JP3778630008,0.0009862403731695365
2016,SGXE21576413,0.0018440042504599115
2016,JP3811000003,0.0005413095695958631
2016,JP3792600003,0.0018816390417663175
2016,JP3977400005,0.0015903376858851944
2016,JP3210200006,0.001682892232655313
2016,AU000000ASX7,0.001406882033082052
2016,AU000000SBM8,0.00018955107591569123
2016,JP3381000003,0.003218604971873339
2016,JP3549600009,0.0004024882034384805
2016,JP3940000007,0.0026179985785686746
2016,JP3890350006,0.012199825028836419
2016,JP3463000004,0.011193573176418047
2016,AU000000MGR9,0.001356898344303975
2016,NZSKCE0001S2,0.0006522182968569392
2016,JP3397200001,0.005060287432923625
2016,BMG677491539,0.0004867481218357978
2016,JP3452000007,0.00024245595416488722
2016,SG9999000020,0.00149150835678894
2016,HK0006000050,0.0055767169066854635
2016,JP3443600006,0.002485784100735414
2016,JP3819400007,0.0009564704191713473
2016,JP3711600001,0.0013448786024685808
2016,JP3243600008,0.00031700841591100434
2016,AU000000SHL7,0.0014574538418264831
2016,HK0019000162,0.001271107846989464
2016,JP3733000008,0.0018631819622332677
2016,JP3405400007,0.0005476542149151971
2016,JP3112000009,0.001958909182241816
2016,NZAIAE0002S6,0.0010319445283416325
2016,JP3582600007,0.0007358130788369092
2016,AU000000CSL8,0.01014430001796778
2016,JP3830800003,0.008505175437099074
2016,JP3495000006,0.0010665235355885286
2016,HK0023000190,0.002167077519583932
2016,AU000000DXS1,0.001294899924407882
2016,AU000000MQG1,0.004567614382060211
2016,JP3519400000,0.004493581871524427
2016,JP3951600000,0.0038384956035996368
2016,JP3942400007,0.008500985274476102
2016,JP3526600006,0.0022198550211360397
2016,JP3726800000,0.022058106478683122
2016,AU000000WBC1,0.01966726320847932
2016,JP3358200008,0.0009466137105095038
2016,HK0010000088,0.0012273225760616024
2016,JP3201200007,0.0036899250467048437
2016,NZAIRE0001S2,0.00047914566647383776
2016,HK0002007356,0.0034373210209477927
2016,JP3657400002,0.001593515984187341
2016,JP3165600002,0.0006742704555385465
2016,SG1R50925390,1.8110705371160438e-12
2016,AU0000088338,0.0019059973432060079
2016,JP3891600003,0.000670938761965545
2016,AU000000WES1,0.009241957298283521
2016,JP3407400005,0.002469271968691991
2016,JP3753000003,1.6343053418083323e-12
2016,JP3868400007,0.002943881883561693
2016,JP3122400009,0.0004095642054750856
2016,JP3246400000,0.0011317458852122138
2016,JP3850200001,9.385872882109498e-13
2016,SG1J26887955,0.0012610611715242182
2016,JP3902900004,0.01880285343815914
2016,SG1T75931496,0.010896953066272709
2016,JP3266400005,0.00510056903787241
2016,JP3197800000,0.0019414823867380411
2016,JP3385980002,0.0006659932063550409
2016,JP3194000000,0.000419628934468498
2016,AU000000SIG5,0.0002258633991664408
2016,JP3160400002,0.0049744869640456
2016,SG1V61937297,0.001660736921849882
2016,JP3116000005,0.004710189151917944
2016,SG1R89002252,0.0014265514319627228
2016,AU000000TCL6,0.004349767013878269
2016,JP3684000007,0.0025864746171408524
2016,AU000000ORG5,0.0003343387368957628
2016,JP3788600009,0.006671430971915292
2016,AU000000BLD2,0.0006173151928783043
2016,JP3421100003,0.00030392044676984226
2016,JP3491000000,0.0004661174719228487
2016,HK0012000102,0.005081705520101557
2016,JP3205800000,0.00781171840070638
2016,AU000000CWY3,3.497209559041625e-05
2016,JP3783600004,0.010737662635758975
2016,JP3429800000,0.0028063745314430696
2016,AU000000CIM7,0.0016448929585634615
2016,JP3982800009,0.0012411196215503745
2016,JP3528600004,0.0003295094278213417
2016,JP3435000009,0.008150636840112982
2016,JP3890310000,0.00509952752889993
2016,BMG8063F1068,0.0012445761103209814
2016,AU000000RHC8,0.0024327178397836532
2016,AU000000ORI1,0.0008801144245896733
2016,JP3293200006,0.0005637701601993324
2016,AU000000WOW2,0.005774149260325866
2016,JP3269600007,0.000987441915980681
2016,JP3633400001,0.05618935354472054
2016,JP3256000005,0.0018124058125123371
2016,JP3224200000,0.0019129428331141041
2016,JP3629000005,0.0016155906409014904
2016,JP3893600001,0.005889666439089839
2016,JP3765400001,0.0007641420442924773
2016,BMG2442N1048,0.0009669354944189383
2016,JP3605400005,0.001639830672252719
2016,JP3787000003,0.001101879250470804
2016,JP3845400005,2.9673762482468405e-12
2016,JP3743000006,0.001722392403419057
2016,JP3228600007,0.0031676137325791984
2016,JP3894900004,0.0014278501437478429
2016,JP3742600004,0.00057630842444604
2016,JP3734800000,0.005365494740266114
2016,AU000000CGF5,0.0007817729342517009
2016,AU000000NCM7,0.0019922158761619324
2016,JP3942800008,0.0021560652861386284
2016,HK0000608585,0.0020660728239030755
2016,JP3258000003,0.003280835085366797
2016,AU000000BSL0,2.2452658386268187e-05
2016,AU000000COH5,0.0013778021530453453
2016,JP3456000003,0.0004524494367070808
2016,JP3738600000,0.0019894115075307405
2016,JP3040890000,0.0009933522306712775
2016,BMG524401079,0.0010404140565690816
2016,AU000000MND5,0.0002576528216122657
2016,NZFBUE0001S0,0.000711646691807446
2016,JP3209000003,0.0015898322147662382
2016,JP3402600005,0.001652005931742243
2016,JP3619800000,0.0004974585738569031
2016,JP3835620000,0.0008190688762721244
2016,JP3571400005,0.00295298910288824
2016,AU000000SUN6,0.00307596228931247
2016,JP3166000004,0.0008409079071708819
2016,JP3368000000,5.847981197689338e-12
2016,JP3190000004,0.0016691640382994059
2016,JP3720800006,0.0013083645410274173
2016,JP3818000006,0.0022957083737673617
2016,JP3229400001,0.001241537619682946
2016,JP3143600009,0.005555749174269266
2016,KYG2108Y1052,0.004576240329134249
2016,SGXE34184239,0.0008150905391350375
2016,AU000000BHP4,0.009507326585936806
2016,JP3260800002,0.0018722467419133285
2016,JP3626800001,0.0019846752982942543
2016,JP3967200001,0.00431932077178554
2016,AU000000TLS2,0.01318304870060514
2016,JP3242800005,0.010658983076194775
2016,JP3814000000,0.00596478985658095
2016,AU000000IGO4,0.00026337071525811453
2016,JP3566800003,0.010966438951664418
2016,BMG668971101,0.0014853474597741406
2016,JP3300600008,0.0013812107062043414
2016,JP3419050004,0.0006571855187419718
2016,JP3164800009,0.0009295759765514743
2016,JP3659000008,0.004082312379305051
2016,JP3134800006,0.0012857295506673461
2016,JP3663900003,0.0009743548077507631
2016,BMG684371393,3.4346148263150544e-12
2016,JP3223800008,1.860965976675076e-12
2016,JP3118000003,0.0010133090906970696
2016,JP3903000002,0.0004368992121145458
2016,JP3351600006,0.002866295985197465
2016,HK0293001514,0.0006529960043182537
2016,JP3635400009,0.001107090155875201
2016,HK0688002218,0.007858942859373535
2016,HK0000745908,0.0005067449618068968
2016,AU000000BEN6,0.0009073993359455267
2016,JP3820000002,0.0006928776266654331
2016,AU000000DOW2,0.00017936827353512555
2016,JP3352400000,0.0005699846284162194
2016,JP3496400007,0.020202061331462916
2016,AU000000NAB4,0.014237349173967658
2016,AU000000MAH3,1.0007940485058515e-07
2016,JP3320800000,0.0008109075286374745
2016,AU000000APA1,0.001942624414248666
2016,AU000000STO6,0.000992394207067843
2016,JP3888400003,0.0004642800510923834
2016,JP3711200000,0.001865545875554449
2016,JP3786200000,0.001246648473764147
2016,JP3420600003,0.0030768035276403107
2016,JP3910660004,0.008152484166867417
2016,HK0066009694,0.007725323733827406
2016,JP3802300008,0.009504296719426717
2016,JP3027670003,0.002273654202560591
2016,JP3165700000,0.003960810499714886
2016,JP3888300005,0.0013328249492087659
2016,JP3119600009,0.0040919222966405615
2016,AU000000IVC8,0.0006091469795326099
2016,AU000000ERA9,0.00022652334531310627
2016,JP3350800003,0.001578240609473169
2016,JP3982100004,0.0024890829995219965
2016,KYG0535Q1331,0.0009313166276503594
2016,JP3688370000,0.0013708866777193437
2016,JP3371200001,0.005982324983398024
2016,KYG217651051,0.013370109739436946
2016,HK0388045442,0.007282075401205821
2016,JP3762600009,0.006179565871583271
2016,JP3502200003,0.0032960189051920367
2016,JP3111200006,0.0023210668919209174
2016,JP3174410005,0.0012502961113557518
2016,JP3900000005,0.0036418902825916814
2016,HK0083000502,0.002069681279610825
2016,JP3493800001,0.0017538489866478545
2016,JP3419400001,0.0014712267621511538
2016,JP3126400005,0.0010231617922903445
2016,JP3538800008,0.002210862849074342
2016,JP3347200002,0.004622312649504266
2016,AU0000224040,0.00389745208937519
2016,JP3735400008,0.025806725077458063
2016,AU000000AMP6,0.0030906834275175855
2016,JP3304200003,0.004482605521982194
2016,JP3585800000,0.0015677164448555908
2016,JP3665200006,0.0009213699860267758
2016,JP3375800004,0.0005295330495685559
2016,JP3672400003,0.01197877013038983
2016,JP3955000009,0.0005243977364628579
2016,JP3027680002,0.0023655083701525927
2016,JP3551500006,0.009797285608784092
2016,JP3449020001,8.041710385165338e-06
2016,JP3156400008,0.0007319965138817192
2016,JP3667600005,0.0012212267809347498
2016,JP3362700001,1.439295588175154e-12
2016,JP3762800005,0.0026148866727989813
2016,HK0011000095,0.009304394791527488
2016,JP3621000003,0.0034772034273689405
2016,JP3539220008,0.002054819261414148
2016,AU000000TAH8,0.00038269492003880154
2016,JP3486800000,0.002931188010108397
2016,JP3197600004,0.006091136878846088
2016,AU000000CBA7,0.025734982658351075
2016,JP3870400003,0.0009751028414668253
2016,AU000000GPT8,0.001812665033236672
2016,JP3385820000,0.0006255644060212204
2016,JP3902400005,0.006044787266330467
2016,AU000000BPT9,5.424481302243353e-05
2016,JP3535800001,0.0006125955371737458
2016,JP3870000001,0.0009316576432048716
2016,AU000000CQR9,0.000180267664875213
2016,JP3814800003,0.008991909489205648
2016,HK2388011192,0.007412802082751479
2016,HK0823032773,0.003995205545298874
2016,AU0000038911,0.0
2016,AU000000LLC3,0.0014132414240191123
2016,JP3866800000,0.006644817434402611
2016,AU000000SGM7,0.0006483027939388877
2016,JP3942600002,0.0012079884409428223
2016,JP3544000007,0.000802513507296756
2016,JP3522200009,2.1429586452599833e-12
2016,JP3914400001,0.007850713392728997
2016,JP3613400005,0.0016803475374886246
2016,JP3215800008,0.001065740943584315
2016,JP3595200001,0.000344645372519804
2016,AU000000OZL8,5.453787807965116e-05
2016,JP3270000007,0.0008631869649828234
2016,JP3560800009,0.0005365527012954056
2016,NZTELE0001S4,0.000718540855438104
2016,JP3830000000,0.001087048550587163
2016,HK0165000859,0.001098274389719079
2016,JP3596200000,0.0016687559354436208
2016,JP3670800006,0.0007026569590690414
2016,HK0242001243,0.0002563988920113327
2016,JP3854600008,0.014156182672952074
2016,JP3546800008,0.003110596713164889
2016,JP3200450009,0.00535501559265778
2016,JP3322930003,0.0009044709642896975
2016,JP3592200004,0.0017878677848176818
2016,JP3180400008,0.0021374437929096626
2016,JP3158800007,8.071096078097593e-13
2016,BMG988031446,0.001211323849722992
2016,JP3294460005,0.003252426748994071
2016,JP3573000001,0.003489579820960166
2016,SG1F60858221,0.0020910896727875626
2016,JP3686800008,5.172611357231153e-12
2016,AU000000GWA4,0.0002796552969662968
2016,AU000000PPT9,0.0006143122797772992
2016,HK0200030994,0.0005758259768181168
2016,AU000000SGP0,0.0018224371651997192
2016,IE00BKVD2N49,0.0021804068670994714
2016,JP3401400001,0.002341207701409016
2016,JP3827200001,0.0007852506712205729
2016,JP3475350009,0.004284685841574956
2016,JP3769000005,0.0010196733589126826
2016,JP3148800000,0.0003598522496761679
2016,AU000000WOR2,0.00013644982431864678
2016,JP3634600005,0.004728659353384315
2016,JP3678000005,0.0010694653495704322
2016,AU000000IAG3,0.002569958137237344
2016,JP3551200003,1.685968122637502e-12
2016,JP3638600001,0.0008521126290161827
2016,JP3414750004,0.0018999860416554345
2016,JP3898400001,0.007227570551295982
2016,AU000000CSR5,0.0002445167246264226
2016,HK0016000132,0.008826676553666923
2016,JP3358800005,0.0021908326013809713
2016,JP3634200004,0.0009254947838760229
2016,NZCENE0001S6,0.0002820791041665338
2016,JP3551520004,0.004931779442777942
2016,AU000000MTS0,0.0005045854239571975
2016,JP3289800009,0.00035581470996977327
2016,HK0004000045,0.003951973825924459
2016,AU000000QBE9,0.0027972887633321763
2016,JP3357200009,0.001638958170704186
2016,JP3386030005,0.0008791475622482998
2016,JP3493400000,0.0007735343146509316
2016,JP3388200002,0.0033773486247345302
2016,JP3359600008,0.0008588410073270915
2016,JP3973400009,0.0028589198612524497
2016,HK0291001490,0.0015184697647499352
2016,AU000000BWP3,0.0008719733293703521
2016,AU000000ANZ3,0.013911158146204639
2016,JP3877600001,0.0023724060678010144
2016,JP3837800006,0.0045170183083768555
2016,JP3481800005,0.0055208706732882366
2017,JP3505000004,0.004169156026701497
2017,JP3421800008,0.004040889077325422
2017,AU000000QAN2,0.0007403754296820233
2017,HK0003000038,0.005464592647691358
2017,SG1U68934629,0.001840585263907974
2017,JP3778630008,0.0010919853214298855
2017,SGXE21576413,0.002085906547666951
2017,JP3811000003,0.0005027515086997329
2017,JP3792600003,0.001639352464359452
2017,JP3977400005,0.0013214156044858475
2017,JP3210200006,0.0016747595468399633
2017,AU000000ASX7,0.0016325329997062545
2017,AU000000SBM8,0.00030812967744820894
2017,JP3381000003,0.004519361051681319
2017,JP3549600009,0.0004476473902906472
2017,JP3940000007,0.0019484070635292408
2017,HK0144000764,0.001499879342935131
2017,JP3890350006,0.013065396072957475
2017,JP3463000004,0.008298091090585482
2017,AU000000MGR9,0.0013936464833205103
2017,NZSKCE0001S2,0.0003856688432607977
2017,JP3397200001,0.004999398075243451
2017,BMG677491539,0.0007089828363350581
2017,JP3452000007,0.00031089582764180264
2017,SG9999000020,0.0018958925342664181
2017,HK0006000050,0.004808588851151754
2017,JP3443600006,0.0023071104706331347
2017,JP3675600005,0.0014034430559478688
2017,JP3819400007,0.0008048622742530899
2017,JP3711600001,0.0013242336610057143
2017,JP3243600008,0.0004317628617740359
2017,AU000000SHL7,0.001625180324990554
2017,JP3404600003,0.003954373782799671
2017,JP3799000009,0.0009901939980743832
2017,HK0019000162,0.0013090623751356816
2017,JP3733000008,0.0013798739809185601
2017,JP3405400007,0.0008617740676606705
2017,JP3112000009,0.0020433509631432836
2017,NZAIAE0002S6,0.0015247990860889204
2017,JP3582600007,0.0007187940802182822
2017,AU000000CSL8,0.009320139042875247
2017,JP3830800003,0.007025260555823622
2017,JP3495000006,0.0014131325146325014
2017,HK0023000190,0.0027969467200302
2017,AU000000DXS1,0.0014526816826826404
2017,AU000000MQG1,0.005009208446377423
2017,JP3519400000,0.004157390951684433
2017,JP3951600000,0.0036484168684759815
2017,JP3942400007,0.006146862369521747
2017,JP3526600006,0.0015272677617207448
2017,JP3726800000,0.015092137654197159
2017,AU000000WBC1,0.019256422851072257
2017,JP3358200008,0.001037516630974033
2017,HK0010000088,0.0014335693706739622
2017,SG1P66918738,0.0010855779466284123
2017,JP3201200007,0.00260731708598448
2017,NZAIRE0001S2,0.00014238690741572615
2017,HK0002007356,0.003984952511251612
2017,JP3657400002,0.0014333625115067507
2017,JP3165600002,0.0005970901355861564
2017,SG1R50925390,5.840197360273058e-12
2017,AU0000088338,0.0013445409889015199
2017,JP3249600002,0.004371598514858502
2017,JP3891600003,0.00048413011536185596
2017,AU000000WES1,0.008186183337983826
2017,JP3407400005,0.0024597930094089554
2017,JP3753000003,8.0718981267684e-12
2017,JP3868400007,0.0020122265454651767
2017,JP3122400009,0.0009034478981078662
2017,JP3246400000,0.001073756818321002
2017,JP3850200001,2.1011307570908067e-12
2017,SG1J26887955,0.0011037821254788521
2017,JP3902900004,0.021167932762897513
2017,SG1T75931496,0.010403949227470698
2017,JP3266400005,0.004760380623433916
2017,JP3131430005,0.0007169173780974922
2017,JP3197800000,0.0026268318646128544
2017,JP3385980002,0.0008536339620657809
2017,JP3194000000,0.00043702727093398536
2017,AU000000SIG5,0.00036712521702318154
2017,JP3160400002,0.0035645970979907627
2017,SG1V61937297,0.0011423042543181221
2017,JP3116000005,0.004481142361206489
2017,SG1R89002252,0.001565150443689134
2017,AU000000TCL6,0.0036970954628364294
2017,JP3684000007,0.0033531385522620107
2017,AU000000ORG5,0.0018100323961981258
2017,JP3788600009,0.006739443039810628
2017,AU000000BLD2,0.0011218107881631994
2017,JP3421100003,0.0001741840528490534
2017,JP3491000000,0.0005224821779283766
2017,HK0012000102,0.004778942810929088
2017,JP3205800000,0.006075593479879916
2017,SG1T58930911,0.0003152838192879412
2017,AU000000CWY3,0.00020867899122822955
2017,JP3783600004,0.00860298045026799
2017,JP3429800000,0.0026896804154796054
2017,AU000000CIM7,0.002099301944613924
2017,JP3982800009,0.0013529087313406203
2017,JP3528600004,0.00012114392768679322
2017,JP3435000009,0.009102066156843388
2017,JP3890310000,0.005340292387042901
2017,BMG8063F1068,0.0009529584470445506
2017,AU000000RHC8,0.0024707633526208487
2017,AU000000ORI1,0.0012522339169659417
2017,JP3721400004,0.0004381343001749281
2017,JP3293200006,0.0007517576179559852
2017,AU000000WOW2,0.005711329097025264
2017,JP3269600007,0.0012054516235938213
2017,HK0000055878,0.0020166130955263273
2017,JP3633400001,0.0437643863805723
2017,JP3126340003,0.0006690729194366837
2017,SG1N31909426,0.0008123222333422925
2017,JP3256000005,0.0014282174682761042
2017,JP3224200000,0.0015896542924336665
2017,JP3629000005,0.0015666292286561061
2017,JP3893600001,0.006357437884385492
2017,JP3765400001,0.0006604731067336421
2017,BMG2442N1048,0.0008007111596579649
2017,JP3605400005,0.0011099815822561956
2017,JP3787000003,0.001362702531042365
2017,JP3845400005,0.0
2017,JP3743000006,0.0016260140928790543
2017,JP3228600007,0.002547791937148078
2017,JP3894900004,0.0013539300067827505
2017,JP3742600004,0.0006692566295160654
2017,JP3734800000,0.006465369617729201
2017,AU000000CGF5,0.0010786194845850065
2017,AU000000NCM7,0.0031120315157251045
2017,JP3933800009,0.0058712154488651715
2017,JP3942800008,0.001877352351778323
2017,HK0000608585,0.0027039952657676304
2017,BMG2108M2182,0.0006930480898919967
2017,JP3258000003,0.0034052828346391
2017,AU000000BSL0,0.0009729329419723729
2017,AU000000COH5,0.0014693135800753774
2017,JP3456000003,0.0006290793780180527
2017,JP3738600000,0.001476343831105117
2017,JP3040890000,0.000910941351577256
2017,BMG524401079,0.001076496644572619
2017,HK0008011667,0.0015086171358979
2017,AU000000MND5,0.00027382091407624864
2017,NZFBUE0001S0,0.0011597896008470644
2017,JP3209000003,0.0008915146430762604
2017,JP3402600005,0.001975394041554135
2017,JP3274400005,0.00034235823888779124
2017,JP3619800000,0.0005663452765965467
2017,JP3835620000,0.0007229533483653433
2017,JP3571400005,0.003999861424837697
2017,AU000000SUN6,0.003103875183967913
2017,JP3166000004,0.0008781497505613523
2017,JP3368000000,7.355725068672774e-05
2017,JP3190000004,0.0016877902186459386
2017,JP3720800006,0.001506457620196215
2017,JP3818000006,0.0029829348185134935
2017,JP3229400001,0.00138714744764178
2017,JP3143600009,0.005483065979299519
2017,KYG2108Y1052,0.004060432362521399
2017,SGXE34184239,0.0007237725929137372
2017,JP3198900007,0.004679917064795655
2017,AU000000BHP4,0.015824313217972664
2017,JP3260800002,0.0014072807809253935
2017,JP3626800001,0.0018126778179264297
2017,JP3967200001,0.0033598317697693743
2017,AU000000TLS2,0.010741098674989904
2017,JP3242800005,0.009292715896266771
2017,JP3814000000,0.004884916953824616
2017,AU000000IGO4,0.0004278812242192561
2017,JP3566800003,0.00807698080923687
2017,BMG668971101,0.0016968498279507315
2017,JP3300600008,0.0012465655070415904
2017,JP3419050004,0.0010151704014622683
2017,JP3164800009,0.0010598707819030363
2017,JP3659000008,0.0034544998200750944
2017,JP3134800006,0.0012937470649162963
2017,JP3663900003,0.0008515906170400374
2017,BMG684371393,3.361481219311097e-05
2017,JP3223800008,9.21439137351202e-12
2017,JP3118000003,0.0008040702381959194
2017,JP3903000002,0.0006391604266373792
2017,JP3351600006,0.003058613790169046
2017,HK0363006039,0.000621969352897315
2017,HK0293001514,0.0003277556199132264
2017,JP3635400009,0.0009797585593561947
2017,HK0688002218,0.007755096659589044
2017,HK0000745908,0.00043680475385249107
2017,AU000000BEN6,0.0010209153222865697
2017,JP3820000002,0.0010350437337490767
2017,AU000000DOW2,0.0005181065948671534
2017,JP3352400000,0.00043043778154575074
2017,JP3496400007,0.016348955045243554
2017,AU000000NAB4,0.014433094650334832
2017,AU000000MAH3,1.1729368497828994e-06
2017,JP3320800000,0.0007405101735961222
2017,AU000000APA1,0.001733181031372222
2017,AU000000STO6,0.0014472517305938405
2017,JP3888400003,0.0005632339497843501
2017,JP3711200000,0.001662716249414143
2017,JP3786200000,0.001347789487206107
2017,JP3420600003,0.002663123379747781
2017,JP3910660004,0.007706432198464116
2017,HK0066009694,0.007149973050339023
2017,JP3802300008,0.008010272316453508
2017,JP3027670003,0.002034061736123164
2017,JP3165700000,0.0033208053482831124
2017,JP3888300005,0.0012235074691609343
2017,JP3119600009,0.0026322102258485294
2017,AU000000IVC8,0.0003472886700995975
2017,AU000000ERA9,0.00022811750959388484
2017,JP3350800003,0.00046140853074013463
2017,JP3982100004,0.0020009856360089415
2017,KYG0535Q1331,0.0010207315819762916
2017,JP3688370000,0.0013485983770554863
2017,JP3371200001,0.008609092327601606
2017,KYG217651051,0.010716602213471435
2017,HK0388045442,0.006863364476589396
2017,JP3762600009,0.006055212033870078
2017,JP3502200003,0.002817282439536401
2017,JP3111200006,0.002939127356579575
2017,JP3695200000,0.0015941117795463017
2017,JP3174410005,0.0010637929298808523
2017,JP3900000005,0.0033165988341538155
2017,HK0083000502,0.002421544401145205
2017,JP3493800001,0.0016324878397974186
2017,BMG4600H1198,0.0005668168462007212
2017,JP3419400001,0.0017324378889673365
2017,JP3126400005,0.0012820912026702605
2017,JP3538800008,0.0022117938264606864
2017,JP3347200002,0.003935943786815215
2017,AU0000224040,0.004592983838465926
2017,JP3735400008,0.021269934751471816
2017,AU000000AMP6,0.0026704271118151673
2017,JP3304200003,0.005965783567421806
2017,JP3585800000,0.0004208683976835813
2017,JP3665200006,0.0008439166611816476
2017,JP3375800004,0.0004758645241732694
2017,AU000000ILU1,0.0007444463725488663
2017,JP3672400003,0.00957612684901956
2017,JP3955000009,0.0008068697244759895
2017,JP3027680002,0.001968496406859932
2017,JP3551500006,0.007831637808334424
2017,JP3449020001,0.00047970198880720747
2017,JP3156400008,0.0006767315816257188
2017,JP3667600005,0.0011354128744568614
2017,JP3362700001,2.5156322727653166e-12
2017,JP3762800005,0.002253416547971121
2017,HK0011000095,0.00946637578548184
2017,JP3621000003,0.003187580400500967
2017,JP3539220008,0.0023168362000058717
2017,AU000000TAH8,0.0004639781551084732
2017,JP3486800000,0.002529424087604227
2017,JP3197600004,0.0031441601992068945
2017,AU000000CBA7,0.025227770553581146
2017,JP3870400003,0.0005388104733012427
2017,AU000000GPT8,0.0015336108681935287
2017,JP3385820000,0.0005950187662495447
2017,JP3902400005,0.007447965193997685
2017,AU000000BPT9,0.00017627883790671264
2017,JP3535800001,0.0005596105627600041
2017,JP3870000001,0.0005656642462404111
2017,AU000000CQR9,0.00019600623145222973
2017,JP3814800003,0.007385568976024135
2017,HK2388011192,0.009867233521665974
2017,HK0823032773,0.0036177109264798318
2017,AU0000038911,4.039729469604363e-09
2017,AU000000LLC3,0.0014309854571753025
2017,JP3866800000,0.006121063635922839
2017,AU000000SGM7,0.0006027759426492794
2017,JP3942600002,0.0013853064689380197
2017,JP3544000007,0.0009294181817432186
2017,JP3400900001,2.3942095954403627e-12
2017,JP3522200009,0.0
2017,JP3914400001,0.006871960095407876
2017,JP3613400005,0.0013809849864414683
2017,JP3215800008,0.0007133791955715008
2017,JP3595200001,0.0011608244674203756
2017,HK0308001558,0.0005078142270564235
2017,AU000000OZL8,0.0004545952948044404
2017,JP3270000007,0.0007052669223792146
2017,JP3560800009,0.0003550220028098091
2017,NZTELE0001S4,0.0007974110588971322
2017,JP3830000000,0.001556306412174088
2017,HK0165000859,0.0007846322623379812
2017,JP3596200000,0.0016496644697560458
2017,JP3670800006,0.0010554812988362134
2017,HK0242001243,0.0002987535849416564
2017,JP3635000007,0.0025451563474347115
2017,JP3854600008,0.013019666538118606
2017,JP3546800008,0.0028318654619347156
2017,JP3200450009,0.004680446234214929
2017,JP3336000009,0.0011704561708586786
2017,JP3322930003,0.0012239820905117881
2017,JP3592200004,0.001983658480875534
2017,JP3180400008,0.0018442883337085841
2017,JP3158800007,1.4484829725985288e-11
2017,BMG988031446,0.001043145702215172
2017,JP3294460005,0.0030869626117245885
2017,JP3573000001,0.002638182869559059
2017,SG1F60858221,0.0020183885027114283
2017,JP3686800008,2.4085410799297008e-11
2017,AU000000GWA4,0.00032733699765804527
2017,AU000000PPT9,0.0005400977622609202
2017,HK0200030994,0.0005483480269957489
2017,AU000000SGP0,0.0018572110472366992
2017,IE00BKVD2N49,0.0030079713957175355
2017,JP3401400001,0.0021919676985173186
2017,JP3827200001,0.0008406870248609253
2017,JP3475350009,0.003948077623436121
2017,JP3769000005,0.001034712358245789
2017,BMG2178K1009,0.00535331717859408
2017,JP3148800000,0.00033600647420246687
2017,AU000000WOR2,0.0003493356916311816
2017,JP3634600005,0.003740657373802024
2017,JP3678000005,0.0007342693373864306
2017,AU000000IAG3,0.002445922051679768
2017,JP3551200003,6.979720587766673e-13
2017,JP3638600001,0.0007983482487446211
2017,JP3414750004,0.00215808117555385
2017,JP3898400001,0.008808398850499983
2017,AU000000CSR5,0.00032718984263883525
2017,HK0016000132,0.009550945207496666
2017,JP3358800005,0.0018952703907866143
2017,JP3634200004,0.0006568488264364639
2017,NZCENE0001S6,0.0003142136492515492
2017,JP3551520004,0.0034748667795351596
2017,AU000000MTS0,0.0004117571432478871
2017,JP3289800009,0.00032768860051274123
2017,HK0004000045,0.005346340129509034
2017,AU000000QBE9,0.002964208561523646
2017,JP3357200009,0.0013349060665679658
2017,JP3386030005,0.0020090343455718205
2017,JP3493400000,0.0008485625686742844
2017,JP3388200002,0.003186197076443301
2017,JP3359600008,0.0034519325766990015
2017,JP3973400009,0.0021148696385128165
2017,HK0291001490,0.0018380021213207653
2017,AU000000BWP3,0.0007039581537329244
2017,AU000000ANZ3,0.015506699609152892
2017,JP3877600001,0.002514593421782097
2017,JP3837800006,0.0041056843615809155
2017,JP3481800005,0.006784497285921525
2018,JP3505000004,0.004709157632822742
2018,JP3421800008,0.003375031313568556
2018,AU000000QAN2,0.001183249362000909
2018,HK0003000038,0.0052102186216983265
2018,SG1U68934629,0.002177335033655689
2018,JP3778630008,0.0012206289496775175
2018,SGXE21576413,0.00234029776911387
2018,JP3811000003,0.0004969143569922871
2018,JP3792600003,0.0015362422768135685
2018,JP3977400005,0.0010738608904651246
2018,JP3210200006,0.001966570395127684
2018,AU000000ASX7,0.0015291539465197505
2018,AU000000SBM8,0.0003372939069920059
2018,JP3381000003,0.003786674694176112
2018,JP3549600009,0.0006585873425678176
2018,JP3940000007,0.0020062547224429
2018,HK0144000764,0.0014752035615794741
2018,JP3890350006,0.011938302432665153
2018,JP3463000004,0.008437045818091148
2018,AU000000MGR9,0.0011916687829558292
2018,NZSKCE0001S2,0.0003195158915803657
2018,JP3397200001,0.005373627742312615
2018,BMG677491539,0.0010919026186230634
2018,JP3452000007,0.00033675895525010665
2018,SG9999000020,0.001614750975197696
2018,HK0006000050,0.0034222994780605752
2018,JP3443600006,0.0023198853055986244
2018,JP3675600005,0.0015693019154135084
2018,JP3819400007,0.0007066129448138132
2018,JP3711600001,0.0013053334757275748
2018,JP3243600008,0.0006537690401009313
2018,AU000000SHL7,0.0015191098062282756
2018,JP3404600003,0.004080986758491354
2018,JP3799000009,0.0010481317610387929
2018,HK0019000162,0.0009925574276180666
2018,JP3733000008,0.0014213775893846914
2018,JP3405400007,0.0009838419528194683
2018,JP3112000009,0.0018786216048073759
2018,NZAIAE0002S6,0.0011420462046546692
2018,JP3582600007,0.0006668396077364628
2018,AU000000CSL8,0.009878869484810475
2018,JP3830800003,0.006931633921428058
2018,JP3495000006,0.0010003240197274238
2018,HK0023000190,0.002223025487262948
2018,AU000000DXS1,0.0014087301036103765
2018,AU000000MQG1,0.005077960799747537
2018,JP3519400000,0.005189230305743394
2018,JP3951600000,0.0032487003847895962
2018,JP3942400007,0.004859099376676515
2018,JP3526600006,0.0011600456927683249
2018,JP3726800000,0.011910860311612335
2018,AU000000WBC1,0.01557161008166408
2018,JP3358200008,0.00077177227338309
2018,JP3485800001,0.00090779274281799
2018,HK0010000088,0.0010782370046857653
2018,SG1P66918738,0.0008961932452992549
2018,JP3201200007,0.0023223399867175237
2018,NZAIRE0001S2,0.00032960683588374463
2018,AU000000ABC7,0.00039988387640464744
2018,HK0014000126,0.0010755740866617092
2018,HK0002007356,0.002910371624620828
2018,JP3657400002,0.00134591144538214
2018,JP3165600002,0.0005747958842551682
2018,SG1R50925390,2.2009127811242596e-10
2018,AU0000088338,0.0013169280001904691
2018,JP3249600002,0.0042691179003066
2018,JP3891600003,0.00037996596516766585
2018,AU000000WES1,0.00728137944333621
2018,JP3407400005,0.0023340573743013807
2018,JP3753000003,1.3226703822017083e-09
2018,JP3868400007,0.0015922284162497664
2018,JP3122400009,0.0008155478978216838
2018,JP3246400000,0.0007609376711498275
2018,JP3850200001,2.2484996837570563e-10
2018,JP3600200004,0.0007184994301152381
2018,JP3389900006,0.00037413807503191605
2018,JP3283650004,0.0020638820086738845
2018,SG1J26887955,0.0011899144766262845
2018,JP3902900004,0.01935913188550872
2018,SG1T75931496,0.00787059096899825
2018,JP3266400005,0.00453817106487993
2018,AU000000ELD6,0.00010990428601221255
2018,JP3131430005,0.0008661022005874513
2018,JP3197800000,0.002710531179913635
2018,JP3385980002,0.0008974664833888668
2018,JP3194000000,0.00031612839721966975
2018,AU000000SIG5,0.00016205823598049673
2018,JP3160400002,0.003120913845847388
2018,SG1V61937297,0.0013944067252496975
2018,JP3116000005,0.004811634951330548
2018,SG1R89002252,0.0017448845453852553
2018,AU000000TCL6,0.0037233996888872663
2018,JP3684000007,0.0026796111188333487
2018,AU000000ORG5,0.0021899260989448324
2018,JP3788600009,0.007198553779272514
2018,AU000000BLD2,0.0012817860933811858
2018,JP3421100003,0.00021907230095781166
2018,JP3491000000,0.0005386164208828313
2018,HK0012000102,0.005053721449638938
2018,JP3205800000,0.006787712965253274
2018,SG1T58930911,0.0004269390383294894
2018,AU000000CWY3,0.0003709077810890939
2018,JP3783600004,0.007055928323487936
2018,JP3429800000,0.0027862700673631498
2018,AU000000CIM7,0.002339736538287549
2018,JP3982800009,0.0020941673234149334
2018,JP3528600004,0.0002104324545719239
2018,JP3435000009,0.011651211750776843
2018,JP3890310000,0.0039014976522437944
2018,JP3935600001,0.0008773829964768196
2018,BMG8063F1068,0.0014888458721236968
2018,AU000000RHC8,0.002077732091709059
2018,AU000000ORI1,0.0010699287378062108
2018,JP3721400004,0.0004474999352969929
2018,JP3404200002,0.0007752500850026832
2018,JP3293200006,0.0013965963330055933
2018,AU000000WOW2,0.005236343731805087
2018,JP3269600007,0.001139504750028469
2018,HK0000055878,0.0029240033882156715
2018,JP3633400001,0.04123938584419956
2018,JP3126340003,0.0010322544024762403
2018,SG1N31909426,0.0006415843925131636
2018,JP3256000005,0.0017276402458213087
2018,JP3224200000,0.0014780303325526423
2018,JP3629000005,0.0011925848844289968
2018,JP3893600001,0.006112178869396978
2018,JP3765400001,0.0006983977543814253
2018,BMG2442N1048,0.0006701526269908056
2018,JP3605400005,0.0011325372768931608
2018,SG1L01001701,0.0094744185059464
2018,JP3787000003,0.0018997494335123509
2018,JP3845400005,3.592230044593087e-10
2018,JP3743000006,0.001011171455851553
2018,JP3228600007,0.002379321715317898
2018,JP3894900004,0.0010054704102935717
2018,JP3742600004,0.00046363358513224623
2018,JP3734800000,0.008436818111032708
2018,AU000000CGF5,0.001138883639338624
2018,AU000000NCM7,0.0025814628775438467
2018,JP3933800009,0.0051082110621575
2018,JP3942800008,0.0022542321241050406
2018,HK0000608585,0.002935875681973864
2018,BMG2108M2182,0.0005612289628391521
2018,JP3258000003,0.004021464985707128
2018,AU000000BSL0,0.0010764894888523164
2018,AU000000COH5,0.0015451813939475758
2018,JP3456000003,0.0006075510013521992
2018,JP3738600000,0.001238592893433941
2018,JP3040890000,0.0007204332086948091
2018,BMG524401079,0.001351585468696375
2018,HK0008011667,0.0010999363218596467
2018,AU000000MND5,0.00028167394818819216
2018,NZFBUE0001S0,0.0007375071197688163
2018,JP3209000003,0.0007273366993287736
2018,JP3402600005,0.002579394594516893
2018,JP3274400005,0.0004240458351842299
2018,JP3619800000,0.0003992876942685043
2018,JP3835620000,0.0007504986226886899
2018,JP3571400005,0.0054459523717880765
2018,AU000000SUN6,0.002572142770934552
2018,JP3166000004,0.0008545462519705434
2018,JP3368000000,0.001213012418608063
2018,JP3190000004,0.0016718302191372674
2018,JP3720800006,0.0015319495090145984
2018,JP3818000006,0.002351375028795614
2018,JP3229400001,0.0013204958395075337
2018,JP3143600009,0.00602142360443795
2018,KYG2108Y1052,0.005248197316883966
2018,JP3676800000,0.0011831617153079275
2018,SGXE34184239,0.0009367628998956686
2018,JP3198900007,0.006616484081262969
2018,AU000000BHP4,0.014554683073225294
2018,JP3260800002,0.0012481648508209202
2018,JP3626800001,0.0016796396630948426
2018,JP3967200001,0.002451436463092463
2018,SG1S83002349,0.0010370070252081706
2018,AU000000TLS2,0.006398324092810865
2018,JP3242800005,0.009849087246551287
2018,JP3814000000,0.004212075461971654
2018,AU000000IGO4,0.000453782393426775
2018,KYG5427W1309,0.0009676747926778041
2018,JP3566800003,0.007416021503275903
2018,BMG668971101,0.0014872348720355172
2018,JP3300600008,0.0009244179701591585
2018,JP3436100006,0.016441140837897692
2018,JP3419050004,0.0006709676554058462
2018,JP3164800009,0.0008519472973057164
2018,JP3659000008,0.002899770860651992
2018,JP3134800006,0.0010673300215419041
2018,JP3663900003,0.00094434752542451
2018,BMG684371393,0.00014681981212630985
2018,JP3223800008,1.4334449947747724e-09
2018,JP3118000003,0.00053828336574307
2018,JP3903000002,0.000737338871142868
2018,JP3351600006,0.004122787535485412
2018,HK0363006039,0.0005090282703424973
2018,HK0293001514,0.0006748954193064227
2018,JP3635400009,0.000745271988824016
2018,HK0688002218,0.008018549283685601
2018,HK0000745908,0.0005500283899710349
2018,AU000000BEN6,0.0007609342094037358
2018,JP3820000002,0.0011423266701499678
2018,AU000000DOW2,0.0005821068104852039
2018,JP3352400000,0.00039385552564633806
2018,JP3496400007,0.012101434170906093
2018,AU000000NAB4,0.011525899501273246
2018,AU000000MAH3,7.057227864428564e-05
2018,JP3320800000,0.0005488156004351206
2018,AU000000APA1,0.0012979961019059332
2018,AU000000STO6,0.0016545834887152853
2018,JP3888400003,0.0006815715301279931
2018,JP3711200000,0.0012506974590711514
2018,JP3786200000,0.0010516238889907703
2018,JP3420600003,0.0021618068978879693
2018,JP3910660004,0.006594396415706431
2018,HK0066009694,0.006211315779764017
2018,JP3802300008,0.008607222703214203
2018,JP3027670003,0.0015371634637099836
2018,JP3165700000,0.0030833488747740324
2018,JP3888300005,0.0012471346626126926
2018,JP3119600009,0.0018787152492598094
2018,AU000000IVC8,0.00035143792944582517
2018,AU000000ERA9,0.00011406193021814063
2018,MU0117U00026,0.0005425100878953415
2018,JP3350800003,0.00042249661557155035
2018,JP3982100004,0.0013722157388359759
2018,KYG0535Q1331,0.0009664155575170986
2018,JP3688370000,0.0012988923530782984
2018,JP3371200001,0.008613793497741629
2018,KYG217651051,0.009417109807435408
2018,HK0388045442,0.008325333957816504
2018,JP3762600009,0.0044318784579346895
2018,JP3502200003,0.0023573468044281514
2018,JP3111200006,0.0033619780744676272
2018,JP3695200000,0.001259012556338456
2018,JP3174410005,0.0014209450330975525
2018,JP3900000005,0.0022724861260196723
2018,HK0083000502,0.0021892651057328974
2018,JP3493800001,0.0014234773387748177
2018,BMG4600H1198,0.00047336604178065827
2018,JP3419400001,0.0016778474043067082
2018,JP3126400005,0.0010097217750619433
2018,JP3538800008,0.0022489410765855317
2018,JP3347200002,0.003456138424295663
2018,AU0000224040,0.004022202289978987
2018,JP3735400008,0.01831255196110094
2018,AU000000AMP6,0.002186882666481011
2018,JP3304200003,0.007001184034321858
2018,JP3585800000,0.0006197083265680082
2018,JP3665200006,0.0007648904211522964
2018,JP3375800004,0.0003481818257308453
2018,AU000000ILU1,0.0007649356811707322
2018,JP3672400003,0.008077233350847469
2018,JP3955000009,0.0009682629309601052
2018,JP3027680002,0.0013867844789588809
2018,JP3351100007,0.0028602108463942244
2018,JP3551500006,0.008967383341521955
2018,JP3449020001,0.00047596642564740033
2018,JP3156400008,0.0006566807236043497
2018,JP3667600005,0.000990806539648796
2018,JP3362700001,0.0002689663833335466
2018,JP3762800005,0.002297912797216943
2018,HK0011000095,0.008498883805491754
2018,JP3326410002,0.0004198687096547311
2018,JP3621000003,0.0028808136130383396
2018,JP3539220008,0.0021119297175717948
2018,AU000000TAH8,0.001438549899030275
2018,JP3486800000,0.0023928152145588208
2018,JP3197600004,0.002631044270252814
2018,AU000000CBA7,0.020504772849358553
2018,JP3870400003,0.0007413652798477609
2018,AU000000GPT8,0.001442242654406046
2018,JP3385820000,0.0004745193328450918
2018,JP3902400005,0.007274699158528169
2018,AU000000BPT9,0.00040093748232992684
2018,HK0000139300,0.0002593725157528505
2018,JP3899600005,0.004746667170325523
2018,JP3535800001,0.0004742254257687415
2018,JP3870000001,0.0005240054328127942
2018,AU000000CQR9,0.00014184600868378993
2018,JP3814800003,0.004826603511520098
2018,HK2388011192,0.00984873922400698
2018,HK0823032773,0.0035349048269927765
2018,AU0000038911,9.244089935475344e-06
2018,AU000000LLC3,0.0012418720229458004
2018,JP3866800000,0.006656979975973339
2018,AU000000SGM7,0.0006041692099877675
2018,JP3942600002,0.0014647413740672935
2018,JP3544000007,0.0008049665438386477
2018,JP3400900001,0.0
2018,JP3522200009,0.0002642470288749346
2018,JP3914400001,0.006040981232547529
2018,JP3613400005,0.0009466271374541168
2018,JP3215800008,0.0005147200291612139
2018,JP3766550002,0.0009810488312985248
2018,JP3595200001,0.0013460230712817826
2018,HK0308001558,0.00046168951248413807
2018,AU000000OZL8,0.00039934147552298817
2018,JP3270000007,0.0007043449733801327
2018,JP3560800009,0.0005690899805033808
2018,NZTELE0001S4,0.0007031982803680869
2018,JP3830000000,0.0013891897251421057
2018,HK0165000859,0.0008068304722723285
2018,JP3596200000,0.0018076696991283314
2018,JP3670800006,0.000981349178073329
2018,HK0242001243,0.00025394465809470366
2018,JP3635000007,0.00289271349717336
2018,JP3854600008,0.011690289229069157
2018,JP3546800008,0.0031937459303473105
2018,JP3200450009,0.004440210891025197
2018,JP3336000009,0.0011578375684314262
2018,JP3322930003,0.0014833385950495659
2018,JP3592200004,0.003342924782946393
2018,JP3180400008,0.0014722737710612583
2018,JP3158800007,0.0
2018,BMG988031446,0.0011426715589544693
2018,JP3294460005,0.0034038883122728407
2018,JP3573000001,0.0022490082649993495
2018,SG1F60858221,0.001774181831815925
2018,JP3686800008,4.431699823065102e-09
2018,AU000000GWA4,0.0001800326120501705
2018,AU000000PPT9,0.0004381568589593781
2018,HK0200030994,0.0008668595287363682
2018,AU000000SGP0,0.0015903714961144164
2018,IE00BKVD2N49,0.002636877960106793
2018,JP3401400001,0.002152519932136554
2018,JP3827200001,0.000782384101007124
2018,JP3475350009,0.004664955673082102
2018,JP3769000005,0.0006789478709493508
2018,JP3409000001,0.003435805485701818
2018,BMG2178K1009,0.004522737380956189
2018,JP3148800000,0.00034783536069128744
2018,JP3173400007,0.0014345091115352275
2018,AU000000WOR2,0.0005760838104389016
2018,JP3634600005,0.0041216444783575
2018,JP3678000005,0.0006362258873314895
2018,AU000000IAG3,0.0024860557556392673
2018,JP3551200003,1.2333941792694245e-10
2018,JP3638600001,0.000598443631393067
2018,JP3414750004,0.0016746727086482647
2018,JP3898400001,0.0083854846657777
2018,AU000000CSR5,0.00030654287879593905
2018,HK0016000132,0.009105852303455392
2018,JP3358800005,0.001619643483223606
2018,JP3634200004,0.0005135469810504083
2018,NZCENE0001S6,0.00044127613199708643
2018,JP3551520004,0.0025483494070216444
2018,AU000000MTS0,0.00046871363804919773
2018,JP3289800009,0.0004597100707657237
2018,HK0004000045,0.0022305087760565857
2018,AU000000QBE9,0.0021200094914744696
2018,JP3357200009,0.0015096170573333306
2018,JP3386030005,0.002453683223729335
2018,JP3493400000,0.0008760755404946599
2018,HK0000049939,0.00815474124089235
2018,JP3388200002,0.0030806330361626624
2018,JP3359600008,0.0033424227175134964
2018,JP3973400009,0.0019331528344150148
2018,HK0291001490,0.0024632218543532945
2018,AU000000BWP3,0.0005766982390988498
2018,AU000000ANZ3,0.012422577892587472
2018,JP3877600001,0.00247379753596406
2018,JP3837800006,0.0037424482222102413
2018,JP3268950007,0.0008698711621299277
2018,JP3481800005,0.006538970936695954
2019,JP3505000004,0.004177661926251436
2019,JP3421800008,0.0038939284443314085
2019,AU000000QAN2,0.0008509591349931987
2019,HK0003000038,0.007022050921818379
2019,SG1U68934629,0.0015372639741655222
2019,KYG210961051,0.0024247320389234085
2019,JP3778630008,0.0018155316542612676
2019,SGXE21576413,0.0021770556228938214
2019,JP3796150005,0.0006714790211580861
2019,JP3811000003,0.00026672947686719097
2019,KYG525621408,0.0007828381497882858
2019,JP3792600003,0.0011739333068967548
2019,JP3977400005,0.0008487435341903865
2019,JP3210200006,0.0016400820911078532
2019,AU000000ASX7,0.0018006066733455516
2019,JP3276400003,0.000670750426097479
2019,AU000000SBM8,0.0004361027274556773
2019,JP3381000003,0.0017953482437511321
2019,JP3549600009,0.0004975394634456936
2019,JP3940000007,0.0021834579106822603
2019,HK0144000764,0.0013773183522494776
2019,JP3613000003,0.0007554517693230878
2019,JP3890350006,0.01033412702564383
2019,JP3463000004,0.012224538904524518
2019,AU000000MGR9,0.0012967339886348276
2019,NZSKCE0001S2,0.0005160002039300973
2019,JP3397200001,0.00552612852151843
2019,BMG677491539,0.0007541591016304326
2019,AU000000FLT9,0.0006378933897083057
2019,JP3452000007,0.00048261916625661427
2019,SG9999000020,0.0009505253384967397
2019,HK0006000050,0.002717710013864332
2019,JP3756100008,0.0031848444376640066
2019,JP3443600006,0.0024753512308797604
2019,JP3675600005,0.001057968146083806
2019,JP3819400007,0.0007821490316870825
2019,JP3711600001,0.0014578607726445255
2019,JP3243600008,0.00048535604311949175
2019,AU000000SHL7,0.0015689620697937315
2019,JP3404600003,0.0038700631454210536
2019,JP3799000009,0.0009059294868970973
2019,HK0019000162,0.0009731250470086814
2019,JP3733000008,0.0016368885724155013
2019,JP3405400007,0.0008405943384601858
2019,JP3112000009,0.001466016570885926
2019,NZAIAE0002S6,0.0012648976011284255
2019,JP3582600007,0.0005001237765591239
2019,US89677Q1076,0.0039026292610307733
2019,AU000000CSL8,0.012906604554683062
2019,JP3830800003,0.005986606815838838
2019,JP3495000006,0.0017995696885591025
2019,HK0023000190,0.001999558987898847
2019,AU000000DXS1,0.0016475780659782398
2019,AU000000MQG1,0.005719910806358664
2019,JP3519400000,0.006616504438977028
2019,JP3951600000,0.003996691566798856
2019,JP3826800009,0.00015012217578501955
2019,JP3942400007,0.005772225670004902
2019,JP3526600006,0.0015002740201148313
2019,JP3726800000,0.009818052179868341
2019,AU000000WBC1,0.0121597220457895
2019,JP3358200008,0.0005445880288658657
2019,JP3485800001,0.0008426380254546041
2019,HK0010000088,0.001032425279507632
2019,SG1P66918738,0.000995149375073226
2019,JP3201200007,0.0027544471396487723
2019,NZAIRE0001S2,4.6681946359704844e-05
2019,AU000000ABC7,5.0194653979240344e-05
2019,HK0014000126,0.0011113073305728314
2019,HK0002007356,0.003460836495990429
2019,JP3657400002,0.0012822161242460508
2019,JP3165600002,0.00046888346623630994
2019,SG1R50925390,0.0
2019,AU0000088338,0.0009740796396907189
2019,JP3249600002,0.003932627345549073
2019,JP3891600003,0.0003104202055882642
2019,AU000000WES1,0.005379442728400515
2019,JP3407400005,0.0018751481944682406
2019,JP3753000003,0.0
2019,JP3868400007,0.0013604476698522796
2019,JP3122400009,0.0009830615450672315
2019,JP3246400000,0.0011177614205543547
2019,JP3850200001,0.0
2019,JP3600200004,0.00105928124139639
2019,SG2B80958517,0.00018111466541940674
2019,JP3389900006,0.00030849512008878087
2019,JP3283650004,0.0019276040540161792
2019,SG1J26887955,0.0011785059476901313
2019,JP3902900004,0.014095166235098355
2019,SG1T75931496,0.007215771021004249
2019,JP3266400005,0.0038237049641027285
2019,AU000000ELD6,0.00013731985317876503
2019,JP3131430005,0.0008364259194120317
2019,JP3197800000,0.0020339549509347933
2019,JP3385980002,0.0006651683331861527
2019,JP3194000000,0.00035079027560361005
2019,JP3579800008,0.0006605395122025953
2019,SG1M51904654,0.0013618182807305465
2019,AU000000SIG5,0.00019059081531290647
2019,JP3160400002,0.004610879965675319
2019,SG1V61937297,0.0001632239569113978
2019,JP3116000005,0.004235719986559511
2019,SG1R89002252,0.0012844802976719788
2019,AU000000TCL6,0.004703581359835961
2019,JP3684000007,0.0019069831350584374
2019,AU000000ORG5,0.0011661756809003452
2019,JP3625000009,0.0
2019,JP3788600009,0.005990100583976854
2019,AU000000BLD2,0.0007167532457645775
2019,JP3421100003,1.0722335890579692e-10
2019,JP3491000000,0.00045191069781262146
2019,HK0012000102,0.0049807453731382755
2019,JP3205800000,0.007060143939305654
2019,SG1T58930911,0.00013273226862921532
2019,AU000000CWY3,0.00035128149705276955
2019,JP3783600004,0.007037379365037298
2019,JP3429800000,0.0026658087675286136
2019,JP3494600004,0.0003086917763882323
2019,AU000000CIM7,0.002124450767230216
2019,JP3982800009,0.0015484607661210923
2019,JP3528600004,3.230745465578128e-07
2019,JP3435000009,0.012955335443467572
2019,JP3890310000,0.003631700751626402
2019,JP3935600001,0.0008028183503938182
2019,BMG8063F1068,0.0009644545758447423
2019,AU000000RHC8,0.001707909980119221
2019,SG9999003735,6.668521292092793e-05
2019,JP3756600007,0.007673616655274462
2019,AU000000ORI1,0.000950298183840241
2019,JP3721400004,0.00029648134922009254
2019,JP3404200002,0.0004492836461623116
2019,JP3293200006,0.0014564340417234382
2019,JP3415400005,0.0008205318804450772
2019,AU000000WOW2,0.0055155932051986975
2019,JP3269600007,0.0011425199307032478
2019,HK0000055878,0.002287343365900521
2019,JP3633400001,0.039538226242417436
2019,JP3126340003,0.0012685713685216358
2019,SG1N31909426,0.0007632461507185616
2019,JP3256000005,0.0017370894187099498
2019,JP3224200000,0.0011058628453422602
2019,JP3629000005,0.0011317692714721218
2019,JP3893600001,0.005661156040793712
2019,JP3765400001,0.0008496409824774151
2019,BMG2442N1048,0.0007797817447408476
2019,JP3605400005,0.0009745189276516126
2019,SG1L01001701,0.009184371713597934
2019,JP3787000003,0.0013219671593954906
2019,JP3845400005,0.0
2019,JP3743000006,0.0008391345468098075
2019,JP3511800009,0.0011921656676324585
2019,JP3228600007,0.0029264624550571585
2019,JP3894900004,0.0009203430953057787
2019,JP3742600004,0.0005234467598522056
2019,JP3734800000,0.006905009183680461
2019,AU000000CGF5,0.0005687387990706237
2019,AU000000NCM7,0.0026951142268149967
2019,JP3933800009,0.0029044646540620452
2019,JP3942800008,0.0015687187467160945
2019,HK0000608585,0.003219149202446939
2019,BMG2108M2182,0.00038278061295145895
2019,JP3258000003,0.0043109797869986585
2019,AU000000BSL0,0.0007605712549338761
2019,AU000000COH5,0.0016747573742115255
2019,JP3456000003,0.0003487128376807788
2019,JP3738600000,0.0011047828425758681
2019,JP3040890000,0.001080308333178475
2019,BMG524401079,0.0013314748644074935
2019,HK0008011667,0.0013417434477232765
2019,AU000000MND5,0.0003257477235885538
2019,NZFBUE0001S0,0.0006131285607249331
2019,JP3209000003,0.0006643219857969903
2019,JP3402600005,0.0017575348132575965
2019,JP3274400005,0.00016732859606428808
2019,JP3619800000,0.00032337909963279214
2019,JP3835620000,0.0006050098958427915
2019,JP3571400005,0.004651079155421247
2019,AU000000SUN6,0.0023617204168253094
2019,JP3166000004,0.0008033275089313618
2019,JP3368000000,0.000865130615481269
2019,JP3190000004,0.0013658072509445647
2019,JP3720800006,0.0008926237926918762
2019,JP3818000006,0.0027691499661081833
2019,JP3229400001,0.001034071165243226
2019,JP3143600009,0.005684101625158712
2019,KYG2108Y1052,0.00546877639728396
2019,JP3676800000,0.001206028551916769
2019,SGXE34184239,0.0006979098123132883
2019,JP3198900007,0.007573110391226682
2019,AU000000BHP4,0.015242534511508926
2019,JP3260800002,0.0015160900499501747
2019,JP3626800001,0.0009757240337977633
2019,JP3967200001,0.002214735340136853
2019,SG1S83002349,0.0008053130345322282
2019,AU000000TLS2,0.0051895435542546236
2019,JP3305990008,0.001183857564454031
2019,JP3242800005,0.0077927716504050375
2019,JP3102000001,0.0022167102342694174
2019,JP3814000000,0.004888568462648027
2019,AU000000IGO4,0.00040591070012802803
2019,KYG5427W1309,0.0007380748058917432
2019,JP3566800003,0.00913253792339772
2019,BMG668971101,0.001963096721670066
2019,JP3300600008,0.0010388425559482036
2019,JP3436100006,0.017132146811399608
2019,JP3419050004,0.0007668932431285269
2019,JP3164800009,0.0006590208270052344
2019,JP3659000008,0.002985907647841733
2019,JP3134800006,0.0012108319940215178
2019,JP3663900003,0.0011835626107114861
2019,BMG684371393,3.7278355243240594e-06
2019,JP3223800008,0.0
2019,JP3118000003,0.0004189881017771446
2019,AU000000ALL7,0.0022444672041979303
2019,JP3903000002,0.00015619591464573592
2019,JP3351600006,0.005155379165105049
2019,HK0363006039,0.0005054734252158027
2019,HK0392044647,0.0017380742200048954
2019,HK0293001514,0.0003364498329380003
2019,JP3635400009,0.0005604888080739634
2019,JP3137200006,0.002808183328016902
2019,HK0688002218,0.008241590153725742
2019,HK0000745908,0.0005917313321834742
2019,AU000000BEN6,0.0006639665817810613
2019,JP3774200004,0.0016941297076433284
2019,JP3820000002,0.0008757929295604755
2019,AU000000DOW2,0.0006211951534942355
2019,JP3352400000,0.0003067621420935911
2019,JP3496400007,0.012476323599261397
2019,AU000000NAB4,0.00934498677762463
2019,AU000000MAH3,6.428118225690307e-05
2019,JP3320800000,0.0005191367090945948
2019,AU000000APA1,0.0014879539697751562
2019,AU000000STO6,0.001931476016902398
2019,JP3888400003,0.0003849763649898933
2019,JP3711200000,0.0011748757726497958
2019,JP3786200000,0.000844606428406051
2019,JP3420600003,0.0019658144325742305
2019,JP3910660004,0.0071045988352214625
2019,HK0066009694,0.00683500275308639
2019,JP3802300008,0.009723316477754651
2019,JP3027670003,0.0020687968898911815
2019,JP3165700000,0.003335361033028098
2019,JP3888300005,0.0010566142762287226
2019,JP3119600009,0.001443720113464056
2019,AU000000IVC8,0.00046607947467939637
2019,AU000000ERA9,3.1813640298270115e-05
2019,MU0117U00026,1.5839440264906417e-11
2019,JP3350800003,0.00030281849389122013
2019,JP3982100004,0.0013584358562182509
2019,KYG0535Q1331,0.0007899332695410767
2019,JP3688370000,0.001262543724764354
2019,JP3371200001,0.007015913872961373
2019,KYG217651051,0.007540098850782211
2019,HK0388045442,0.007628928838246439
2019,JP3762600009,0.0028867972868662456
2019,JP3502200003,0.0019382091009174246
2019,JP3111200006,0.003116721370934155
2019,JP3695200000,0.001073251566789605
2019,JP3174410005,0.00119049162505339
2019,JP3900000005,0.002409200209796259
2019,HK0083000502,0.0023965015852639104
2019,JP3493800001,0.0015816490804666642
2019,BMG4600H1198,0.0005287517243205287
2019,JP3419400001,0.0014207502683552583
2019,JP3126400005,0.0009393798785671331
2019,JP3538800008,0.0021600411261514913
2019,JP3347200002,0.0040562609418050115
2019,AU0000224040,0.004340152818619758
2019,JP3735400008,0.01675343189221564
2019,AU000000AMP6,0.0009047531370382127
2019,JP3304200003,0.005015050457395756
2019,JP3358000002,0.002513485099487094
2019,JP3585800000,0.0013974270095811015
2019,JP3665200006,0.0008155223753951366
2019,JP3375800004,0.00033789647534151346
2019,JP3733400000,0.0006262350287447939
2019,AU000000ILU1,0.0006359582253054171
2019,JP3672400003,0.006969854337727388
2019,JP3955000009,0.0007808926853939661
2019,JP3027680002,0.001832259115127138
2019,JP3351100007,0.002292059481043851
2019,JP3551500006,0.006954976379837371
2019,JP3449020001,0.0
2019,JP3156400008,0.0006498590491148482
2019,JP3667600005,0.0007583359393407563
2019,JP3362700001,0.0
2019,JP3939000000,0.0008083755092764104
2019,JP3893200000,0.004706179101080433
2019,JP3762800005,0.002166846588637445
2019,HK0011000095,0.009039431896139663
2019,JP3326410002,0.0007300093686317306
2019,JP3621000003,0.002101052739937205
2019,JP3539220008,0.0016443598434338826
2019,AU000000TAH8,0.0012730947402697067
2019,JP3486800000,0.002182623927590253
2019,JP3197600004,0.0024363617447318423
2019,AU000000CBA7,0.017865486478712948
2019,JP3870400003,0.0007740951430611371
2019,AU000000GPT8,0.001598191602838416
2019,JP3385820000,0.0004850265182438724
2019,JP3902400005,0.0053016817914729
2019,JP3718800000,0.0007158469497086385
2019,AU000000BPT9,0.0004928344531665927
2019,HK0000139300,0.00013912487223639836
2019,JP3899600005,0.0047204750897894944
2019,JP3143000002,0.0006381339805543708
2019,JP3535800001,0.0004719716330611755
2019,JP3870000001,0.00025026823905198274
2019,AU000000CQR9,0.0004883277659740984
2019,JP3814800003,0.0036972116448280965
2019,HK2388011192,0.008216440710272103
2019,HK0823032773,0.004922959739136706
2019,AU0000038911,4.698400053748946e-10
2019,AU000000LLC3,0.0007852520159714982
2019,JP3866800000,0.004674567684550966
2019,AU000000SGM7,0.0005083342024753243
2019,JP3942600002,0.0016705187974303717
2019,JP3544000007,0.0007558134448700745
2019,JP3400900001,0.0
2019,JP3522200009,0.00033588459575343275
2019,JP3914400001,0.006866573203065363
2019,JP3613400005,0.0013750132129755148
2019,JP3215800008,0.0004924632639240011
2019,JP3766550002,0.00103621235138815
2019,JP3595200001,0.0007261663906840626
2019,HK0308001558,0.0004431240133738859
2019,AU000000OZL8,0.0005193722132514167
2019,JP3270000007,0.0008283677573022694
2019,JP3560800009,0.0006820418577597034
2019,NZTELE0001S4,0.0007878311188120875
2019,JP3830000000,0.0010639916523137163
2019,HK0165000859,0.0007882843068457468
2019,JP3574200006,0.0022298822740448314
2019,JP3596200000,0.0014052464979072065
2019,JP3670800006,0.0014239685292843504
2019,HK0242001243,0.000362902179965382
2019,JP3635000007,0.002546747086679723
2019,JP3854600008,0.010702397187864341
2019,JP3546800008,0.004112456740590589
2019,JP3200450009,0.0039429463413391316
2019,JP3336000009,0.0009486473449803466
2019,JP3322930003,0.0009788636843440217
2019,JP3592200004,0.003487641944887638
2019,JP3180400008,0.00140291271985078
2019,JP3158800007,0.0
2019,BMG988031446,0.0009944379209341238
2019,JP3294460005,0.002326662886174295
2019,JP3573000001,0.0026297664287472547
2019,SG1F60858221,0.0022996809544316077
2019,JP3686800008,0.0
2019,AU000000GWA4,0.0002315686795994161
2019,AU000000PPT9,0.0003035567869537694
2019,HK0200030994,0.0007457201409149808
2019,AU000000SGP0,0.001372531900310559
2019,IE00BKVD2N49,0.0024553286041707994
2019,JP3401400001,0.0015646319322697797
2019,JP3827200001,0.0004476464438535382
2019,JP3475350009,0.005077444662477891
2019,JP3769000005,0.0005912488102930488
2019,JP3409000001,0.003751758287895738
2019,BMG2178K1009,0.004614189721358208
2019,JP3148800000,0.00033551868968462596
2019,JP3173400007,0.0017464627131206938
2019,AU000000WOR2,0.0009597240672938624
2019,JP3634600005,0.003412673180689031
2019,JP3678000005,0.0005948725811831808
2019,JP3172100004,0.00032069782179253896
2019,AU000000IAG3,0.002362114529633659
2019,JP3551200003,0.0
2019,AU000000IRE2,0.0003535068056569514
2019,JP3638600001,0.0004062173709359822
2019,JP3862400003,0.00217600158242663
2019,JP3414750004,0.0012573145695453092
2019,JP3898400001,0.009265206403108026
2019,AU000000CSR5,0.00010706800259764744
2019,HK0016000132,0.009756142142868015
2019,JP3358800005,0.0014646498150843537
2019,JP3634200004,0.0005366615863415905
2019,NZCENE0001S6,0.00047863052839938405
2019,JP3551520004,0.002993435759783407
2019,AU000000MTS0,0.00036458658752409586
2019,JP3289800009,0.0
2019,HK0004000045,0.001805578487423177
2019,JP3499800005,0.0008574029377911704
2019,AU000000QBE9,0.002044448121465979
2019,JP3357200009,0.0013625238093838042
2019,JP3386030005,0.0011784916163513446
2019,JP3493400000,0.0009296815610245766
2019,HK0000049939,0.006816000140604012
2019,JP3598600009,0.0013357341039208512
2019,JP3388200002,0.003955272740507439
2019,JP3359600008,0.0013161735903667211
2019,JP3973400009,0.002043652189503163
2019,HK0291001490,0.0024799218559976195
2019,BMG8403G1033,0.0
2019,AU000000BWP3,0.0007175387022934533
2019,AU000000ANZ3,0.010424751433957508
2019,JP3877600001,0.0026310181905836766
2019,JP3837800006,0.004874504275331142
2019,JP3268950007,0.0011346496669247324
2019,JP3481800005,0.00623395202013288
2019,SG1B51001017,0.002070405509073071
2020,JP3505000004,0.003907509623724527
2020,JP3421800008,0.003748168674433491
2020,AU000000QAN2,0.0010878232353069527
2020,HK0003000038,0.006035687480021185
2020,SG1U68934629,0.0016057200714375585
2020,JP3885400006,0.0013702427865645561
2020,KYG210961051,0.002688864651201885
2020,JP3778630008,0.0023601184408474085
2020,SGXE21576413,0.0014380749488061028
2020,JP3796150005,0.0004042705981512156
2020,JP3811000003,0.00020839520678084651
2020,KYG525621408,0.0005648441173095318
2020,JP3792600003,0.0010778460051122096
2020,JP3977400005,0.0007460748214061385
2020,JP3210200006,0.0013612186089694616
2020,AU000000ASX7,0.001927580293442107
2020,JP3276400003,0.00037240565105706343
2020,AU000000SBM8,0.00026638283964588197
2020,JP3381000003,0.001945074735650205
2020,JP3549600009,0.0004548364286899407
2020,JP3940000007,0.0013481069742513024
2020,HK0144000764,0.0010258823304315269
2020,JP3613000003,0.0008576517647715276
2020,JP3890350006,0.009043851695159586
2020,JP3463000004,0.010992263921766155
2020,AU000000MGR9,0.0016325018127777936
2020,JP3459600007,0.0003912499716005716
2020,NZSKCE0001S2,0.0003467413942679829
2020,JP3397200001,0.004279195522261861
2020,BMG677491539,0.0005313270242693266
2020,AU000000FLT9,0.0005013238241740243
2020,HK0270001396,0.002519984633886554
2020,JP3452000007,0.0007112422480357992
2020,SG9999000020,0.0011817614598766274
2020,HK0006000050,0.002820826816277355
2020,JP3756100008,0.003287902489299413
2020,JP3443600006,0.0018080462991373818
2020,JP3675600005,0.0014224716533683172
2020,JP3711600001,0.0017812298927194208
2020,JP3243600008,0.0006882116951828302
2020,AU000000SHL7,0.001891272846313109
2020,JP3404600003,0.0035272588417881072
2020,JP3799000009,0.0009607610901199839
2020,HK0019000162,0.0014971258730861567
2020,AU000000JBH7,0.0005858820456519224
2020,JP3733000008,0.0021044384447123986
2020,JP3405400007,0.0006315015944023492
2020,JP3112000009,0.001433114752802043
2020,JP3277800003,0.001316272875032305
2020,NZAIAE0002S6,0.0012486895344414434
2020,JP3582600007,0.000633983569519285
2020,US89677Q1076,0.0033335379771069714
2020,AU000000CSL8,0.017333352013292093
2020,JP3830800003,0.004752480423838867
2020,JP3495000006,0.001202698253272269
2020,HK0023000190,0.0011782211004751836
2020,AU000000DXS1,0.0016720378130536755
2020,AU000000MQG1,0.00615923226562044
2020,JP3519400000,0.010848527173411528
2020,AU000000BOQ8,0.0004134970763259713
2020,JP3951600000,0.003994973924372225
2020,JP3826800009,0.00017649854885371554
2020,JP3942400007,0.005727548202779383
2020,JP3526600006,0.002218545620392007
2020,JP3726800000,0.007671724843223695
2020,AU000000WBC1,0.010946981130082287
2020,JP3358200008,0.0004830830088713176
2020,JP3485800001,0.0006026507756314459
2020,HK0010000088,0.0006029402535269616
2020,SG1P66918738,0.000542741797324924
2020,JP3201200007,0.004109923956930432
2020,NZAIRE0001S2,0.0003149244459828404
2020,AU000000ABC7,0.00019027768786456133
2020,JP3188220002,0.004539335683359988
2020,KYG548561284,0.00034588304065017545
2020,HK0014000126,0.0007303872665731364
2020,HK0002007356,0.0038608757744595656
2020,JP3657400002,0.0008729414302876344
2020,JP3165600002,0.00032581927874596157
2020,SG1R50925390,0.0
2020,AU0000088338,0.001028022136338298
2020,JP3249600002,0.004351003138137584
2020,AU000000WES1,0.006236638594510205
2020,JP3407400005,0.0019423405436624819
2020,JP3753000003,0.00013654112340684123
2020,JP3122400009,0.001958891609213174
2020,JP3351500008,0.0008148743678196024
2020,JP3246400000,0.0005793633570206625
2020,JP3850200001,0.0
2020,JP3600200004,0.0008908070348604251
2020,SG2B80958517,0.00016430048282598442
2020,JP3389900006,0.00026399056129202406
2020,JP3283650004,0.0014907662542493218
2020,SG1J26887955,0.0012193430290243872
2020,JP3902900004,0.012847785307235812
2020,SG1T75931496,0.007025603046920314
2020,JP3266400005,0.0035806519799019467
2020,AU000000ELD6,0.0001483946830498917
2020,JP3131430005,0.0006799398640950392
2020,JP3197800000,0.0022959538835403133
2020,JP3385980002,0.00074603602335214
2020,JP3194000000,0.00033451389683197624
2020,JP3203500008,0.00018986251052914232
2020,JP3579800008,0.0003794945639514967
2020,SG1M51904654,0.0012575343098499242
2020,AU000000SIG5,7.457134450708642e-05
2020,JP3160400002,0.0043210909417634264
2020,SG1V61937297,0.0009612730344285518
2020,JP3116000005,0.004121928688834477
2020,SG1R89002252,0.001270556791646963
2020,AU000000TCL6,0.00531150589749492
2020,JP3684000007,0.0016598726849668798
2020,AU000000ORG5,0.0016193959576018611
2020,JP3625000009,0.00012567193452346707
2020,JP3788600009,0.006702213209052741
2020,JP3108600002,0.0014105986549197663
2020,AU000000BLD2,0.0006920920486228834
2020,JP3421100003,0.00019002361198568415
2020,JP3491000000,0.00034185638481851064
2020,HK0012000102,0.00399248802904812
2020,JP3205800000,0.007152347683330855
2020,SG1T58930911,0.0002571147567479676
2020,AU000000CWY3,0.0004041769356424372
2020,JP3783600004,0.006025133598055367
2020,JP3429800000,0.001933002202758886
2020,JP3494600004,0.0005237700798667474
2020,JP3162600005,0.005463884536282273
2020,AU000000CIM7,0.001151745834243755
2020,JP3982800009,0.001519634673479165
2020,JP3528600004,7.604463209963853e-05
2020,JP3435000009,0.016596317231496703
2020,JP3890310000,0.0036759729242372813
2020,JP3935600001,0.0007580448658933102
2020,BMG8063F1068,0.0006201269428265769
2020,AU000000RHC8,0.0019823138119903225
2020,SG9999003735,0.00011234688188738923
2020,JP3756600007,0.008772285717213012
2020,AU000000ORI1,0.0010174028390665618
2020,JP3721400004,0.00027311829563274223
2020,JP3404200002,0.0004162703177385151
2020,JP3293200006,0.0010709193844116523
2020,JP3415400005,0.000535120897922567
2020,AU000000WOW2,0.006426471256085465
2020,JP3269600007,0.0007471210506943271
2020,HK0000055878,0.00150742454687951
2020,JP3633400001,0.041708133464537736
2020,JP3126340003,0.0009323490298675109
2020,SG1N31909426,0.0006883251761394047
2020,JP3256000005,0.0021346604567161476
2020,JP3224200000,0.0006586680205872577
2020,JP3629000005,0.001278420494013235
2020,JP3893600001,0.005757077665979891
2020,JP3765400001,0.0006490250688459878
2020,BMG2442N1048,0.0004728365312203624
2020,JP3605400005,0.0005953509057568364
2020,SG1L01001701,0.008587777967219124
2020,JP3787000003,0.0011021014841983473
2020,JP3845400005,0.0
2020,JP3743000006,0.0008181229128742595
2020,JP3511800009,0.0009797618468034772
2020,JP3228600007,0.002006421258339241
2020,BMG5320C1082,0.0013121524627766738
2020,JP3894900004,0.0005517045334987351
2020,JP3742600004,0.00034168511646238454
2020,JP3734800000,0.0068560484724912284
2020,AU000000CGF5,0.0006343524651066033
2020,AU000000NCM7,0.0027505205949139738
2020,JP3933800009,0.0035306485204090817
2020,JP3942800008,0.001215366853438225
2020,HK0000608585,0.0023525909560334537
2020,BMG2108M2182,0.0002506549296517924
2020,JP3258000003,0.003615120186828278
2020,AU000000BSL0,0.0007786843241072906
2020,AU000000COH5,0.0016849602319876412
2020,JP3456000003,0.00025405871924016145
2020,JP3738600000,0.0008047939739610497
2020,JP3040890000,0.0008559105375534415
2020,BMG524401079,0.0007267210153825502
2020,HK0008011667,0.0009559705782377709
2020,AU000000MND5,0.00022452161289014273
2020,NZFBUE0001S0,0.0006011664075441033
2020,JP3209000003,0.0008704058729396048
2020,JP3402600005,0.0015459585804541499
2020,JP3274400005,0.00026068270994674124
2020,JP3619800000,0.00017507594192015097
2020,JP3835620000,0.0005420145787800025
2020,JP3571400005,0.006627623344260721
2020,AU000000SUN6,0.00190977945197199
2020,JP3166000004,0.0005841476564143397
2020,JP3368000000,0.0005928086964688064
2020,JP3190000004,0.0014696790346214903
2020,JP3720800006,0.00084632253776314
2020,JP3818000006,0.004116051541049168
2020,JP3229400001,0.0011628643585312216
2020,JP3143600009,0.00676684569271511
2020,KYG2108Y1052,0.00555496968105218
2020,JP3676800000,0.000871983273375194
2020,SGXE34184239,0.0003624638343068694
2020,JP3198900007,0.008574101293324884
2020,AU000000BHP4,0.013944443342860553
2020,JP3260800002,0.00192936000376943
2020,JP3626800001,0.0010720917590580535
2020,JP3967200001,0.0020920032223614225
2020,SG1S83002349,0.0008647282720194537
2020,AU000000TLS2,0.005579062207575266
2020,JP3305990008,0.0010198224024617608
2020,JP3242800005,0.006493367683933689
2020,JP3102000001,0.0019154136644464219
2020,JP3814000000,0.004931555846089881
2020,AU000000IGO4,0.00040343711968689167
2020,JP3548610009,0.0004526686909848732
2020,KYG5427W1309,0.0005654858654493428
2020,JP3566800003,0.007510388313666097
2020,BMG668971101,0.0009671052768009443
2020,JP3300600008,0.0006049037673333295
2020,JP3436100006,0.015906729107290515
2020,JP3419050004,0.0006184787568458244
2020,JP3164800009,0.0004784504860088659
2020,JP3659000008,0.002988622163319324
2020,AU000000CPU5,0.001180417269671583
2020,JP3134800006,0.0007514026507490807
2020,JP3663900003,0.0007608198179250874
2020,JP3164630000,0.0011593464752245363
2020,BMG684371393,0.00012106939116201986
2020,JP3223800008,0.0
2020,JP3118000003,0.00048269292094568615
2020,AU000000ALL7,0.0027433359673562276
2020,JP3903000002,0.00042811178937007143
2020,JP3351600006,0.004692936402792292
2020,HK0363006039,0.0003683611775623558
2020,HK0392044647,0.0011004022449547445
2020,HK0293001514,0.0007979235733165638
2020,JP3635400009,0.0005433330197867892
2020,JP3137200006,0.0016050298976891205
2020,HK0688002218,0.006626009961985461
2020,HK0000745908,0.000640297447202099
2020,AU000000BEN6,0.0006181664116320809
2020,JP3292200007,0.0007503875162163752
2020,JP3774200004,0.0018651418265236126
2020,JP3820000002,0.0008577740779300328
2020,AU000000DOW2,0.0005752902896548009
2020,JP3352400000,0.0002792177705293131
2020,JP3496400007,0.013102586525139875
2020,AU000000NAB4,0.009180244760788554
2020,AU000000MAH3,9.414777534074849e-05
2020,JP3320800000,0.0003612226217758962
2020,AU000000APA1,0.0016186125419195172
2020,AU000000STO6,0.0021478855004452816
2020,JP3888400003,0.0002845381989967335
2020,JP3711200000,0.0007550858099360837
2020,JP3786200000,0.0012265699582229977
2020,JP3420600003,0.0026859421111044414
2020,JP3896800004,0.0006896690528076921
2020,JP3910660004,0.007192365691678691
2020,HK0066009694,0.006336378641944686
2020,JP3802300008,0.010249579563050412
2020,JP3027670003,0.0020509022987317454
2020,JP3165700000,0.003697304781993275
2020,JP3888300005,0.0009405483073729355
2020,JP3119600009,0.0016181732702974065
2020,AU000000IVC8,0.00026609668616902845
2020,AU000000ERA9,8.404903291494834e-05
2020,MU0117U00026,9.294056974403047e-05
2020,JP3350800003,0.00026015332864724283
2020,JP3982100004,0.001131933067128549
2020,KYG0535Q1331,0.0010147470200156212
2020,JP3688370000,0.0010611693022937925
2020,JP3371200001,0.008908003642461861
2020,KYG217651051,0.006136913029878532
2020,HK0388045442,0.007714597859936007
2020,JP3762600009,0.00329608749756898
2020,JP3502200003,0.0016417530105830706
2020,JP3111200006,0.0027423737974310277
2020,JP3695200000,0.0011217932205279215
2020,JP3174410005,0.0009504887934181201
2020,JP3900000005,0.0021836969262346534
2020,HK2380027329,0.0
2020,HK0083000502,0.001742312452268999
2020,JP3493800001,0.001672526273015389
2020,BMG4600H1198,0.0003913782262661074
2020,JP3419400001,0.0015108875403318978
2020,JP3126400005,0.0007150517238009132
2020,JP3538800008,0.002545559665593184
2020,JP3347200002,0.0035541495149757243
2020,AU0000224040,0.003873234043787858
2020,JP3735400008,0.018438886803643632
2020,AU000000AMP6,0.0007790853300469734
2020,JP3304200003,0.004050955057197832
2020,JP3358000002,0.0025627373461839637
2020,JP3585800000,0.0012533907334932337
2020,JP3665200006,0.0006403107144827311
2020,JP3375800004,0.00034215863275277917
2020,JP3733400000,0.00045050775619421185
2020,AU000000ILU1,0.0005492679364254297
2020,JP3672400003,0.004144586653754208
2020,JP3955000009,0.0008366586593319821
2020,JP3027680002,0.0018148583395587697
2020,JP3122800000,0.0007594434759360175
2020,JP3351100007,0.0027158807851108296
2020,JP3551500006,0.005975023512647742
2020,JP3449020001,0.00016181191162924699
2020,JP3156400008,0.00042707050869405876
2020,JP3667600005,0.0006971710641290364
2020,JP3362700001,0.00037369585022673
2020,JP3939000000,0.0008197909648354926
2020,JP3893200000,0.004828364400588978
2020,JP3762800005,0.0029202684573671053
2020,HK0011000095,0.0072001176992079596
2020,JP3326410002,0.00039833608049345305
2020,JP3621000003,0.0019362594260636222
2020,AU000000ANN9,0.0004989164765199825
2020,JP3539220008,0.001290786673585942
2020,AU000000TAH8,0.0011275981115542175
2020,JP3486800000,0.0016541781439159819
2020,JP3197600004,0.0023484001428386537
2020,AU000000CBA7,0.01834394133723188
2020,JP3870400003,0.0008959039635520641
2020,AU000000GPT8,0.0014979467374461714
2020,JP3385820000,0.0003529979968954185
2020,JP3902400005,0.005692366023391728
2020,JP3906000009,0.0016444606344864262
2020,JP3718800000,0.0004365463841005039
2020,AU000000BPT9,0.0006715891316900736
2020,HK0000139300,9.864918045634717e-05
2020,JP3899600005,0.00500745177679825
2020,JP3143000002,0.0007422849675559317
2020,JP3535800001,0.0004730460565262619
2020,JP3870000001,0.00038435794173662666
2020,AU000000CQR9,0.00027585268470658075
2020,JP3814800003,0.0035531967387590377
2020,JP3992400006,0.0003525765278683618
2020,HK2388011192,0.0065261586134265455
2020,HK0823032773,0.0038809954090730787
2020,AU000000LLC3,0.0011738050944469884
2020,JP3866800000,0.004438552550376227
2020,AU000000SGM7,0.0003378715369917903
2020,JP3280200001,0.000926010248391348
2020,JP3942600002,0.001725483878076177
2020,JP3544000007,0.0006578705488933915
2020,JP3400900001,0.0
2020,JP3522200009,0.0008213123079934369
2020,JP3914400001,0.0071033594663877314
2020,JP3613400005,0.0007372305349066846
2020,JP3215800008,0.0004296927167303056
2020,JP3766550002,0.0010307810984923063
2020,JP3595200001,0.0008590364596092724
2020,HK0308001558,0.0001913927380626824
2020,AU000000OZL8,0.00040759935123532503
2020,JP3270000007,0.0008254662911138933
2020,JP3560800009,0.0003618534483791638
2020,NZTELE0001S4,0.0008775983247135075
2020,JP3039710003,0.00103167162296123
2020,JP3830000000,0.0009824645469603416
2020,HK0165000859,0.0005432927237664767
2020,JP3574200006,0.002071834425746958
2020,JP3596200000,0.001390825536697602
2020,JP3670800006,0.0011069379751049682
2020,HK0242001243,0.00025767179159860915
2020,JP3635000007,0.0022407329036981077
2020,JP3854600008,0.00853390596308397
2020,JP3546800008,0.004854574678913991
2020,JP3200450009,0.004052248642555404
2020,JP3336000009,0.001359049248788465
2020,JP3322930003,0.0009083530048418505
2020,JP3592200004,0.002655834256579351
2020,JP3180400008,0.0013084271794460076
2020,JP3158800007,0.0
2020,JP3588600001,0.0005631974140386342
2020,BMG988031446,0.0008377455284390416
2020,JP3294460005,0.0024528776180823167
2020,JP3573000001,0.0019608896578599874
2020,SG1F60858221,0.0019184659749098675
2020,JP3686800008,0.0
2020,AU000000GWA4,0.0001582492707541498
2020,AU000000PPT9,0.0002349302302200113
2020,HK0200030994,0.0006217535255982467
2020,AU000000SGP0,0.0014525798828796438
2020,JP3407200009,4.592263514348773e-05
2020,JP3771800004,0.0012681679818043277
2020,IE00BKVD2N49,0.0027347939552258595
2020,JP3401400001,0.0012110938800908198
2020,JP3827200001,0.00036810316867339523
2020,JP3475350009,0.008971469060847689
2020,JP3409000001,0.0033186715372792715
2020,BMG2178K1009,0.0034009957762351
2020,JP3148800000,0.0005758081376962193
2020,JP3173400007,0.002497296471983388
2020,AU000000WOR2,0.0009389294329517966
2020,JP3634600005,0.0033703653141064485
2020,JP3678000005,0.00037145153682403153
2020,JP3172100004,0.00026249552096290277
2020,AU000000IAG3,0.0020167872257783157
2020,JP3551200003,0.0
2020,AU000000IRE2,0.00028504987931711164
2020,JP3638600001,0.0004191603916474431
2020,JP3862400003,0.0020443675952442507
2020,JP3414750004,0.0011208232253041629
2020,JP3898400001,0.007551011028559324
2020,AU000000CSR5,0.00019751221377506024
2020,HK0016000132,0.007381493072611739
2020,JP3358800005,0.001595524204913862
2020,JP3634200004,0.00057440072993318
2020,NZCENE0001S6,0.0006098615178064136
2020,JP3551520004,0.0018202597142614476
2020,AU000000MTS0,0.0002665240173763051
2020,JP3289800009,0.0
2020,HK0004000045,0.001404501225467125
2020,JP3499800005,0.0010091083777179328
2020,AU000000QBE9,0.002140406467379718
2020,JP3357200009,0.001629173372001862
2020,JP3386030005,0.0009340253048033797
2020,JP3493400000,0.0005872466858270459
2020,HK0000049939,0.004646137006559186
2020,JP3598600009,0.001362630987570356
2020,JP3388200002,0.003359512838850075
2020,JP3359600008,0.0014025799576948166
2020,JP3973400009,0.0017474224039748967
2020,HK0291001490,0.002837215579393511
2020,BMG8403G1033,2.6402882893774517e-05
2020,AU000000BWP3,0.0003813067236136044
2020,AU000000ANZ3,0.00878881553017655
2020,JP3425000001,0.00026721791307409966
2020,JP3877600001,0.0022911385030551902
2020,JP3837800006,0.006890973610056948
2020,JP3268950007,0.0009322071848747808
2020,JP3481800005,0.007660749066915055
2020,SG1B51001017,0.0015221785665484534
2021,JP3505000004,0.003006354415415951
2021,JP3421800008,0.0031620095062501203
2021,AU000000QAN2,0.0010520093168345209
2021,HK0003000038,0.004069503557536173
2021,SG1U68934629,0.0011292293346873233
2021,JP3885400006,0.001530090308966227
2021,KYG210961051,0.0037135807285383214
2021,JP3778630008,0.003015026899935725
2021,SGXE21576413,0.001267337762348376
2021,JP3796150005,0.0004325489832335857
2021,JP3811000003,0.0002716247082105496
2021,KYG525621408,0.000775809408515516
2021,JP3792600003,0.0008393690158172712
2021,JP3977400005,0.0010087654520856454
2021,JP3210200006,0.0011869892078703675
2021,AU000000ASX7,0.0016959316827431647
2021,JP3276400003,0.0003575858204923913
2021,AU000000SBM8,0.00021841579366054211
2021,JP3381000003,0.0016349416026568346
2021,JP3549600009,0.0005891507249893872
2021,JP3940000007,0.001700874134129994
2021,HK0144000764,0.0009571685980839762
2021,JP3613000003,0.0009329647505112564
2021,JP3890350006,0.006836748025410756
2021,JP3463000004,0.008627029890804347
2021,AU000000MGR9,0.0011666805331585121
2021,JP3459600007,0.000432975878705582
2021,NZSKCE0001S2,0.0002948149673171142
2021,JP3397200001,0.0036844196593491456
2021,BMG677491539,0.0009713419957572758
2021,AU000000FLT9,0.00037572145811310597
2021,HK0270001396,0.0018735875637682867
2021,JP3452000007,0.0012155360178058607
2021,SG9999000020,0.0014725013615191278
2021,HK0006000050,0.0018383578981276717
2021,JP3756100008,0.0035866739876071
2021,JP3443600006,0.0012556253284135368
2021,JP3675600005,0.0013874047964549622
2021,JP3711600001,0.0013632582996190577
2021,JP3243600008,0.0004774533730734403
2021,AU000000SHL7,0.002116148058144057
2021,JP3404600003,0.0026916490759825006
2021,JP3799000009,0.0010168453200070859
2021,HK0019000162,0.0009385902817174158
2021,AU000000JBH7,0.0006646077360972543
2021,JP3733000008,0.0026642686850552456
2021,JP3405400007,0.0005695214236344221
2021,JP3112000009,0.0013088655381324808
2021,JP3277800003,0.0015349543888222936
2021,NZAIAE0002S6,0.001255457845645896
2021,JP3196000008,0.0016767414365844785
2021,JP3902000003,0.000354373815848302
2021,JP3582600007,0.00047299334372372245
2021,US89677Q1076,0.0030158492614218175
2021,AU000000CSL8,0.014852233749266756
2021,JP3830800003,0.004185839682013067
2021,JP3495000006,0.0010378763795201662
2021,HK0023000190,0.0010613948711996148
2021,AU000000DXS1,0.0011589609948813582
2021,AU000000MQG1,0.0058462975075677355
2021,JP3519400000,0.013574081380669435
2021,AU000000BOQ8,0.00045725730106558975
2021,JP3951600000,0.004412172183010336
2021,JP3826800009,0.00013257341960081406
2021,JP3942400007,0.00474301867928385
2021,JP3526600006,0.0016490849427893233
2021,JP3726800000,0.0063175332846004545
2021,AU000000WBC1,0.009339120963717036
2021,JP3358200008,0.000645043273717074
2021,JP3485800001,0.00034506034394718075
2021,HK0010000088,0.0005350835393296116
2021,SG1P66918738,0.0003796144623683458
2021,JP3201200007,0.003929342794020063
2021,JP3263000006,0.0006114800167004918
2021,NZAIRE0001S2,0.0002147407348207556
2021,AU000000ABC7,0.00017739127804008482
2021,JP3188220002,0.003735886661488353
2021,KYG548561284,0.00021627535078291293
2021,HK0014000126,0.0005686054111747184
2021,HK0002007356,0.0031565092967457617
2021,JP3657400002,0.0005375449408828264
2021,JP3165600002,0.00026914655387604534
2021,SG1R50925390,0.0
2021,AU0000088338,0.0007709535036145926
2021,JP3249600002,0.0036988320199564675
2021,AU000000WES1,0.007484040997427578
2021,JP3407400005,0.001689052688825563
2021,JP3753000003,0.0006987041356148264
2021,JP3271400008,0.00040033149697655586
2021,JP3868400007,0.0007184886448803168
2021,JP3122400009,0.002672190586256862
2021,JP3351500008,0.0007543927066817731
2021,JP3246400000,0.0005763276990995492
2021,JP3850200001,0.0
2021,JP3600200004,0.0010394073954790414
2021,SG2B80958517,0.0001673042278468415
2021,AU000000SEK6,0.0011672198003740877
2021,JP3780100008,0.0004645255909418776
2021,JP3389900006,0.0002719307759900297
2021,JP3283650004,0.0015347123726853738
2021,SG1J26887955,0.0012240456339474633
2021,JP3902900004,0.009739247928724298
2021,SG1T75931496,0.004644251498802172
2021,JP3266400005,0.0043185152582435535
2021,AU000000ELD6,0.00025609079179256256
2021,JP3131430005,0.0006001239755148112
2021,JP3197800000,0.0029448283260016836
2021,JP3385980002,0.0011673582000284834
2021,JP3194000000,0.00023349291656845364
2021,JP3203500008,0.00011067137553896422
2021,JP3579800008,0.0002549634724806233
2021,SG1M51904654,0.0017030708975623449
2021,AU000000SIG5,6.010377114433716e-05
2021,JP3160400002,0.0034226349215148244
2021,SG1V61937297,0.001479010487575457
2021,JP3116000005,0.003285719515102903
2021,SG1R89002252,0.0008067826377287285
2021,JP3411000007,0.0001294084070600259
2021,AU000000TCL6,0.0044733626560563575
2021,JP3684000007,0.0023585414660737872
2021,AU000000ORG5,0.0009974707401198492
2021,JP3625000009,0.00021971118392137155
2021,JP3788600009,0.006483223623638391
2021,JP3108600002,0.001094421341240905
2021,AU000000BLD2,0.000730074308111454
2021,JP3240400006,0.0021094590095873237
2021,JP3421100003,0.00011362123084362623
2021,JP3491000000,0.00029223907302867416
2021,HK0012000102,0.0031039693434674635
2021,JP3205800000,0.005518761599314632
2021,SG1T58930911,0.00024663689918540344
2021,JP3944130008,0.000987231079228719
2021,AU000000CWY3,0.0005581070810931269
2021,JP3783600004,0.0037857526161349064
2021,JP3429800000,0.0016595832278851089
2021,JP3494600004,0.0006395601532096181
2021,JP3162600005,0.006610906609458625
2021,AU000000CIM7,0.0009210790457752094
2021,JP3982800009,0.0017835238461010622
2021,JP3528600004,0.00010942769595694069
2021,JP3435000009,0.01982497731785053
2021,JP3802400006,0.008439408442933704
2021,JP3890310000,0.0027388245745702915
2021,JP3935600001,0.0006763720648639589
2021,BMG8063F1068,0.0004701703255960912
2021,AU000000RHC8,0.0018198608514780402
2021,SG9999003735,0.00020295789933920071
2021,JP3756600007,0.012258342728502928
2021,AU000000ORI1,0.0007126835699544185
2021,JP3721400004,0.00034445599601849275
2021,JP3404200002,0.0003205871767437397
2021,JP3293200006,0.000514142432007733
2021,JP3415400005,0.00043041323156751005
2021,AU000000WOW2,0.0061652045168667565
2021,JP3269600007,0.0006268750966871055
2021,HK0000055878,0.001068341573559787
2021,JP3633400001,0.036446050553849356
2021,JP3126340003,0.0007661911248676629
2021,SG1N31909426,0.0004418279977174864
2021,JP3256000005,0.002391732608168654
2021,JP3224200000,0.0005685614044213701
2021,JP3629000005,0.0008792881974920364
2021,JP3893600001,0.004946162308685419
2021,JP3765400001,0.0005853846564618303
2021,BMG2442N1048,0.0004752302132974224
2021,JP3605400005,0.0004940214697375624
2021,SG1L01001701,0.007746992139341666
2021,JP3787000003,0.0009284251405176041
2021,JP3845400005,0.0
2021,JP3743000006,0.0007181879320492387
2021,JP3511800009,0.0007946993420430084
2021,JP3228600007,0.0014190654846784527
2021,BMG5320C1082,0.001315913626318447
2021,JP3894900004,0.00046246332047535034
2021,JP3742600004,0.0002747506047450056
2021,JP3734800000,0.012848330706554294
2021,AU000000CGF5,0.0005476747091339599
2021,AU000000NCM7,0.0024897617824179677
2021,JP3933800009,0.005033059424613036
2021,JP3942800008,0.001259255147874581
2021,HK0000608585,0.001827806383676791
2021,BMG2108M2182,0.00014961075071434185
2021,JP3258000003,0.002910378012057726
2021,AU000000BSL0,0.001006288060878559
2021,AU000000COH5,0.0015728379197153888
2021,JP3456000003,0.00026905600860941905
2021,JP3738600000,0.0006587632663878478
2021,JP3040890000,0.0005062075524789894
2021,BMG524401079,0.0006790347410760403
2021,HK0008011667,0.0007617872852548054
2021,SG1M77906915,0.001458185987318078
2021,AU000000MND5,0.00014873772925990913
2021,NZFBUE0001S0,0.0005601625443663541
2021,JP3209000003,0.0007470808944628296
2021,JP3402600005,0.0020948884750543705
2021,JP3300200007,0.0014105228869721524
2021,JP3398000004,0.000693339370218638
2021,JP3274400005,0.00019386876981603653
2021,JP3619800000,0.00017544281812488657
2021,JP3835620000,0.0003153061613207536
2021,JP3571400005,0.009674398434889897
2021,AU000000SUN6,0.0016133671381018406
2021,JP3166000004,0.0005532038196086686
2021,JP3368000000,0.0005045407840431763
2021,JP3190000004,0.0010254550245112131
2021,JP3720800006,0.0007790125888113291
2021,JP3818000006,0.005054666651214157
2021,JP3229400001,0.0012097954253935085
2021,JP3143600009,0.007099526678010996
2021,KYG2108Y1052,0.004542655102158939
2021,JP3676800000,0.0008040457094252207
2021,SGXE34184239,0.00023793687811131785
2021,JP3198900007,0.009014056957643275
2021,AU000000BHP4,0.015900463155417686
2021,JP3260800002,0.0012530074261591607
2021,JP3626800001,0.001215563301580491
2021,JP3967200001,0.002223918560654495
2021,AU000000SXL4,4.468806428760031e-05
2021,SG1S83002349,0.0007508884188230795
2021,AU000000TLS2,0.004542601695432899
2021,JP3305990008,0.000787218848435572
2021,AU0000033359,0.00035881607518805324
2021,JP3242800005,0.004767215056086683
2021,JP3102000001,0.0015019325477907343
2021,JP3814000000,0.004733252066206349
2021,AU000000IGO4,0.0006246539216375576
2021,JP3548610009,0.0004043070406517407
2021,KYG5427W1309,0.0006426039984263843
2021,JP3566800003,0.004648029110683918
2021,BMG668971101,0.0006715061957876289
2021,JP3300600008,0.0003815183287747153
2021,JP3436100006,0.026801184650721503
2021,JP3419050004,0.0006602593770889704
2021,JP3164800009,0.00041643948343837587
2021,JP3659000008,0.0016417882138883165
2021,AU000000CPU5,0.0009387791842700053
2021,JP3134800006,0.0005123087043703576
2021,JP3663900003,0.000520196781712163
2021,JP3164630000,0.0011653825266579976
2021,BMG684371393,0.0001169264282837341
2021,JP3223800008,0.00025321392186825146
2021,JP3118000003,0.00047843973253138423
2021,AU000000ALL7,0.002464034475744841
2021,JP3903000002,0.00034925703906093754
2021,JP3351600006,0.004397890257899309
2021,HK0363006039,0.00023055599200432132
2021,HK0392044647,0.0007404509432349773
2021,HK0293001514,0.0007652462045702875
2021,JP3635400009,0.00048720793995722346
2021,JP3137200006,0.0013381864587896988
2021,HK0688002218,0.004019029890180605
2021,HK0000745908,0.0005275802412529463
2021,AU000000BEN6,0.000595757565491663
2021,JP3292200007,0.0004932076976798483
2021,JP3940400009,0.0003815810719433624
2021,JP3774200004,0.001219392194202949
2021,JP3820000002,0.0009924102123909817
2021,AU000000DOW2,0.0004722655706925702
2021,JP3352400000,0.00016507793545202025
2021,JP3496400007,0.010905009822743018
2021,AU000000NAB4,0.009524346090713943
2021,AU000000MAH3,8.992268511918389e-05
2021,JP3320800000,0.00023916861970460607
2021,AU000000APA1,0.0013845255553579746
2021,AU000000STO6,0.0016943561519634034
2021,JP3888400003,0.00034759201058732824
2021,JP3711200000,0.00045246678415571367
2021,JP3786200000,0.001018429839816318
2021,JP3420600003,0.0020883687463102716
2021,JP3896800004,0.0008168443938320024
2021,JP3910660004,0.005463084263100928
2021,HK0066009694,0.005541903303048984
2021,JP3802300008,0.014510727313716188
2021,JP3791200003,0.0006756165746382558
2021,JP3027670003,0.0015056005286835242
2021,JP3165700000,0.003335391144791862
2021,JP3888300005,0.0010215030807363796
2021,JP3119600009,0.0018963904885670217
2021,AU000000IVC8,0.00016924919661158276
2021,AU000000ERA9,0.00011042678963749973
2021,MU0117U00026,3.926387142859231e-05
2021,JP3350800003,0.0001919737550919236
2021,HK0836012952,0.0
2021,JP3982100004,0.0008545284892650192
2021,HK0440001847,0.00015655654604011124
2021,KYG0535Q1331,0.0009204617001710397
2021,JP3688370000,0.0011292094436127717
2021,JP3371200001,0.011478937893186996
2021,KYG217651051,0.004253128759797645
2021,HK0388045442,0.013449678023446557
2021,JP3762600009,0.0026752048128151
2021,JP3502200003,0.0012933166123552022
2021,JP3111200006,0.0024936905160487803
2021,JP3919800007,0.00023836735942395782
2021,JP3695200000,0.0009431794677329907
2021,JP3174410005,0.0009179690675789668
2021,JP3305530002,0.0007003377892091537
2021,JP3900000005,0.0014998738815662077
2021,HK2380027329,0.0
2021,JP3219000001,0.0004232030157245137
2021,HK0083000502,0.0016591918274980382
2021,JP3493800001,0.0009007927279068297
2021,BMG4600H1198,0.0009010807554326042
2021,JP3419400001,0.0013638370007152982
2021,JP3126400005,0.0004407569542967395
2021,JP3538800008,0.0030903943205937384
2021,JP3347200002,0.0026891268086084944
2021,AU0000224040,0.0028683818562623875
2021,JP3735400008,0.015547380636056112
2021,AU000000AMP6,0.0006326628365303767
2021,JP3304200003,0.004354028897710632
2021,JP3358000002,0.003540245957227878
2021,JP3585800000,0.000978728414669035
2021,JP3665200006,0.0006407559656855898
2021,JP3375800004,0.0005740871580486589
2021,JP3733400000,0.0004111138594497163
2021,AU000000ILU1,0.000372666845249173
2021,JP3672400003,0.00347158372340413
2021,JP3955000009,0.0009711042487535079
2021,JP3027680002,0.0012433011666609095
2021,JP3122800000,0.0006797665629295929
2021,JP3351100007,0.0038317885142887973
2021,JP3551500006,0.007555124980271904
2021,JP3449020001,0.00023242572027511708
2021,JP3156400008,0.0002507830387904179
2021,JP3667600005,0.0004941917012111991
2021,JP3362700001,0.0005866147605966312
2021,JP3939000000,0.0007201271327801764
2021,JP3893200000,0.003093860186268155
2021,JP3762800005,0.003419491848379206
2021,HK0011000095,0.005402514444806298
2021,JP3326410002,0.0002731604220313263
2021,HK0101000591,0.001888540125792088
2021,JP3621000003,0.0016730809584871236
2021,AU000000IFL2,0.0002496017586958452
2021,AU000000ANN9,0.0005189577056105854
2021,JP3539220008,0.00117397494433615
2021,AU000000TAH8,0.001171686829662888
2021,JP3486800000,0.0011822422369109802
2021,JP3197600004,0.0025396882895352764
2021,AU000000CBA7,0.01833427497522248
2021,JP3870400003,0.0006482541803450624
2021,AU000000GPT8,0.001028240147292367
2021,JP3385820000,0.00040020966663196974
2021,JP3902400005,0.005176540886403222
2021,JP3906000009,0.0015565236004174193
2021,JP3718800000,0.0002582056717734358
2021,AU000000BPT9,0.00044825811203290963
2021,HK0000139300,1.9533806288757983e-05
2021,JP3899600005,0.00348974984055639
2021,JP3143000002,0.0008428284520597886
2021,JP3535800001,0.0004393016142921909
2021,JP3870000001,0.00038792876395827013
2021,AU000000CQR9,0.0003191031740138938
2021,JP3814800003,0.0022902306580359615
2021,JP3992400006,0.0001738601458640877
2021,HK2388011192,0.005008990854169059
2021,HK0823032773,0.002864274011317922
2021,AU000000LLC3,0.0009771445937033607
2021,JP3866800000,0.005095045932389905
2021,AU000000SGM7,0.00031512279512222976
2021,JP3280200001,0.0006812044779992623
2021,JP3942600002,0.0017774536334412385
2021,JP3544000007,0.0005660276542850937
2021,BMG507361001,0.006650088454832173
2021,JP3400900001,0.0
2021,JP3522200009,0.0006797616983392113
2021,JP3914400001,0.010116057193318224
2021,JP3613400005,0.0003196185028961275
2021,JP3215800008,0.0004332378015945538
2021,JP3766550002,0.0009466068434801403
2021,JP3595200001,0.0008657812185649079
2021,HK0308001558,0.00017695301156105315
2021,AU000000OZL8,0.0007595674961682509
2021,JP3270000007,0.0008713831864218393
2021,JP3560800009,0.0005516812443016595
2021,NZTELE0001S4,0.0009381370812763388
2021,JP3039710003,0.0007645968849665894
2021,JP3830000000,0.0009956887937694163
2021,HK0165000859,0.00042867796356610454
2021,JP3574200006,0.0012188807179063883
2021,JP3596200000,0.0017029412488345304
2021,JP3670800006,0.001353476799165322
2021,HK0242001243,0.0001429348880568668
2021,JP3635000007,0.002218147818131672
2021,JP3854600008,0.007582242638348982
2021,JP3546800008,0.00469229087332473
2021,JP3200450009,0.003422431098109677
2021,JP3336000009,0.0009659330237482812
2021,JP3322930003,0.001055604216686895
2021,JP3592200004,0.0023811666153742577
2021,JP3180400008,0.001229118180521584
2021,JP3158800007,1.8070115724183537e-06
2021,JP3588600001,0.0005113022675679305
2021,BMG988031446,0.0004991633270953303
2021,JP3294460005,0.0012963153591428488
2021,JP3573000001,0.001642687300593502
2021,SG1F60858221,0.0014882198955967398
2021,AU000000GWA4,0.00015897917087188114
2021,AU000000PPT9,0.00021759045426647885
2021,HK0200030994,0.00042109747385348466
2021,AU000000SGP0,0.0012756837076856227
2021,JP3407200009,4.2316094363626904e-05
2021,JP3771800004,0.0014764605730922535
2021,IE00BKVD2N49,0.0024989562188708677
2021,JP3401400001,0.0012082650106401793
2021,JP3827200001,0.0003087528911295194
2021,JP3475350009,0.010659559924778442
2021,BMG2624N1535,0.0009590968240217289
2021,JP3769000005,0.0003111411749800684
2021,JP3409000001,0.0023027811888749776
2021,BMG2178K1009,0.002224511522248732
2021,SG1S04926220,0.005519343366579082
2021,AU000000GMG2,0.004006406047435277
2021,JP3148800000,0.001044674092642959
2021,JP3131400008,0.0004705258285697001
2021,JP3173400007,0.002874523900151403
2021,AU000000WOR2,0.0006508098406515193
2021,JP3634600005,0.004402174512387072
2021,JP3678000005,0.0002407535540094208
2021,JP3172100004,0.0002918686174165264
2021,AU000000IAG3,0.0014146383108530622
2021,JP3551200003,0.0
2021,AU000000IRE2,0.0002424656955522577
2021,JP3638600001,0.00043749750725336764
2021,JP3862400003,0.0020936191567739355
2021,JP3414750004,0.0010859069386834504
2021,JP3898400001,0.0059813604669305895
2021,AU000000CSR5,0.00025109789507563285
2021,HK0016000132,0.00626174844442816
2021,JP3358800005,0.000943152681674963
2021,JP3634200004,0.0005866526826418728
2021,NZCENE0001S6,0.0006789387308803581
2021,JP3551520004,0.001528942498499919
2021,AU000000MTS0,0.00039087186342284504
2021,JP3289800009,0.0001199597086574615
2021,HK0004000045,0.001062217005743589
2021,JP3499800005,0.0007104705399985157
2021,AU000000QBE9,0.0014100093153333964
2021,JP3357200009,0.0018341867646840435
2021,JP3386030005,0.0007112289767387817
2021,JP3493400000,0.00044007218741655814
2021,HK0000049939,0.0027521736719093946
2021,JP3598600009,0.0011621584363754169
2021,JP3388200002,0.004401322008263545
2021,JP3359600008,0.0017922874593384556
2021,JP3973400009,0.000969367570565213
2021,HK0291001490,0.004758805980760126
2021,BMG8403G1033,0.00014670311539454365
2021,AU000000BWP3,0.0002810609767674878
2021,AU000000ANZ3,0.008250195015138267
2021,JP3425000001,0.00020501580044430707
2021,JP3877600001,0.0018673571896942792
2021,JP3837800006,0.0073935091104559425
2021,JP3268950007,0.0008085073779983188
2021,JP3481800005,0.010079578792700323
2021,SG1B51001017,0.000983494865305004
2022,JP3505000004,0.003097011545069966
2022,JP3421800008,0.0024637046844087963
2022,AU000000QAN2,0.001076181057820636
2022,HK0003000038,0.004759834379367911
2022,SG1U68934629,0.0012180801776958316
2022,JP3885400006,0.0014812291328816238
2022,KYG210961051,0.0036630082383307936
2022,JP3684400009,0.00014066246172453418
2022,JP3778630008,0.0025237712155163385
2022,SGXE21576413,0.0010872481798620277
2022,JP3796150005,0.0005266228588881968
2022,JP3789000001,0.00036002320636760124
2022,JP3811000003,0.00033992718695672046
2022,KYG525621408,0.0008909713896610851
2022,JP3792600003,0.00086097163639176
2022,JP3977400005,0.0008022550467293792
2022,JP3210200006,0.0010870360116380252
2022,AU000000ASX7,0.0018344421506503012
2022,JP3276400003,0.0005098441445236976
2022,AU000000SBM8,0.00014568821720650137
2022,JP3381000003,0.0019518546152305536
2022,JP3549600009,0.00045840103259128226
2022,JP3940000007,0.0014066365868839494
2022,HK0144000764,0.0013506010550606614
2022,JP3613000003,0.0008200896007899897
2022,JP3890350006,0.008015520107749351
2022,JP3463000004,0.007012104747150842
2022,AU000000MGR9,0.0011843153517172114
2022,JP3459600007,0.00038793379094367967
2022,NZSKCE0001S2,0.000342773032229872
2022,JP3397200001,0.00339095849383975
2022,JP3841800000,0.00011747194112388916
2022,BMG677491539,0.0026253797230548067
2022,AU000000FLT9,0.00046680826394986607
2022,HK0270001396,0.0014922609906310544
2022,JP3452000007,0.0010525081622229401
2022,SG9999000020,0.0012043182145630843
2022,HK0006000050,0.002007746380143046
2022,JP3756100008,0.0026824832235395005
2022,JP3443600006,0.0013637680658456011
2022,JP3675600005,0.001153768301785927
2022,JP3711600001,0.0014509742313505362
2022,JP3243600008,0.0003787233216201244
2022,AU000000SHL7,0.0021501152778896078
2022,JP3404600003,0.0030708237366221343
2022,JP3799000009,0.0010590058088263252
2022,HK0019000162,0.000921345807465742
2022,AU000000JBH7,0.0005582470685583101
2022,JP3733000008,0.0019127076279020312
2022,JP3405400007,0.00048003506257248633
2022,JP3112000009,0.0016696777212286155
2022,JP3277800003,0.0008742042882727064
2022,NZAIAE0002S6,0.0011676936167385585
2022,JP3196000008,0.0009325515755285647
2022,JP3902000003,0.00025503834383726836
2022,JP3582600007,0.0005390059863016967
2022,US89677Q1076,0.002656942680270551
2022,AU000000CSL8,0.013855456777094315
2022,JP3830800003,0.004946148690135273
2022,JP3495000006,0.0006280443552785939
2022,HK0023000190,0.0007675617059879152
2022,AU000000DXS1,0.0012738966574201683
2022,AU000000MQG1,0.008201751863456128
2022,JP3519400000,0.008559480478330859
2022,AU000000BOQ8,0.0005762556575385644
2022,JP3951600000,0.0039688962295095715
2022,JP3826800009,0.0001335324448513719
2022,JP3942400007,0.004783724348984459
2022,JP3526600006,0.0015277966349156397
2022,JP3726800000,0.006333518875464052
2022,AU000000WBC1,0.008315583566271254
2022,JP3358200008,0.0005065827565842444
2022,JP3485800001,0.00017978908951505826
2022,AU000000SWM4,0.000153807362716157
2022,HK0010000088,0.0004585416461457123
2022,JP3201200007,0.004502709386006463
2022,JP3263000006,0.0005746849507787548
2022,NZAIRE0001S2,0.00012665439244565271
2022,AU000000ABC7,6.777672576804268e-05
2022,JP3188220002,0.0029734718627816856
2022,HK0014000126,0.00046869908843896426
2022,HK0002007356,0.0027626617142925565
2022,JP3657400002,0.0008252450275418761
2022,JP3165600002,0.00022263454602585944
2022,SG1R50925390,0.0
2022,AU0000088338,0.0007754388832250145
2022,JP3249600002,0.0034217870727407222
2022,AU000000WES1,0.006734147371434193
2022,JP3407400005,0.0016395680520476098
2022,JP3753000003,0.0022765556895950486
2022,JP3271400008,0.0004365457744082397
2022,JP3868400007,0.0007046388622275737
2022,JP3122400009,0.002707691247693989
2022,JP3351500008,0.0007325868929532994
2022,JP3246400000,0.0
2022,JP3850200001,0.0
2022,JP3600200004,0.0005216765413801215
2022,SG2B80958517,0.00024537019229359686
2022,AU000000SEK6,0.0010416737559868587
2022,JP3780100008,0.00035577850230065713
2022,JP3389900006,0.00016750600340525684
2022,JP3283650004,0.0009011514311752897
2022,SG1J26887955,0.0010335454000857751
2022,JP3902900004,0.012992206489558627
2022,SG1T75931496,0.004709241260853617
2022,JP3266400005,0.003915636055927341
2022,AU000000ELD6,0.00028975887835400394
2022,JP3131430005,0.0005751720559854453
2022,JP3197800000,0.002432742298106002
2022,JP3385980002,0.0012992106698370468
2022,JP3194000000,0.00035715629173510387
2022,JP3203500008,0.00013836341527835697
2022,JP3579800008,0.00036577372000916596
2022,SG1M51904654,0.0016089891438941972
2022,AU000000SIG5,2.764130561643187e-05
2022,JP3160400002,0.002280620341463451
2022,SG1V61937297,0.0015958313611029098
2022,JP3116000005,0.003385559854495054
2022,SG1R89002252,0.0007985594383885007
2022,JP3411000007,0.00018504499654182647
2022,AU000000TCL6,0.004400767963582732
2022,SG0531000230,0.0005729028704151286
2022,JP3684000007,0.0018384381368981527
2022,AU000000ORG5,0.0009889065100580792
2022,JP3625000009,0.0
2022,JP3788600009,0.00794828829445637
2022,JP3108600002,0.0007520470148603044
2022,AU000000BLD2,0.0007385275067809796
2022,JP3240400006,0.002278434647174835
2022,JP3421100003,6.118500708279349e-05
2022,JP3491000000,0.0001958335579711607
2022,HK0012000102,0.0033014269009453315
2022,JP3205800000,0.003759425449334261
2022,SG1T58930911,0.00021283124272656763
2022,JP3944130008,0.0007891252807950925
2022,AU000000CWY3,0.000661213988151335
2022,JP3783600004,0.0035650631271649793
2022,JP3429800000,0.0015870218472469717
2022,JP3494600004,0.0007967616642508801
2022,JP3599000001,7.197789214119163e-05
2022,JP3162600005,0.006080201972099823
2022,AU000000CIM7,0.0006135797344277085
2022,JP3982800009,0.0014209624416843829
2022,JP3528600004,5.1380649473036176e-05
2022,JP3435000009,0.02302199698660587
2022,JP3802400006,0.006226229731951788
2022,JP3890310000,0.0032669926594668017
2022,JP3935600001,0.0005857915889211155
2022,BMG8063F1068,0.00047886664043465685
2022,AU000000RHC8,0.0018241681070133382
2022,SG9999003735,0.00015002695249988972
2022,JP3756600007,0.010106386304732191
2022,AU000000ORI1,0.0005463287184467163
2022,JP3721400004,0.0003436984883862815
2022,JP3404200002,0.0002843713298763735
2022,JP3658850007,0.0004094357654121155
2022,JP3293200006,0.00043181283509454994
2022,JP3415400005,0.0003859808775575293
2022,AU000000WOW2,0.004597929359394887
2022,JP3269600007,0.00046007854239547423
2022,HK0000055878,0.0008423287995850794
2022,JP3633400001,0.05027599810141973
2022,JP3126340003,0.0005445637461706649
2022,SG1N31909426,0.00035776260704576876
2022,JP3256000005,0.0020152963584962567
2022,JP3224200000,0.0005139980045199762
2022,JP3629000005,0.0011675962677927397
2022,JP3893600001,0.0063913431860709155
2022,JP3765400001,0.00042730411510867307
2022,BMG2442N1048,0.0005619913431861947
2022,JP3605400005,0.0
2022,SG1L01001701,0.010563386713226815
2022,JP3787000003,0.0008360971388879394
2022,JP3768600003,0.000680564417102918
2022,JP3845400005,0.0
2022,JP3869010003,0.0008477156445494786
2022,JP3743000006,0.000603923832753234
2022,JP3511800009,0.0009393140565234128
2022,JP3228600007,0.001181817214636363
2022,BMG5320C1082,0.0014872754487225354
2022,JP3894900004,0.0005881304829870067
2022,JP3742600004,0.0003859345152676374
2022,JP3734800000,0.008290786642058429
2022,AU000000CGF5,0.00047693383227331626
2022,AU000000NCM7,0.0020595951873317933
2022,JP3933800009,0.00645486741178297
2022,JP3942800008,0.0012495296653929617
2022,HK0000608585,0.001596595601512941
2022,BMG2108M2182,0.00011154863364266778
2022,JP3258000003,0.0021718930164720085
2022,AU000000BSL0,0.0009682481477009636
2022,AU000000COH5,0.0014333302338158651
2022,JP3456000003,0.0002614530776207508
2022,JP3738600000,0.0007262567719239978
2022,JP3040890000,0.0004726145520949405
2022,BMG524401079,0.0008236741187009854
2022,HK0008011667,0.0007881709975539886
2022,SG1M77906915,0.0013022555654239568
2022,AU000000MND5,0.00014042111968747573
2022,NZFBUE0001S0,0.0005215470432336725
2022,JP3209000003,0.00045761365893718167
2022,JP3402600005,0.0020182712331031603
2022,JP3300200007,0.0011236305850484652
2022,JP3398000004,0.000614242457803813
2022,JP3274400005,0.00017684293366008075
2022,JP3619800000,0.0
2022,JP3835620000,0.00027831730210356844
2022,JP3571400005,0.012082545061886765
2022,AU000000SUN6,0.0016185702513028266
2022,JP3166000004,0.0007595394089564808
2022,JP3368000000,0.0004303939926103327
2022,JP3190000004,0.0010048557169443071
2022,JP3720800006,0.00040825893634450106
2022,JP3818000006,0.004317929326488033
2022,JP3229400001,0.000836890476326512
2022,JP3143600009,0.008027640311491484
2022,KYG2108Y1052,0.0053454563934557725
2022,JP3676800000,0.0006809626832587824
2022,SGXE34184239,0.0003263284157306539
2022,JP3198900007,0.010037101647086493
2022,AU000000BHP4,0.025638124129029626
2022,JP3260800002,0.0008142559033233976
2022,JP3626800001,0.0011472352563541512
2022,JP3967200001,0.0021457041313226516
2022,AU000000SXL4,1.8180788121905386e-05
2022,SG1S83002349,0.000669929041107728
2022,AU000000TLS2,0.005253021608068927
2022,JP3305990008,0.0008721535902888513
2022,AU0000033359,0.00034883167054938194
2022,JP3242800005,0.0051697359819165905
2022,JP3102000001,0.001756167365372043
2022,JP3814000000,0.005568411358444628
2022,JP3726200003,0.000363216892192479
2022,AU000000IGO4,0.0010141335835065863
2022,JP3548610009,0.00031663902228917296
2022,KYG5427W1309,0.00037016925706376594
2022,JP3566800003,0.0044608380447901585
2022,BMG668971101,0.0007379326978439328
2022,JP3300600008,0.0003492399133620869
2022,JP3436100006,0.012183009324445205
2022,JP3419050004,0.0007445222340240413
2022,JP3164800009,0.00038458697608968723
2022,JP3659000008,0.0016960078804479596
2022,AU000000CPU5,0.001362686525997559
2022,JP3134800006,0.0006480325027870625
2022,JP3663900003,0.0008160107743993077
2022,JP3143900003,0.000977173000747205
2022,JP3164630000,0.000992628689535087
2022,BMG684371393,0.0003608816154414373
2022,JP3223800008,0.0009744366729388563
2022,JP3118000003,0.0005625095429837126
2022,AU000000ALL7,0.002999533024886524
2022,JP3903000002,0.0
2022,JP3351600006,0.003277847608280991
2022,HK0363006039,0.0003130058195933681
2022,HK0392044647,0.0007635168303726619
2022,HK0293001514,0.0007462968749986421
2022,JP3635400009,0.0005065381574906895
2022,JP3137200006,0.0015405630762929975
2022,HK0688002218,0.005063625385307324
2022,HK0000745908,0.0004892128314434685
2022,AU000000BEN6,0.0005394690009760939
2022,JP3292200007,0.0004409617376363217
2022,JP3940400009,0.0005711594105651611
2022,JP3774200004,0.0010036716591948836
2022,JP3820000002,0.0012215969629052676
2022,AU000000DOW2,0.00042333025950097564
2022,JP3352000008,0.00017081082050212807
2022,JP3352400000,0.00026994584150067194
2022,JP3496400007,0.01156816275064276
2022,AU000000NAB4,0.009995083833140283
2022,AU000000MAH3,7.531591825670899e-05
2022,JP3320800000,0.0001951140332570676
2022,AU000000APA1,0.001311262252627995
2022,AU000000STO6,0.00279631934537739
2022,JP3888400003,0.0002684580139559899
2022,JP3711200000,0.0006708865032940807
2022,JP3305800009,0.0
2022,JP3420600003,0.0021643362273240183
2022,JP3896800004,0.0006527668088093845
2022,JP3910660004,0.006548569135023329
2022,KYG9431R1039,0.0020188381308809166
2022,HK0066009694,0.005105542889407415
2022,JP3802300008,0.009337996111780496
2022,SG1M31001969,0.00593557846880385
2022,JP3791200003,0.0008241418735462806
2022,JP3027670003,0.001469960852913473
2022,JP3165700000,0.00438464619602552
2022,JP3783420007,0.0009720283403101263
2022,JP3888300005,0.0008289711665828435
2022,JP3119600009,0.002372860508159201
2022,AU000000IVC8,0.0002183822528570351
2022,AU000000ERA9,0.00015657593069938109
2022,MU0117U00026,0.0
2022,JP3350800003,0.0
2022,HK0836012952,0.0006039254698230526
2022,JP3982100004,0.0007712777698934907
2022,HK0440001847,0.00024226791878204443
2022,KYG0535Q1331,0.0005794176817678312
2022,JP3688370000,0.0008408650653275125
2022,JP3371200001,0.011254983792387764
2022,KYG217651051,0.00411538212044186
2022,HK0388045442,0.01111370032127992
2022,JP3762600009,0.0024445837737029955
2022,JP3502200003,0.0017256578453839215
2022,JP3111200006,0.0020779010210481043
2022,JP3919800007,0.00017041448385728198
2022,JP3695200000,0.0009036902437075158
2022,JP3174410005,0.0005590001924471129
2022,JP3305530002,0.0005845317080116915
2022,JP3900000005,0.0013389516991215247
2022,HK2380027329,0.0002055872058656056
2022,JP3219000001,0.0004623961700028574
2022,HK0083000502,0.0015784646858571997
2022,JP3493800001,0.0012748178551682716
2022,BMG4600H1198,0.0007899019453450247
2022,JP3419400001,0.001149694769593066
2022,JP3126400005,0.00036130415539898167
2022,JP3538800008,0.0024387012868713684
2022,JP3347200002,0.003411523445544389
2022,JP3732200005,0.0005191859059000337
2022,AU0000224040,0.0027264807687558024
2022,JP3735400008,0.016249055098706475
2022,AU000000AMP6,0.0003633565333673975
2022,JP3304200003,0.0037086646191454276
2022,JP3358000002,0.0034474465990071935
2022,JP3585800000,0.000922311063967934
2022,JP3665200006,0.0005419110722422179
2022,JP3375800004,0.000982763953839478
2022,JP3733400000,0.0004377596183766884
2022,AU000000ILU1,0.0006013123683199089
2022,JP3672400003,0.0034876010488108077
2022,JP3955000009,0.0007377590060232928
2022,JP3027680002,0.001119666161228316
2022,JP3122800000,0.0005584389555042597
2022,JP3351100007,0.003156713511522776
2022,JP3551500006,0.009166515942643595
2022,JP3449020001,0.0
2022,JP3156400008,0.00027011072705147344
2022,JP3667600005,0.00045811060505419687
2022,JP3362700001,0.0016120945823219007
2022,JP3939000000,0.0004412580029924385
2022,JP3893200000,0.0031198972794997076
2022,JP3762800005,0.00351203225090909
2022,HK0011000095,0.005708507787439773
2022,JP3326410002,0.00015264826940643297
2022,HK0101000591,0.0015619184289478159
2022,JP3621000003,0.0013452466562906364
2022,AU000000IFL2,0.0002619410000511116
2022,AU000000ANN9,0.00030208813512858573
2022,JP3539220008,0.0014027950879147966
2022,AU000000TAH8,0.0012402669077208836
2022,JP3486800000,0.0013290258767985068
2022,JP3197600004,0.0020449335362665187
2022,AU000000CBA7,0.017839804133172734
2022,JP3870400003,0.0005819332053656372
2022,AU000000GPT8,0.001060706195621831
2022,JP3385820000,0.00027005933562457496
2022,JP3902400005,0.00390240805177698
2022,JP3906000009,0.0017240152984712162
2022,JP3718800000,0.0003606895563058683
2022,AU000000BPT9,0.0003558453314538311
2022,HK0000139300,6.0354234159946206e-05
2022,JP3899600005,0.0030387474851191467
2022,JP3143000002,0.0007146759028384236
2022,JP3535800001,0.0004723455422137293
2022,JP3870000001,0.0002216766653244121
2022,AU000000CQR9,0.00034467226449321853
2022,JP3814800003,0.0021561450772461864
2022,JP3992400006,0.00018892478180338533
2022,HK2388011192,0.006235554417987153
2022,HK0823032773,0.002832664161601492
2022,AU000000LLC3,0.000761628347419493
2022,JP3866800000,0.004225585467980543
2022,AU000000SGM7,0.00039975186273655543
2022,JP3280200001,0.0004536137904208981
2022,JP3942600002,0.0012899907732030335
2022,JP3544000007,0.00038281314818341483
2022,BMG507361001,0.006550707065135465
2022,JP3400900001,0.0
2022,JP3522200009,0.0
2022,JP3914400001,0.007939218984119463
2022,JP3613400005,0.0003811590095139382
2022,JP3215800008,0.0004062756659539356
2022,JP3766550002,0.0009797924835841195
2022,JP3595200001,0.0006554626026665974
2022,HK0308001558,0.00024861355478699186
2022,AU000000OZL8,0.0010194886661072868
2022,JP3270000007,0.0009307202429607757
2022,JP3560800009,0.00036221721281598377
2022,NZTELE0001S4,0.0008659890407415303
2022,JP3039710003,0.000858771799455281
2022,JP3830000000,0.0009204184919683825
2022,HK0165000859,0.0004267879159987707
2022,JP3574200006,0.0013389003254973863
2022,JP3596200000,0.0011282634219223913
2022,JP3670800006,0.001309995380668854
2022,HK0242001243,0.00019673067032601886
2022,JP3635000007,0.002239999671584958
2022,JP3854600008,0.00826687541127899
2022,JP3546800008,0.0042604561682694645
2022,JP3200450009,0.0042444235835949065
2022,JP3336000009,0.0005782783332660154
2022,JP3322930003,0.0010526234429163598
2022,JP3592200004,0.002823297377143872
2022,JP3180400008,0.0009985923734736407
2022,JP3158800007,0.0
2022,JP3588600001,0.0003872956614362246
2022,BMG988031446,0.0003962237334922984
2022,JP3294460005,0.0021589188853652283
2022,JP3573000001,0.0014957192075423721
2022,SG1F60858221,0.0015337675866215104
2022,JP3834800009,0.00023744850632129687
2022,AU000000GWA4,0.00014643765035044705
2022,AU000000PPT9,0.00019481096329583
2022,HK0200030994,0.00024018245952232254
2022,AU000000SGP0,0.0010507306871231675
2022,JP3407200009,4.273921689638044e-05
2022,JP3771800004,0.0012471304991434951
2022,IE00BKVD2N49,0.003787626785741589
2022,JP3401400001,0.001084960968625324
2022,JP3827200001,0.00023616760338638967
2022,JP3475350009,0.006497409895843898
2022,BMG2624N1535,0.000674180433548682
2022,JP3769000005,0.0004272202419964497
2022,JP3409000001,0.002282154277465081
2022,BMG2178K1009,0.0023889495736785574
2022,SG1S04926220,0.006538569344526146
2022,AU000000GMG2,0.004974791876841311
2022,JP3148800000,0.0012075995260242651
2022,JP3131400008,0.00042685938222629193
2022,JP3173400007,0.002556719770546288
2022,AU000000WOR2,0.0007301652131047681
2022,JP3634600005,0.004025287050482376
2022,JP3678000005,0.0002681516950670025
2022,JP3172100004,0.00017553863594847838
2022,AU000000IAG3,0.0011309626281149694
2022,JP3551200003,0.0
2022,AU000000IRE2,0.0002188007561223199
2022,JP3638600001,0.0005471327666074975
2022,JP3862400003,0.0017417472326002328
2022,JP3414750004,0.0010178760483932274
2022,JP3898400001,0.007990309582751464
2022,AU000000CSR5,0.00013269122248396405
2022,HK0016000132,0.005471751607188955
2022,JP3358800005,0.0009237150922600588
2022,JP3634200004,0.0003926856742147037
2022,NZCENE0001S6,0.0006399641991823381
2022,JP3551520004,0.0016764841545050908
2022,AU000000MTS0,0.00041987733438758525
2022,JP3289800009,0.0
2022,HK0004000045,0.0016064453844361595
2022,JP3499800005,0.0012209419151456469
2022,AU000000QBE9,0.0018633309259909589
2022,JP3357200009,0.0017347782488891632
2022,JP3386030005,0.0007000275700537664
2022,JP3493400000,0.0004537519161296264
2022,HK0000049939,0.0025026240364145807
2022,JP3598600009,0.00124867254368157
2022,JP3388200002,0.003164995801812432
2022,JP3359600008,0.0010685329722874603
2022,JP3973400009,0.0010971464152693044
2022,HK0291001490,0.0037654516703732087
2022,BMG8403G1033,0.00013316484868237152
2022,AU000000BWP3,0.00016347490314207956
2022,AU000000ANZ3,0.008308364490637201
2022,JP3425000001,0.00017037950925152806
2022,JP3877600001,0.0028597405247732357
2022,JP3837800006,0.007739012410611572
2022,JP3268950007,0.0007518006390304897
2022,JP3481800005,0.00944757149931122
2022,SG1B51001017,0.0008100875742995104
2023,JP3505000004,0.0027677446204739673
2023,JP3421800008,0.0021372493568036907
2023,AU000000QAN2,0.001354066716771497
2023,HK0003000038,0.0035280334992591534
2023,SG1U68934629,0.00182204416547446
2023,JP3885400006,0.0012070841178106002
2023,KYG210961051,0.003355087567296734
2023,JP3684400009,0.0001476835565025414
2023,JP3778630008,0.0025617267850685742
2023,SGXE21576413,0.001631917959578699
2023,JP3796150005,0.0005756026286477102
2023,JP3789000001,0.0005355556225047342
2023,JP3811000003,0.0004986696213860027
2023,KYG525621408,0.000800633105167713
2023,JP3792600003,0.0005105346720640091
2023,JP3977400005,0.0008031612236484097
2023,JP3210200006,0.0011072947241853692
2023,AU000000ASX7,0.001652185198814425
2023,JP3276400003,0.0006411051616251807
2023,AU000000SBM8,0.00012006124451662849
2023,JP3381000003,0.0029517154219379604
2023,JP3549600009,0.00020366797311455783
2023,JP3940000007,0.0012348174751918629
2023,HK0144000764,0.0013855438187972554
2023,JP3613000003,0.0008357480462659571
2023,JP3890350006,0.01021786909223967
2023,JP3463000004,0.00842435465519114
2023,AU000000MGR9,0.0011707340588981456
2023,JP3459600007,0.0003215049636672559
2023,NZSKCE0001S2,0.00036198901422572705
2023,JP3397200001,0.0032235219697030514
2023,JP3841800000,0.00011443748491055018
2023,BMG677491539,0.0020190409182675585
2023,AU000000FLT9,0.0005475575514272453
2023,HK0270001396,0.0012516174596200616
2023,JP3452000007,0.0007440530004756198
2023,SG9999000020,0.0018577434378289088
2023,HK0006000050,0.001975766591684518
2023,JP3756100008,0.002664431177964161
2023,JP3443600006,0.0012427498909223082
2023,JP3675600005,0.001360676623311164
2023,JP3819400007,0.00040537538364066045
2023,JP3711600001,0.0013261535379658481
2023,JP3243600008,0.0005206284151282338
2023,AU000000SHL7,0.0019418628403850473
2023,JP3404600003,0.0037384991731662883
2023,JP3799000009,0.0009782135572597246
2023,HK0019000162,0.001351643333553493
2023,AU000000JBH7,0.0005089282937814963
2023,JP3733000008,0.001847825920292677
2023,JP3405400007,0.00038265203208670426
2023,JP3112000009,0.001391015886875277
2023,JP3277800003,0.0006847275997030342
2023,NZAIAE0002S6,0.0014220656437068447
2023,JP3196000008,0.0006084144982215897
2023,JP3902000003,0.00028339243358868794
2023,JP3582600007,0.00043145067331604745
2023,US89677Q1076,0.00393124717988884
2023,AU000000CSL8,0.017559291577448188
2023,JP3830800003,0.004599178718528836
2023,JP3495000006,0.00042158406345202084
2023,HK0023000190,0.0006076895544317011
2023,AU000000DXS1,0.0011653359076501174
2023,AU000000MQG1,0.008850754016768849
2023,JP3519400000,0.007112318074018837
2023,AU000000BOQ8,0.0005828785944238786
2023,JP3951600000,0.00409532867825612
2023,JP3826800009,0.00012563308868932958
2023,JP3942400007,0.004518100757454104
2023,JP3526600006,0.0017781407850340695
2023,JP3726800000,0.007020202646324529
2023,AU000000WBC1,0.009801422607860447
2023,JP3358200008,0.0006224137187171677
2023,JP3485800001,9.906940352223099e-05
2023,AU000000SWM4,0.00014799019094699115
2023,HK0010000088,0.0004601615376423799
2023,JP3201200007,0.004129982033490788
2023,JP3263000006,0.00043621237437822233
2023,NZAIRE0001S2,0.00017152874753526852
2023,AU000000ABC7,0.0
2023,JP3188220002,0.003066618704135862
2023,HK0014000126,0.0006089235346169252
2023,HK0002007356,0.0014401806242595012
2023,JP3657400002,0.0008453389012186641
2023,JP3165600002,0.00021265515177771642
2023,SG1R50925390,0.0005618233239726677
2023,AU0000088338,0.0008129235383527756
2023,JP3249600002,0.0030860531213418685
2023,AU000000WES1,0.006758583444007449
2023,JP3407400005,0.0015905863275558403
2023,JP3753000003,0.002264465113139393
2023,JP3271400008,0.00052628275072435
2023,JP3868400007,0.0008077066664124812
2023,JP3122400009,0.002584567974039465
2023,JP3351500008,0.000740515109720692
2023,JP3246400000,0.0
2023,JP3850200001,0.0
2023,JP3600200004,0.0003819053980782804
2023,SG2B80958517,0.0002775418276586987
2023,AU000000SEK6,0.0009494026690633776
2023,JP3780100008,0.0005091323415214223
2023,JP3389900006,0.00017688114538485196
2023,JP3283650004,0.0010762914987105653
2023,SG1J26887955,0.001135993220092605
2023,JP3902900004,0.015807051960258618
2023,SG1T75931496,0.005480236998423344
2023,JP3266400005,0.0029478223935851364
2023,AU000000ELD6,0.0003254739325515749
2023,JP3131430005,0.0006051027653865751
2023,JP3197800000,0.002030603256113846
2023,JP3385980002,0.0009943858105514666
2023,JP3194000000,0.0003447271565811131
2023,JP3203500008,0.00014990849943852884
2023,JP3579800008,0.00044256539270532823
2023,SG1M51904654,0.0019161427223629744
2023,AU000000SIG5,5.247897209605474e-05
2023,JP3160400002,0.0029975886858920366
2023,SG1V61937297,0.002091121594656482
2023,JP3116000005,0.0030471766524547915
2023,SG1R89002252,0.0009982242378197307
2023,JP3411000007,0.0002217949933643215
2023,AU000000TCL6,0.005177633502301931
2023,SG0531000230,0.0007092718433567373
2023,JP3436120004,0.001011306611159998
2023,JP3684000007,0.0016916382984735003
2023,AU000000ORG5,0.0013463969768373945
2023,JP3625000009,0.0
2023,JP3788600009,0.008606590874639181
2023,JP3108600002,0.0006259972034111132
2023,AU000000BLD2,0.00036646656147280274
2023,JP3240400006,0.001794292835486186
2023,JP3421100003,0.00013009173215373853
2023,JP3491000000,0.00021282912710527402
2023,HK0012000102,0.0030162105388321643
2023,JP3205800000,0.0032043875302214943
2023,SG1T58930911,0.00018259771686878393
2023,JP3944130008,0.0007235910832300966
2023,AU000000CWY3,0.0007503098072369763
2023,JP3783600004,0.0033896423092296835
2023,JP3429800000,0.0015707152319244363
2023,JP3494600004,0.000683288000090656
2023,JP3599000001,2.0154767421343487e-05
2023,JP3162600005,0.005870797232628415
2023,AU000000CIM7,0.0008803501480001085
2023,JP3982800009,0.001519441216551123
2023,JP3528600004,1.1081367005876757e-05
2023,JP3435000009,0.019109335342106695
2023,JP3802400006,0.005931262894554233
2023,JP3890310000,0.0030305970182009116
2023,JP3935600001,0.0005788458435794075
2023,BMG8063F1068,0.0006435505979441809
2023,AU000000RHC8,0.0020123944617140644
2023,SG9999003735,7.230436074699803e-05
2023,JP3756600007,0.009424004575543009
2023,AU000000ORI1,0.0006853891949175116
2023,JP3721400004,0.00018758363984079134
2023,JP3404200002,0.00028282654366176114
2023,JP3658850007,0.00040533761857422475
2023,JP3293200006,0.00047740450442191213
2023,JP3415400005,0.0005264162640881852
2023,AU000000WOW2,0.00522308031956607
2023,JP3269600007,0.0004394226849653638
2023,HK0000055878,0.0008496874277673095
2023,JP3633400001,0.04015951420596162
2023,JP3126340003,0.0004901798253915333
2023,SG1N31909426,0.0003486048671512053
2023,JP3256000005,0.0019213286245273124
2023,JP3224200000,0.000706995784417444
2023,JP3629000005,0.001122806514363769
2023,JP3893600001,0.00791427793198832
2023,JP3765400001,0.0004149850500129155
2023,BMG2442N1048,0.0006728901946808708
2023,JP3605400005,0.0
2023,SG1L01001701,0.011665048931950492
2023,JP3787000003,0.0007730967115627971
2023,JP3768600003,0.0007155241005775917
2023,JP3845400005,0.0
2023,JP3869010003,0.0012883352618871802
2023,JP3743000006,0.00048485037932933427
2023,JP3511800009,0.0011306673839834149
2023,JP3228600007,0.0009330308053602017
2023,BMG5320C1082,0.0012812391312755215
2023,JP3894900004,0.000826448920206604
2023,JP3742600004,0.0004031250891339674
2023,JP3734800000,0.005536781844285418
2023,AU000000CGF5,0.0006445895866207034
2023,JP3933800009,0.0038198604212753566
2023,JP3942800008,0.0014292948211193932
2023,HK0000608585,0.0013715140831072898
2023,BMG2108M2182,0.00010699910312052237
2023,JP3258000003,0.002285968102908987
2023,AU000000BSL0,0.0009710868830868131
2023,AU000000COH5,0.0017007729138742056
2023,JP3456000003,0.00038923321795880005
2023,JP3738600000,0.0007769217142619213
2023,JP3040890000,0.0003448512811998943
2023,BMG524401079,0.0008772081005716645
2023,HK0008011667,0.000798906716842325
2023,SG1M77906915,0.0015756756605631904
2023,AU000000MND5,0.00020661288680073422
2023,NZFBUE0001S0,0.00044876833646652564
2023,JP3209000003,0.0003176760187946584
2023,JP3402600005,0.0019018553993176254
2023,JP3300200007,0.0010467247109899318
2023,SG1S76928401,0.00016171171014630955
2023,JP3398000004,0.0005424307369755265
2023,JP3274400005,0.00014202376349300657
2023,JP3619800000,0.0
2023,JP3835620000,0.0002776559149999461
2023,JP3571400005,0.009805585483506239
2023,AU000000SUN6,0.001939330722997129
2023,JP3166000004,0.0006617170557634749
2023,JP3368000000,0.00027361586316999143
2023,JP3190000004,0.0009431891278382169
2023,JP3720800006,0.00031758647804018867
2023,JP3818000006,0.0050112669139960805
2023,JP3229400001,0.0005857570684301344
2023,JP3143600009,0.008600321235802802
2023,KYG2108Y1052,0.005706648111734224
2023,JP3676800000,0.0007366785515575048
2023,SGXE34184239,0.0006010003799303239
2023,JP3198900007,0.010254262769740142
2023,AU000000BHP4,0.029670513552714318
2023,JP3260800002,0.0009252182995319384
2023,JP3626800001,0.0008673359629818826
2023,JP3967200001,0.0013483390033729057
2023,AU000000SXL4,0.0
2023,SG1S83002349,0.0007345976519384629
2023,AU000000TLS2,0.005760452376656005
2023,JP3305990008,0.0009417427925368333
2023,AU0000033359,0.0003185546659308297
2023,JP3242800005,0.005300332309640397
2023,JP3102000001,0.001480162988764619
2023,JP3814000000,0.004782118293979561
2023,JP3726200003,0.0004582500107048059
2023,AU000000IGO4,0.001302267443925736
2023,JP3548610009,0.00028769771512278874
2023,KYG5427W1309,0.0
2023,JP3566800003,0.004308714817334111
2023,BMG668971101,0.0008516804697236203
2023,JP3300600008,0.0004274012524609191
2023,JP3436100006,0.014253687530591
2023,JP3419050004,0.0007233103084993631
2023,JP3164800009,0.00033068672228466704
2023,JP3659000008,0.0018130743774900605
2023,AU000000CPU5,0.0016458845042461735
2023,JP3134800006,0.0009346922934520191
2023,JP3663900003,0.0010307789827882113
2023,JP3164630000,0.0009905661314049447
2023,BMG684371393,0.00032061666145413953
2023,JP3223800008,0.0011303795456388053
2023,JP3118000003,0.000713021157738704
2023,AU000000ALL7,0.0027621898768899517
2023,JP3903000002,0.0003893816430631328
2023,JP3351600006,0.003414631329454171
2023,HK0363006039,0.0002658099731761055
2023,HK0392044647,0.0008929402090333784
2023,HK0293001514,0.0007915257484205111
2023,JP3635400009,0.0005108567617115706
2023,JP3137200006,0.0016219144299612525
2023,HK0688002218,0.004940732397522535
2023,HK0000745908,0.0007516038780717596
2023,AU000000BEN6,0.0006633056680213848
2023,JP3292200007,0.0004066169014812767
2023,JP3940400009,0.0006330839341882733
2023,JP3774200004,0.0011313718424551958
2023,JP3820000002,0.000931845277343607
2023,AU000000DOW2,0.00036266110267054764
2023,JP3352000008,0.0003064298082821388
2023,JP3352400000,0.0003818538875975354
2023,JP3496400007,0.012293156528577454
2023,JP3931600005,0.0020808253306892253
2023,AU000000NAB4,0.011798498617867425
2023,AU000000MAH3,0.0001423111883616424
2023,JP3320800000,0.00032446986832573003
2023,AU000000APA1,0.001518064166906285
2023,JP3597800006,0.0007377598248649276
2023,AU000000STO6,0.002768168439457805
2023,JP3888400003,0.0002566342215199641
2023,JP3711200000,0.0006702129985336011
2023,JP3305800009,2.2766592337207808e-09
2023,JP3420600003,0.002153880366609366
2023,JP3896800004,0.000527559741511868
2023,JP3910660004,0.0073184912663427255
2023,KYG9431R1039,0.0015966461290652688
2023,HK0066009694,0.005574755997323585
2023,JP3802300008,0.0110145679066004
2023,SG1M31001969,0.006471026276370102
2023,JP3027670003,0.0011387245499689365
2023,JP3165700000,0.003794380292168569
2023,JP3783420007,0.0013263693594771846
2023,JP3888300005,0.0007133827809671633
2023,JP3119600009,0.0027469731323677927
2023,AU000000ERA9,0.00014281314260633892
2023,MU0117U00026,0.0
2023,JP3350800003,0.0
2023,HK0836012952,0.0
2023,JP3982100004,0.000779041223187275
2023,HK0440001847,0.00031060651506393025
2023,KYG0535Q1331,0.0006250540308362209
2023,JP3688370000,0.0008943266241231626
2023,JP3371200001,0.010160431404320958
2023,KYG217651051,0.004057225267907868
2023,HK0388045442,0.009658190858618312
2023,JP3762600009,0.0022288679141917386
2023,JP3502200003,0.001378099709804698
2023,JP3111200006,0.0017040757440611675
2023,JP3919800007,5.586460748979461e-05
2023,JP3695200000,0.0008105659273918226
2023,JP3174410005,0.00019393323933342745
2023,JP3305530002,0.0004742958286266633
2023,JP3900000005,0.0022448870438686766
2023,HK2380027329,0.000213109859081114
2023,JP3219000001,0.0006198888762317954
2023,HK0083000502,0.0018892353054237685
2023,JP3493800001,0.0013774073038229253
2023,BMG4600H1198,0.000620392584660428
2023,JP3419400001,0.0010267819097772037
2023,JP3126400005,0.00041078218594652174
2023,JP3538800008,0.0023365172011263653
2023,JP3347200002,0.002831448210601864
2023,JP3732200005,0.0004561870087047144
2023,AU0000224040,0.008010838487878579
2023,JP3735400008,0.01831261699791501
2023,AU000000AMP6,0.0005333825139013141
2023,JP3304200003,0.0039356866422483915
2023,JP3358000002,0.003020514670604665
2023,JP3585800000,0.0011408549408801361
2023,JP3665200006,0.0005799107698302928
2023,JP3375800004,0.0007176681259109737
2023,JP3733400000,0.0003251587718526068
2023,AU000000ILU1,0.0006760455095962875
2023,JP3672400003,0.0025424631940046487
2023,JP3955000009,0.0008459009753443088
2023,JP3027680002,0.0008786394616121383
2023,JP3122800000,0.0005331491780876295
2023,JP3351100007,0.002358557606947712
2023,JP3551500006,0.007397121622718037
2023,JP3449020001,0.0
2023,JP3156400008,0.00017201228704275388
2023,JP3667600005,0.0005332209572475698
2023,JP3362700001,0.001654986061053968
2023,JP3939000000,0.0005475047545322654
2023,JP3893200000,0.0029168907202685723
2023,JP3762800005,0.0026172669509805404
2023,HK0011000095,0.005019409269987242
2023,JP3326410002,0.00031968847363649503
2023,HK0101000591,0.0015757120391004286
2023,JP3621000003,0.0015064642822123651
2023,AU000000IFL2,0.00028048089365315327
2023,AU000000ANN9,0.00029757930500804694
2023,JP3539220008,0.001581622608611384
2023,AU000000TAH8,0.0002802304381550003
2023,JP3486800000,0.0013163022509674253
2023,JP3197600004,0.0019336084504280554
2023,AU000000CBA7,0.022096427232979138
2023,JP3870400003,0.000535760045874484
2023,AU000000GPT8,0.0010662128849924252
2023,JP3385820000,0.00020167493158423355
2023,JP3902400005,0.0039313958839508785
2023,JP3906000009,0.0013589454108304225
2023,JP3718800000,0.00038599943601689933
2023,AU000000BPT9,0.00035713023335509083
2023,HK0000139300,0.0001129651445326315
2023,JP3899600005,0.0027121173700862867
2023,JP3143000002,0.00044027468659645677
2023,JP3535800001,0.000556916165683818
2023,JP3870000001,0.00021136867996933182
2023,AU000000CQR9,0.00038071586168540164
2023,JP3814800003,0.002024871128770143
2023,JP3992400006,0.0002912943416040446
2023,HK2388011192,0.005967010315336201
2023,HK0823032773,0.002957087262741604
2023,AU000000LLC3,0.0007404688725672076
2023,JP3866800000,0.003932484850331196
2023,AU000000SGM7,0.0004581778497478635
2023,JP3280200001,0.0004160770779713982
2023,JP3942600002,0.0011698587685465397
2023,JP3544000007,0.00019369413554981048
2023,BMG507361001,0.0025632001774370315
2023,JP3400900001,0.0
2023,JP3522200009,0.0
2023,JP3914400001,0.006667851141510756
2023,JP3613400005,0.0004366927166705803
2023,JP3215800008,0.0003371044692757874
2023,JP3766550002,0.0007645924638665932
2023,JP3595200001,0.00038136969510125244
2023,HK0308001558,0.0002993640491020332
2023,JP3270000007,0.0009809842569052352
2023,JP3560800009,0.00023630416280536249
2023,NZTELE0001S4,0.001127032687825594
2023,JP3039710003,0.0008449891557153359
2023,JP3830000000,0.0008389649099967079
2023,HK0165000859,0.00041266559775998663
2023,JP3574200006,0.0013559791451306122
2023,JP3596200000,0.0010345740567828164
2023,JP3670800006,0.0011943703169882054
2023,HK0242001243,0.00016620266549881104
2023,JP3635000007,0.0024583931677753332
2023,JP3854600008,0.007644963300260536
2023,JP3546800008,0.0036096025007492077
2023,JP3200450009,0.0036988417201626726
2023,JP3336000009,0.0003917404388567753
2023,JP3322930003,0.0008787350506377832
2023,JP3180400008,0.0009078452182439948
2023,JP3158800007,0.0
2023,JP3588600001,0.000384561401924325
2023,BMG988031446,0.00045370571545650203
2023,JP3294460005,0.0024686830850359203
2023,JP3573000001,0.0015742678873980783
2023,SG1F60858221,0.0017351849852212872
2023,JP3834800009,0.0001147285604979405
2023,AU000000GWA4,0.0001619033500331947
2023,AU000000PPT9,0.0003586498945608097
2023,HK0200030994,0.0003268466484539319
2023,AU000000SGP0,0.001123588060597029
2023,JP3407200009,0.00014895252585171473
2023,JP3771800004,0.0014145066117567666
2023,IE00BKVD2N49,0.0025623920842757163
2023,JP3401400001,0.0005807792671610369
2023,JP3827200001,0.0001833265505653488
2023,JP3475350009,0.01032875445630443
2023,BMG2624N1535,0.000881610201327635
2023,JP3769000005,0.00045070825439000474
2023,JP3409000001,0.001879589141514524
2023,BMG2178K1009,0.002355735040320744
2023,SG1S04926220,0.0074988671671667876
2023,AU000000GMG2,0.004669466473018484
2023,JP3148800000,0.0009566659319143741
2023,JP3131400008,0.000451534256944604
2023,JP3173400007,0.0026457726393108033
2023,AU000000WOR2,0.0010022163779632878
2023,JP3634600005,0.0033660752537269453
2023,JP3678000005,0.00021151723705961647
2023,JP3172100004,0.00021129629281388656
2023,AU000000IAG3,0.00138070134968163
2023,JP3551200003,0.0
2023,AU000000IRE2,0.00019291372963956913
2023,JP3638600001,0.0004548830941078021
2023,JP3862400003,0.0014047361887669836
2023,JP3414750004,0.0011012601412363294
2023,JP3898400001,0.008463953035750043
2023,AU000000CSR5,9.056072286430231e-05
2023,HK0016000132,0.006948831528941553
2023,JP3358800005,0.0006964800895682594
2023,JP3634200004,0.0003908851702673822
2023,NZCENE0001S6,0.0006390386179389677
2023,JP3551520004,0.0014967922391594197
2023,AU000000MTS0,0.00043404519836939804
2023,JP3289800009,0.0
2023,HK0004000045,0.0013417111996164464
2023,JP3499800005,0.0013198275795633266
2023,AU000000QBE9,0.0023213151857663754
2023,JP3357200009,0.0015772654842264422
2023,JP3386030005,0.0006077490683486151
2023,JP3493400000,0.0003859375912794112
2023,HK0000049939,0.0036840932183047586
2023,JP3598600009,0.0013280072565709953
2023,JP3388200002,0.0029863519798751254
2023,JP3359600008,0.0008893818625652812
2023,JP3973400009,0.0008886035474333392
2023,HK0291001490,0.004128548177294801
2023,BMG8403G1033,9.702056943767934e-05
2023,AU000000BWP3,0.0001658208617792034
2023,AU000000ANZ3,0.008936980892368994
2023,JP3425000001,0.00019829862778090318
2023,JP3877600001,0.003615833654867523
2023,JP3837800006,0.006612012356324896
2023,JP3268950007,0.0006648597279380051
2023,JP3481800005,0.00879499416907047
2023,SG1B51001017,0.0013552831272647856
2024,JP3505000004,0.003275920786996245
2024,JP3421800008,0.002625858896127767
2024,AU000000QAN2,0.000782704568598121
2024,HK0003000038,0.002501249531491922
2024,SG1U68934629,0.0016205754340860715
2024,JP3885400006,0.0007561408007104869
2024,KYG210961051,0.0014411296516714652
2024,JP3684400009,0.00027661359722958603
2024,JP3778630008,0.0023704907494189876
2024,SGXE21576413,0.0015992791000678727
2024,JP3796150005,0.000731414993646605
2024,JP3789000001,0.00043944271580454743
2024,JP3811000003,0.0005216423858676412
2024,KYG525621408,0.00027747113555804266
2024,JP3792600003,0.0003137618944758973
2024,JP3977400005,0.000641191678701129
2024,JP3210200006,0.0015724237171394313
2024,AU000000ASX7,0.0014239712259749469
2024,JP3276400003,0.0007576949286353597
2024,AU000000SBM8,2.6818291363294534e-05
2024,JP3381000003,0.0030178731057949096
2024,JP3549600009,7.624983279057127e-11
2024,JP3940000007,0.001156558500263488
2024,HK0144000764,0.0012991702231171913
2024,JP3613000003,0.0010221766376600102
2024,JP3890350006,0.011302020211055952
2024,JP3463000004,0.0074365928673669705
2024,AU000000MGR9,0.0009571461636513744
2024,JP3459600007,0.00027370438277274074
2024,NZSKCE0001S2,0.0002945549215484219
2024,JP3397200001,0.003844997488351866
2024,JP3841800000,0.00021992093086649618
2024,BMG677491539,0.0016393125017368944
2024,AU000000FLT9,0.0006548502573096357
2024,HK0270001396,0.0004426313399902966
2024,JP3452000007,0.0005394235627617429
2024,SG9999000020,0.0016842567392309844
2024,HK0006000050,0.001848531933527571
2024,JP3756100008,0.0024919450310795658
2024,JP3443600006,0.0012729999316095453
2024,JP3675600005,0.001505612015763075
2024,JP3819400007,0.0005316272496468282
2024,JP3711600001,0.001982682709278717
2024,JP3243600008,0.0006423362938726483
2024,AU000000SHL7,0.001718465034001565
2024,JP3404600003,0.004461174959503017
2024,JP3799000009,0.0008208879669741181
2024,HK0019000162,0.0012205776877534185
2024,AU000000JBH7,0.0005125842379099682
2024,JP3733000008,0.003021665298200774
2024,JP3405400007,0.00044099229949060497
2024,JP3112000009,0.0012452823960685442
2024,JP3277800003,0.000490882445928653
2024,NZAIAE0002S6,0.0012582319869791413
2024,JP3196000008,0.000726035210465285
2024,JP3902000003,0.00035796601598396354
2024,JP3582600007,0.0004673879969576652
2024,US89677Q1076,0.00377664149400541
2024,AU000000CSL8,0.015316298593552177
2024,JP3830800003,0.005187430425273578
2024,JP3495000006,0.0001658308570358754
2024,HK0023000190,0.0005281604285937595
2024,AU000000DXS1,0.0009829375944469941
2024,AU000000MQG1,0.00780663949232847
2024,JP3519400000,0.009304187633762064
2024,AU000000BOQ8,0.00045253167119362753
2024,JP3951600000,0.0036788864805246753
2024,JP3826800009,8.844603342780517e-05
2024,JP3942400007,0.0032518269215201226
2024,JP3526600006,0.0020714477496222377
2024,JP3726800000,0.008620496353385165
2024,AU000000WBC1,0.008809310702695122
2024,JP3358200008,0.0007090184380811202
2024,JP3485800001,0.0002064162866890135
2024,AU000000SWM4,0.00011367194679012387
2024,HK0010000088,0.00027930153673901475
2024,JP3201200007,0.0029516109758974496
2024,JP3263000006,0.0007320293226256196
2024,NZAIRE0001S2,0.0
2024,AU000000ABC7,0.00018200983237522805
2024,JP3188220002,0.003441572353559832
2024,HK0014000126,0.00039516929451000423
2024,HK0002007356,0.0009294663809900764
2024,JP3657400002,0.0008048466599428149
2024,JP3165600002,0.00021018314834661179
2024,JP3336600006,0.0005445489760667637
2024,SG1R50925390,0.0010343281231938036
2024,AU0000088338,0.000791994544673838
2024,JP3249600002,0.003244300206416051
2024,JP3891600003,4.061718294783555e-05
2024,AU000000WES1,0.00700451083800611
2024,JP3407400005,0.0017822625283011927
2024,JP3753000003,0.0029210183071452776
2024,JP3271400008,0.0006564904563009121
2024,JP3868400007,0.0011994554140783203
2024,JP3122400009,0.00520027341728148
2024,JP3351500008,0.0008148210354817646
2024,JP3246400000,0.0
2024,JP3850200001,0.0
2024,JP3600200004,0.00043035026561757044
2024,SG2B80958517,0.00038621166505734624
2024,AU000000SEK6,0.0007671462901770142
2024,JP3780100008,0.00038492457542705543
2024,JP3389900006,2.2318335880988745e-07
2024,JP3283650004,0.0006414377551140916
2024,SG1J26887955,0.0011309983423570434
2024,JP3902900004,0.01870531273335123
2024,SG1T75931496,0.005017890130199765
2024,JP3266400005,0.0028753232883269833
2024,AU000000ELD6,0.00033288648162946153
2024,JP3131430005,0.00046800393773036806
2024,JP3197800000,0.0014395563521036347
2024,JP3194000000,0.00033244112764254963
2024,JP3203500008,0.00022277838213351935
2024,JP3579800008,0.00045048287975626717
2024,SG1M51904654,0.0017626102154019577
2024,AU000000SIG5,0.00012845937516734414
2024,JP3160400002,0.0021808558761747822
2024,SG1V61937297,0.0021495774068785137
2024,JP3116000005,0.0032972560679623173
2024,SG1R89002252,0.0007255350465091642
2024,JP3411000007,0.000265611111722493
2024,AU000000TCL6,0.004380988022141134
2024,SG0531000230,0.0005337600527216039
2024,JP3436120004,0.0011488453674365741
2024,JP3684000007,0.0020747578141182004
2024,AU000000ORG5,0.0012201278937924297
2024,JP3625000009,0.0
2024,JP3788600009,0.01212573144286531
2024,JP3108600002,0.0006052789525123702
2024,JP3240400006,0.001972507897812587
2024,JP3421100003,0.00014596327527624986
2024,JP3491000000,0.0003652776234911128
2024,HK0012000102,0.0020924597288998854
2024,JP3205800000,0.003137716749869826
2024,SG1T58930911,0.00011205800149032013
2024,JP3944130008,0.0008414282279591014
2024,AU000000CWY3,0.0006631511418762055
2024,JP3783600004,0.0035571048907900925
2024,JP3429800000,0.0012951286464366197
2024,JP3494600004,0.0017603489599972535
2024,JP3599000001,2.3509760396260965e-11
2024,JP3162600005,0.006011630720522385
2024,AU000000CIM7,0.0007844901630664747
2024,JP3982800009,0.00128772121887729
2024,JP3528600004,2.9513921504125247e-10
2024,JP3435000009,0.02001174520686841
2024,JP3802400006,0.00423811169038141
2024,JP3890310000,0.0036852772713523523
2024,JP3935600001,0.0009394070134722637
2024,BMG8063F1068,0.00043113301119471735
2024,AU000000RHC8,0.0014941625260532503
2024,SG9999003735,9.911617423430947e-05
2024,JP3756600007,0.01188343750575957
2024,AU000000ORI1,0.000676337103258508
2024,JP3721400004,0.00012644064708145134
2024,JP3404200002,0.000399882610404173
2024,JP3658850007,0.0004958907917662498
2024,JP3293200006,0.0005465407863379746
2024,JP3415400005,0.0006614272423191671
2024,AU000000WOW2,0.004727281475647817
2024,JP3269600007,0.0005191961898723624
2024,HK0000055878,0.0005873340089187131
2024,JP3633400001,0.05245917488767043
2024,JP3126340003,0.000616559592220218
2024,SG1N31909426,0.00033791665523714824
2024,JP3256000005,0.0012089293253245662
2024,JP3224200000,0.000709137650311352
2024,JP3629000005,0.0017313586729513998
2024,JP3893600001,0.009712926123531041
2024,JP3765400001,0.00039875399418852904
2024,BMG2442N1048,0.0006717336707514053
2024,JP3605400005,0.0
2024,SG1L01001701,0.010081463430514127
2024,JP3787000003,0.0009279282468512452
2024,JP3768600003,0.0007084522590090171
2024,JP3845400005,0.0
2024,JP3869010003,0.0014013157640712806
2024,JP3743000006,0.0004786648748806362
2024,JP3511800009,0.0011909312288923709
2024,JP3228600007,0.0016848119089465147
2024,BMG5320C1082,0.001405727939332071
2024,JP3894900004,0.0009297946773851955
2024,JP3742600004,0.0004308047332700588
2024,JP3734800000,0.003463993817327699
2024,AU000000CGF5,0.0005846529997740138
2024,JP3933800009,0.003910745156801905
2024,JP3942800008,0.0015822355591946398
2024,HK0000608585,0.0005931774372104888
2024,BMG2108M2182,7.301962563868638e-05
2024,JP3258000003,0.0019614421017310583
2024,AU000000BSL0,0.0009748971291299595
2024,AU000000COH5,0.0021193785430865357
2024,JP3456000003,0.0004472889714031442
2024,JP3738600000,0.0010137558052637889
2024,JP3040890000,0.00019546310570357872
2024,BMG524401079,0.0006072967651345268
2024,HK0008011667,0.000824915734795745
2024,SG1M77906915,0.001564764998772509
2024,AU000000MND5,0.0002149692982221057
2024,NZFBUE0001S0,0.0002735681098278172
2024,JP3209000003,0.0001977688018993116
2024,JP3402600005,0.001243823587474927
2024,JP3300200007,0.0013627390445722699
2024,SG1S76928401,0.00017875818270325573
2024,JP3398000004,0.0005292943822672477
2024,JP3274400005,0.00013552301059067864
2024,JP3619800000,0.0
2024,JP3571400005,0.014452001896573407
2024,AU000000SUN6,0.002037040257750848
2024,JP3166000004,0.0009153039691254639
2024,JP3368000000,0.0002889573694130038
2024,JP3152740001,0.000587701998850738
2024,JP3190000004,0.0011638046940369042
2024,JP3720800006,0.0002494832780770223
2024,JP3818000006,0.004917906115254677
2024,JP3229400001,0.000624055220613818
2024,JP3143600009,0.011809685283175796
2024,KYG2108Y1052,0.0035492446651077436
2024,JP3676800000,0.0007840428207179307
2024,SGXE34184239,0.0007996015437443595
2024,JP3198900007,0.010927582361994367
2024,AU000000BHP4,0.025522208632162396
2024,JP3260800002,0.0007715048035618931
2024,JP3626800001,0.0006638940879526615
2024,JP3967200001,0.0014411345631076683
2024,AU000000SXL4,0.0
2024,SG1S83002349,0.0006800492270518143
2024,AU000000TLS2,0.005051409085322795
2024,JP3305990008,0.0010404423622051326
2024,AU0000033359,0.0002133135802232959
2024,JP3242800005,0.006117426839465902
2024,JP3102000001,0.001728118338378685
2024,JP3814000000,0.00459192326213229
2024,JP3726200003,0.0005088909986829997
2024,AU000000IGO4,0.000525902980965805
2024,JP3548610009,0.00018469558583262063
2024,KYG5427W1309,0.0
2024,JP3566800003,0.0043775930269288115
2024,BMG668971101,0.000795804597268868
2024,JP3300600008,0.0002789202471327569
2024,JP3436100006,0.010300661987761224
2024,JP3419050004,0.0006748879947131747
2024,JP3164800009,0.0003944958955567225
2024,JP3659000008,0.001916925445758639
2024,AU000000CPU5,0.0015573859481099136
2024,JP3134800006,0.0006025490739142875
2024,JP3663900003,0.0011857839953081325
2024,JP3164630000,0.0007730240430903754
2024,BMG684371393,9.3432988205677e-05
2024,JP3223800008,0.0019373749128345087
2024,JP3118000003,0.0008616591538990351
2024,AU000000ALL7,0.002965755381487306
2024,JP3903000002,0.00045575154625604274
2024,JP3351600006,0.0018157944350838577
2024,HK0363006039,0.00020886364981255806
2024,HK0392044647,0.0008252702868738444
2024,HK0293001514,0.0004900229541405669
2024,JP3635400009,0.0005941823599035111
2024,JP3137200006,0.0017374945004569873
2024,HK0688002218,0.002778634930122679
2024,HK0000745908,0.00040021527937068527
2024,AU000000BEN6,0.0005880225929407194
2024,JP3292200007,0.0004685520495203051
2024,JP3940400009,0.0008396629874839215
2024,JP3774200004,0.00117635340757455
2024,JP3820000002,0.00119638615879033
2024,AU000000DOW2,0.00041160443829022284
2024,JP3352000008,0.0003108402635404434
2024,JP3352400000,0.0004424094862614002
2024,JP3496400007,0.012508397442755512
2024,JP3931600005,0.0012155895547897111
2024,AU000000NAB4,0.010555765381219984
2024,AU000000MAH3,0.00017374953203447277
2024,JP3320800000,0.0005381445444801871
2024,AU000000APA1,0.0011090328607706481
2024,JP3597800006,0.0007630562671309839
2024,AU000000STO6,0.0027078477612848995
2024,JP3888400003,0.0003159807701359803
2024,JP3711200000,0.0006231446000303
2024,JP3305800009,4.170217178805567e-05
2024,JP3420600003,0.002282087133841611
2024,JP3896800004,0.0005891946981862685
2024,JP3910660004,0.008457200350368128
2024,KYG9431R1039,0.0013518631015049102
2024,HK0066009694,0.003311883849447812
2024,JP3802300008,0.013299107450406288
2024,SG1M31001969,0.005940281638354717
2024,JP3027670003,0.0010335691390746516
2024,JP3165700000,0.003324149416037772
2024,JP3783420007,0.001609684681662198
2024,JP3888300005,0.0009347236330693947
2024,JP3119600009,0.0032750474890716847
2024,AU000000ERA9,0.00019979400040220707
2024,MU0117U00026,0.0
2024,JP3350800003,0.0
2024,HK0836012952,0.0
2024,HK0440001847,0.00035175972188765815
2024,KYG0535Q1331,0.0007629715712915441
2024,JP3688370000,0.0009063938886718044
2024,JP3371200001,0.013015290615616685
2024,KYG217651051,0.003074983788835231
2024,HK0388045442,0.0061754472508325315
2024,JP3762600009,0.0027445091073362606
2024,JP3502200003,0.001830179148870209
2024,JP3111200006,0.0016257818579642617
2024,JP3919800007,0.000113127642763484
2024,JP3695200000,0.0007323271899580979
2024,JP3174410005,1.7175265906862862e-11
2024,JP3305530002,0.0004661496878126152
2024,JP3900000005,0.003649695965046741
2024,HK2380027329,0.0
2024,JP3219000001,0.000656801581777578
2024,HK0083000502,0.001504079665329802
2024,JP3493800001,0.0015614130384539958
2024,BMG4600H1198,0.00031069486153969845
2024,JP3419400001,0.0009602928525029479
2024,JP3126400005,0.0002704395812294598
2024,JP3538800008,0.0032442659119051188
2024,JP3347200002,0.002676614264982284
2024,JP3732200005,0.0007051348133049912
2024,AU0000224040,0.006433411389111037
2024,JP3735400008,0.01857427561053786
2024,AU000000AMP6,0.00029824508129605126
2024,JP3304200003,0.00446915989851639
2024,JP3358000002,0.0023338571254996614
2024,JP3585800000,0.00154238963508493
2024,JP3665200006,0.0006601603043796221
2024,JP3375800004,0.0008164929185292542
2024,JP3733400000,0.0003813261670096149
2024,AU000000ILU1,0.00042678396013247436
2024,JP3672400003,0.0025562697530123572
2024,JP3955000009,0.0009147659401414537
2024,JP3027680002,0.0007901614338883943
2024,JP3122800000,0.000592681326783614
2024,JP3351100007,0.0018153707049359763
2024,JP3551500006,0.008227137966194807
2024,JP3449020001,0.0
2024,JP3156400008,8.962019556332074e-05
2024,JP3667600005,0.00044805385509257684
2024,JP3362700001,0.002158754792860527
2024,JP3939000000,0.00047443340117947307
2024,JP3893200000,0.003702291929967271
2024,JP3762800005,0.0028850033853116963
2024,HK0011000095,0.0030866988052286994
2024,JP3326410002,0.00048611023295872094
2024,HK0101000591,0.0009247666487955947
2024,JP3621000003,0.0010608069243801654
2024,AU000000IFL2,0.0001024343531248581
2024,AU000000ANN9,0.00016056987959360645
2024,JP3539220008,0.0013756185757388142
2024,AU000000TAH8,0.00017586795980794774
2024,JP3486800000,0.0014864894440058014
2024,JP3197600004,0.0014304566432474714
2024,AU000000CBA7,0.020379997471587523
2024,JP3870400003,0.0005320261999805911
2024,AU000000GPT8,0.0009377220781924745
2024,JP3385820000,0.0002552618999442062
2024,JP3902400005,0.004902936561405802
2024,JP3906000009,0.0015751305452265385
2024,JP3718800000,0.0004968692270698824
2024,AU000000BPT9,0.00034003083060554914
2024,HK0000139300,0.0001398703625618826
2024,JP3899600005,0.002839394248456143
2024,JP3143000002,0.0002571922010064532
2024,JP3535800001,0.0005353082967113975
2024,JP3870000001,0.00024664159567144834
2024,AU000000CQR9,0.0003713013227308911
2024,JP3814800003,0.0023233316691459176
2024,JP3992400006,0.0002543453720753048
2024,HK2388011192,0.004063885539874158
2024,HK0823032773,0.0021343770894789523
2024,AU000000LLC3,0.0005664572536673921
2024,JP3866800000,0.003777227922034435
2024,AU000000SGM7,0.00044283565566473007
2024,JP3280200001,0.00031208672668259056
2024,JP3942600002,0.0006041084590804573
2024,JP3544000007,7.964098041327844e-05
2024,BMG507361001,0.0017302684047407826
2024,JP3400900001,0.0
2024,JP3522200009,0.0
2024,JP3914400001,0.00684111250664158
2024,JP3613400005,0.00040122595848380237
2024,JP3215800008,0.0002557800739774908
2024,JP3766550002,0.0005394562171153087
2024,JP3595200001,0.00014533205549823182
2024,HK0308001558,0.0002447410040117327
2024,JP3270000007,0.0008366437530393173
2024,JP3560800009,0.00011448976560103631
2024,NZTELE0001S4,0.0010331468146494778
2024,JP3039710003,0.0006719604477921176
2024,JP3830000000,0.0008743094091975148
2024,HK0165000859,0.00030270081663241657
2024,JP3574200006,0.0012092117905479905
2024,JP3596200000,0.0007239871087236216
2024,JP3670800006,0.0010263847013647033
2024,HK0242001243,0.0
2024,JP3635000007,0.0036915603769087485
2024,JP3854600008,0.009778782487844237
2024,JP3546800008,0.003934637106889117
2024,JP3200450009,0.0037707864943519265
2024,JP3336000009,0.00042118161987736446
2024,JP3322930003,0.0008532832207515439
2024,JP3180400008,0.0012917478834606824
2024,JP3158800007,0.0
2024,JP3588600001,0.0007716318322106457
2024,BMG988031446,0.00034832747021434354
2024,JP3294460005,0.0026771530277532813
2024,JP3573000001,0.001607932863536406
2024,SG1F60858221,0.001713590496694181
2024,JP3834800009,4.380720266502431e-09
2024,AU000000GWA4,0.00010759013224669954
2024,AU000000PPT9,0.0003166046426566569
2024,HK0200030994,0.0001393764297124494
2024,AU000000SGP0,0.0010850043735533838
2024,JP3407200009,0.00015731157752816154
2024,JP3771800004,0.0009488553375696349
2024,IE00BKVD2N49,0.002999161864521463
2024,JP3401400001,4.6017808927185534e-05
2024,JP3827200001,0.0001900117435323344
2024,JP3475350009,0.009618672757109871
2024,BMG2624N1535,0.0005262941842040261
2024,JP3769000005,0.000556730869101465
2024,JP3409000001,0.0023887899852275507
2024,BMG2178K1009,0.0023587869601980026
2024,SG1S04926220,0.007157641919019359
2024,AU000000GMG2,0.005472679590948344
2024,JP3148800000,0.001140367752817905
2024,JP3131400008,0.0003913635866196993
2024,JP3173400007,0.002430742018137269
2024,AU000000WOR2,0.0008489574711225791
2024,JP3634600005,0.004646631237629112
2024,JP3678000005,0.00021108438076489726
2024,JP3172100004,0.00022893888802027383
2024,AU000000IAG3,0.0016310102021681757
2024,JP3551200003,0.0
2024,AU000000IRE2,9.661024970068172e-05
2024,JP3638600001,0.00042443607481089667
2024,JP3862400003,0.001293949670964816
2024,JP3414750004,0.0009599298397799624
2024,JP3898400001,0.011802706494624823
2024,HK0016000132,0.004451906521313871
2024,JP3358800005,0.0007257387030316653
2024,JP3634200004,0.00043316624890556637
2024,NZCENE0001S6,0.000589335394467101
2024,JP3551520004,0.001249654723105031
2024,AU000000MTS0,0.00030271841725749136
2024,JP3289800009,0.0005174992320343794
2024,HK0004000045,0.0015129861817528912
2024,JP3499800005,0.001741900040623782
2024,AU000000QBE9,0.0025399016998565184
2024,JP3357200009,0.0013997029746889013
2024,JP3386030005,0.0007172706363221527
2024,JP3493400000,0.00039854364730960805
2024,HK0000049939,0.003418785292407481
2024,JP3598600009,0.0011693937356404025
2024,JP3388200002,0.0033283597913043076
2024,JP3359600008,0.0006536575571121886
2024,JP3973400009,0.0008966365009590786
2024,HK0291001490,0.0019039714693410428
2024,BMG8403G1033,0.0
2024,AU000000BWP3,0.0001281181121466958
2024,AU000000ANZ3,0.008554634543291124
2024,JP3425000001,1.481374891709883e-05
2024,JP3877600001,0.0046004856528994425
2024,JP3837800006,0.007178881734433354
2024,JP3268950007,0.0006357552808032066
2024,JP3481800005,0.0076584701911535024
2024,SG1B51001017,0.0010738717612012155
