Year,ISIN,Weight
2013,JP3626800001,0.0024450746578608736
2013,JP3200450009,0.003739934094392741
2013,JP3174410005,0.0012817087004466184
2013,JP3818000006,0.0031096838434709014
2013,AU000000PPT9,0.0008146287352356068
2013,JP3621000003,0.0025853447349976377
2013,JP3914400001,0.004586665358117261
2013,AU000000ORI1,0.0033297420075216015
2013,SG1U68934629,0.005383448700453568
2013,JP3385820000,0.0005255049923227329
2013,JP3783600004,0.008815543634943567
2013,AU000000ASX7,0.0019096735371879625
2013,JP3112000009,0.0026385659826211913
2013,AU000000IVC8,0.0006258032562331834
2013,JP3491000000,0.00054112754335332
2013,NZTELE0001S4,0.0009151667595062836
2013,JP3401400001,0.0012291980383796048
2013,JP3830800003,0.007292226512370705
2013,JP3720800006,0.0012203516493947833
2013,JP3787000003,0.0018350676996759289
2013,SGXE21576413,0.005115872277012723
2013,JP3224200000,0.0022038129977937195
2013,JP3629000005,0.0016945484862759517
2013,JP3638600001,0.0006946325088480554
2013,JP3269600007,0.001956581215654385
2013,AU000000STO6,0.0038709268202182243
2013,JP3733000008,0.00227113679294648
2013,AU000000CSR5,0.0003995064032157199
2013,HK0388045442,0.007308077957221885
2013,JP3942400007,0.00743830854357477
2013,JP3814800003,0.003907991119977626
2013,AU000000MND5,0.0010981743513249884
2013,HK0293001514,0.0016976748464964224
2013,JP3495000006,0.0020747702566526675
2013,JP3164800009,0.0007811350064088914
2013,JP3762600009,0.007297172800138811
2013,JP3320800000,0.0005902872227543511
2013,JP3659000008,0.002742624875042882
2013,AU000000OZL8,0.0005670980672085364
2013,JP3738600000,0.0012713062333005603
2013,JP3830000000,0.0011680210471201608
2013,JP3242800005,0.01614742362495407
2013,JP3443600006,0.0013489981936931138
2013,JP3357200009,0.0012152481521033594
2013,JP3665200006,0.000929811981910043
2013,AU000000SGM7,0.0008723185165092724
2013,JP3596200000,0.001074172851726024
2013,JP3368000000,1.8165179097942447e-09
2013,JP3215800008,0.0005736795212660399
2013,JP3358800005,0.0012431475552538555
2013,HK0823032773,0.004046486699742684
2013,JP3289800009,0.0005363508045160224
2013,HK0003000038,0.007960935266971324
2013,JP3180400008,0.0029270321241971643
2013,JP3551520004,0.0027252810036300884
2013,JP3634600005,0.004006382343650033
2013,AU000000AMP6,0.00516953660418864
2013,AU000000ERA9,0.0005438402980550118
2013,HK0010000088,0.002839269239544447
2013,HK0011000095,0.011067292386931847
2013,JP3209000003,0.0008313722467512893
2013,JP3201200007,0.0019222210197232248
2013,JP3667600005,0.0024878230381312756
2013,AU000000SGP0,0.0027909826457784706
2013,JP3792600003,0.0020264845705701253
2013,JP3493800001,0.0017090565731058332
2013,AU000000WBC1,0.03033786728299359
2013,JP3688370000,0.0010563672272731219
2013,JP3481800005,0.003592700196509997
2013,SG1F60858221,0.0034828105824418845
2013,JP3890350006,0.018709451588992444
2013,JP3420600003,0.002194520320685139
2013,JP3902400005,0.006098368685281749
2013,BMG677491539,0.0016509467654421475
2013,NZCENE0001S6,0.0007219121252927321
2013,AU000000IAG3,0.003671387343718775
2013,JP3190000004,0.0012979756639545804
2013,JP3678000005,0.0005313006901006576
2013,JP3854600008,0.02333805624024974
2013,JP3116000005,0.0034998445734990857
2013,AU000000NCM7,0.006326083357142365
2013,IE00BKVD2N49,0.0038587648134751854
2013,JP3613400005,0.0014398016727109376
2013,JP3551500006,0.010513975345628276
2013,JP3951600000,0.003651105964879598
2013,JP3726800000,0.021452662889369298
2013,JP3122400009,0.0009399611158829258
2013,JP3258000003,0.004029622676812845
2013,JP3223800008,0.0
2013,AU000000APA1,0.001834275073350635
2013,AU000000QBE9,0.004754109500800426
2013,JP3388200002,0.0029393584965049465
2013,JP3505000004,0.0033519410491141175
2013,SG1R50925390,0.00222952397810719
2013,JP3903000002,0.0005767887298672742
2013,JP3973400009,0.003209605693141535
2013,JP3519400000,0.0037045529404308363
2013,AU000000ANZ3,0.025310863254396094
2013,AU000000TLS2,0.019796136012632404
2013,AU000000MGR9,0.001997649331601437
2013,JP3118000003,0.0009391049321825561
2013,BMG2442N1048,0.0015998651437457768
2013,JP3888400003,0.000506301165068869
2013,NZFBUE0001S0,0.0019965078337823117
2013,AU000000QAN2,0.00033406827697991744
2013,JP3300600008,0.0015321388654774499
2013,JP3402600005,0.003154539469835322
2013,JP3119600009,0.0029255428462841198
2013,AU000000LLC3,0.001823940409453072
2013,JP3526600006,0.0018289045806983459
2013,JP3900000005,0.006285757140748004
2013,JP3165600002,0.0007865210849933804
2013,JP3684000007,0.003130766876761878
2013,JP3811000003,0.00021445167006914017
2013,AU000000SHL7,0.0022805529092038436
2013,JP3407400005,0.0029984772006200213
2013,JP3449020001,0.00016229878928826667
2013,AU000000BEN6,0.001079618381373359
2013,AU000000TAH8,0.0005397744953674137
2013,JP3592200004,0.00590359708471455
2013,AU0000038911,3.417202136915779e-08
2013,AU000000CIM7,0.0023396646501271314
2013,HK0200030994,0.0008354255058720107
2013,JP3890310000,0.0045486008396217635
2013,SG1J26887955,0.002158847872563133
2013,JP3111200006,0.0022680799857117025
2013,JP3419400001,0.001344686744468276
2013,JP3891600003,0.0007380461683957731
2013,AU000000WES1,0.01283572784728417
2013,JP3573000001,0.00452566541695642
2013,JP3194000000,0.0003709522043381009
2013,AU000000WOR2,0.002203590123572632
2013,JP3566800003,0.006162677224299666
2013,JP3421100003,0.0005806460615821934
2013,JP3845400005,0.0
2013,JP3982100004,0.002915806772544297
2013,AU000000CSL8,0.009791206962707306
2013,AU000000NAB4,0.02244373998355498
2013,JP3870400003,0.0007593277991258254
2013,JP3166000004,0.0006313689185643991
2013,JP3898400001,0.011394870670714688
2013,AU000000MAH3,6.881390261769556e-07
2013,AU000000SIG5,0.00034469869282912285
2013,JP3522200009,0.0
2013,JP3270000007,0.0010303504124482333
2013,AU000000ORG5,0.004304856692864922
2013,AU000000BWP3,0.0008545839468647313
2013,JP3888300005,0.0010839890229800261
2013,AU000000TCL6,0.0032729843001270357
2013,JP3868400007,0.002695485504669443
2013,JP3246400000,0.004039245453006357
2013,JP3672400003,0.015279388712402652
2013,JP3126400005,0.0005940146557845028
2013,JP3304200003,0.00921186554081247
2013,JP3475350009,0.004058979069414489
2013,JP3582600007,0.0006487040215520932
2013,JP3535800001,0.0009054582870949629
2013,JP3165700000,0.002953128070167275
2013,AU000000CWY3,0.0003359558287095159
2013,JP3405400007,0.0009594468634065539
2013,HK0066009694,0.00845986074239933
2013,JP3814000000,0.004122958665786761
2013,JP3633400001,0.056084185590349764
2013,JP3027680002,0.0028207453771696748
2013,JP3229400001,0.001071558024972951
2013,AU0000088338,0.0016339586093515896
2013,JP3734800000,0.0025452712568633114
2013,AU000000CBA7,0.0359972503671567
2013,JP3502200003,0.003429186725196915
2013,JP3435000009,0.004939645835231099
2013,AU000000GPT8,0.0024643076078056437
2013,JP3134800006,0.0014562793296160543
2013,SG1R89002252,0.003039488070625104
2013,JP3619800000,0.0006542706931027798
2013,JP3496400007,0.011185109218938616
2013,JP3456000003,0.0007581269768534142
2013,JP3955000009,0.000939491241713695
2013,JP3686800008,5.162332279867635e-10
2013,SG1V61937297,0.002942884814103284
2013,JP3158800007,0.0
2013,AU000000SUN6,0.004993233109847648
2013,HK0006000050,0.00591753116021776
2013,JP3910660004,0.0074008898369849665
2013,BMG524401079,0.002758546094934143
2013,AU000000DOW2,0.0005972425264683903
2013,JP3205800000,0.004885705051752086
2013,JP3819400007,0.0013046812419138388
2013,AU000000BHP4,0.04224395029358495
2013,AU000000MTS0,0.0015287339305621267
2013,JP3385980002,0.0014686159716332991
2013,JP3827200001,0.0007015553324010101
2013,BMG8063F1068,0.0026363411104628857
2013,AU000000WOW2,0.013906216163756263
2013,JP3788600009,0.009669699404517045
2013,AU000000SBM8,0.0003708498387702157
2013,JP3197600004,0.0023477085269914023
2013,JP3778630008,0.0008622363084102043
2013,AU000000GWA4,0.00038277301191143965
2013,JP3657400002,0.0036909831682983897
2013,JP3293200006,0.0006830320944203211
2013,JP3634200004,0.001044757798995898
2013,HK0002007356,0.004801963106213499
2013,JP3359600008,0.0016242735157545147
2013,JP3902900004,0.026251237513428623
2013,JP3893600001,0.009251234538295508
2013,AU000000DXS1,0.0017539430519288644
2013,JP3977400005,0.0018925446472043371
2013,JP3148800000,0.000753500209221203
2013,JP3743000006,0.0014679522699435736
2013,JP3210200006,0.0011358913450731502
2013,JP3228600007,0.00169019359912496
2013,SG9999000020,0.0014039116905315261
2013,AU000000MQG1,0.004686636463309473
2013,JP3493400000,0.0010466252179598934
2013,JP3940000007,0.0025985252620769127
2013,JP3452000007,0.00025241168735715635
2013,JP3769000005,0.0009215163033517429
2013,JP3197800000,0.002241187696572351
2013,JP3942800008,0.0013949096709455194
2013,JP3551200003,0.0
2013,JP3982800009,0.0008277023868102685
2013,JP3351600006,0.0026331196424591954
2013,JP3850200001,0.0
2013,JP3866800000,0.00516958490315221
2013,JP3571400005,0.0026862834852370804
2013,JP3362700001,0.0005156479828827701
2013,JP3429800000,0.0022587622265991926
2013,AU000000BLD2,0.0011736877808682434
2013,JP3294460005,0.007131051623865041
2013,AU000000COH5,0.001734482431295067
2013,JP3371200001,0.008565499075000637
2013,JP3711600001,0.0012785474956587503
2013,JP3544000007,0.0006652096604306358
2013,JP3870000001,0.00041684958403618254
2013,JP3414750004,0.0006846589386374855
2013,SGXE34184239,0.002870780719302428
2013,AU0000224040,0.009883247793335805
2013,HK0019000162,0.0029036172820276615
2013,JP3463000004,0.013709553414891709
2013,AU000000CQR9,0.00033291917875833836
2013,JP3595200001,0.0
2013,JP3877600001,0.004103288090880802
2013,JP3635400009,0.0008852782598985087
2013,JP3605400005,0.0
2013,JP3260800002,0.002157287106550585
2013,JP3539220008,0.003085441194224019
2013,AU000000IGO4,0.00047909901910773533
2013,JP3528600004,0.001105103380660907
2013,JP3786200000,0.001316298641784117
2013,JP3753000003,0.0
2013,AU000000BSL0,0.0002998234903023726
2013,JP3350800003,0.0009996131941526114
2013,JP3375800004,0.0004798023472207217
2013,JP3266400005,0.0049552495960488736
2013,JP3820000002,0.0005575353855920707
2013,NZAIAE0002S6,0.0011850927921490345
2013,JP3256000005,0.0017715827377756367
2013,BMG684371393,0.0005549009055932809
2014,JP3626800001,0.002663382739486992
2014,JP3200450009,0.005843471942307234
2014,JP3174410005,0.0018258155484601494
2014,JP3818000006,0.004007174463682715
2014,AU000000PPT9,0.0008632375465716717
2014,JP3621000003,0.0029861132223375224
2014,JP3914400001,0.006404495127992431
2014,AU000000ORI1,0.0023706742277661307
2014,SG1U68934629,0.004328682084778159
2014,JP3385820000,0.0007458272995656683
2014,JP3419050004,0.0019114936350629864
2014,JP3783600004,0.008834481631334304
2014,AU000000BPT9,0.00022642042215151713
2014,AU000000ASX7,0.0015767370118187558
2014,JP3112000009,0.0018664656060906374
2014,AU000000IVC8,0.0008199557894953182
2014,JP3491000000,0.00047844370464321037
2014,NZTELE0001S4,0.0006178625719131999
2014,JP3401400001,0.0021819057037083
2014,JP3830800003,0.009413930781704261
2014,JP3720800006,0.0017887489944239281
2014,JP3787000003,0.0014471095536768373
2014,SGXE21576413,0.004041748974581805
2014,JP3224200000,0.002779865661661906
2014,JP3629000005,0.0017040563017102729
2014,JP3638600001,0.0008744190601262272
2014,JP3269600007,0.00134470451745488
2014,AU000000STO6,0.0032829169272686107
2014,JP3733000008,0.002203649304504557
2014,AU000000CSR5,0.0005238812729110468
2014,HK0388045442,0.005554981536632621
2014,JP3942400007,0.008301987121892656
2014,JP3814800003,0.006683515531297389
2014,AU000000MND5,0.0006497431637204998
2014,HK0293001514,0.0015873258172417692
2014,JP3495000006,0.0021801539940307546
2014,JP3164800009,0.0009561140055383968
2014,JP3762600009,0.008334935394924076
2014,JP3320800000,0.0006710382492149944
2014,JP3659000008,0.002779729633884365
2014,AU000000OZL8,4.866304925024484e-05
2014,JP3738600000,0.0019258636250557195
2014,JP3830000000,0.001453472589414466
2014,JP3242800005,0.01236150776818585
2014,JP3443600006,0.0018106251416109107
2014,JP3357200009,0.0015141986693391425
2014,JP3665200006,0.0010150978373242466
2014,AU000000SGM7,0.0007788133120863136
2014,JP3596200000,0.0017737244681486942
2014,JP3368000000,8.838049254268956e-11
2014,JP3215800008,0.0006440812104512684
2014,BMG668971101,0.0018421545443870245
2014,JP3358800005,0.0016524872070943603
2014,HK0823032773,0.003443113019229816
2014,JP3289800009,0.0010130269670126822
2014,HK0003000038,0.005802950199577609
2014,JP3180400008,0.002922517485353937
2014,JP3551520004,0.003660235569153114
2014,JP3634600005,0.00495601918106259
2014,AU000000AMP6,0.003260075987549919
2014,AU000000ERA9,0.0005034998084788897
2014,HK0010000088,0.002018125703127813
2014,HK0011000095,0.00976477025712941
2014,JP3209000003,0.0008965638278783614
2014,JP3201200007,0.0028929042933434988
2014,HK0004000045,0.006362502909670447
2014,JP3667600005,0.003087124018243412
2014,AU000000SGP0,0.002443520704865426
2014,JP3792600003,0.0026739172857419545
2014,JP3493800001,0.001997716924658247
2014,AU000000WBC1,0.025959369111428685
2014,HK0242001243,0.00045931689482267964
2014,JP3688370000,0.0013341902335595919
2014,JP3481800005,0.004964592781311583
2014,SG1F60858221,0.003050352349746243
2014,JP3890350006,0.019935949342907343
2014,JP3420600003,0.0027264994938190623
2014,JP3902400005,0.007883685970265812
2014,BMG677491539,0.0008449996247060473
2014,NZCENE0001S6,0.0006496387297449072
2014,AU000000IAG3,0.003550163768353589
2014,JP3190000004,0.001282701364584277
2014,JP3678000005,0.0006933841055805209
2014,JP3854600008,0.021004564992285746
2014,JP3116000005,0.00451024175504207
2014,AU000000NCM7,0.0020610042861119037
2014,IE00BKVD2N49,0.005016797578191718
2014,JP3613400005,0.0015290513334512406
2014,JP3551500006,0.013213865412381572
2014,JP3894900004,0.0014503184309322078
2014,JP3951600000,0.003804971373127196
2014,JP3726800000,0.019060303780855405
2014,JP3122400009,0.0007259399354855289
2014,JP3258000003,0.003891994338892274
2014,JP3223800008,0.0
2014,AU000000APA1,0.0014734413795326274
2014,AU000000QBE9,0.0036495989765176914
2014,JP3388200002,0.0032212143115044954
2014,JP3505000004,0.0035551353627550583
2014,SG1R50925390,0.0018103153702537223
2014,JP3903000002,0.0006454566155293186
2014,JP3973400009,0.0031660076327091483
2014,JP3519400000,0.003891319845350953
2014,AU000000ANZ3,0.022006593077416658
2014,AU000000TLS2,0.016974049836944307
2014,JP3762800005,0.0023228881597330965
2014,AU000000MGR9,0.0016938549635418373
2014,JP3118000003,0.001141865841132838
2014,BMG2442N1048,0.0012504859476728607
2014,JP3888400003,0.0005051040415116492
2014,NZFBUE0001S0,0.0015409551933205435
2014,AU000000QAN2,0.0
2014,JP3300600008,0.0019433685891132575
2014,JP3402600005,0.0022469721025598815
2014,JP3119600009,0.002845612776575177
2014,AU000000LLC3,0.001409151531859988
2014,JP3526600006,0.001126377531610096
2014,JP3900000005,0.006760956801136608
2014,JP3165600002,0.000856551876813713
2014,JP3684000007,0.002116635030442121
2014,JP3811000003,0.00036538169388977774
2014,AU000000SHL7,0.002234142093988963
2014,JP3407400005,0.003699719681099568
2014,JP3449020001,0.0004796345346862022
2014,AU000000BEN6,0.0010108952429515787
2014,AU000000TAH8,0.0004249232348892808
2014,JP3592200004,0.005227300754177292
2014,AU0000038911,6.227397587198353e-08
2014,AU000000CIM7,0.001448678848701242
2014,HK0200030994,0.0017297796583875134
2014,JP3890310000,0.0048243547672169144
2014,SG1J26887955,0.0017168577983572044
2014,JP3111200006,0.0029471650099134007
2014,JP3419400001,0.0016523399818738098
2014,JP3891600003,0.0007691453054175354
2014,AU000000WES1,0.012712298718479152
2014,JP3573000001,0.004049445091267451
2014,JP3194000000,0.0005666540985453397
2014,AU000000WOR2,0.000981587499591783
2014,JP3566800003,0.007257491791419283
2014,JP3421100003,0.00048622217139235297
2014,JP3397200001,0.004690005025640459
2014,JP3845400005,0.0
2014,JP3982100004,0.002672160014597805
2014,AU000000CSL8,0.009765851536869272
2014,AU000000NAB4,0.020770485927880934
2014,JP3870400003,0.0006239999335711113
2014,JP3166000004,0.0009435310523411374
2014,JP3898400001,0.009512359298514043
2014,AU000000MAH3,2.5652539866234924e-09
2014,AU000000SIG5,0.00024071866084397067
2014,JP3522200009,0.0
2014,JP3270000007,0.001015117553211094
2014,AU000000ORG5,0.003649233220504616
2014,AU000000BWP3,0.0008078320429645143
2014,JP3888300005,0.0010118541162360151
2014,AU000000TCL6,0.0028677793753887834
2014,JP3868400007,0.004221617212751899
2014,JP3246400000,0.004099795117462574
2014,JP3672400003,0.011943429008623472
2014,JP3126400005,0.0009170791872575885
2014,JP3304200003,0.006671282327825101
2014,JP3475350009,0.003785249597177401
2014,JP3582600007,0.001233262723738715
2014,JP3535800001,0.0008446752641887348
2014,JP3165700000,0.0030889423899360343
2014,AU000000CWY3,0.0004052883271077407
2014,JP3405400007,0.0010601870088753694
2014,HK0066009694,0.0069290203956672725
2014,JP3814000000,0.005360056402292675
2014,JP3633400001,0.06115257343471371
2014,JP3027680002,0.0028641631448096923
2014,JP3229400001,0.0014498028623570343
2014,AU0000088338,0.001473343725050686
2014,JP3734800000,0.004657537126904657
2014,AU000000CBA7,0.03219290222328567
2014,JP3502200003,0.004904334406167465
2014,JP3435000009,0.005035628734168344
2014,AU000000GPT8,0.0017108667608783728
2014,JP3134800006,0.0022099368564979594
2014,SG1R89002252,0.0020218024309597233
2014,JP3619800000,0.0007166210119939045
2014,JP3496400007,0.015468002767804844
2014,JP3456000003,0.0008806862979886489
2014,JP3955000009,0.0011105860271310008
2014,JP3686800008,0.0
2014,SG1V61937297,0.0018653836433971628
2014,JP3158800007,0.0
2014,AU000000SUN6,0.004296550732709026
2014,HK0006000050,0.004853772024981902
2014,JP3910660004,0.007197420999475836
2014,BMG524401079,0.0016092246554598902
2014,AU000000DOW2,0.000500253896626959
2014,JP3205800000,0.005023273755453808
2014,AU000000BHP4,0.031452999868590875
2014,AU000000MTS0,0.0010626300730602872
2014,JP3385980002,0.0010344586949931913
2014,JP3827200001,0.0007046409041438323
2014,BMG8063F1068,0.001727926265045949
2014,AU000000WOW2,0.01143976987053628
2014,JP3788600009,0.011671639637228729
2014,AU000000SBM8,9.939623078443466e-05
2014,JP3197600004,0.003440964336202578
2014,JP3778630008,0.0013732009560394915
2014,AU000000GWA4,0.00032664094337350204
2014,JP3657400002,0.0021070307805029095
2014,JP3293200006,0.0007452622222350432
2014,JP3634200004,0.0008771771898362742
2014,HK0002007356,0.00299186908425142
2014,JP3359600008,0.0020468462331954176
2014,JP3902900004,0.026109413313963853
2014,JP3893600001,0.007736390733916191
2014,AU000000DXS1,0.001235191410123577
2014,JP3977400005,0.0019509830390409386
2014,JP3546800008,0.002865362576432164
2014,JP3148800000,0.0008730201140278724
2014,JP3743000006,0.0017424118222311821
2014,JP3210200006,0.001278870092862185
2014,JP3228600007,0.001987035820238098
2014,HK0016000132,0.010281924344020145
2014,SG9999000020,0.0015277065395813407
2014,AU000000MQG1,0.004674300801815513
2014,JP3493400000,0.0013153227396805799
2014,JP3940000007,0.0031923265487152188
2014,JP3452000007,0.0003528472165142179
2014,JP3769000005,0.0010326781415042575
2014,JP3197800000,0.0031322529474889465
2014,JP3942800008,0.0016201770618850717
2014,JP3551200003,0.0
2014,JP3982800009,0.0015408068804628936
2014,JP3351600006,0.0027243650852482324
2014,JP3850200001,0.0
2014,JP3866800000,0.008334289206975537
2014,JP3571400005,0.0031451260825453384
2014,JP3362700001,0.0008913138239404622
2014,JP3429800000,0.002047899153615469
2014,AU000000BLD2,0.0008410177414600586
2014,JP3294460005,0.005472062402743885
2014,AU000000COH5,0.0012278255057906146
2014,JP3371200001,0.00740198389391866
2014,JP3711600001,0.0014075977109696569
2014,JP3544000007,0.0005995070381323591
2014,JP3870000001,0.00045269102345877173
2014,JP3414750004,0.0018873999439859856
2014,SGXE34184239,0.0022025798438533428
2014,AU0000224040,0.008000708584828525
2014,HK0019000162,0.0014511242651761294
2014,JP3463000004,0.011550528567971261
2014,AU000000CQR9,0.0002453510458790136
2014,JP3595200001,0.00022422749198826864
2014,JP3877600001,0.0037215987882386553
2014,JP3635400009,0.0008120213530564223
2014,JP3605400005,0.0
2014,JP3260800002,0.0018289817336555644
2014,JP3539220008,0.0027355312310547797
2014,AU000000IGO4,0.0003033106330651172
2014,JP3528600004,0.001309471461384493
2014,JP3786200000,0.002203439937867237
2014,JP3753000003,0.0007897762047943722
2014,AU000000BSL0,0.0005405501805133306
2014,JP3350800003,0.0010954725326197227
2014,JP3375800004,0.0004976369444043464
2014,JP3266400005,0.005639389289282981
2014,JP3820000002,0.0008886685316698227
2014,NZAIAE0002S6,0.0010196508674969928
2014,JP3256000005,0.001672387903452715
2014,BMG684371393,0.000439195991177835
2015,JP3626800001,0.0014409062655278465
2015,JP3200450009,0.004174462159703607
2015,JP3174410005,0.0011193196213681793
2015,JP3818000006,0.0034172053775210253
2015,AU000000PPT9,0.0007738560706929453
2015,JP3621000003,0.0036358937318701173
2015,JP3914400001,0.006723907736865332
2015,AU000000ORI1,0.0014320869457259547
2015,SG1U68934629,0.0030808209375835444
2015,JP3385820000,0.0006979829624657797
2015,JP3585800000,0.00027677657695593583
2015,JP3419050004,0.0010389148855741081
2015,JP3783600004,0.009031393634950566
2015,AU000000BPT9,0.00015686302014513817
2015,AU000000ASX7,0.0014416390944286485
2015,JP3112000009,0.0013976565315334964
2015,AU000000IVC8,0.0007156963963528489
2015,JP3491000000,0.00023174499268912647
2015,NZTELE0001S4,0.0007111816091500643
2015,JP3401400001,0.0019098185372483445
2015,JP3830800003,0.009292645580965228
2015,JP3720800006,0.0016450906432398694
2015,JP3787000003,0.00132411253923138
2015,SGXE21576413,0.0028485584449214605
2015,JP3224200000,0.002765052891170314
2015,JP3538800008,0.0025889755841230207
2015,JP3629000005,0.00122304212308179
2015,JP3638600001,0.0008618456797906329
2015,JP3269600007,0.0012857130077412314
2015,JP3160400002,0.004136924476523596
2015,AU000000STO6,0.0016565798307852761
2015,JP3733000008,0.001844420700604761
2015,AU000000CSR5,0.0005021880925403929
2015,HK0388045442,0.007576946816009115
2015,JP3942400007,0.009440604310425982
2015,JP3814800003,0.008323755824413453
2015,AU000000MND5,0.0003477989143538459
2015,HK0293001514,0.0019105094592133003
2015,JP3495000006,0.000888712876914893
2015,JP3164800009,0.0015582127458282097
2015,JP3762600009,0.006067455879281108
2015,JP3320800000,0.0007220345202984066
2015,JP3659000008,0.0037011418582146532
2015,AU000000OZL8,4.279927096928235e-05
2015,JP3738600000,0.0019156990078431665
2015,BMG988031446,0.0014945706879824947
2015,JP3830000000,0.0019013638487081219
2015,JP3242800005,0.011884017708835421
2015,JP3443600006,0.002161306583489226
2015,JP3357200009,0.0014248397591591997
2015,JP3665200006,0.0009764414240229286
2015,AU000000SGM7,0.0007204410003543707
2015,JP3596200000,0.0011761542127505763
2015,JP3368000000,8.547779256252611e-18
2015,JP3215800008,0.0003702414849618473
2015,BMG668971101,0.0020568446323135097
2015,JP3358800005,0.001899936428522338
2015,HK0823032773,0.0044199818907525255
2015,JP3289800009,0.001389314680755749
2015,HK0003000038,0.006217237763166101
2015,JP3180400008,0.0024730324494229372
2015,JP3551520004,0.0034664551177046535
2015,JP3634600005,0.004865047016391374
2015,AU000000AMP6,0.003655102196917233
2015,AU000000ERA9,0.0005166869288400354
2015,HK0010000088,0.0020206313543888878
2015,HK0011000095,0.009909899077693794
2015,JP3209000003,0.0011200085466111559
2015,JP3201200007,0.003046676632321542
2015,HK0004000045,0.006779115041675536
2015,JP3667600005,0.0015236045778618415
2015,AU000000SGP0,0.002398147253942132
2015,JP3792600003,0.0023949845571808025
2015,JP3493800001,0.0014350229174989692
2015,AU000000WBC1,0.02348361460363166
2015,JP3156400008,0.0008016552698018878
2015,JP3663900003,0.0007761512813572613
2015,HK0242001243,0.00036341041268419817
2015,JP3688370000,0.0017611750708500192
2015,AU000000CGF5,0.0007768596466282469
2015,JP3481800005,0.0056905115288183854
2015,SG1F60858221,0.002473439637699505
2015,JP3890350006,0.013454869554858525
2015,JP3420600003,0.002401181756343541
2015,JP3902400005,0.007342885623199623
2015,BMG677491539,0.0012176331931046842
2015,NZCENE0001S6,0.0007874509321624872
2015,AU000000IAG3,0.0032437866565306677
2015,JP3190000004,0.0011949274368638024
2015,JP3678000005,0.0009958051211296677
2015,JP3854600008,0.016072871083607866
2015,HK2388011192,0.01043199760309243
2015,JP3116000005,0.004889426661495333
2015,AU000000NCM7,0.0024596770546449214
2015,IE00BKVD2N49,0.0051684675758129
2015,JP3613400005,0.0010151122752721205
2015,JP3551500006,0.010099251392348522
2015,JP3894900004,0.0014673122190149046
2015,JP3358200008,0.0007987548813112351
2015,JP3951600000,0.005208910377696007
2015,JP3726800000,0.015337135852393375
2015,JP3122400009,0.0007121224252841007
2015,JP3258000003,0.003786802170192795
2015,JP3223800008,3.2155100878499383e-18
2015,AU000000APA1,0.002129135532692205
2015,AU000000QBE9,0.002983916113117259
2015,JP3388200002,0.002660157009314587
2015,JP3505000004,0.003136163739030152
2015,SG1R50925390,0.0008748482773022973
2015,JP3903000002,0.0003729365960853835
2015,JP3973400009,0.0024876696885353235
2015,JP3519400000,0.004533794154847207
2015,AU000000ANZ3,0.01987724529621773
2015,AU000000TLS2,0.0170290391416201
2015,JP3762800005,0.00218951965046654
2015,AU000000MGR9,0.0015636771437004362
2015,JP3118000003,0.0012614079955105867
2015,BMG2442N1048,0.0013019003068619071
2015,JP3888400003,0.0004216109333331816
2015,NZFBUE0001S0,0.0010466941011632927
2015,AU000000QAN2,0.0008641545959053673
2015,JP3300600008,0.0016852300332391124
2015,SG1T75931496,0.013523285042956383
2015,JP3402600005,0.0023404888018187693
2015,JP3119600009,0.0033238942257384978
2015,AU000000LLC3,0.0019818606422121977
2015,JP3526600006,0.0015134887150636506
2015,JP3900000005,0.005384260418659418
2015,JP3165600002,0.0007165036534153715
2015,JP3837800006,0.0046574522537730185
2015,JP3684000007,0.002917504480148466
2015,JP3347200002,0.00298544130456779
2015,JP3811000003,0.000477066958353344
2015,AU000000SHL7,0.0016798297809659333
2015,JP3407400005,0.002650806819464412
2015,JP3449020001,4.556079507680742e-19
2015,AU000000BEN6,0.0011288928883989558
2015,AU000000TAH8,0.0006514478484016089
2015,JP3592200004,0.004635442856687935
2015,JP3243600008,0.00047457002379848684
2015,AU0000038911,2.700098596267848e-06
2015,AU000000CIM7,0.0016794033487608764
2015,HK0200030994,0.0010008592858118401
2015,JP3890310000,0.004694150802780719
2015,SG1J26887955,0.001660420265090752
2015,JP3111200006,0.0035707339366174273
2015,JP3419400001,0.0012563939641941737
2015,JP3891600003,0.0006342030481491838
2015,AU000000WES1,0.01038525846049586
2015,JP3573000001,0.004451787035474198
2015,JP3194000000,0.0006772656305239049
2015,AU000000WOR2,0.0003853089737087069
2015,JP3566800003,0.010346952642950734
2015,HK0000608585,0.0029099305861995804
2015,JP3421100003,0.000415769301738628
2015,JP3397200001,0.005230495261990859
2015,JP3845400005,0.0
2015,JP3982100004,0.002103247867444621
2015,AU000000CSL8,0.009460066009486895
2015,AU000000NAB4,0.01840866551240172
2015,JP3870400003,0.0005315700351030149
2015,JP3166000004,0.0006810047736177784
2015,JP3898400001,0.007932191822467221
2015,AU000000MAH3,2.5730090890755403e-17
2015,AU000000SIG5,0.00017666625356742432
2015,JP3522200009,0.0
2015,JP3270000007,0.0008588933134881477
2015,AU000000ORG5,0.0019670177020897927
2015,AU000000BWP3,0.0009552812886769643
2015,JP3888300005,0.0010806387261738635
2015,AU000000TCL6,0.003882624642169372
2015,JP3868400007,0.0034582486034468226
2015,JP3027670003,0.002700231082769987
2015,JP3246400000,0.0033579220688970558
2015,JP3672400003,0.01064831743820691
2015,JP3126400005,0.000988314643384963
2015,JP3486800000,0.0023282539215387817
2015,JP3304200003,0.005676606442747577
2015,JP3475350009,0.00287895764061637
2015,JP3582600007,0.0009173538344093653
2015,JP3535800001,0.00037440103884019165
2015,JP3165700000,0.0031868982957543555
2015,AU000000CWY3,0.00017555119014930605
2015,JP3405400007,0.0010021384533885722
2015,HK0066009694,0.007344068060958253
2015,JP3814000000,0.005254637854693795
2015,JP3633400001,0.062147709963278855
2015,JP3027680002,0.0025095582469731935
2015,JP3229400001,0.0014817294698277973
2015,AU0000088338,0.0019126420001547417
2015,JP3734800000,0.005366842929833468
2015,AU000000CBA7,0.03120900091370985
2015,JP3502200003,0.0036997912947709898
2015,JP3549600009,5.234935297674089e-05
2015,JP3435000009,0.0077223464702121875
2015,AU000000GPT8,0.0018606465509278846
2015,JP3134800006,0.00259169862195111
2015,SG1R89002252,0.0019373222194765092
2015,JP3619800000,0.0006553522684006128
2015,JP3496400007,0.01763739250107539
2015,JP3456000003,0.0008037564440162497
2015,JP3955000009,0.0005623289376922065
2015,JP3686800008,0.0
2015,SG1V61937297,0.0025140282519640865
2015,JP3158800007,1.1532549559771206e-18
2015,AU000000SUN6,0.004117057263675596
2015,HK0006000050,0.0061523783908268865
2015,JP3910660004,0.007881911541018218
2015,BMG524401079,0.0015453498968971244
2015,AU000000DOW2,0.00030986989204188827
2015,NZAIRE0001S2,0.0005137267948412446
2015,JP3205800000,0.006128715358247897
2015,AU000000BHP4,0.020548384035622497
2015,AU000000MTS0,0.00040829085079411334
2015,JP3385980002,0.0011594690391730327
2015,JP3827200001,0.0007343226060794348
2015,BMG8063F1068,0.0015050622523039466
2015,AU000000WOW2,0.00857285253315533
2015,NZSKCE0001S2,0.00021016618762563835
2015,JP3788600009,0.010134892397575933
2015,AU000000SBM8,0.00015540234505974438
2015,JP3967200001,0.005368540629785954
2015,JP3197600004,0.003789624509637576
2015,JP3778630008,0.0010000495804655318
2015,AU000000GWA4,0.00043503022321480085
2015,JP3657400002,0.0013692272179638128
2015,JP3293200006,0.0006677911354323881
2015,JP3634200004,0.0007724969816436085
2015,HK0002007356,0.0038983003479446774
2015,JP3359600008,0.0013553222752529087
2015,JP3902900004,0.020828861135928616
2015,JP3893600001,0.0065486196371008255
2015,AU000000DXS1,0.0014581277466221541
2015,JP3977400005,0.0015527149889744065
2015,JP3546800008,0.0026211409178966056
2015,JP3148800000,0.0005847250511274649
2015,JP3743000006,0.0019223393709516942
2015,JP3210200006,0.001205807664513576
2015,JP3228600007,0.0016304435903372295
2015,HK0016000132,0.013116554203393232
2015,SG9999000020,0.0017007475225150018
2015,AU000000MQG1,0.004312220210531144
2015,JP3493400000,0.0009974367367963988
2015,JP3940000007,0.0028509748551554955
2015,JP3452000007,0.00025719988963225095
2015,JP3769000005,0.001172625833312419
2015,JP3197800000,0.002832922930631667
2015,JP3942800008,0.002299441500429923
2015,JP3551200003,0.0
2015,JP3982800009,0.0017171194986213927
2015,JP3351600006,0.002583841710197952
2015,JP3850200001,0.0
2015,JP3866800000,0.0077729172885705085
2015,JP3571400005,0.0036377352063084846
2015,JP3362700001,0.0002058462130098535
2015,JP3429800000,0.0029848826844504402
2015,AU000000BLD2,0.0008169573078394863
2015,JP3294460005,0.004448777018923523
2015,AU000000COH5,0.0013613831610731774
2015,JP3371200001,0.008192184746168635
2015,JP3711600001,0.0018905650679210352
2015,JP3544000007,0.0007629006680652423
2015,JP3870000001,0.00038610487373817124
2015,JP3414750004,0.002142227530294365
2015,SGXE34184239,0.0015053766929360862
2015,AU0000224040,0.005675181078511281
2015,HK0019000162,0.0020123470107323016
2015,JP3463000004,0.011096551685034883
2015,AU000000CQR9,0.00025189771031573034
2015,JP3595200001,0.000615929612663002
2015,JP3877600001,0.0027166668619555572
2015,JP3635400009,0.00092194943291669
2015,JP3605400005,0.001113836186723473
2015,JP3260800002,0.0016427980211854076
2015,JP3539220008,0.0020020530016615513
2015,AU000000IGO4,0.0003579148641391053
2015,JP3528600004,0.000461671752694324
2015,JP3786200000,0.002022655273625023
2015,JP3753000003,0.0002590183354473021
2015,AU000000BSL0,0.00025305873056452816
2015,JP3350800003,0.0010238468519189097
2015,JP3375800004,0.0005177019417914394
2015,HK0012000102,0.006090220915593737
2015,JP3266400005,0.00508670684365273
2015,JP3820000002,0.0007086559155597375
2015,NZAIAE0002S6,0.0008785270607761512
2015,JP3256000005,0.001608446766657043
2015,BMG684371393,9.991854655748832e-05
2016,JP3626800001,0.0019881494020724927
2016,JP3200450009,0.005358083538023163
2016,JP3174410005,0.0011601125282559366
2016,HK0023000190,0.0021968582845229407
2016,JP3818000006,0.0023011991970577593
2016,AU000000PPT9,0.0006568979023204558
2016,JP3621000003,0.003359018611047746
2016,JP3914400001,0.007807896144197275
2016,AU000000ORI1,0.0008542054120897872
2016,SG1U68934629,0.0015004521902522508
2016,JP3385820000,0.0006919481494613745
2016,JP3585800000,0.0013610717511573583
2016,JP3419050004,0.0006462958594016391
2016,JP3783600004,0.010841713786341647
2016,AU000000BPT9,5.441118051931688e-05
2016,AU000000ASX7,0.0014070164218664874
2016,JP3112000009,0.0019354527286563731
2016,AU000000IVC8,0.0006848166472400696
2016,JP3491000000,0.0004560466015029445
2016,NZTELE0001S4,0.0006113346805357914
2016,JP3401400001,0.0023760143108306204
2016,JP3830800003,0.008572927515596764
2016,JP3720800006,0.0012510201743144809
2016,JP3787000003,0.0011274279909863267
2016,SGXE21576413,0.0019208055820868443
2016,JP3224200000,0.002043079475278505
2016,JP3538800008,0.0022329653190972954
2016,JP3629000005,0.0015877021040559855
2016,JP3638600001,0.0008983172381778236
2016,JP3269600007,0.0009456350688489095
2016,JP3160400002,0.0049098042436782965
2016,AU000000STO6,0.0009488320975687604
2016,JP3733000008,0.0018499911333562063
2016,AU000000CSR5,0.0002560394708850829
2016,HK0388045442,0.007296877952828111
2016,JP3942400007,0.008434489246555188
2016,JP3814800003,0.009072749932788426
2016,AU000000MND5,0.00028228083925816127
2016,HK0293001514,0.00039409390746820966
2016,JP3495000006,0.0010301966666861552
2016,JP3164800009,0.0009269384324695803
2016,JP3762600009,0.0062360868712008554
2016,JP3711200000,0.002030374572485248
2016,JP3320800000,0.0008645769440751022
2016,JP3659000008,0.0041761226610218935
2016,AU000000OZL8,1.9677407836003296e-05
2016,JP3738600000,0.002078349200413324
2016,BMG988031446,0.001150085521178851
2016,JP3830000000,0.0011409625062365006
2016,JP3242800005,0.010766025380410412
2016,JP3443600006,0.0025626015168865803
2016,JP3357200009,0.0016520593627134608
2016,JP3665200006,0.0009502031298939528
2016,AU000000SGM7,0.0007087489884724044
2016,JP3596200000,0.0017145836218160162
2016,JP3368000000,0.0
2016,JP3215800008,0.0010478885602436805
2016,BMG668971101,0.0014493687964409593
2016,JP3358800005,0.0022634041914170364
2016,HK0823032773,0.0040859463392801665
2016,JP3289800009,0.000163245744202645
2016,HK0003000038,0.005282965581973505
2016,JP3322930003,0.0009706141488970465
2016,JP3180400008,0.0019817223399757823
2016,JP3551520004,0.005055660342009134
2016,JP3634600005,0.004801723458999673
2016,AU000000AMP6,0.0030869240739707926
2016,JP3143600009,0.005589592330435367
2016,JP3765400001,0.0008041985433282116
2016,AU000000ERA9,0.0002577117368396179
2016,HK0010000088,0.0012778315818272722
2016,HK0011000095,0.009453903476344425
2016,JP3209000003,0.0015756939273405433
2016,JP3201200007,0.0036638119088638023
2016,HK0004000045,0.003970222859961602
2016,JP3667600005,0.0012422822878931528
2016,AU000000SGP0,0.001794299324813013
2016,JP3792600003,0.0019230801453884725
2016,JP3493800001,0.0017731061276242814
2016,AU000000WBC1,0.01964332896995437
2016,JP3156400008,0.0007797797228323261
2016,JP3663900003,0.0010329186315505366
2016,HK0242001243,0.0002769854312786532
2016,JP3688370000,0.0013858249166750329
2016,AU000000CGF5,0.0007877724492838784
2016,JP3481800005,0.005550912620034595
2016,SG1F60858221,0.0022124558355318285
2016,JP3890350006,0.01223588578971952
2016,JP3420600003,0.0030784950661623
2016,JP3902400005,0.0060976018096045165
2016,BMG677491539,0.0003958334101870458
2016,NZCENE0001S6,0.00022872608378496907
2016,AU000000IAG3,0.002570832822921289
2016,JP3190000004,0.001646884472356546
2016,JP3678000005,0.0011419290205048375
2016,JP3854600008,0.01416928938358492
2016,HK2388011192,0.007411245453775495
2016,JP3116000005,0.00478818784603216
2016,JP3040890000,0.0010053754424814182
2016,AU000000NCM7,0.0020096374970777885
2016,IE00BKVD2N49,0.002141580005447624
2016,JP3613400005,0.001774113274574702
2016,JP3551500006,0.009680646303055372
2016,JP3894900004,0.0014539781042724692
2016,JP3358200008,0.0009595287313983686
2016,JP3951600000,0.003928956169792497
2016,JP3726800000,0.02210371397001352
2016,HK0291001490,0.0016027448903230877
2016,JP3122400009,0.0003867096435801674
2016,JP3258000003,0.0032202824713699154
2016,JP3223800008,9.489567624834445e-12
2016,AU000000APA1,0.0019519348381442654
2016,AU000000QBE9,0.002812246884670261
2016,JP3388200002,0.0033704644764499486
2016,JP3802300008,0.009602739931738663
2016,JP3505000004,0.005506241633257496
2016,SG1R50925390,1.5129745550757307e-12
2016,JP3903000002,0.00023431237545291401
2016,JP3973400009,0.0030079221674372625
2016,JP3519400000,0.004434899017831325
2016,AU000000ANZ3,0.013934953508347598
2016,AU000000TLS2,0.013115822996043282
2016,JP3762800005,0.00263041624144396
2016,AU000000MGR9,0.0013527628927624213
2016,JP3118000003,0.0010139153602315872
2016,BMG2442N1048,0.0009515855117342035
2016,JP3888400003,0.0005250520314225356
2016,NZFBUE0001S0,0.0006450273312490146
2016,AU000000QAN2,0.0012729650147775312
2016,JP3300600008,0.00143230818374854
2016,SG1T75931496,0.010914099797525492
2016,HK0083000502,0.002046500008379498
2016,JP3402600005,0.0016643352308562608
2016,JP3119600009,0.004029587193620087
2016,AU000000LLC3,0.0013988136690004413
2016,JP3835620000,0.0008055768974476725
2016,JP3526600006,0.0019442358006469085
2016,JP3900000005,0.003634212970952886
2016,JP3165600002,0.0007048804360631582
2016,JP3837800006,0.0045280039637738655
2016,JP3684000007,0.002591573344049244
2016,JP3347200002,0.004640059600130323
2016,JP3811000003,0.0005623477566987497
2016,AU000000SHL7,0.0014581432961093862
2016,JP3407400005,0.002377157358717655
2016,JP3735400008,0.025866426493135357
2016,JP3449020001,2.350599062190751e-11
2016,AU000000BEN6,0.0009424469110714386
2016,AU000000TAH8,0.00030267396915459674
2016,JP3592200004,0.001765757692893049
2016,JP3243600008,0.000209665023999294
2016,AU0000038911,0.0
2016,AU000000CIM7,0.0016581660392890876
2016,HK0200030994,0.0005833459199771668
2016,JP3890310000,0.005184626506621198
2016,SG1J26887955,0.00125212415787573
2016,JP3111200006,0.0022845711935352646
2016,JP3419400001,0.0013721988863137447
2016,JP3891600003,0.0007274959756124503
2016,AU000000WES1,0.009238102047131963
2016,JP3573000001,0.0035235632626215534
2016,JP3194000000,0.0004327091536114328
2016,AU000000WOR2,0.00012668622763955625
2016,JP3566800003,0.011013328127883163
2016,HK0000608585,0.0020741503625916727
2016,JP3421100003,0.00026284188048536435
2016,JP3397200001,0.005155917283447109
2016,JP3845400005,3.122779061617066e-11
2016,JP3982100004,0.002520564389024395
2016,AU000000CSL8,0.010170321209767106
2016,AU000000NAB4,0.01420602606405164
2016,JP3870400003,0.0009211604251401543
2016,JP3166000004,0.0008921307144461164
2016,JP3898400001,0.0073086681167740175
2016,AU000000MAH3,8.57557860852428e-08
2016,AU000000SIG5,0.00025226025706212704
2016,JP3522200009,2.1033887318674574e-11
2016,JP3270000007,0.0008580261263581334
2016,JP3670800006,0.0006670122402387929
2016,AU000000ORG5,8.949906016188772e-05
2016,AU000000BWP3,0.0010283718513899717
2016,JP3888300005,0.0013099271265301746
2016,AU000000TCL6,0.0043561964765835995
2016,JP3868400007,0.002937706376993514
2016,JP3027670003,0.002339016583110404
2016,JP3246400000,0.0009514966293402167
2016,JP3672400003,0.011926584552804183
2016,JP3126400005,0.0010227639267722105
2016,JP3486800000,0.0030016813453998935
2016,JP3304200003,0.004558381924433638
2016,JP3475350009,0.004311511828298859
2016,JP3582600007,0.0007586987586974943
2016,JP3535800001,0.0005916625013880791
2016,JP3560800009,0.0006077689101479795
2016,JP3165700000,0.003977850656415185
2016,AU000000CWY3,0.0
2016,JP3405400007,0.0005070762079472659
2016,HK0066009694,0.007780848196320695
2016,JP3814000000,0.006075212267674173
2016,JP3633400001,0.0562301061836634
2016,JP3027680002,0.0024445952877406884
2016,JP3229400001,0.0013221581187847146
2016,AU0000088338,0.0019032663693760185
2016,JP3734800000,0.0053149891277210785
2016,AU000000CBA7,0.025697976577155054
2016,JP3502200003,0.003333067822606967
2016,JP3549600009,0.000359994478812123
2016,JP3435000009,0.008210869932270035
2016,AU000000GPT8,0.0018324594911846657
2016,JP3134800006,0.0013725886185679663
2016,SG1R89002252,0.0014734968168002818
2016,JP3619800000,0.0005354812635961974
2016,JP3496400007,0.020262304155164296
2016,JP3456000003,0.00034933366990647807
2016,JP3955000009,0.00044023571711941943
2016,JP3686800008,4.2855889492752835e-11
2016,SG1V61937297,0.001375069649074303
2016,JP3158800007,0.0
2016,AU000000SUN6,0.0030894951582831243
2016,HK0006000050,0.005617055813632314
2016,JP3910660004,0.008278450792969688
2016,BMG524401079,0.0010848246252121963
2016,AU000000DOW2,0.00014990893719966122
2016,NZAIRE0001S2,0.00040901588227418615
2016,JP3205800000,0.007868990592743584
2016,JP3819400007,0.001001572168296888
2016,AU000000BHP4,0.009531506891675407
2016,AU000000MTS0,0.0005627631974133917
2016,JP3385980002,0.0006313411624775095
2016,JP3827200001,0.0008308267079755992
2016,BMG8063F1068,0.0013153739518846018
2016,AU000000WOW2,0.0057063052899704175
2016,NZSKCE0001S2,0.0006556092237639665
2016,JP3788600009,0.006671223787109158
2016,AU000000RHC8,0.002376531764904697
2016,AU000000SBM8,0.0001898346642080323
2016,JP3967200001,0.004341551936109559
2016,JP3197600004,0.00614218399455877
2016,JP3778630008,0.0008794122127675712
2016,AU000000GWA4,0.00031172030785861694
2016,JP3657400002,0.0015722120650424247
2016,JP3293200006,0.0005352594100397781
2016,JP3634200004,0.0009392235573432908
2016,HK0002007356,0.002861755624446535
2016,JP3359600008,0.0009136206571706199
2016,JP3902900004,0.018828058895439682
2016,JP3893600001,0.005945687339161725
2016,JP3381000003,0.0027920657112777757
2016,AU000000DXS1,0.0012738544640502369
2016,JP3977400005,0.0016277835262788684
2016,HK0165000859,0.0011191517476522575
2016,JP3546800008,0.0030598743497841233
2016,JP3148800000,0.00034432184454512646
2016,JP3743000006,0.0018137304726092572
2016,JP3210200006,0.001662634945432548
2016,JP3228600007,0.003132751756120285
2016,HK0016000132,0.008911247919081189
2016,SG9999000020,0.0014835315031240363
2016,AU000000MQG1,0.00454326648316154
2016,JP3493400000,0.0007755990168129002
2016,KYG217651051,0.013394306792011335
2016,JP3940000007,0.0026241208678166534
2016,JP3452000007,0.00023057639647279505
2016,JP3769000005,0.0010592100441847684
2016,JP3197800000,0.0020213963487883436
2016,KYG0535Q1331,0.0009591122934934338
2016,JP3942800008,0.0022417683783388107
2016,JP3551200003,1.0859501270007822e-11
2016,JP3982800009,0.001220300884129065
2016,JP3351600006,0.002992980400121127
2016,JP3850200001,1.0595621908384004e-12
2016,JP3866800000,0.0067184084600686615
2016,HK0000745908,0.0005045999984640481
2016,JP3571400005,0.002994878635738485
2016,JP3386030005,0.0004934284511586579
2016,JP3362700001,9.973798983416027e-12
2016,JP3429800000,0.002808542912164901
2016,AU000000BLD2,0.0005802854250794282
2016,JP3294460005,0.00321823606004134
2016,AU000000COH5,0.0014766759828997275
2016,JP3371200001,0.005983659863876499
2016,JP3711600001,0.0014458578296561771
2016,JP3544000007,0.0007801474819951528
2016,JP3870000001,0.0009267624690775082
2016,JP3414750004,0.001907998739414232
2016,SGXE34184239,0.0008472926018930681
2016,HK0688002218,0.007879959535092379
2016,AU0000224040,0.0037924675743230807
2016,HK0019000162,0.0009638345326367124
2016,JP3463000004,0.011269655631226786
2016,AU000000CQR9,0.0001632192289370711
2016,JP3595200001,0.00021312428577521878
2016,JP3877600001,0.0023844338625355153
2016,JP3352400000,0.0005492175429108372
2016,JP3635400009,0.0011347207274841672
2016,JP3742600004,0.0005898513757353896
2016,JP3605400005,0.001475061528459427
2016,JP3260800002,0.0018296438987275498
2016,JP3539220008,0.002092524495431718
2016,AU000000IGO4,0.0002655962396474528
2016,JP3528600004,0.0003143623412002047
2016,JP3786200000,0.0012192133108682324
2016,JP3753000003,8.994151118052722e-12
2016,AU000000BSL0,1.0680450475661758e-12
2016,JP3350800003,0.0016352038708499679
2016,JP3375800004,0.0005786497906592272
2016,HK0012000102,0.0051387195157354204
2016,JP3942600002,0.0012265009716657472
2016,KYG2108Y1052,0.0045738172964135985
2016,JP3266400005,0.00514324788592506
2016,JP3820000002,0.0006645119802998615
2016,NZAIAE0002S6,0.0010597436619523431
2016,JP3256000005,0.0016736609997127735
2016,BMG684371393,2.004842798614668e-11
2017,JP3626800001,0.0018366803289937372
2017,JP3200450009,0.004677640799269984
2017,JP3174410005,0.0009726879117974268
2017,HK0023000190,0.002814331989200876
2017,HK0308001558,0.0005369658113209477
2017,JP3818000006,0.0029921520225464505
2017,AU000000PPT9,0.0005608726632563376
2017,JP3621000003,0.003105880820336335
2017,JP3914400001,0.0068578131614928945
2017,AU000000ORI1,0.0012404080274509574
2017,SG1U68934629,0.0017925622057939434
2017,JP3385820000,0.0006600975592644132
2017,JP3585800000,9.276907483506918e-05
2017,JP3419050004,0.0010205207236898704
2017,JP3783600004,0.008738210568971436
2017,AU000000BPT9,0.0001567100332067487
2017,AU000000ASX7,0.0016255173530049735
2017,JP3112000009,0.0020211204926354823
2017,AU000000IVC8,0.00035286764359735123
2017,JP3491000000,0.0005209501267223656
2017,NZTELE0001S4,0.0007178473150227258
2017,JP3131430005,0.0007396303477995277
2017,JP3401400001,0.002221268837423547
2017,JP3830800003,0.007081878345980336
2017,JP3720800006,0.0014511341801006399
2017,JP3787000003,0.001409763170626277
2017,SGXE21576413,0.002136987364549106
2017,JP3224200000,0.0016952799575526692
2017,JP3538800008,0.0022493302308533116
2017,JP3629000005,0.0015464742435926978
2017,JP3638600001,0.0008386790018126422
2017,SG1T58930911,0.000266290055954073
2017,JP3269600007,0.0011600647938098862
2017,JP3160400002,0.0034859423141544283
2017,AU000000STO6,0.001413063200097491
2017,JP3733000008,0.0013705586363362634
2017,AU000000CSR5,0.00032352063357068457
2017,HK0388045442,0.006854184107296445
2017,JP3942400007,0.00604608176892304
2017,JP3814800003,0.007512010430842759
2017,AU000000MND5,0.0003048896942775917
2017,HK0293001514,2.342291965342191e-05
2017,JP3495000006,0.0013751014568132952
2017,JP3198900007,0.00473028258206905
2017,JP3164800009,0.0010965389897294587
2017,JP3762600009,0.006138558035696949
2017,JP3711200000,0.0018691873631833775
2017,JP3320800000,0.0008136471235893063
2017,JP3659000008,0.0035748689035019075
2017,AU000000OZL8,0.00044013692743990313
2017,JP3738600000,0.0015481449344575313
2017,BMG988031446,0.0009325224707805575
2017,JP3830000000,0.0016346682367572058
2017,JP3242800005,0.009391276677123894
2017,JP3443600006,0.002419384245252648
2017,JP3357200009,0.0013699771234694047
2017,JP3665200006,0.000843778117040923
2017,AU000000SGM7,0.0006592466083823098
2017,JP3596200000,0.001686760179286957
2017,JP3368000000,1.0550582982611888e-10
2017,JP3215800008,0.000669627069153047
2017,BMG668971101,0.001688398983478933
2017,JP3358800005,0.0019656284331900555
2017,HK0823032773,0.00364981451268301
2017,JP3289800009,0.00013074789248764814
2017,HK0003000038,0.005470021770641327
2017,JP3322930003,0.0012541871642145698
2017,JP3180400008,0.0017851036410455492
2017,JP3551520004,0.0035847093064580744
2017,JP3634600005,0.0037772096900598137
2017,AU000000AMP6,0.00267439090068114
2017,JP3143600009,0.005525671911833305
2017,JP3765400001,0.0006845171721685258
2017,AU000000ERA9,0.000263116168468833
2017,HK0010000088,0.0014855161206175315
2017,HK0011000095,0.009558351099655875
2017,JP3209000003,0.0008786525582684366
2017,JP3201200007,0.0025647454143581166
2017,HK0004000045,0.005357623079802788
2017,JP3667600005,0.0011524631944184488
2017,AU000000SGP0,0.0018626527383561393
2017,JP3792600003,0.0016641674105443791
2017,JP3493800001,0.0016554646820986705
2017,AU000000WBC1,0.019253455109242375
2017,JP3156400008,0.0007764021147435938
2017,JP3404600003,0.004009199729587816
2017,JP3663900003,0.0008705293198038435
2017,HK0242001243,0.0003342568108037419
2017,JP3126340003,0.0005305961377375968
2017,JP3688370000,0.0013499173087395241
2017,AU000000CGF5,0.0010800141067618214
2017,JP3481800005,0.006794093316183695
2017,SG1F60858221,0.002136383097035422
2017,JP3890350006,0.013113873749655157
2017,JP3420600003,0.0026711478553594972
2017,JP3902400005,0.007436243024428899
2017,BMG677491539,0.0006355036243527297
2017,NZCENE0001S6,0.00023953608506067578
2017,AU000000IAG3,0.002422536271617461
2017,JP3190000004,0.001717478666331876
2017,JP3678000005,0.0008001308791626879
2017,JP3854600008,0.01305638079407455
2017,HK2388011192,0.00987077121784198
2017,HK0144000764,0.0014202850158170834
2017,JP3116000005,0.004600011181936829
2017,JP3040890000,0.0009121695819691739
2017,AU000000NCM7,0.003128712860225571
2017,IE00BKVD2N49,0.0029772483740311325
2017,JP3613400005,0.0014848151579361425
2017,JP3551500006,0.007715034424273167
2017,JP3894900004,0.0014219611031249082
2017,JP3358200008,0.0010465899952057157
2017,JP3951600000,0.0037219520125550735
2017,JP3726800000,0.015142075352368816
2017,HK0291001490,0.0019159185478579955
2017,JP3122400009,0.0009015002237267521
2017,JP3258000003,0.0034205359479399064
2017,JP3223800008,4.935822017163048e-12
2017,AU000000APA1,0.0017371970902761683
2017,AU000000QBE9,0.0029687041502096836
2017,JP3388200002,0.0032197737949075794
2017,JP3933800009,0.005952432735675341
2017,JP3802300008,0.00808871416063454
2017,JP3505000004,0.004200232517921078
2017,SG1R50925390,0.0
2017,JP3903000002,0.0004725009474255542
2017,JP3973400009,0.00228185258241259
2017,JP3519400000,0.004091225629472378
2017,JP3635000007,0.0025827775603017135
2017,AU000000ANZ3,0.015524862342569253
2017,AU000000ILU1,0.0007846544317244166
2017,AU000000TLS2,0.010723039945184596
2017,JP3762800005,0.002274585588752664
2017,AU000000MGR9,0.0014108254792620312
2017,JP3118000003,0.0008144517940966077
2017,BMG2442N1048,0.0008244214328449533
2017,JP3888400003,0.0006131107973325171
2017,NZFBUE0001S0,0.0011212626363548979
2017,AU000000QAN2,0.0006439681712654137
2017,JP3300600008,0.0012744578828005897
2017,SG1T75931496,0.010395282376666098
2017,JP3721400004,0.00046165680130499015
2017,HK0083000502,0.002401684715939922
2017,JP3402600005,0.0020183070901699956
2017,JP3119600009,0.002605197808734625
2017,AU000000LLC3,0.0014240216406542809
2017,JP3835620000,0.0007228822682530202
2017,JP3526600006,0.0011858420920527778
2017,JP3900000005,0.0032698032994598735
2017,JP3165600002,0.0006212211437871068
2017,BMG2178K1009,0.005466530394295708
2017,JP3837800006,0.004157809036147431
2017,JP3684000007,0.003377565071834294
2017,JP3347200002,0.0039700665004439775
2017,JP3811000003,0.0005403822936845651
2017,AU000000SHL7,0.0016417402142218911
2017,JP3407400005,0.0023471022371795796
2017,JP3735400008,0.021322702411813235
2017,JP3449020001,0.00024333495051444826
2017,AU000000BEN6,0.0010302061009073182
2017,SG1N31909426,0.0007878432745440444
2017,BMG2108M2182,0.0006958555039874311
2017,AU000000TAH8,0.00040846869499881777
2017,JP3592200004,0.0019447501815165835
2017,JP3243600008,0.0003598128375538523
2017,AU0000038911,3.914006526999909e-09
2017,AU000000CIM7,0.0021140113359484126
2017,HK0200030994,0.0005566845136187879
2017,JP3890310000,0.005456749053524903
2017,SG1J26887955,0.0010769539568806221
2017,JP3111200006,0.0028943215204932475
2017,JP3419400001,0.001608442319056748
2017,BMG4600H1198,0.0005953410557258476
2017,JP3891600003,0.0005117354891386118
2017,AU000000WES1,0.008192170149658538
2017,JP3573000001,0.0026976284672201086
2017,JP3194000000,0.00045626480610563
2017,AU000000WOR2,0.0003106656934517849
2017,JP3566800003,0.00812595966468493
2017,HK0000608585,0.002741332535811329
2017,JP3421100003,0.00012912287306503925
2017,JP3397200001,0.005138199950305367
2017,JP3845400005,0.0
2017,JP3982100004,0.0020569117538431652
2017,AU000000CSL8,0.009340892089533573
2017,AU000000NAB4,0.01440069208635655
2017,JP3870400003,0.0004730216319095571
2017,JP3166000004,0.0009187561027803162
2017,JP3898400001,0.00883300915924136
2017,AU000000MAH3,1.1381221021340022e-06
2017,AU000000SIG5,0.0004253430433899574
2017,JP3522200009,0.0
2017,JP3270000007,0.0007068272302648801
2017,JP3670800006,0.0009800062407048804
2017,AU000000ORG5,0.001655523111973461
2017,AU000000BWP3,0.0008557841607757758
2017,JP3888300005,0.0012071271638628921
2017,AU000000TCL6,0.003691980645963445
2017,JP3868400007,0.0020090937537104543
2017,JP3027670003,0.0020741666542178497
2017,JP3246400000,0.0009502976092002644
2017,JP3672400003,0.009539801707976133
2017,JP3126400005,0.0012718641243246922
2017,JP3486800000,0.0025875579914455206
2017,JP3304200003,0.006064022267487589
2017,JP3475350009,0.0039511021399601005
2017,JP3582600007,0.0007274003455522264
2017,JP3535800001,0.0005576873371868888
2017,JP3560800009,0.00040211433800368225
2017,JP3165700000,0.003346769389062171
2017,AU000000CWY3,0.0001594015854362102
2017,JP3405400007,0.0008276373752217085
2017,HK0066009694,0.00719199273981833
2017,JP3814000000,0.005000177328651725
2017,JP3633400001,0.04381911699433681
2017,JP3400900001,0.0
2017,JP3027680002,0.0020234751594212885
2017,JP3229400001,0.0014368371616318774
2017,AU0000088338,0.0013589969102100813
2017,JP3734800000,0.006456951142234787
2017,AU000000CBA7,0.025204968418672605
2017,JP3502200003,0.0028637119858622626
2017,JP3549600009,0.0004043547823945075
2017,HK0000055878,0.002070225902668436
2017,JP3435000009,0.009156024139714617
2017,AU000000GPT8,0.0015429546778522416
2017,JP3134800006,0.0013664172523385266
2017,SG1R89002252,0.001618241739712357
2017,JP3619800000,0.0006296608063308928
2017,JP3496400007,0.016385476569616482
2017,JP3456000003,0.0005886895545050195
2017,JP3955000009,0.0007412275083017712
2017,JP3686800008,2.1437024249450382e-11
2017,SG1V61937297,0.0008170262306000456
2017,JP3158800007,1.1523335889793804e-11
2017,AU000000SUN6,0.003119980183247204
2017,HK0006000050,0.004768312612137878
2017,JP3910660004,0.007813014090606444
2017,BMG524401079,0.0011050549538154345
2017,AU000000DOW2,0.0005004625346001063
2017,JP3274400005,0.00030454319037244844
2017,NZAIRE0001S2,3.9146978998536434e-05
2017,JP3205800000,0.006112254202224102
2017,JP3819400007,0.0008005967878553298
2017,AU000000BHP4,0.01587956842009403
2017,AU000000MTS0,0.0004459810497239406
2017,JP3385980002,0.00081986920064805
2017,JP3827200001,0.0008934139222433419
2017,BMG8063F1068,0.0009615099735484859
2017,AU000000WOW2,0.005659919628899839
2017,NZSKCE0001S2,0.00037226880837289356
2017,JP3788600009,0.006752588124439266
2017,AU000000RHC8,0.0024436223743214587
2017,AU000000SBM8,0.0003304140561332461
2017,JP3967200001,0.003402264037727877
2017,JP3197600004,0.0032108884144850065
2017,JP3778630008,0.0010162242644695834
2017,AU000000GWA4,0.00038428550223882756
2017,JP3657400002,0.001403605212474916
2017,JP3293200006,0.0007436678858596396
2017,JP3634200004,0.0006496205707677493
2017,JP3336000009,0.0011328685464856007
2017,HK0002007356,0.00338582070074748
2017,JP3359600008,0.0035217002892184886
2017,JP3902900004,0.021168826932681593
2017,JP3893600001,0.00639064717100805
2017,JP3381000003,0.0041921321131879845
2017,AU000000DXS1,0.0014269949409762236
2017,JP3977400005,0.0014129389940770772
2017,JP3249600002,0.004317975692209693
2017,HK0165000859,0.0007962182557469428
2017,JP3546800008,0.002725142386208973
2017,JP3148800000,0.0003111169637257905
2017,JP3743000006,0.001718062482172193
2017,JP3210200006,0.0016678890043115015
2017,JP3228600007,0.0025476122648196075
2017,HK0016000132,0.009630094596311346
2017,SG9999000020,0.0018847737854205137
2017,AU000000MQG1,0.004983109430179436
2017,JP3493400000,0.0008823555088476691
2017,HK0363006039,0.0005993763463197036
2017,KYG217651051,0.010733820484258645
2017,JP3940000007,0.0019317988048354346
2017,JP3452000007,0.00030733911108170157
2017,JP3769000005,0.001143159678579574
2017,JP3197800000,0.0027331316538857825
2017,KYG0535Q1331,0.0009877920906682207
2017,JP3942800008,0.001966756843367675
2017,JP3551200003,1.474744580678469e-13
2017,HK0008011667,0.0016025527466347242
2017,JP3982800009,0.001276978126162272
2017,JP3351600006,0.0031986637549165585
2017,JP3850200001,3.320523235202624e-12
2017,JP3866800000,0.006171268911776633
2017,HK0000745908,0.00043161277225000353
2017,JP3571400005,0.004027995830825077
2017,JP3386030005,0.0017563955082935902
2017,JP3362700001,1.4117758819346027e-12
2017,JP3429800000,0.0027091440684173405
2017,AU000000BLD2,0.0011002766709872385
2017,JP3294460005,0.003010594902777406
2017,AU000000COH5,0.0015422751845767144
2017,JP3371200001,0.008589920039391638
2017,JP3711600001,0.0013874372216954366
2017,JP3544000007,0.0009012332812641821
2017,JP3870000001,0.0005046292371707333
2017,JP3414750004,0.0021909602455249377
2017,SGXE34184239,0.0007619131751184935
2017,HK0688002218,0.007788027642073612
2017,AU0000224040,0.004504858047482028
2017,HK0019000162,0.0010178997809153995
2017,JP3463000004,0.008341484823080602
2017,JP3695200000,0.0015977545636081615
2017,AU000000CQR9,0.00016847051124496562
2017,JP3595200001,0.0011232454826777124
2017,JP3877600001,0.0024974077778937096
2017,JP3352400000,0.0004041850588205285
2017,JP3635400009,0.0010011293471815631
2017,JP3742600004,0.0007061020430750422
2017,JP3605400005,0.0008983380299945162
2017,JP3260800002,0.0013562687500694517
2017,JP3539220008,0.002314435844199311
2017,AU000000IGO4,0.0004333166020284294
2017,SG1P66918738,0.0011328532383913577
2017,JP3528600004,6.611549455191789e-05
2017,JP3786200000,0.001334093022888667
2017,JP3753000003,5.631718995687983e-12
2017,AU000000BSL0,0.0009314327700468427
2017,JP3350800003,0.0003707400367551726
2017,JP3375800004,0.0005463366090136159
2017,HK0012000102,0.004817536652774053
2017,JP3421800008,0.004081147113413116
2017,JP3942600002,0.0014051803292077702
2017,KYG2108Y1052,0.0040691490100922415
2017,JP3266400005,0.004833537120969735
2017,JP3820000002,0.0010148851087338553
2017,NZAIAE0002S6,0.001587854599020629
2017,JP3256000005,0.0013331504290666582
2017,JP3799000009,0.0009192357497338401
2017,BMG684371393,5.011605320461372e-11
2017,JP3675600005,0.0013450996460261293
2018,JP3351100007,0.002807323795257731
2018,JP3326410002,0.0003886886039191111
2018,JP3626800001,0.0017042534196462377
2018,JP3200450009,0.00441007586249474
2018,JP3174410005,0.0013980481800307423
2018,HK0023000190,0.0023012518966546523
2018,HK0308001558,0.000507613036979808
2018,JP3818000006,0.0023563597539470607
2018,AU000000PPT9,0.00044752617584158257
2018,JP3621000003,0.002712880239262532
2018,JP3914400001,0.006052559563205914
2018,AU000000ORI1,0.001060029029810731
2018,SG1U68934629,0.0020795146043555207
2018,JP3385820000,0.0005586719220231091
2018,JP3585800000,9.216105254456514e-05
2018,JP3419050004,0.0006952348679926712
2018,JP3783600004,0.007230276854745079
2018,AU000000BPT9,0.00034471934609729503
2018,AU000000ASX7,0.0015117290697714328
2018,JP3112000009,0.0018590536111437904
2018,AU000000IVC8,0.0003844971101923065
2018,JP3491000000,0.0005738998847992963
2018,NZTELE0001S4,0.000566409922289682
2018,JP3131430005,0.0008787904070789075
2018,JP3401400001,0.002063677595001783
2018,JP3830800003,0.007076799569427066
2018,JP3720800006,0.0014382435065251366
2018,JP3485800001,0.000941897067099839
2018,JP3787000003,0.002055263614281332
2018,SGXE21576413,0.0024265125292101427
2018,JP3224200000,0.0016242519983530755
2018,JP3538800008,0.0023163136110101686
2018,JP3629000005,0.0011427789234560116
2018,JP3638600001,0.0006689596434326441
2018,SG1T58930911,0.0003555731908542977
2018,JP3269600007,0.0010741354929802423
2018,JP3160400002,0.0031160745587492725
2018,AU000000STO6,0.001605710979798765
2018,JP3733000008,0.0014026625191025694
2018,AU000000CSR5,0.00029941213422439395
2018,HK0388045442,0.008296113454616172
2018,JP3942400007,0.004721273286428349
2018,JP3814800003,0.005013397275138813
2018,AU000000MND5,0.00032911017630611107
2018,AU000000ABC7,0.00022898450474117114
2018,HK0293001514,0.00020763290214818124
2018,JP3495000006,0.0009866975877738154
2018,JP3198900007,0.006698692384374575
2018,JP3164800009,0.000916238738165378
2018,JP3762600009,0.004573471497603808
2018,JP3711200000,0.0015735404355888705
2018,JP3320800000,0.0006389154860541017
2018,JP3659000008,0.0030381002011750655
2018,AU000000OZL8,0.0004124190958257918
2018,JP3738600000,0.0013507507884051883
2018,BMG988031446,0.000993284252268184
2018,JP3830000000,0.0015025670584717938
2018,JP3242800005,0.010011734466312552
2018,JP3443600006,0.0025027996112134744
2018,JP3357200009,0.0015556490471380162
2018,JP3665200006,0.0007699292079537168
2018,AU000000SGM7,0.0007081006972674445
2018,JP3596200000,0.0018407013824976385
2018,JP3368000000,0.001143623230723675
2018,JP3215800008,0.0003923578122783056
2018,BMG668971101,0.0015344461493023084
2018,JP3358800005,0.0017066109437007411
2018,HK0823032773,0.0036431216155554595
2018,JP3289800009,0.00014904358040918454
2018,HK0003000038,0.005435812690727372
2018,JP3322930003,0.0015113896434939854
2018,JP3180400008,0.0012633622322409462
2018,JP3551520004,0.002724745969716809
2018,JP3634600005,0.00419427810508161
2018,AU000000AMP6,0.002157704189159418
2018,JP3143600009,0.006068719614367112
2018,JP3765400001,0.0007152408705099561
2018,AU000000ERA9,0.00013131040700144542
2018,HK0010000088,0.001189098558554179
2018,HK0011000095,0.00870337174518699
2018,JP3209000003,0.0007253725674237721
2018,JP3201200007,0.002265146424442991
2018,HK0004000045,0.0021888678943942034
2018,JP3667600005,0.0009461573464979932
2018,AU000000SGP0,0.001690766575526448
2018,JP3792600003,0.0015894607223553754
2018,JP3493800001,0.001493721338804406
2018,AU000000WBC1,0.01553197628276321
2018,JP3156400008,0.000924754869071242
2018,JP3404600003,0.004130445738779216
2018,JP3663900003,0.0011267939062430752
2018,HK0242001243,0.0003286052069631688
2018,JP3126340003,0.0008711000745427144
2018,JP3688370000,0.001271589151802835
2018,AU000000CGF5,0.0011140327985712062
2018,JP3481800005,0.006647968847364016
2018,SG1F60858221,0.0020829665561543174
2018,JP3890350006,0.012051646743770714
2018,JP3420600003,0.0020535052130248653
2018,JP3902400005,0.007219279102182578
2018,BMG677491539,0.001041645692704897
2018,NZCENE0001S6,0.00036474288916938286
2018,AU000000IAG3,0.002436499820310258
2018,JP3190000004,0.0017107562547838597
2018,JP3678000005,0.0007221177591789579
2018,JP3854600008,0.01173451683258099
2018,HK2388011192,0.009856475217159455
2018,JP3283650004,0.0021312928418147307
2018,KYG5427W1309,0.0009593836104056333
2018,HK0144000764,0.00138156911868454
2018,JP3116000005,0.005015784407992155
2018,JP3040890000,0.0008005281431343341
2018,AU000000NCM7,0.002590905044006023
2018,IE00BKVD2N49,0.0026004769551859477
2018,JP3613400005,0.0011642573946581186
2018,JP3551500006,0.00883734911046675
2018,JP3894900004,0.0010855012025139553
2018,JP3358200008,0.0007815717968639013
2018,JP3951600000,0.003395467379435105
2018,JP3726800000,0.011927347202035867
2018,HK0291001490,0.0026252354089051208
2018,JP3122400009,0.0008693473149520816
2018,JP3258000003,0.003973699610526806
2018,JP3223800008,0.0
2018,AU000000APA1,0.001250375811083898
2018,AU000000QBE9,0.0021536096647134287
2018,AU000000ELD6,8.448616104506056e-05
2018,JP3388200002,0.0032816654845168
2018,JP3933800009,0.005234672190714802
2018,JP3802300008,0.008666459265685001
2018,JP3505000004,0.0046626322494095415
2018,SG1R50925390,0.0
2018,JP3903000002,0.000511383318975525
2018,JP3973400009,0.0022565891446933023
2018,JP3519400000,0.005084499608781826
2018,JP3635000007,0.0030325817351329245
2018,AU000000ANZ3,0.012454856902294873
2018,AU000000ILU1,0.0008159041325987894
2018,AU000000TLS2,0.006409072122290288
2018,JP3762800005,0.0023627912547556328
2018,AU000000MGR9,0.00127172952623474
2018,JP3676800000,0.0012378356878000472
2018,JP3118000003,0.0005141221916803439
2018,BMG2442N1048,0.0007540546246834623
2018,JP3888400003,0.0007411082684016504
2018,NZFBUE0001S0,0.000678024386788515
2018,JP3173400007,0.0014354328722604394
2018,AU000000QAN2,0.0010687810146114282
2018,JP3300600008,0.0009650565747442164
2018,SG1T75931496,0.00791465895554274
2018,JP3721400004,0.00045705563647789534
2018,HK0083000502,0.0021472647728052762
2018,JP3402600005,0.0026846602369692235
2018,JP3119600009,0.0018146191937673307
2018,AU000000LLC3,0.001194588566140703
2018,JP3835620000,0.0007403404764572726
2018,JP3526600006,0.0005151957591566634
2018,JP3900000005,0.002239850081443239
2018,JP3165600002,0.0006658609768041242
2018,BMG2178K1009,0.004754054422216648
2018,JP3837800006,0.003915268306637754
2018,JP3684000007,0.0026628554446828235
2018,JP3347200002,0.0034789030224816734
2018,JP3811000003,0.0004856276065615882
2018,AU000000SHL7,0.0015419657833555778
2018,JP3407400005,0.002163981839072325
2018,JP3735400008,0.018379462560070718
2018,JP3449020001,0.0
2018,AU000000BEN6,0.0007130541544581851
2018,SG1N31909426,0.0005777872531059317
2018,BMG2108M2182,0.000533538686201253
2018,AU000000TAH8,0.001385496049530781
2018,JP3592200004,0.003286561645286174
2018,JP3243600008,0.000577870644971355
2018,AU0000038911,0.0
2018,AU000000CIM7,0.002375679650988448
2018,HK0200030994,0.0009033982333709615
2018,JP3890310000,0.004114539442372239
2018,SG1J26887955,0.0011948467297993085
2018,JP3111200006,0.0033161920958645627
2018,JP3419400001,0.001546968515042319
2018,BMG4600H1198,0.0005137188758980649
2018,JP3891600003,0.0004263681757882344
2018,AU000000WES1,0.007347618233591601
2018,JP3573000001,0.0023449944849032313
2018,JP3194000000,0.00037445852223974785
2018,AU000000WOR2,0.0005278889856576283
2018,JP3566800003,0.007556816094310185
2018,HK0000608585,0.002955648971753407
2018,JP3421100003,0.00011743328431713087
2018,JP3397200001,0.005655177856560214
2018,JP3845400005,0.0
2018,JP3982100004,0.001403107484761512
2018,AU000000CSL8,0.010062034401665
2018,AU000000NAB4,0.011433676576847322
2018,JP3870400003,0.0007044594886937661
2018,JP3166000004,0.0009150106681139817
2018,JP3898400001,0.008497166800672966
2018,AU000000MAH3,3.836997248823957e-05
2018,AU000000SIG5,0.0002385749576682266
2018,JP3522200009,0.0
2018,JP3270000007,0.0006579354555294637
2018,JP3670800006,0.0008655416853126704
2018,AU000000ORG5,0.0019155092316427813
2018,AU000000BWP3,0.0008999428182260962
2018,JP3888300005,0.001251724819386263
2018,AU000000TCL6,0.0036707754882911265
2018,JP3868400007,0.001580119065143458
2018,JP3027670003,0.0016899793319875335
2018,JP3246400000,0.00047071540367037574
2018,JP3672400003,0.008018129130943399
2018,JP3126400005,0.000981498660906647
2018,JP3486800000,0.0024470250141247424
2018,JP3304200003,0.007189403969993696
2018,JP3475350009,0.004689525529260941
2018,JP3582600007,0.0006765072302863185
2018,JP3535800001,0.00040659525638424597
2018,JP3560800009,0.0005659280888690659
2018,JP3165700000,0.003129596418772497
2018,AU000000CWY3,0.0003103235596644992
2018,JP3409000001,0.0035414459021210275
2018,JP3405400007,0.000977726174652711
2018,HK0066009694,0.006258576398754948
2018,JP3814000000,0.00445752378055236
2018,JP3633400001,0.04132601700540939
2018,JP3400900001,0.0
2018,JP3027680002,0.0015060403460050978
2018,JP3229400001,0.0014442198048049096
2018,AU0000088338,0.001283870083095404
2018,JP3734800000,0.008384114171133675
2018,AU000000CBA7,0.020525613280570162
2018,JP3600200004,0.0007775652107030171
2018,JP3502200003,0.0024200805072784135
2018,JP3549600009,0.0006259130861723699
2018,HK0000055878,0.0030096902513565733
2018,JP3435000009,0.01177790886002066
2018,AU000000GPT8,0.001566460461049901
2018,JP3134800006,0.0011450753182603753
2018,MU0117U00026,0.0003936517950672815
2018,SG1R89002252,0.0018029090507372789
2018,JP3619800000,0.00047147313237589115
2018,JP3496400007,0.012164212962766114
2018,JP3456000003,0.0005550048014219424
2018,JP3955000009,0.0008991166149996161
2018,JP3686800008,0.0
2018,SG1V61937297,0.0008665765169577509
2018,JP3158800007,0.0
2018,AU000000SUN6,0.0025760071636323047
2018,HK0006000050,0.003369287799178853
2018,JP3910660004,0.006751953527224182
2018,JP3899600005,0.004726360617587597
2018,BMG524401079,0.0013985650765228192
2018,AU000000DOW2,0.0005524102425224157
2018,HK0014000126,0.0010078510133519224
2018,JP3274400005,0.0003709773217524405
2018,NZAIRE0001S2,0.00016580859386182794
2018,JP3205800000,0.006848569258421227
2018,JP3819400007,0.0006969529823393787
2018,AU000000BHP4,0.014705468680155468
2018,AU000000MTS0,0.0005192907574314216
2018,JP3385980002,0.0008386113434692938
2018,JP3827200001,0.000781443572762931
2018,BMG8063F1068,0.0014753256681725548
2018,AU000000WOW2,0.005242932667311245
2018,NZSKCE0001S2,0.00025365675573922305
2018,JP3788600009,0.007233265549190576
2018,AU000000RHC8,0.002068478841705857
2018,AU000000SBM8,0.0003802426952038393
2018,JP3967200001,0.0025541098653632703
2018,SG1L01001701,0.009507044354743123
2018,JP3197600004,0.0027291655814441745
2018,JP3389900006,0.00040713202849044854
2018,JP3778630008,0.0011885678622933213
2018,AU000000GWA4,0.00024483498325983676
2018,JP3657400002,0.001305784350549605
2018,JP3293200006,0.0014520793111858679
2018,SG1S83002349,0.0010330666974346866
2018,JP3634200004,0.00047306641059945874
2018,JP3336000009,0.001063622673587904
2018,HK0002007356,0.0012696124898746845
2018,JP3359600008,0.0034370552108388902
2018,JP3902900004,0.019378374222446544
2018,JP3893600001,0.006191375300564555
2018,JP3381000003,0.0031197416234167094
2018,AU000000DXS1,0.0014775143767000265
2018,JP3977400005,0.0011910717366373634
2018,JP3249600002,0.004205374548121026
2018,HK0165000859,0.0008627982346427219
2018,JP3546800008,0.003044744596910843
2018,JP3148800000,0.0003355452773354544
2018,JP3743000006,0.0010619448309731128
2018,JP3210200006,0.0019828437014958403
2018,JP3228600007,0.0024994955954593875
2018,HK0016000132,0.0092307584207432
2018,SG9999000020,0.0015228168223000293
2018,AU000000MQG1,0.005004505745725567
2018,JP3493400000,0.0009788433262656667
2018,HK0363006039,0.00047188135742347586
2018,JP3935600001,0.0009064321305769648
2018,KYG217651051,0.009382770249196997
2018,JP3940000007,0.0020111165996999016
2018,JP3452000007,0.0003306473453575916
2018,JP3769000005,0.0008055951112976083
2018,JP3197800000,0.0028829411244934394
2018,KYG0535Q1331,0.0009157102625689113
2018,JP3942800008,0.0023826291918669276
2018,JP3551200003,0.0
2018,HK0008011667,0.0013068862307880201
2018,JP3982800009,0.0020113313244444486
2018,JP3351600006,0.004370513633735048
2018,JP3850200001,0.0
2018,JP3866800000,0.006684702605640619
2018,HK0000745908,0.0005743760670328059
2018,JP3571400005,0.005461096864534468
2018,JP3386030005,0.0021240982327441578
2018,JP3362700001,0.0
2018,JP3429800000,0.0028942816473815514
2018,AU000000BLD2,0.0012175732962491227
2018,JP3294460005,0.003318368652370097
2018,JP3268950007,0.000841892110168927
2018,AU000000COH5,0.0016484899564225954
2018,JP3371200001,0.008544016082791695
2018,JP3711600001,0.001425933860731932
2018,JP3544000007,0.0007754932531935597
2018,HK0000139300,0.000267708871763016
2018,JP3870000001,0.0003755183676431548
2018,JP3436100006,0.01652886697668726
2018,JP3414750004,0.0017199389224876959
2018,SGXE34184239,0.0009890147337496074
2018,HK0688002218,0.008055648175231524
2018,AU0000224040,0.0038672028975876857
2018,HK0019000162,0.0003382170423347173
2018,JP3463000004,0.008303088623756085
2018,JP3695200000,0.0012920248316918054
2018,JP3404200002,0.0006574438672919001
2018,AU000000CQR9,0.00010160760680483302
2018,JP3595200001,0.0012860312106903542
2018,JP3877600001,0.0024700063738825693
2018,JP3352400000,0.00034524995625431965
2018,JP3635400009,0.0007856252701394646
2018,JP3742600004,0.0004619173748521173
2018,JP3605400005,0.0009367171104336947
2018,JP3260800002,0.0011982303461327353
2018,JP3766550002,0.0009384095805616687
2018,JP3539220008,0.0020809737111154546
2018,AU000000IGO4,0.0004891526835048294
2018,SG1P66918738,0.0010786265288699798
2018,JP3528600004,1.229490293878327e-05
2018,JP3786200000,0.0010348869516902022
2018,JP3753000003,0.0
2018,AU000000BSL0,0.0009889849970692803
2018,JP3350800003,0.0002908809594547219
2018,HK0000049939,0.00805905744512107
2018,JP3375800004,0.00045637424233787465
2018,HK0012000102,0.005104099092583462
2018,JP3421800008,0.00345401670154277
2018,JP3942600002,0.0014992975643648044
2018,KYG2108Y1052,0.005280933544361215
2018,JP3266400005,0.0045937167776532025
2018,JP3820000002,0.0011155029403531814
2018,NZAIAE0002S6,0.0012190723801496035
2018,JP3256000005,0.0015340026397376574
2018,JP3799000009,0.0009891203385880955
2018,BMG684371393,8.241587706850332e-05
2018,JP3675600005,0.0014682332305266577
2019,JP3351100007,0.0022879901163893467
2019,JP3326410002,0.0007185463687594064
2019,JP3626800001,0.0009692164759436156
2019,JP3200450009,0.003932721453557231
2019,JP3174410005,0.0011684136946525066
2019,HK0023000190,0.0020357596709333656
2019,JP3598600009,0.0013320046061671414
2019,HK0308001558,0.00048039727258488715
2019,JP3818000006,0.0027709755707575586
2019,JP3893200000,0.004701162457061121
2019,AU000000PPT9,0.0003148554440973267
2019,JP3621000003,0.0020083793633016668
2019,JP3914400001,0.006892746430949431
2019,JP3826800009,0.00012968335284891899
2019,AU000000ORI1,0.0009386661676466894
2019,SG1U68934629,0.0014882442382455493
2019,JP3511800009,0.0012360029820532017
2019,JP3385820000,0.0005232835091338317
2019,JP3756600007,0.0076317981467970124
2019,JP3585800000,0.0012548993875876897
2019,SG1M51904654,0.0013740206734755905
2019,JP3419050004,0.0007633420436178309
2019,JP3783600004,0.007072046157227288
2019,AU000000FLT9,0.0006404827572955588
2019,AU000000BPT9,0.0004792673855331662
2019,AU000000ASX7,0.0017917115004225488
2019,JP3112000009,0.0014393289268152915
2019,AU000000IVC8,0.0005221440360580048
2019,JP3491000000,0.0004502076146246552
2019,NZTELE0001S4,0.0007296964047849745
2019,JP3131430005,0.0008617200212017991
2019,JP3401400001,0.001507280157761893
2019,JP3830800003,0.006014564280614502
2019,JP3720800006,0.0008562216798524196
2019,JP3485800001,0.0008517794161356345
2019,AU000000IRE2,0.00036010342490951737
2019,JP3102000001,0.002184298326263691
2019,JP3787000003,0.0013837562851115098
2019,SGXE21576413,0.002232099197116882
2019,JP3224200000,0.0011576001068222637
2019,JP3538800008,0.002201187671886517
2019,JP3629000005,0.0011149846220453005
2019,JP3638600001,0.0003957774608823373
2019,SG1T58930911,6.467688182606268e-05
2019,JP3269600007,0.001135950872752547
2019,JP3160400002,0.004582256729542646
2019,AU000000STO6,0.0019067492766118496
2019,JP3733000008,0.0016102695757040746
2019,AU000000CSR5,0.00010954538216649202
2019,HK0388045442,0.007614218903734094
2019,JP3942400007,0.00573093642969217
2019,JP3814800003,0.003735501651475527
2019,AU000000MND5,0.0003537342643029528
2019,JP3143000002,0.0006441299622995779
2019,AU000000ABC7,1.1091879869191837e-10
2019,HK0293001514,8.885876060057205e-05
2019,JP3495000006,0.0017933751840731832
2019,JP3198900007,0.007600881962006761
2019,JP3164800009,0.0006904656413028685
2019,JP3762600009,0.002916214286310423
2019,JP3711200000,0.0012991233949284627
2019,JP3320800000,0.0005761152700946547
2019,JP3659000008,0.0029881143785141385
2019,AU000000OZL8,0.0005350538666730488
2019,JP3738600000,0.001139291258588933
2019,BMG988031446,0.0009781126706383987
2019,JP3830000000,0.0011190108919147805
2019,JP3242800005,0.00787278371598413
2019,JP3443600006,0.002532956013788634
2019,JP3357200009,0.0013449144482424304
2019,JP3665200006,0.0008284361934219773
2019,KYG525621408,0.0007755120504931453
2019,AU000000SGM7,0.0005465957480444973
2019,JP3596200000,0.001409198753586884
2019,JP3368000000,0.0008224871579408453
2019,HK0392044647,0.0018079955650832326
2019,JP3215800008,0.000466169072539036
2019,BMG668971101,0.0020013180802478745
2019,AU000000ALL7,0.0022573759135188958
2019,JP3358800005,0.0014696454299141244
2019,HK0823032773,0.005029312227258347
2019,JP3289800009,8.624539816791085e-12
2019,HK0003000038,0.007134748478842721
2019,JP3322930003,0.0010077634442814051
2019,JP3180400008,0.0013012735857532553
2019,JP3551520004,0.0030496453892201714
2019,JP3634600005,0.0034265512458441717
2019,AU000000AMP6,0.0008938063393437839
2019,JP3143600009,0.005692551837007905
2019,JP3765400001,0.0008360800985487174
2019,AU000000ERA9,2.189610880292039e-05
2019,HK0010000088,0.001068963232333337
2019,HK0011000095,0.009128149584591794
2019,JP3209000003,0.0006570695510072258
2019,JP3201200007,0.002737519116833266
2019,HK0004000045,0.0017981435903365872
2019,JP3667600005,0.0007365951195710021
2019,AU000000SGP0,0.0013812872360425218
2019,JP3792600003,0.0011935143207766536
2019,JP3493800001,0.0016031769929114867
2019,AU000000WBC1,0.0121314228404398
2019,JP3613000003,0.000774577450109036
2019,JP3156400008,0.0007485380073631454
2019,JP3404600003,0.003862424957763228
2019,JP3663900003,0.001274845794953064
2019,HK0242001243,0.00038205548030279825
2019,JP3126340003,0.001222183941987333
2019,JP3688370000,0.0012329782901658321
2019,AU000000CGF5,0.0005586236157846044
2019,JP3481800005,0.00624329487623298
2019,SG1F60858221,0.0024151804531095883
2019,JP3890350006,0.010392624386923024
2019,JP3420600003,0.0019478738764892606
2019,JP3902400005,0.005275330272731748
2019,BMG677491539,0.0007027068260935515
2019,NZCENE0001S6,0.0004689671960275717
2019,AU000000IAG3,0.002336377785525007
2019,JP3190000004,0.001354097041779615
2019,JP3678000005,0.0006392253145324122
2019,JP3854600008,0.010704555298122418
2019,HK2388011192,0.00822260034175329
2019,JP3283650004,0.001954251559654971
2019,KYG5427W1309,0.0007052941601910335
2019,JP3172100004,0.00031749786629195026
2019,HK0144000764,0.0013691110632600674
2019,JP3116000005,0.0043013650157220865
2019,JP3040890000,0.0011401520442806273
2019,AU000000NCM7,0.0026970781680017704
2019,IE00BKVD2N49,0.002435742590923736
2019,JP3613400005,0.0014621177237666416
2019,JP3551500006,0.006919718687341372
2019,JP3894900004,0.0009538619007215635
2019,JP3358200008,0.0005491042333859764
2019,JP3796150005,0.0007363675202997732
2019,JP3951600000,0.004039183880737013
2019,JP3726800000,0.009809441407535523
2019,HK0291001490,0.002506120279319682
2019,JP3756100008,0.0032158564291775403
2019,JP3122400009,0.0009944586552544487
2019,JP3258000003,0.004348699433177123
2019,JP3223800008,3.240109357443869e-12
2019,JP3625000009,0.0
2019,AU000000APA1,0.0014641945698213878
2019,AU000000QBE9,0.0020445353908171942
2019,AU000000ELD6,0.0001365690888243982
2019,JP3388200002,0.004052339878124793
2019,JP3733400000,0.0006440150132537159
2019,JP3933800009,0.0029572444965287334
2019,JP3802300008,0.009715282559648663
2019,JP3505000004,0.004185673478288011
2019,SG1R50925390,9.557598375798933e-12
2019,JP3903000002,1.859054052881113e-11
2019,JP3973400009,0.002169354605307589
2019,JP3519400000,0.006575379731369569
2019,JP3635000007,0.002629162123847313
2019,AU000000ANZ3,0.010441761827986095
2019,AU000000ILU1,0.0006415912471929023
2019,AU000000TLS2,0.005152685734136441
2019,JP3762800005,0.002164681989543383
2019,AU000000MGR9,0.0013177909290293577
2019,JP3676800000,0.0012095814388583704
2019,JP3118000003,0.0003899024641059792
2019,BMG2442N1048,0.0008083201070949195
2019,JP3888400003,0.0004085074234344682
2019,NZFBUE0001S0,0.0005880476346786903
2019,JP3173400007,0.001727940790775976
2019,JP3499800005,0.0008347671312742957
2019,AU000000QAN2,0.0007612265237501747
2019,JP3300600008,0.0010514379745100012
2019,SG1T75931496,0.007223992112948198
2019,JP3721400004,0.00028641050604136676
2019,HK0083000502,0.0023965286787032522
2019,JP3402600005,0.0018008459481778482
2019,JP3119600009,0.0013861623463516282
2019,AU000000LLC3,0.0007504670367728922
2019,JP3835620000,0.0005759918020140337
2019,BMG8403G1033,3.415777701023792e-11
2019,JP3526600006,0.0012826985855749625
2019,JP3900000005,0.002358724993318864
2019,JP3165600002,0.0004959498581688428
2019,BMG2178K1009,0.004701126219213212
2019,JP3837800006,0.004919079518213993
2019,JP3684000007,0.001916220292770154
2019,JP3347200002,0.004076856985268539
2019,JP3811000003,0.0002650471962352423
2019,JP3137200006,0.0028800978790762214
2019,AU000000SHL7,0.0015839151108028213
2019,JP3774200004,0.0016967646596087146
2019,JP3407400005,0.0018015740724304057
2019,JP3735400008,0.016775669429025024
2019,JP3449020001,0.0
2019,AU000000BEN6,0.0006297385263999857
2019,SG1N31909426,0.0007400884723319445
2019,BMG2108M2182,0.0003687762947664233
2019,AU000000TAH8,0.0012469789473482384
2019,JP3592200004,0.003455307731197983
2019,JP3243600008,0.0004675525563538373
2019,SG1B51001017,0.0020162928607404046
2019,AU0000038911,0.0
2019,SG9999003735,7.367574300783084e-05
2019,AU000000CIM7,0.002144187252747676
2019,HK0200030994,0.000750705290989737
2019,JP3890310000,0.003691425445418674
2019,SG1J26887955,0.001194578871902158
2019,JP3111200006,0.0031129630890988275
2019,JP3419400001,0.0014042088066253545
2019,BMG4600H1198,0.000556820018201102
2019,JP3891600003,0.00032573833076531743
2019,AU000000WES1,0.005391922666829336
2019,JP3573000001,0.002662308232498013
2019,JP3194000000,0.0003655832228173397
2019,AU000000WOR2,0.0009658517772422573
2019,JP3566800003,0.00919438861814865
2019,HK0000608585,0.0032258363669610845
2019,JP3421100003,3.51693101776141e-10
2019,JP3397200001,0.005629962423582735
2019,JP3845400005,2.3093804843041286e-12
2019,JP3982100004,0.0013606246479953635
2019,AU000000CSL8,0.012949432759548938
2019,AU000000NAB4,0.009308658373795504
2019,JP3870400003,0.0007553615368270111
2019,JP3166000004,0.0008407192170289156
2019,JP3898400001,0.009341965583731945
2019,JP3358000002,0.0025002265339833987
2019,AU000000MAH3,5.8951699792378117e-05
2019,AU000000SIG5,0.00021159529967936953
2019,JP3522200009,0.00012000615836736584
2019,JP3270000007,0.000843595474756406
2019,JP3670800006,0.0013981052614286285
2019,AU000000ORG5,0.000995066255371572
2019,AU000000BWP3,0.0008206423966148905
2019,JP3888300005,0.0010219845009401798
2019,AU000000TCL6,0.004692610450728066
2019,JP3868400007,0.0013454904890286238
2019,JP3027670003,0.0021334860617206707
2019,JP3246400000,0.0010887137465153398
2019,JP3672400003,0.006948598960370577
2019,JP3126400005,0.0009541414328192459
2019,JP3486800000,0.002220341130997942
2019,JP3304200003,0.005082238906116922
2019,JP3475350009,0.005071776929783377
2019,JP3582600007,0.0004946542730912502
2019,JP3535800001,0.0004716690187879327
2019,JP3560800009,0.0006876263278448422
2019,JP3718800000,0.0007909754569648563
2019,JP3165700000,0.0033343008056523687
2019,AU000000CWY3,0.0003297688277873
2019,JP3409000001,0.0037909357728976027
2019,JP3405400007,0.0008289720502165539
2019,HK0066009694,0.006880446647316895
2019,JP3814000000,0.005027765416276886
2019,JP3633400001,0.03954152296249683
2019,JP3400900001,1.0879857958433957e-11
2019,JP3027680002,0.0018819098600474115
2019,JP3229400001,0.0010791664662449752
2019,AU0000088338,0.0009535015857899694
2019,JP3734800000,0.006845145499902149
2019,AU000000CBA7,0.017868968240027962
2019,JP3600200004,0.0010892246004139978
2019,KYG210961051,0.002449738176076029
2019,JP3502200003,0.001988895291108395
2019,JP3549600009,0.00044386108420855456
2019,HK0000055878,0.002347245984200708
2019,JP3435000009,0.013005806570743073
2019,AU000000GPT8,0.0016352133521800002
2019,JP3134800006,0.0012604208393221328
2019,MU0117U00026,1.1402609855911128e-10
2019,SG1R89002252,0.0013118081766652144
2019,JP3619800000,0.00034042844577368174
2019,JP3862400003,0.002224396212901798
2019,JP3496400007,0.012478205637727035
2019,JP3456000003,0.0003421770398105889
2019,JP3955000009,0.0007449624501226496
2019,JP3305990008,0.001198733506033411
2019,JP3686800008,1.0924978767294842e-11
2019,SG1V61937297,1.2182875320487518e-11
2019,JP3158800007,1.371923165532615e-11
2019,AU000000SUN6,0.002349832215957031
2019,HK0006000050,0.0026262904307110236
2019,JP3910660004,0.007161900829515423
2019,JP3899600005,0.004688763034565936
2019,BMG524401079,0.0013703549018373343
2019,AU000000DOW2,0.0006216188860761592
2019,HK0014000126,0.001088932140923675
2019,JP3274400005,0.0001360145165224813
2019,NZAIRE0001S2,0.0
2019,JP3205800000,0.007093857645655173
2019,JP3819400007,0.0008013270962735419
2019,AU000000BHP4,0.015306690260549562
2019,AU000000MTS0,0.00038490072978210327
2019,JP3385980002,0.0006497513664938608
2019,JP3494600004,0.0002746787739722442
2019,JP3827200001,0.00043770641657304326
2019,BMG8063F1068,0.000974723618690323
2019,AU000000WOW2,0.0054903948680428095
2019,NZSKCE0001S2,0.0005404735680593771
2019,JP3788600009,0.00599708974846791
2019,AU000000RHC8,0.0016953171395946
2019,AU000000SBM8,0.0004419244999352589
2019,JP3967200001,0.002237519821075786
2019,SG1L01001701,0.009204120658382385
2019,JP3197600004,0.0024683248273371814
2019,JP3389900006,0.00032059554540710616
2019,JP3276400003,0.0007365066457653393
2019,JP3778630008,0.001791834531523507
2019,AU000000GWA4,0.0002468218052710093
2019,JP3657400002,0.0012814214318205466
2019,JP3293200006,0.0014859869880809867
2019,SG1S83002349,0.000801663561799428
2019,JP3634200004,0.0005430423019521963
2019,JP3336000009,0.0008947774064468046
2019,HK0002007356,0.0028858726145253163
2019,JP3579800008,0.0007371569510269807
2019,JP3359600008,0.0013219734730276437
2019,US89677Q1076,0.003958387430777966
2019,JP3902900004,0.014117072359344382
2019,JP3574200006,0.0022528932315531124
2019,JP3415400005,0.0008635526282481864
2019,JP3893600001,0.0056874222319001615
2019,JP3381000003,0.001317828347207265
2019,AU000000DXS1,0.0016564221647704946
2019,JP3977400005,0.0008578893412640774
2019,JP3249600002,0.003902415060427752
2019,SG2B80958517,0.00015411249869335552
2019,HK0165000859,0.0008119682892457651
2019,JP3546800008,0.004051536973915141
2019,JP3148800000,0.00032974637981924486
2019,JP3743000006,0.0008398104680854355
2019,JP3210200006,0.001634681421407224
2019,JP3228600007,0.0029755340921502264
2019,HK0016000132,0.009832031142152765
2019,SG9999000020,0.0009306531624124557
2019,AU000000MQG1,0.005721500183323205
2019,JP3493400000,0.0009789145362621976
2019,HK0363006039,0.0005160446550154433
2019,JP3935600001,0.0007788003211915529
2019,KYG217651051,0.007509646981976296
2019,JP3940000007,0.002201777346480316
2019,JP3452000007,0.00048233053262479534
2019,JP3769000005,0.0006519526259798871
2019,JP3197800000,0.0020710257078064773
2019,KYG0535Q1331,0.0007715175042099777
2019,JP3942800008,0.0015975647452440296
2019,JP3551200003,3.816754867735512e-12
2019,HK0008011667,0.0014545666802477579
2019,JP3982800009,0.0015416775488506418
2019,JP3351600006,0.005229578322887603
2019,JP3850200001,0.0
2019,JP3866800000,0.004676048641728981
2019,HK0000745908,0.000601261725856922
2019,JP3571400005,0.004668475404967509
2019,JP3386030005,0.0009143511826643228
2019,JP3362700001,1.327381750447632e-11
2019,JP3429800000,0.0026665130015413965
2019,AU000000BLD2,0.0007034099926494893
2019,JP3294460005,0.002218810843875377
2019,JP3268950007,0.0011430293203535471
2019,AU000000COH5,0.0017035867387079767
2019,JP3371200001,0.007004833894791798
2019,JP3711600001,0.0014851097007686977
2019,JP3544000007,0.0007622869574679173
2019,JP3939000000,0.0007908768525137973
2019,HK0000139300,0.00015760500320969974
2019,JP3870000001,0.00019807245002264145
2019,JP3436100006,0.017187107863208224
2019,JP3414750004,0.0012794211030149067
2019,SGXE34184239,0.0007185534333770848
2019,HK0688002218,0.008247539590012634
2019,AU0000224040,0.004269519428352906
2019,HK0019000162,0.000660185305813863
2019,JP3463000004,0.012180659946820646
2019,JP3695200000,0.0010754748202645666
2019,JP3404200002,0.0004186016111735633
2019,AU000000CQR9,0.0005445354023410322
2019,JP3595200001,0.000650387667125661
2019,JP3877600001,0.0026065046504066738
2019,JP3352400000,0.0003023218378426191
2019,JP3635400009,0.0005587258988896915
2019,JP3742600004,0.0005712496185277441
2019,JP3605400005,0.000853302735051
2019,JP3260800002,0.0015251950680391535
2019,JP3766550002,0.0010202176869745908
2019,JP3539220008,0.0016638852064963996
2019,AU000000IGO4,0.00041881545547923756
2019,SG1P66918738,0.0010683174881423302
2019,JP3528600004,8.301085280896068e-07
2019,JP3786200000,0.0008230777228642059
2019,JP3753000003,8.65502821030738e-12
2019,AU000000BSL0,0.000714928551209271
2019,JP3350800003,0.00021854104084741927
2019,HK0000049939,0.006791583479088558
2019,JP3375800004,0.000364523279509212
2019,HK0012000102,0.005004511108688866
2019,JP3421800008,0.003913691703967983
2019,JP3942600002,0.0017038678673775554
2019,KYG2108Y1052,0.00549389715618007
2019,JP3266400005,0.003815339314668067
2019,JP3820000002,0.0008529598121473417
2019,NZAIAE0002S6,0.0012870781971299461
2019,JP3256000005,0.0016629219710036951
2019,JP3799000009,0.0009036789822647255
2019,BMG684371393,0.0
2019,JP3675600005,0.0009776733018683993
2020,JP3351100007,0.0026877852157167013
2020,JP3326410002,0.0003655687899942448
2020,JP3626800001,0.0010918306371154828
2020,JP3425000001,0.0002605418491418165
2020,JP3200450009,0.004021184397553319
2020,JP3174410005,0.0009094132610195088
2020,HK0023000190,0.001193007032777785
2020,JP3598600009,0.001418268103845273
2020,HK0308001558,0.0002135169886224226
2020,JP3818000006,0.004094390045641666
2020,JP3893200000,0.004820291265972948
2020,AU000000PPT9,0.00024416213501650993
2020,JP3621000003,0.0018507861464468831
2020,JP3914400001,0.007099312208296658
2020,JP3826800009,0.00018840325454112322
2020,AU000000ORI1,0.0010018212009527173
2020,SG1U68934629,0.0015545707978896052
2020,JP3511800009,0.0010849660866983754
2020,JP3385820000,0.0003828841944753308
2020,JP3756600007,0.008715645013847662
2020,JP3585800000,0.001288700584717997
2020,JP3188220002,0.004530962855424289
2020,SG1M51904654,0.0012910397888280837
2020,JP3419050004,0.0005972759438303992
2020,JP3039710003,0.001069777789223425
2020,JP3783600004,0.006037594557075827
2020,AU000000FLT9,0.0005175806430719646
2020,AU000000BPT9,0.0006508670712631445
2020,AU000000ASX7,0.0018782470784405104
2020,JP3112000009,0.001457092289177082
2020,AU000000IVC8,0.00032409740155857515
2020,JP3491000000,0.0003605852609497273
2020,NZTELE0001S4,0.0008036828382289379
2020,JP3131430005,0.0006845381443776792
2020,JP3401400001,0.0011394064220544087
2020,JP3830800003,0.004799916995459903
2020,JP3720800006,0.0008453582357292042
2020,JP3485800001,0.0005456927339555034
2020,AU000000IRE2,0.00025565719067495896
2020,JP3102000001,0.0019405832882704757
2020,JP3787000003,0.0011291281434300277
2020,SGXE21576413,0.001477855574784103
2020,JP3224200000,0.0006990033924554805
2020,JP3538800008,0.0025408102422273472
2020,JP3629000005,0.001290172571498069
2020,JP3638600001,0.0003923409808780282
2020,SG1T58930911,0.00017634652756591326
2020,JP3269600007,0.000676485205071936
2020,JP3160400002,0.004255661790914965
2020,AU000000STO6,0.002155539316871012
2020,JP3733000008,0.002018210020807732
2020,AU000000CSR5,0.0001592847844465052
2020,HK0388045442,0.007683929235648508
2020,JP3942400007,0.005639735395646712
2020,JP3814800003,0.003559232559179921
2020,AU000000MND5,0.00025600289474017406
2020,JP3143000002,0.0007079738074041045
2020,AU000000ABC7,8.296032170564883e-05
2020,HK0293001514,0.0006688241628841533
2020,JP3495000006,0.00119613471036149
2020,JP3198900007,0.008583766378504528
2020,JP3164800009,0.0005107664566989926
2020,JP3762600009,0.0033208278068559585
2020,JP3711200000,0.0008803798954269988
2020,JP3320800000,0.00039418712039794677
2020,JP3659000008,0.0030091066308441873
2020,AU000000OZL8,0.0004487211659052032
2020,JP3738600000,0.0008830302814419818
2020,BMG988031446,0.0009060092991744008
2020,JP3830000000,0.00102621927624916
2020,JP3242800005,0.006639850149859012
2020,JP3443600006,0.0019015377749642668
2020,JP3357200009,0.0016604646536606635
2020,JP3665200006,0.0006538744774358222
2020,KYG525621408,0.0005992184035491564
2020,AU000000SGM7,0.000396920310092861
2020,JP3596200000,0.0013807398508296766
2020,JP3368000000,0.00054653686937915
2020,HK0392044647,0.001172766069424519
2020,JP3215800008,0.00040977385242015236
2020,BMG668971101,0.000988004942008527
2020,JP3906000009,0.0017094871797690137
2020,AU000000ALL7,0.0027262984843792184
2020,JP3358800005,0.0016078263442490528
2020,HK0823032773,0.003930330671591403
2020,JP3289800009,0.0
2020,HK0003000038,0.0061409205988486445
2020,JP3322930003,0.0009548555081405858
2020,JP3180400008,0.00119447701670921
2020,JP3551520004,0.0018744542247593628
2020,JP3634600005,0.003436002167999037
2020,AU000000AMP6,0.0007848786149865139
2020,JP3143600009,0.006775581432720932
2020,JP3765400001,0.0006539050464933503
2020,AU000000ERA9,9.12703417405512e-05
2020,HK0010000088,0.0006070171550258296
2020,HK0011000095,0.0072801898028137186
2020,JP3209000003,0.0008506325553583398
2020,JP3201200007,0.004099699044564273
2020,HK0004000045,0.0014181214391565033
2020,JP3667600005,0.0007155548660131448
2020,AU000000SGP0,0.0014597516345765604
2020,JP3792600003,0.0011332369035431894
2020,JP3493800001,0.001727709562474388
2020,AU000000WBC1,0.010923880125997092
2020,JP3613000003,0.0008969978801441485
2020,JP3156400008,0.000507370652533192
2020,JP3404600003,0.0035940569975171544
2020,JP3663900003,0.0008073776356054671
2020,HK0242001243,0.00027844051064686564
2020,JP3126340003,0.000930714338738804
2020,JP3688370000,0.0010939982531331426
2020,AU000000CGF5,0.0006374061718391288
2020,JP3481800005,0.007664298445325106
2020,SG1F60858221,0.002045539722232555
2020,JP3890350006,0.009126902523811615
2020,JP3420600003,0.0026555838680794763
2020,JP3902400005,0.00566132413294389
2020,BMG677491539,0.0005220631676926819
2020,NZCENE0001S6,0.0005965240029830524
2020,AU000000IAG3,0.002025128994783551
2020,JP3190000004,0.0014510023576922615
2020,JP3678000005,0.0004113665719301203
2020,JP3854600008,0.008533557463900008
2020,HK2388011192,0.006538149467103715
2020,JP3283650004,0.0015118646173476625
2020,KYG5427W1309,0.0005023861815380817
2020,JP3172100004,0.0002642689868853051
2020,HK0144000764,0.001042235738587224
2020,JP3116000005,0.004188448153979772
2020,JP3040890000,0.0009343407829563996
2020,AU000000NCM7,0.002745393988347896
2020,IE00BKVD2N49,0.0026966677916364593
2020,JP3613400005,0.0008213109339066431
2020,JP3551500006,0.006003231550588451
2020,JP3894900004,0.0005728992589387559
2020,JP3358200008,0.0004537269268103603
2020,JP3796150005,0.0004750288535796606
2020,JP3951600000,0.004021315682761786
2020,JP3726800000,0.007661859896217134
2020,HK0291001490,0.0028651302986374013
2020,JP3756100008,0.0032750464384944953
2020,JP3122400009,0.001989004535680778
2020,JP3258000003,0.003605139818332464
2020,JP3223800008,0.0
2020,JP3625000009,0.0
2020,AU000000APA1,0.0015888547351411634
2020,AU000000QBE9,0.0021039510229760258
2020,AU000000ELD6,0.0001327866207159612
2020,JP3992400006,0.0003886351894682573
2020,JP3388200002,0.0034257562041018394
2020,JP3733400000,0.0005068311990570255
2020,JP3933800009,0.0036000332568031663
2020,JP3802300008,0.010218825305707837
2020,JP3505000004,0.003942679819185674
2020,JP3885400006,0.001406144880657718
2020,SG1R50925390,0.0
2020,JP3903000002,0.00014584413326891937
2020,JP3973400009,0.0018844472727335717
2020,JP3519400000,0.010820214012609328
2020,JP3635000007,0.002328198053853261
2020,AU000000ANZ3,0.00879616929545447
2020,AU000000ILU1,0.0005593229344476174
2020,AU000000TLS2,0.005560170744881745
2020,JP3280200001,0.0009546271432405357
2020,JP3762800005,0.0030291231786692876
2020,AU000000MGR9,0.0016148321590989498
2020,JP3676800000,0.0008221768671891912
2020,JP3118000003,0.00047489201252237857
2020,BMG2442N1048,0.0004998782804267255
2020,JP3888400003,0.00030740044667568135
2020,NZFBUE0001S0,0.0006285668546237007
2020,AU000000ANN9,0.0005040833998591092
2020,JP3173400007,0.0024896055928636
2020,AU000000CPU5,0.0012145104960130401
2020,JP3499800005,0.000988046413167526
2020,AU000000QAN2,0.0010325983716253776
2020,JP3300600008,0.0006435531639536547
2020,SG1T75931496,0.007027180814269761
2020,JP3721400004,0.0002731288513406819
2020,HK0083000502,0.0017470119791206935
2020,JP3402600005,0.0015938343851323604
2020,JP3119600009,0.0014723084494149485
2020,AU000000LLC3,0.0011369139978853282
2020,JP3835620000,0.0005044423793600143
2020,BMG8403G1033,0.0
2020,JP3526600006,0.0024704390192032393
2020,JP3900000005,0.002116518402991254
2020,JP3165600002,0.00038141527808862544
2020,BMG2178K1009,0.003435982508399349
2020,JP3837800006,0.006979387426895916
2020,JP3684000007,0.0017011069782272513
2020,JP3347200002,0.0036401358326790083
2020,JP3811000003,0.00021748828746390292
2020,JP3137200006,0.0016989142373766935
2020,AU000000SHL7,0.0019357589621835489
2020,JP3774200004,0.0018287713130599192
2020,JP3407400005,0.0019347096111619528
2020,JP3735400008,0.01853342696996441
2020,JP3449020001,0.0
2020,AU000000BEN6,0.0006084916446597113
2020,SG1N31909426,0.0006869868506590765
2020,BMG2108M2182,0.00021649372267381362
2020,AU000000TAH8,0.0011122646491971222
2020,JP3592200004,0.002639894118679949
2020,JP3243600008,0.0007144101651449466
2020,SG1B51001017,0.001462462995816126
2020,SG9999003735,0.00010090207688304061
2020,AU000000CIM7,0.0011726550862051985
2020,HK0200030994,0.000629409447244096
2020,JP3890310000,0.0037176583767154067
2020,SG1J26887955,0.001172542167256746
2020,JP3111200006,0.0027978204715910448
2020,JP3419400001,0.0015186375000270018
2020,BMG4600H1198,0.0004095597546665327
2020,JP3588600001,0.0005884747324038407
2020,AU000000WES1,0.006201072667191683
2020,JP3573000001,0.0019583657064555565
2020,JP3194000000,0.0003917476622663924
2020,AU000000WOR2,0.0009673894441711026
2020,JP3566800003,0.007546695180394397
2020,HK0000608585,0.002355501159809897
2020,JP3421100003,6.973462899543386e-05
2020,JP3397200001,0.004373476300568118
2020,JP3845400005,3.7413247230035683e-13
2020,JP3982100004,0.0011268381833535992
2020,AU000000CSL8,0.017354631651360343
2020,AU000000NAB4,0.00917194106429101
2020,JP3870400003,0.0008540583278229273
2020,JP3166000004,0.0006168285777892811
2020,JP3898400001,0.007635152801967842
2020,JP3358000002,0.0025943609925426106
2020,AU000000MAH3,0.00010211022035800688
2020,AU000000SIG5,8.547616954131022e-05
2020,JP3522200009,0.0005538233340820432
2020,JP3270000007,0.0009254662529405296
2020,JP3670800006,0.001106097931488367
2020,AU000000ORG5,0.0015189304572616976
2020,AU000000BWP3,0.00042484572656657646
2020,JP3888300005,0.0009787591523456902
2020,AU000000TCL6,0.005340744324077822
2020,JP3027670003,0.002109778970964496
2020,HK0270001396,0.0026165692268370227
2020,JP3246400000,0.00033700605581633245
2020,JP3672400003,0.004154491218401998
2020,JP3126400005,0.0007301103304097283
2020,JP3486800000,0.0016923317649205035
2020,BMG5320C1082,0.0013550494441811377
2020,JP3304200003,0.004112514507635127
2020,JP3475350009,0.008944256475106575
2020,JP3582600007,0.0006376677395948159
2020,JP3535800001,0.0005053584860505425
2020,JP3560800009,0.00034459275762032727
2020,JP3718800000,0.0005328524253830348
2020,JP3165700000,0.003721281776003561
2020,AU000000CWY3,0.00035101856960334277
2020,JP3409000001,0.0033847240123315125
2020,JP3405400007,0.0006451310633144488
2020,HK0066009694,0.006373590378028487
2020,JP3814000000,0.005107552641043467
2020,JP3633400001,0.04174391567460116
2020,JP3400900001,0.0
2020,JP3027680002,0.0018719183641827443
2020,JP3203500008,0.00019588810670519044
2020,JP3229400001,0.0011519468257366692
2020,AU0000088338,0.00100096136820388
2020,JP3734800000,0.006769629768822739
2020,AU000000CBA7,0.01836184976225545
2020,JP3600200004,0.0009294411779800285
2020,KYG210961051,0.0026930802679949613
2020,JP3502200003,0.001726102918877867
2020,JP3549600009,0.00039047148877305456
2020,HK0000055878,0.0015849465870141687
2020,JP3435000009,0.016655708712800834
2020,AU000000GPT8,0.0015575641741928702
2020,JP3459600007,0.00040807798426012996
2020,JP3134800006,0.0007967922150558783
2020,MU0117U00026,0.0
2020,SG1R89002252,0.001291038596282438
2020,JP3351500008,0.000837323770216283
2020,JP3619800000,0.00015229185997378574
2020,JP3862400003,0.0020990812750194686
2020,JP3496400007,0.01311050598998414
2020,JP3456000003,0.0002300609902240609
2020,JP3955000009,0.0007765281345941248
2020,JP3305990008,0.0010826420146477429
2020,JP3686800008,0.0
2020,SG1V61937297,0.0005192913986461293
2020,JP3158800007,0.0
2020,AU000000SUN6,0.0018892359886148935
2020,HK0006000050,0.00281366568519106
2020,JP3910660004,0.007230790089783371
2020,JP3899600005,0.005015439100061832
2020,BMG524401079,0.0007196781478583193
2020,AU000000DOW2,0.000606448850557801
2020,HK0014000126,0.0007413932369968347
2020,JP3274400005,0.0001891386514875272
2020,NZAIRE0001S2,0.0002552627111955728
2020,JP3205800000,0.007212524547718444
2020,AU000000BHP4,0.014037806917708305
2020,AU000000MTS0,0.00027775203849438534
2020,JP3385980002,0.0007320837335159067
2020,JP3494600004,0.0005410573286329654
2020,JP3827200001,0.00040511533729018433
2020,BMG8063F1068,0.000669698020369772
2020,AU000000WOW2,0.006395072778159964
2020,NZSKCE0001S2,0.0003815597136371169
2020,JP3788600009,0.006698703498011154
2020,AU000000RHC8,0.0019940718999097687
2020,AU000000SBM8,0.0002777641444893932
2020,JP3967200001,0.0021121301453774556
2020,SG1L01001701,0.008598040413051206
2020,JP3197600004,0.0023648495710959488
2020,JP3389900006,0.00028161413084043784
2020,JP3276400003,0.00043967602724600234
2020,JP3778630008,0.002324273422594776
2020,AU000000GWA4,0.00018323437129942244
2020,JP3657400002,0.0009066726259633235
2020,JP3293200006,0.0011131342102935716
2020,SG1S83002349,0.0008258076905793849
2020,JP3634200004,0.0006271264627057727
2020,JP3336000009,0.0013070394444797088
2020,HK0002007356,0.0029634217501282177
2020,JP3579800008,0.00048097307536599615
2020,JP3359600008,0.0014321783761264222
2020,JP3896800004,0.0007380480027825999
2020,US89677Q1076,0.003377837566829928
2020,JP3902900004,0.012852534581536108
2020,JP3122800000,0.0007890797997284902
2020,JP3574200006,0.0020981083053946024
2020,JP3415400005,0.0005939329000325791
2020,JP3893600001,0.0058178464063328795
2020,JP3381000003,0.0013582123540211443
2020,AU000000DXS1,0.001651000837141939
2020,JP3977400005,0.000743676108115856
2020,JP3249600002,0.004258022444561111
2020,JP3108600002,0.0014574506146910287
2020,SG2B80958517,0.00014726051217624157
2020,HK0165000859,0.0005575310750287485
2020,JP3546800008,0.004765363276478309
2020,JP3148800000,0.0005775387776527124
2020,JP3743000006,0.0007996075216825408
2020,JP3771800004,0.0012252216621824702
2020,JP3162600005,0.005475224653023195
2020,JP3210200006,0.001400983157872038
2020,JP3228600007,0.0020182435257670175
2020,HK0016000132,0.007410995010776649
2020,SG9999000020,0.0011380739925189332
2020,AU000000MQG1,0.006169854572160095
2020,JP3493400000,0.0006958369662028248
2020,HK0363006039,0.0004150062446953799
2020,KYG548561284,0.0003937863045525739
2020,JP3935600001,0.000739069736378413
2020,KYG217651051,0.006062821630330677
2020,JP3940000007,0.001408650288051282
2020,JP3452000007,0.0006974052350619523
2020,JP3197800000,0.0023501616295051853
2020,KYG0535Q1331,0.0010280295637693025
2020,JP3942800008,0.0012404524875069907
2020,JP3551200003,0.0
2020,HK0008011667,0.0011028108607269952
2020,JP3982800009,0.0015435344015211335
2020,JP3351600006,0.004792993441785335
2020,JP3850200001,0.0
2020,JP3866800000,0.004427663466842633
2020,JP3292200007,0.0007985298648345225
2020,HK0000745908,0.0006651802600342639
2020,JP3571400005,0.006609017329451722
2020,JP3386030005,0.0004523003866968744
2020,JP3362700001,0.0001357867152523608
2020,JP3429800000,0.0018682717067325949
2020,AU000000JBH7,0.0006108128430388652
2020,AU000000BLD2,0.0006930263016633914
2020,JP3294460005,0.002382217519274275
2020,JP3268950007,0.0009183172706744414
2020,AU000000COH5,0.0016809505960212554
2020,JP3371200001,0.008883375304424651
2020,JP3711600001,0.0018220286931169877
2020,JP3544000007,0.0006500036537296684
2020,JP3939000000,0.0008099594902176967
2020,HK0000139300,0.0001394052197132558
2020,JP3548610009,0.0004632137334655236
2020,JP3870000001,0.0003154153451487534
2020,JP3436100006,0.01595835186119519
2020,JP3277800003,0.0013224671950377777
2020,HK2380027329,0.0
2020,JP3414750004,0.0011205465769890761
2020,SGXE34184239,0.0003893363748376409
2020,HK0688002218,0.006650229484066814
2020,AU0000224040,0.0038550193730406486
2020,HK0019000162,0.0015190853492597792
2020,JP3463000004,0.010964296223956857
2020,JP3695200000,0.0011739386988499818
2020,AU000000BOQ8,0.0004045905834739891
2020,JP3404200002,0.00035054748802101476
2020,AU000000CQR9,0.00025483593991961075
2020,JP3595200001,0.0007764133522039403
2020,JP3877600001,0.0022561056320216963
2020,JP3352400000,0.0003133046405639381
2020,JP3635400009,0.0005598130516562775
2020,JP3742600004,0.00036986243191428655
2020,JP3605400005,0.0002125568914298315
2020,JP3260800002,0.0019858757336622913
2020,JP3766550002,0.0010493349821602768
2020,JP3539220008,0.0013392904675870335
2020,AU000000IGO4,0.0004030674994444179
2020,SG1P66918738,0.0005704277116776382
2020,JP3528600004,6.03389662356124e-06
2020,JP3786200000,0.0012076423311379672
2020,JP3753000003,0.0
2020,AU000000BSL0,0.0007240478271528017
2020,JP3350800003,7.599978448724231e-05
2020,HK0000049939,0.004590242020741459
2020,JP3375800004,0.0003998799259856929
2020,HK0012000102,0.004000745142131295
2020,JP3421800008,0.003802787808352491
2020,JP3942600002,0.0017088224074317381
2020,KYG2108Y1052,0.005574275611345638
2020,JP3266400005,0.003540929635051641
2020,JP3820000002,0.0008548878155950392
2020,NZAIAE0002S6,0.0012803317357363514
2020,JP3407200009,1.1774532771766614e-05
2020,JP3256000005,0.0019920487597820317
2020,JP3799000009,0.0009736014274789067
2020,JP3164630000,0.0011684700317295851
2020,BMG684371393,2.0018494715635303e-05
2020,JP3675600005,0.001370239932398855
2021,JP3351100007,0.003808016981375342
2021,JP3326410002,0.0002647764861894117
2021,JP3626800001,0.0012229656175522304
2021,JP3425000001,0.00022397333798300154
2021,JP3200450009,0.0034147577377630195
2021,JP3174410005,0.000904838195457676
2021,HK0023000190,0.001061265415117481
2021,JP3598600009,0.001189005707420769
2021,HK0308001558,0.00018440816472953053
2021,JP3818000006,0.005043520504162727
2021,JP3893200000,0.0030951487318351747
2021,AU000000PPT9,0.00022510320583402166
2021,JP3621000003,0.0016298069965933423
2021,BMG507361001,0.006637384571988559
2021,JP3914400001,0.010115659622014486
2021,JP3826800009,0.0001583420944525073
2021,AU000000ORI1,0.0006738084524603313
2021,SG1U68934629,0.0011118935872138868
2021,JP3511800009,0.000833274165960165
2021,JP3385820000,0.0004053566251599054
2021,JP3756600007,0.012230053182903747
2021,JP3585800000,0.0010165124853549548
2021,JP3188220002,0.0037322088810124677
2021,SG1M51904654,0.001730293763673827
2021,JP3419050004,0.0006496160339018777
2021,JP3039710003,0.0007712291973479117
2021,JP3783600004,0.0037899714357310437
2021,AU000000FLT9,0.00037968956849347056
2021,AU000000BPT9,0.00042960933333156364
2021,AU000000ASX7,0.0017077790917308876
2021,JP3112000009,0.0013400186049234363
2021,AU000000IVC8,0.0001699514112454503
2021,JP3491000000,0.00030817269076592553
2021,NZTELE0001S4,0.0009055512109641398
2021,JP3219000001,0.00042102729384461827
2021,JP3131430005,0.0005938467547779044
2021,JP3401400001,0.0011613106588864038
2021,JP3830800003,0.004192242136184867
2021,JP3720800006,0.0007689558127907341
2021,JP3485800001,0.000303073720844375
2021,AU000000IRE2,0.00024026235016826988
2021,JP3102000001,0.0015114728937662726
2021,JP3787000003,0.0009307761804268138
2021,SGXE21576413,0.0012834689471280267
2021,JP3224200000,0.0005759243852201423
2021,JP3538800008,0.0030589252826219875
2021,JP3629000005,0.0009192595919000094
2021,JP3638600001,0.0004607651648048537
2021,SG1T58930911,0.00022921356024341742
2021,JP3269600007,0.0006108087392396485
2021,JP3160400002,0.003406447850193076
2021,JP3944130008,0.0010112172052656949
2021,AU000000STO6,0.0016956134934522145
2021,JP3733000008,0.002658505534643766
2021,SG1M77906915,0.0014327485910199346
2021,AU000000CSR5,0.00023704875918492964
2021,HK0388045442,0.013428394721674048
2021,JP3942400007,0.004710083810991714
2021,JP3814800003,0.0023109973300885138
2021,AU000000MND5,0.0001670691467599648
2021,JP3143000002,0.000834529809643594
2021,AU000000ABC7,0.00012596464248410463
2021,HK0293001514,0.0007262113120955044
2021,JP3495000006,0.0010346499726899775
2021,JP3198900007,0.009011487475898057
2021,JP3164800009,0.0004464734004211821
2021,JP3762600009,0.0027000381719473917
2021,JP3711200000,0.0005030436512613648
2021,JP3320800000,0.00024052676645063993
2021,JP3659000008,0.0016571118375166237
2021,AU000000OZL8,0.0007759276714439565
2021,JP3738600000,0.0006938152009578112
2021,BMG988031446,0.0005188248948504104
2021,JP3830000000,0.0010261545904261462
2021,JP3242800005,0.004836515640062226
2021,JP3443600006,0.0013135273040421353
2021,JP3131400008,0.000476965056497482
2021,JP3357200009,0.001857009288005619
2021,JP3411000007,0.000130951933319049
2021,JP3665200006,0.0006276566658552945
2021,KYG525621408,0.0008031786456677515
2021,AU000000SGM7,0.0003363854011006924
2021,JP3596200000,0.0016989543846734725
2021,JP3368000000,0.0004674985566380149
2021,HK0392044647,0.0007461728581938673
2021,JP3215800008,0.00043926685340897403
2021,JP3940400009,0.00043939001449144283
2021,BMG668971101,0.0006865461702328025
2021,JP3906000009,0.0015832552342072267
2021,AU000000ALL7,0.0024634816881116068
2021,JP3358800005,0.000971776823011661
2021,HK0823032773,0.0028759832342432233
2021,JP3289800009,0.0
2021,HK0003000038,0.004105556743346374
2021,JP3322930003,0.0010750275299967855
2021,JP3180400008,0.0011675428512662664
2021,JP3551520004,0.0015502015630579795
2021,JP3634600005,0.004417121389002586
2021,AU000000AMP6,0.0006347304951623994
2021,JP3143600009,0.007137216540414387
2021,JP3765400001,0.0006142350604933567
2021,AU000000ERA9,0.0001175144442703822
2021,HK0010000088,0.0005257458146725644
2021,HK0011000095,0.005403318424367598
2021,JP3209000003,0.0007282178681318974
2021,JP3201200007,0.003896538366555603
2021,HK0004000045,0.0010588022842847428
2021,JP3667600005,0.0005155350552012621
2021,JP3196000008,0.0016793340412109743
2021,AU000000SGP0,0.0012726962527990196
2021,JP3792600003,0.0008542306699142368
2021,JP3493800001,0.0009648047514003296
2021,AU000000WBC1,0.009321327894666196
2021,JP3613000003,0.0009876477986287867
2021,SG1S04926220,0.005527522175378028
2021,JP3156400008,0.0002628777720092131
2021,JP3404600003,0.002705024055614675
2021,JP3663900003,0.0005404927988995917
2021,HK0242001243,0.00016427767917407803
2021,JP3126340003,0.000762798372586191
2021,JP3688370000,0.0011293587503023463
2021,AU000000CGF5,0.0005493062797186845
2021,JP3802400006,0.008413099027945153
2021,JP3481800005,0.010110270400155804
2021,SG1F60858221,0.0015297898475194645
2021,JP3890350006,0.006865728337557381
2021,JP3420600003,0.0020640918930329207
2021,JP3902400005,0.005158135180285105
2021,BMG677491539,0.0010020606575316243
2021,NZCENE0001S6,0.0006744754334111326
2021,AU000000IAG3,0.0014053518634044922
2021,JP3190000004,0.001047824087509756
2021,JP3678000005,0.00025424499425504146
2021,JP3854600008,0.007595162007840064
2021,HK2388011192,0.005001529360112233
2021,JP3283650004,0.0015190594048120594
2021,KYG5427W1309,0.0006202726486516663
2021,JP3172100004,0.0002941511375851905
2021,HK0144000764,0.0009750995218408345
2021,JP3116000005,0.003302293682834081
2021,JP3263000006,0.0006413975735608253
2021,JP3040890000,0.0005301504151626909
2021,AU000000NCM7,0.0024732563338329757
2021,IE00BKVD2N49,0.00248934212352151
2021,JP3613400005,0.00033362223187560145
2021,JP3551500006,0.007596098685306072
2021,JP3894900004,0.0004747981128705482
2021,JP3358200008,0.0006339422582163592
2021,JP3796150005,0.0004805850215939384
2021,JP3951600000,0.004428838876292198
2021,JP3726800000,0.006335272420120251
2021,HK0291001490,0.004754517595375669
2021,JP3756100008,0.0036028093559276574
2021,JP3122400009,0.0026901091138343434
2021,JP3258000003,0.002879144174972693
2021,JP3223800008,0.00017279590609936815
2021,BMG2624N1535,0.0009942969919057296
2021,JP3625000009,0.0001396035190393549
2021,AU000000APA1,0.0014047819982093914
2021,AU000000QBE9,0.0013968329634902587
2021,AU000000ELD6,0.00025746319378237853
2021,JP3992400006,0.00017920477168262985
2021,JP3388200002,0.0044405625933443575
2021,JP3271400008,0.0004203425999269755
2021,JP3733400000,0.00042664233852741956
2021,JP3933800009,0.00506017261232903
2021,JP3802300008,0.014484080267415586
2021,JP3505000004,0.003010030233121008
2021,JP3885400006,0.0015205255812128728
2021,SG1R50925390,0.0
2021,JP3903000002,0.0002105525134393498
2021,JP3973400009,0.0010250007759260312
2021,JP3519400000,0.013554401181221844
2021,JP3635000007,0.00222696504933155
2021,AU000000ANZ3,0.008245504372342125
2021,AU000000ILU1,0.00039301546325583574
2021,AU000000TLS2,0.004523846900997012
2021,JP3280200001,0.0006794190289301531
2021,JP3762800005,0.0034474766512165127
2021,AU000000MGR9,0.0011659447954715711
2021,JP3676800000,0.0007972394982194847
2021,JP3902000003,0.00035514601772209444
2021,JP3118000003,0.0004556937287012898
2021,BMG2442N1048,0.0004984799125132961
2021,JP3888400003,0.00037681636685883425
2021,NZFBUE0001S0,0.000552047864495783
2021,AU000000ANN9,0.0005209168010120531
2021,JP3173400007,0.002869361513559962
2021,AU000000CPU5,0.0009396429178796165
2021,JP3499800005,0.0007136677317184548
2021,AU000000QAN2,0.0010559768075886762
2021,JP3300600008,0.00039902705420241115
2021,SG1T75931496,0.004640078428167052
2021,JP3721400004,0.0003371720727021128
2021,HK0083000502,0.0016589664866579145
2021,JP3402600005,0.002102590099978568
2021,JP3119600009,0.0018326193643592855
2021,AU000000LLC3,0.0009651413913995763
2021,JP3835620000,0.0002953259368444075
2021,BMG8403G1033,0.00010616336168549203
2021,JP3526600006,0.0017771650956171032
2021,JP3900000005,0.0014749409584435072
2021,JP3165600002,0.00029956206380275406
2021,BMG2178K1009,0.0022197445043587835
2021,JP3837800006,0.0074101318683697185
2021,JP3684000007,0.002377233849434999
2021,JP3347200002,0.002729426136686368
2021,JP3811000003,0.00028081395751002237
2021,JP3137200006,0.0013572020306807128
2021,AU000000SHL7,0.002144754502715203
2021,JP3774200004,0.0011676186100443567
2021,JP3407400005,0.0016843433004231857
2021,JP3735400008,0.015589286429169503
2021,JP3919800007,0.00022158434793388682
2021,JP3449020001,0.0
2021,AU000000BEN6,0.0005862883976398774
2021,SG1N31909426,0.000433587805864228
2021,HK0440001847,0.00017285307551089213
2021,BMG2108M2182,0.0001323957116252838
2021,AU000000TAH8,0.0011670370359154845
2021,JP3592200004,0.002393396153946892
2021,JP3243600008,0.0004745187444746041
2021,SG1B51001017,0.0009285714022217349
2021,SG9999003735,0.00020790601075690987
2021,AU000000CIM7,0.0009274570762253089
2021,AU000000GMG2,0.004016428739708571
2021,HK0200030994,0.00043396325620863107
2021,JP3890310000,0.002764186220030595
2021,SG1J26887955,0.001184768245016347
2021,JP3111200006,0.0024990827215783757
2021,JP3791200003,0.0007047405408566526
2021,JP3419400001,0.0013573044279352102
2021,BMG4600H1198,0.0009064097049870528
2021,JP3588600001,0.0005082864243554052
2021,AU000000WES1,0.00748548773137468
2021,JP3573000001,0.001632889854154509
2021,JP3194000000,0.00027584253922723626
2021,AU000000WOR2,0.000660838938761197
2021,JP3566800003,0.004659837007869202
2021,HK0000608585,0.0018250993578161224
2021,JP3421100003,4.911422584631225e-05
2021,JP3397200001,0.003716058535632356
2021,JP3845400005,0.0
2021,JP3982100004,0.0008466356151385516
2021,AU000000CSL8,0.014844317397797643
2021,AU000000NAB4,0.009519935110877722
2021,JP3870400003,0.0006361060622193531
2021,JP3166000004,0.0005705526914327012
2021,JP3898400001,0.006044885628268308
2021,JP3358000002,0.0035625791949448313
2021,AU000000MAH3,8.708949687991354e-05
2021,AU000000SIG5,6.317325316908475e-05
2021,JP3522200009,0.0005437003164167405
2021,JP3270000007,0.000906942447211816
2021,JP3670800006,0.0013535381609870978
2021,AU000000ORG5,0.000940409826569501
2021,AU000000BWP3,0.0002658975013789497
2021,JP3888300005,0.0010561579565880794
2021,AU000000TCL6,0.0044736906289417205
2021,JP3868400007,0.0007169764983862841
2021,JP3027670003,0.0015400322244348652
2021,HK0270001396,0.0019007964287524586
2021,AU000000IFL2,0.00025725095984799676
2021,JP3246400000,0.0004463095545782883
2021,JP3672400003,0.003484189581479967
2021,JP3126400005,0.0004504982686538699
2021,JP3486800000,0.0012121862009060892
2021,BMG5320C1082,0.0013396118465676197
2021,JP3304200003,0.004378116329278375
2021,HK0836012952,0.0
2021,JP3475350009,0.010643813512770555
2021,JP3582600007,0.000492518794890447
2021,JP3535800001,0.00045378465150885255
2021,JP3560800009,0.0005664790038485632
2021,JP3718800000,0.00029702093162471455
2021,JP3165700000,0.0033537742157390576
2021,AU000000CWY3,0.0005376693270079726
2021,JP3409000001,0.0023302503412659546
2021,JP3405400007,0.0005928977064901237
2021,HK0066009694,0.005520685112856552
2021,JP3814000000,0.0048051960542911535
2021,JP3633400001,0.03646862548681005
2021,AU0000033359,0.0003426045049262859
2021,JP3400900001,0.0
2021,JP3027680002,0.001250278760010604
2021,JP3203500008,9.606203771487593e-05
2021,JP3229400001,0.0012046587287553759
2021,JP3398000004,0.000706623246487959
2021,JP3780100008,0.00045495149386342334
2021,AU0000088338,0.0007619763029633273
2021,JP3734800000,0.012794592182053812
2021,AU000000CBA7,0.018313001048019494
2021,JP3600200004,0.0010482068601769968
2021,KYG210961051,0.0037098501686770435
2021,JP3502200003,0.0013191049001377358
2021,JP3549600009,0.0005977041014601633
2021,HK0000055878,0.0010947485868488276
2021,JP3435000009,0.019849936991794652
2021,AU000000GPT8,0.0010410481160607026
2021,JP3459600007,0.00046183490501855554
2021,JP3134800006,0.0005301999563625238
2021,MU0117U00026,0.0
2021,HK0101000591,0.0019081373153668993
2021,SG1R89002252,0.0008199095020820869
2021,JP3351500008,0.0007732840610136672
2021,JP3619800000,0.00017335733522563554
2021,JP3862400003,0.0021266104531357335
2021,JP3496400007,0.010903554813520303
2021,JP3456000003,0.0002642169619755138
2021,JP3955000009,0.0009477756877587016
2021,JP3305990008,0.000818582604922726
2021,SG1V61937297,0.001480984450883633
2021,JP3158800007,0.0
2021,AU000000SUN6,0.001602585902396265
2021,HK0006000050,0.0018164767139271668
2021,JP3910660004,0.005472730963175808
2021,JP3899600005,0.0035111559060111144
2021,BMG524401079,0.0007025853044622471
2021,AU000000DOW2,0.00048440207120898813
2021,HK0014000126,0.000552543259583365
2021,JP3274400005,0.00015859651478364185
2021,JP3305530002,0.0007151929678380946
2021,AU000000SEK6,0.0011727589214815908
2021,NZAIRE0001S2,0.00020089570485482995
2021,JP3205800000,0.005552851791431595
2021,AU000000BHP4,0.01594144507173116
2021,AU000000MTS0,0.0003960773802564027
2021,JP3385980002,0.0011914804158067755
2021,JP3494600004,0.0006479355459541848
2021,JP3827200001,0.0003091700590218933
2021,BMG8063F1068,0.0004828430164548807
2021,AU000000WOW2,0.006125605272342837
2021,NZSKCE0001S2,0.0003166273841076714
2021,JP3788600009,0.0064672707538629805
2021,AU000000RHC8,0.0018448547559442386
2021,AU000000SBM8,0.0002219217012358372
2021,JP3967200001,0.0022546871020304895
2021,SG1L01001701,0.00776471411221306
2021,JP3197600004,0.002557364593508255
2021,JP3389900006,0.00027624928330492103
2021,JP3276400003,0.00040255798317101243
2021,JP3778630008,0.002992233695125448
2021,AU000000GWA4,0.0001725588679580622
2021,JP3657400002,0.00056464751898269
2021,JP3293200006,0.0005359165073114259
2021,SG1S83002349,0.0007337063820732079
2021,JP3634200004,0.0005945680482295357
2021,JP3336000009,0.000935489276788519
2021,HK0002007356,0.002655216053841426
2021,JP3579800008,0.0003010905577484261
2021,JP3359600008,0.0018065943188882703
2021,JP3896800004,0.0008425748002986609
2021,US89677Q1076,0.003047435561932859
2021,JP3902900004,0.009731065040398366
2021,JP3122800000,0.0006864901920065729
2021,JP3574200006,0.0012381888750923708
2021,AU000000SXL4,5.101837811122191e-05
2021,JP3415400005,0.00044859527703946134
2021,JP3893600001,0.00495747909990856
2021,JP3381000003,0.0014481597233256714
2021,AU000000DXS1,0.0011464107082057352
2021,JP3977400005,0.0010474579695487337
2021,JP3249600002,0.003669303838776002
2021,JP3108600002,0.0011009582736567702
2021,SG2B80958517,0.000177963626429655
2021,HK0165000859,0.0004497528632764117
2021,JP3546800008,0.004662729129634149
2021,JP3148800000,0.0010555713545216787
2021,JP3743000006,0.0007302787906251496
2021,JP3771800004,0.0014220476751129031
2021,JP3162600005,0.006606240823094726
2021,JP3210200006,0.0012169670678371105
2021,JP3228600007,0.0013886023674056854
2021,HK0016000132,0.006283149984527396
2021,SG9999000020,0.001472664789762665
2021,AU000000MQG1,0.005876212429009201
2021,JP3493400000,0.0004989389002126946
2021,HK0363006039,0.00023510933881253768
2021,KYG548561284,0.0002519306958548892
2021,JP3300200007,0.0014261071635496103
2021,JP3935600001,0.0006853262007981911
2021,KYG217651051,0.0042240335404937785
2021,JP3940000007,0.0017431890336113683
2021,JP3452000007,0.0012012049481271545
2021,JP3769000005,0.00033168257201072365
2021,JP3197800000,0.002970920750722836
2021,KYG0535Q1331,0.0009014809031883208
2021,JP3942800008,0.0012639722090937227
2021,JP3551200003,0.0
2021,HK0008011667,0.0008359425366355705
2021,JP3982800009,0.0017853438959383942
2021,JP3351600006,0.004435316473180596
2021,JP3850200001,0.0
2021,JP3866800000,0.005086935021556671
2021,JP3292200007,0.0004966327017311239
2021,HK0000745908,0.000542903971875782
2021,JP3571400005,0.009668528238281057
2021,JP3386030005,0.0005137761563394742
2021,JP3362700001,0.0005715701102784655
2021,JP3429800000,0.001689707713117498
2021,AU000000JBH7,0.000655249730877022
2021,AU000000BLD2,0.0007171233912754445
2021,JP3294460005,0.0012550431258851647
2021,JP3268950007,0.0007794691673157144
2021,AU000000COH5,0.0015696999024747398
2021,JP3371200001,0.011473214924926178
2021,JP3711600001,0.0013846021793722945
2021,JP3544000007,0.0005804850067165328
2021,JP3939000000,0.0007150550730125079
2021,HK0000139300,4.326068558266687e-05
2021,JP3548610009,0.00040690154661586286
2021,JP3870000001,0.00035683920847961965
2021,JP3436100006,0.026822220126562216
2021,JP3277800003,0.0015345586712334225
2021,HK2380027329,0.0
2021,JP3414750004,0.001069843670320124
2021,SGXE34184239,0.00025039513652887993
2021,HK0688002218,0.0040460793673068535
2021,AU0000224040,0.0028423414981782556
2021,HK0019000162,0.0009783058360304429
2021,JP3463000004,0.008598681218131145
2021,JP3695200000,0.000949102158332537
2021,AU000000BOQ8,0.00045711238053852156
2021,JP3404200002,0.0002965846519859255
2021,AU000000CQR9,0.0003175725621836285
2021,JP3595200001,0.0008536291447343085
2021,JP3877600001,0.0018589929935904342
2021,JP3352400000,0.00015671521062996533
2021,JP3635400009,0.0005034588964485351
2021,JP3742600004,0.0002813032283773969
2021,JP3605400005,0.0002445115831743061
2021,JP3260800002,0.0012578550922815652
2021,JP3766550002,0.0009481321382284331
2021,JP3539220008,0.0011859791023905507
2021,AU000000IGO4,0.0006441222035370759
2021,SG1P66918738,0.00042071860027045194
2021,JP3528600004,9.339883713125073e-05
2021,JP3786200000,0.0009948711626400495
2021,JP3753000003,0.0006757854141401592
2021,AU000000BSL0,0.0010072380385818401
2021,JP3350800003,4.763369017825967e-05
2021,HK0000049939,0.002722966845627215
2021,JP3375800004,0.0005914948797658384
2021,HK0012000102,0.0031171461246591523
2021,JP3421800008,0.003179843369140699
2021,JP3942600002,0.0017651946396183879
2021,KYG2108Y1052,0.004543105992811201
2021,JP3266400005,0.004321777985994224
2021,JP3820000002,0.0009937188885370753
2021,NZAIAE0002S6,0.0012606020194960935
2021,JP3240400006,0.0021054636742899075
2021,JP3407200009,3.753255700740281e-05
2021,JP3256000005,0.0023414855813120887
2021,JP3799000009,0.0010341137922456843
2021,JP3164630000,0.0011751991128971068
2021,BMG684371393,5.285582870946843e-05
2021,JP3675600005,0.0013639295005585966
2022,JP3351100007,0.0031578382452274647
2022,JP3326410002,0.00014370499922424667
2022,JP3626800001,0.0011494058035379335
2022,JP3425000001,0.00016819830177273074
2022,JP3200450009,0.004247590266458713
2022,JP3174410005,0.0005343804668009024
2022,HK0023000190,0.0007671890503368898
2022,JP3598600009,0.0012523045934926282
2022,HK0308001558,0.00025333088656441413
2022,JP3818000006,0.004314094329129563
2022,JP3893200000,0.0031148719855945304
2022,AU000000PPT9,0.0001966864616938876
2022,JP3621000003,0.001339371613687644
2022,BMG507361001,0.006547229649097036
2022,JP3914400001,0.007940716512453455
2022,JP3826800009,0.00013352220290746927
2022,AU000000ORI1,0.0005371354408817425
2022,KYG9431R1039,0.002028962704111153
2022,SG1U68934629,0.001218374200335361
2022,JP3511800009,0.0009480137412452941
2022,JP3385820000,0.0002684812567926708
2022,JP3756600007,0.010102319623757596
2022,JP3585800000,0.0009274102368010009
2022,JP3188220002,0.0029731555269738564
2022,SG1M51904654,0.0016158202189829045
2022,JP3419050004,0.0007443436767583313
2022,JP3039710003,0.0008556414451173825
2022,JP3783600004,0.0035616481988174796
2022,AU000000FLT9,0.0004733224218210371
2022,AU000000BPT9,0.00035587218182643436
2022,AU000000ASX7,0.001839699244918823
2022,JP3112000009,0.0016739278410435885
2022,AU000000IVC8,0.0002226527052652527
2022,JP3491000000,0.00019026920940353058
2022,NZTELE0001S4,0.0008704564958728106
2022,JP3219000001,0.00046823707172169817
2022,JP3131430005,0.0005803690875140204
2022,JP3401400001,0.0010659811488013169
2022,JP3830800003,0.00494963520672513
2022,JP3720800006,0.00039679035760051235
2022,JP3485800001,0.0001629250328866544
2022,AU000000IRE2,0.00021961671873586545
2022,JP3102000001,0.0017579410038115627
2022,JP3787000003,0.0008320286057808225
2022,SGXE21576413,0.0010874644421654549
2022,JP3224200000,0.0005172699254260759
2022,JP3538800008,0.0024326848910261583
2022,JP3629000005,0.001175996771253073
2022,JP3638600001,0.000551059172037156
2022,SG1T58930911,0.00021292857607318197
2022,JP3269600007,0.0004573353152816595
2022,JP3352000008,0.00017602512912504246
2022,JP3160400002,0.0022732052242521905
2022,JP3944130008,0.0007849721967492082
2022,JP3834800009,0.00024058004073565612
2022,AU000000STO6,0.0027954684583714235
2022,JP3733000008,0.0019148317963655233
2022,SG1M77906915,0.0013035392850630492
2022,AU000000CSR5,0.00012315079409363206
2022,SG0531000230,0.0005725512982227541
2022,HK0388045442,0.011117331647495713
2022,JP3942400007,0.004775129456328421
2022,JP3814800003,0.002149034658087473
2022,AU000000MND5,0.0001417882731461521
2022,JP3143000002,0.0007115976114845297
2022,AU000000ABC7,5.578883261257008e-05
2022,HK0293001514,0.0007401339612819359
2022,JP3495000006,0.0006274944121362565
2022,JP3198900007,0.010039292348737175
2022,JP3164800009,0.0003869244991354456
2022,JP3762600009,0.002447450514603794
2022,JP3711200000,0.000685634587007289
2022,JP3320800000,0.00019484169399949588
2022,JP3659000008,0.0016977265467795256
2022,AU000000OZL8,0.0010255876579044144
2022,JP3738600000,0.000731452101850071
2022,BMG988031446,0.000394802712748788
2022,JP3830000000,0.0009307398833940353
2022,JP3242800005,0.005184641196161435
2022,JP3443600006,0.0013705942531091024
2022,JP3131400008,0.0004326383911081784
2022,JP3357200009,0.0017365756917713155
2022,JP3411000007,0.00018718401396060978
2022,JP3665200006,0.0005485374882304207
2022,KYG525621408,0.0008914401022853834
2022,AU000000SGM7,0.0004033182304150817
2022,JP3596200000,0.0011283849672332764
2022,JP3368000000,0.0004167232485918014
2022,HK0392044647,0.0007708649532270409
2022,JP3215800008,0.00040679926899091565
2022,JP3940400009,0.000579926179993723
2022,JP3599000001,7.313099973817979e-05
2022,BMG668971101,0.0007470450310760971
2022,JP3906000009,0.001725898710757692
2022,AU000000ALL7,0.0029977663328825963
2022,JP3358800005,0.0009265155912384356
2022,HK0823032773,0.0028382391460272335
2022,JP3289800009,0.0
2022,HK0003000038,0.004785556841271511
2022,JP3322930003,0.0010507763158585255
2022,JP3180400008,0.0009816502205528652
2022,JP3551520004,0.0016804084059060655
2022,JP3634600005,0.004023024082370037
2022,AU000000AMP6,0.0003643527495450549
2022,JP3143600009,0.00802330708316652
2022,JP3765400001,0.0004262497478965015
2022,AU000000ERA9,0.00015945048430641146
2022,HK0010000088,0.0004601948719786601
2022,HK0011000095,0.005699490275181962
2022,JP3209000003,0.0004523844583782438
2022,JP3201200007,0.004502906627233575
2022,HK0004000045,0.0016072140441155901
2022,JP3667600005,0.00045669968918874234
2022,JP3196000008,0.0009266015960438888
2022,AU000000SGP0,0.001047086377090288
2022,JP3792600003,0.000864672407301594
2022,JP3493800001,0.0012808502651010163
2022,AU000000WBC1,0.008313431571861095
2022,JP3613000003,0.0008288488622463255
2022,SG1S04926220,0.006538626485059754
2022,JP3156400008,0.0002630330610281885
2022,JP3404600003,0.0030756092016892105
2022,JP3663900003,0.00082581898111316
2022,HK0242001243,0.00020054161363436366
2022,JP3126340003,0.0005449348068957293
2022,JP3688370000,0.0008386401713909965
2022,AU000000CGF5,0.0004811272254746497
2022,JP3802400006,0.0062210967654619375
2022,JP3481800005,0.009454907736929554
2022,SG1F60858221,0.0015394284250574465
2022,JP3890350006,0.008022039146951765
2022,JP3420600003,0.002165966894117953
2022,JP3902400005,0.003891059868660473
2022,BMG677491539,0.0026325443198280144
2022,NZCENE0001S6,0.0006385772730276194
2022,AU000000IAG3,0.001124963727599583
2022,JP3190000004,0.0010086443314032262
2022,JP3678000005,0.0002688054208674168
2022,JP3854600008,0.008264753028124273
2022,HK2388011192,0.006231361377153445
2022,JP3283650004,0.0008955093780918509
2022,JP3726200003,0.00037654634859389893
2022,KYG5427W1309,0.00035996460127156883
2022,JP3172100004,0.0001741383749619064
2022,HK0144000764,0.001372466298134765
2022,JP3116000005,0.0033935255263962683
2022,JP3263000006,0.000578133954333626
2022,JP3040890000,0.0004685250052162644
2022,AU000000NCM7,0.002063454278249277
2022,IE00BKVD2N49,0.00379059688384526
2022,JP3613400005,0.00037543764827833537
2022,JP3551500006,0.00917399521019646
2022,JP3894900004,0.0005972543113070011
2022,JP3358200008,0.0004996892007808878
2022,JP3796150005,0.0005432902033903865
2022,JP3951600000,0.003975148584207303
2022,JP3726800000,0.006340120299877445
2022,HK0291001490,0.0037669550793827692
2022,JP3756100008,0.0026860211595317665
2022,JP3122400009,0.002709759588584135
2022,JP3258000003,0.0021672174227859078
2022,JP3223800008,0.0009805422053710553
2022,BMG2624N1535,0.0006782303613828908
2022,JP3625000009,0.0
2022,AU000000APA1,0.0013063284302399008
2022,AU000000QBE9,0.0018605596262816961
2022,AU000000ELD6,0.0002964054657710832
2022,JP3992400006,0.0001878437946828501
2022,JP3388200002,0.003163968078525572
2022,JP3143900003,0.0009734799815773827
2022,JP3271400008,0.00044343668543987463
2022,AU000000SWM4,0.00015600183036779594
2022,JP3733400000,0.0004389858622146489
2022,JP3933800009,0.006458659360262356
2022,JP3802300008,0.00933370636308424
2022,JP3505000004,0.0030993613176826897
2022,JP3885400006,0.0014852149300644203
2022,SG1R50925390,0.0
2022,JP3903000002,0.0
2022,JP3973400009,0.0011007905537517013
2022,JP3519400000,0.008550592874520828
2022,JP3635000007,0.002239729903027301
2022,AU000000ANZ3,0.008305746609566497
2022,AU000000ILU1,0.000608251521555294
2022,AU000000TLS2,0.005260068353168894
2022,JP3280200001,0.000453931571195498
2022,JP3762800005,0.003515716057742839
2022,AU000000MGR9,0.0011911293646438231
2022,JP3676800000,0.0006816206187863879
2022,JP3902000003,0.00025263794441841977
2022,JP3118000003,0.0005584752459381642
2022,BMG2442N1048,0.0005741341548120779
2022,JP3888400003,0.00026658474570892917
2022,NZFBUE0001S0,0.0005204420857525025
2022,AU000000ANN9,0.0002904101236538215
2022,JP3173400007,0.002555019980954173
2022,AU000000CPU5,0.0013641410245440447
2022,JP3499800005,0.0012223718595793527
2022,AU000000QAN2,0.0010781321630923724
2022,JP3300600008,0.0003543169639313192
2022,SG1T75931496,0.004718030190323816
2022,JP3721400004,0.00033936224580986124
2022,HK0083000502,0.0015839704915479394
2022,JP3402600005,0.00201335949637177
2022,JP3119600009,0.002368801731381851
2022,AU000000LLC3,0.000763146371607018
2022,JP3835620000,0.0002723971367809651
2022,BMG8403G1033,0.0001324150543883884
2022,JP3526600006,0.001543004416671863
2022,JP3900000005,0.001333715317334995
2022,JP3869010003,0.000853591917928129
2022,JP3165600002,0.00022564539663440516
2022,BMG2178K1009,0.002384254681578915
2022,JP3837800006,0.007746897180758743
2022,JP3684000007,0.0018401470710685873
2022,JP3347200002,0.00342546490062978
2022,JP3811000003,0.0003466303402667197
2022,JP3137200006,0.0015421517025879287
2022,AU000000SHL7,0.002157791038340246
2022,JP3774200004,0.0009926351245621978
2022,JP3407400005,0.0016386220782741085
2022,JP3735400008,0.016253106063632627
2022,JP3919800007,0.0001703845436548917
2022,JP3449020001,0.0
2022,AU000000BEN6,0.0005395106118639546
2022,SG1N31909426,0.00035913412720245006
2022,HK0440001847,0.0002489590510787319
2022,BMG2108M2182,0.00011125581575825248
2022,AU000000TAH8,0.001241233423788351
2022,JP3592200004,0.002824225729035518
2022,JP3243600008,0.00037630189797819007
2022,SG1B51001017,0.0008001110362138254
2022,SG9999003735,0.00014852787399932522
2022,AU000000CIM7,0.0006149597341353356
2022,AU000000GMG2,0.004981141240120603
2022,HK0200030994,0.00023830222304922617
2022,JP3890310000,0.0032773700059418958
2022,SG1J26887955,0.0010204714525791185
2022,JP3111200006,0.0020749522359729137
2022,JP3791200003,0.0008376981252082706
2022,JP3419400001,0.0011449196960177709
2022,BMG4600H1198,0.0007928015490830571
2022,JP3588600001,0.0003848650359479906
2022,AU000000WES1,0.006730763379069108
2022,JP3573000001,0.0014966866190889209
2022,JP3194000000,0.0003626990117006635
2022,AU000000WOR2,0.0007333353347655013
2022,JP3566800003,0.00446699407403528
2022,HK0000608585,0.0015994723934382145
2022,JP3421100003,4.972816432539107e-05
2022,JP3397200001,0.003397359459476235
2022,JP3845400005,0.0
2022,JP3982100004,0.000774860340064157
2022,AU000000CSL8,0.013857748298650078
2022,AU000000NAB4,0.009994172195311546
2022,JP3870400003,0.0005798144767334985
2022,JP3166000004,0.0007589552615187832
2022,JP3898400001,0.007994457887429815
2022,JP3358000002,0.00346140851514981
2022,AU000000MAH3,7.907974925363104e-05
2022,AU000000SIG5,2.7528483643452765e-05
2022,JP3522200009,0.0
2022,JP3270000007,0.0009349224010318292
2022,SG1M31001969,0.005936706840742728
2022,JP3670800006,0.0013160097463634157
2022,AU000000ORG5,0.0009786076546803482
2022,AU000000BWP3,0.00015360473761428164
2022,JP3888300005,0.000822548660399278
2022,AU000000TCL6,0.004402670439277269
2022,JP3868400007,0.0007013996487195484
2022,JP3027670003,0.0014662309010599764
2022,JP3768600003,0.0006792021483247323
2022,HK0270001396,0.0014961528900537622
2022,AU000000IFL2,0.0002635610230827285
2022,JP3246400000,0.0
2022,JP3672400003,0.003488261086788529
2022,JP3126400005,0.0003615810908322383
2022,JP3486800000,0.0013344968641364552
2022,BMG5320C1082,0.0014964080879313235
2022,JP3304200003,0.0037115529228988874
2022,HK0836012952,0.00048824323426794605
2022,JP3475350009,0.006497204192044004
2022,JP3582600007,0.0005412014961823227
2022,JP3535800001,0.0004824514967669813
2022,JP3560800009,0.0003582089494119236
2022,JP3718800000,0.00036636191464115394
2022,JP3165700000,0.0043912752675584026
2022,AU000000CWY3,0.0006606046924749397
2022,JP3409000001,0.00227811447524654
2022,JP3405400007,0.00047547874756685785
2022,JP3783420007,0.0009785473393141202
2022,HK0066009694,0.00510354577166253
2022,JP3814000000,0.0055753286927195155
2022,JP3633400001,0.050268052547160755
2022,AU0000033359,0.0003524025506310731
2022,JP3400900001,0.0
2022,JP3027680002,0.001116213246141822
2022,JP3203500008,0.00014468282509554466
2022,JP3229400001,0.0008342586086511112
2022,JP3398000004,0.0006190698189921539
2022,JP3780100008,0.000354359088009117
2022,AU0000088338,0.0007743193342992079
2022,JP3734800000,0.008286003445356736
2022,AU000000CBA7,0.017840345968544242
2022,JP3600200004,0.0005227649215803095
2022,KYG210961051,0.003663719616263362
2022,JP3502200003,0.0017336569190140377
2022,JP3549600009,0.0004518736763795771
2022,HK0000055878,0.0008461853557241266
2022,JP3435000009,0.023031852837041608
2022,AU000000GPT8,0.001060261825235631
2022,JP3459600007,0.0003900939108992966
2022,JP3134800006,0.0006589439043301073
2022,MU0117U00026,0.0
2022,HK0101000591,0.0015648439800449992
2022,SG1R89002252,0.0008018511444318858
2022,JP3351500008,0.0007352703628693328
2022,JP3619800000,0.0
2022,JP3862400003,0.00175361418940363
2022,JP3496400007,0.011576818596502399
2022,JP3456000003,0.0002631943964129602
2022,JP3955000009,0.0007378241717032459
2022,JP3305990008,0.000875326842506136
2022,SG1V61937297,0.0015847520294819185
2022,JP3158800007,0.0
2022,AU000000SUN6,0.001626580044057734
2022,HK0006000050,0.001997770779929497
2022,JP3910660004,0.006556240472991418
2022,JP3899600005,0.0030331636886956684
2022,BMG524401079,0.0008384143388631006
2022,AU000000DOW2,0.00042655733018443116
2022,HK0014000126,0.0004694616137114425
2022,JP3274400005,0.00017707286790790498
2022,JP3305530002,0.0005815658473487383
2022,AU000000SEK6,0.0010340126810688649
2022,NZAIRE0001S2,0.00012051046663783892
2022,JP3205800000,0.0037589816682088383
2022,AU000000BHP4,0.025638859287575613
2022,AU000000MTS0,0.0004186804849343106
2022,JP3385980002,0.0013070844218119866
2022,JP3494600004,0.0007951228716375833
2022,JP3827200001,0.00023367650426656534
2022,BMG8063F1068,0.0004818421743485675
2022,AU000000WOW2,0.004596781280149665
2022,NZSKCE0001S2,0.00034992558025494046
2022,JP3788600009,0.007945398460940296
2022,JP3305800009,4.635745869307202e-16
2022,AU000000RHC8,0.0018387442093018471
2022,AU000000SBM8,0.0001469940934964298
2022,JP3967200001,0.0021427506075991968
2022,SG1L01001701,0.010562826335568673
2022,JP3197600004,0.002045024272763652
2022,JP3389900006,0.00016661435370897792
2022,JP3276400003,0.0005282722135059522
2022,JP3778630008,0.0025225725217855413
2022,AU000000GWA4,0.00015101630201147124
2022,JP3657400002,0.0008383482194323735
2022,JP3293200006,0.0004323542174512471
2022,SG1S83002349,0.000667819531857898
2022,JP3634200004,0.0003905552915279124
2022,JP3684400009,0.00014143018832129216
2022,JP3336000009,0.0005708655136562957
2022,HK0002007356,0.0026618231790856155
2022,JP3579800008,0.0003743186098202548
2022,JP3359600008,0.001066831338911344
2022,JP3896800004,0.0006491861990258
2022,US89677Q1076,0.0026554550423886505
2022,JP3902900004,0.01299557971602947
2022,JP3122800000,0.0005604060946781967
2022,JP3574200006,0.0013435049878497095
2022,JP3789000001,0.000374920260701228
2022,JP3841800000,0.00010877696728060112
2022,AU000000SXL4,1.660811154570594e-05
2022,JP3415400005,0.0003905881190166383
2022,JP3893600001,0.006386564061012053
2022,JP3381000003,0.0019033121286095491
2022,AU000000DXS1,0.0012792519190456897
2022,JP3977400005,0.0008116213765630095
2022,JP3249600002,0.003417317425448767
2022,JP3108600002,0.0007529614534155448
2022,SG2B80958517,0.000252804615609907
2022,HK0165000859,0.0004380545290618623
2022,JP3546800008,0.004255968712767184
2022,JP3148800000,0.00120534029448607
2022,JP3743000006,0.0006002934726175511
2022,JP3771800004,0.001245642478535098
2022,JP3162600005,0.006078930171148758
2022,JP3210200006,0.0010883611542201379
2022,JP3228600007,0.001143643768848888
2022,HK0016000132,0.005471729312731838
2022,SG9999000020,0.001204347958106254
2022,AU000000MQG1,0.008206129564099806
2022,JP3732200005,0.0005187566113867098
2022,JP3493400000,0.0004599613228439474
2022,HK0363006039,0.0003189878298141878
2022,JP3300200007,0.0011140428392582902
2022,JP3935600001,0.0005928933624323294
2022,KYG217651051,0.004107755435397745
2022,JP3940000007,0.0014093268818919738
2022,JP3452000007,0.0010532893205960133
2022,JP3769000005,0.00043364888190795624
2022,JP3197800000,0.0024355227006307026
2022,KYG0535Q1331,0.0005769704557281137
2022,JP3942800008,0.0012493750331978833
2022,JP3551200003,0.0
2022,HK0008011667,0.000795993014512774
2022,JP3982800009,0.0014245477847588338
2022,JP3351600006,0.003277043904841719
2022,JP3850200001,0.0
2022,JP3866800000,0.004226930525591778
2022,JP3292200007,0.00043501589747143443
2022,HK0000745908,0.0004872816045630826
2022,JP3571400005,0.01208436043230963
2022,JP3386030005,0.0006498638108089514
2022,JP3362700001,0.0016204143432080806
2022,JP3429800000,0.0015769779748760321
2022,AU000000JBH7,0.0005538128780367527
2022,AU000000BLD2,0.0007339598111709427
2022,JP3294460005,0.002152739575580824
2022,JP3268950007,0.0007545481242457048
2022,AU000000COH5,0.0014334834976735154
2022,JP3371200001,0.011252480378086094
2022,JP3711600001,0.0014641134400713847
2022,JP3544000007,0.0003784884172634345
2022,JP3658850007,0.0004218168395264317
2022,JP3939000000,0.0004402524579625968
2022,HK0000139300,6.668967494890974e-05
2022,JP3548610009,0.0003156916656034171
2022,JP3870000001,0.00021300385435771516
2022,JP3436100006,0.012179337874920034
2022,JP3277800003,0.0008685652708118712
2022,HK2380027329,0.00015621010993163825
2022,JP3414750004,0.0010233173717505164
2022,SGXE34184239,0.00032698095618768447
2022,HK0688002218,0.005065441145660755
2022,AU0000224040,0.0027205950386868165
2022,HK0019000162,0.000925771243694527
2022,JP3463000004,0.007007989128035097
2022,JP3695200000,0.0009037869480419718
2022,AU000000BOQ8,0.0005774250374060405
2022,JP3404200002,0.00028129259603858263
2022,AU000000CQR9,0.00035211458678215135
2022,JP3595200001,0.0006384166271307007
2022,JP3877600001,0.0028640815011247945
2022,JP3352400000,0.0002786461231113309
2022,JP3635400009,0.0005025027097673637
2022,JP3742600004,0.0003944402933332825
2022,JP3605400005,0.0
2022,JP3260800002,0.0008078724958481248
2022,JP3766550002,0.0009847450515146935
2022,JP3539220008,0.001405529455545743
2022,AU000000IGO4,0.0010153609713730635
2022,JP3528600004,4.787194967254318e-05
2022,JP3753000003,0.002287753672488321
2022,AU000000BSL0,0.0009609927646101081
2022,JP3350800003,0.0
2022,HK0000049939,0.002504624257826075
2022,JP3375800004,0.0009830997108698134
2022,HK0012000102,0.0033040893782706024
2022,JP3421800008,0.0024426735551403575
2022,JP3942600002,0.001290680994886008
2022,KYG2108Y1052,0.005345270093744787
2022,JP3266400005,0.003914597483157569
2022,JP3820000002,0.0012164330027391317
2022,NZAIAE0002S6,0.001169102109296275
2022,JP3240400006,0.002286621921685587
2022,JP3407200009,4.055727307588412e-05
2022,JP3256000005,0.0020077984414884364
2022,JP3799000009,0.0010700869708182921
2022,JP3164630000,0.0009931796686496017
2022,BMG684371393,0.0003600891879594643
2022,JP3675600005,0.0011576234640983591
2023,JP3351100007,0.00236836319973889
2023,JP3326410002,0.00033837103757927066
2023,JP3626800001,0.0008603224268132595
2023,JP3425000001,0.00019989866712058577
2023,JP3200450009,0.0037003428003557944
2023,JP3174410005,0.00028418495390868266
2023,HK0023000190,0.0005972145361914523
2023,JP3598600009,0.0013066546377518494
2023,HK0308001558,0.00029072404579665425
2023,JP3818000006,0.005019691707259008
2023,JP3893200000,0.002928532605110903
2023,AU000000PPT9,0.00035190883138210027
2023,JP3621000003,0.0015277504859802884
2023,JP3597800006,0.000750506572226466
2023,BMG507361001,0.002574321405500626
2023,JP3914400001,0.006665324916213061
2023,JP3826800009,0.00012155558332552925
2023,AU000000ORI1,0.0007010001328206767
2023,KYG9431R1039,0.0015693168132644019
2023,SG1U68934629,0.001817165539015441
2023,JP3511800009,0.0011121806346667373
2023,JP3385820000,0.00020122845370383895
2023,JP3756600007,0.009435397659487088
2023,JP3585800000,0.0011264888701210754
2023,JP3188220002,0.0030688987112758373
2023,SG1M51904654,0.0019015855331401014
2023,JP3419050004,0.0007147493818255064
2023,JP3039710003,0.0008543876843202998
2023,JP3783600004,0.0033988879756197375
2023,AU000000FLT9,0.0005353090898680988
2023,AU000000BPT9,0.00036517834125607333
2023,AU000000ASX7,0.0016459164571926601
2023,JP3112000009,0.0014063149276051165
2023,JP3491000000,0.00021939056710273142
2023,NZTELE0001S4,0.0011167367450286775
2023,JP3219000001,0.0006034434039828316
2023,JP3131430005,0.0005974417629386562
2023,JP3401400001,0.0006410058595131387
2023,JP3830800003,0.004588552764325109
2023,JP3720800006,0.00033943293746564507
2023,JP3485800001,0.00014591325365609958
2023,AU000000IRE2,0.00019404943144674512
2023,JP3102000001,0.0014762119353308905
2023,JP3787000003,0.000776898764477673
2023,SGXE21576413,0.001628032168473627
2023,JP3224200000,0.0006917859078653828
2023,JP3538800008,0.00234116072835599
2023,JP3629000005,0.0011094194392467943
2023,JP3638600001,0.0004465732776859498
2023,SG1T58930911,0.0001825628658023355
2023,JP3269600007,0.0004636796162278752
2023,JP3352000008,0.000301777012523774
2023,JP3160400002,0.003018030204913225
2023,JP3944130008,0.0007156310818796783
2023,JP3834800009,0.00011960751071982922
2023,AU000000STO6,0.0027759095079601982
2023,JP3733000008,0.0018454067015746917
2023,SG1M77906915,0.0015705995010528247
2023,AU000000CSR5,0.00010765038548908365
2023,SG0531000230,0.0007064579807390104
2023,HK0388045442,0.009653745732223894
2023,JP3942400007,0.0045219277779758515
2023,JP3814800003,0.0020389859021412667
2023,AU000000MND5,0.00019885706144737072
2023,JP3143000002,0.0004433054954030942
2023,AU000000ABC7,0.0
2023,HK0293001514,0.000841180840369686
2023,JP3495000006,0.00042575293130472724
2023,JP3198900007,0.0102460481068783
2023,JP3164800009,0.00032958739110637775
2023,JP3762600009,0.002231549578200683
2023,JP3711200000,0.0006460706332409064
2023,JP3320800000,0.0003283109298640922
2023,JP3659000008,0.0017971012757859433
2023,JP3738600000,0.0007630105877959573
2023,BMG988031446,0.00043969691898838555
2023,JP3830000000,0.0008151623680451133
2023,JP3242800005,0.005252333216728288
2023,JP3443600006,0.0012355108321866217
2023,JP3131400008,0.000434958971855174
2023,JP3357200009,0.001570863634398481
2023,JP3411000007,0.00022181953873064375
2023,JP3665200006,0.0005730010010134341
2023,KYG525621408,0.000801989965242902
2023,AU000000SGM7,0.00044440138440353095
2023,JP3596200000,0.0010308933879094894
2023,JP3368000000,0.00031664315661177186
2023,HK0392044647,0.0008751945640535501
2023,JP3215800008,0.0003405871763625438
2023,JP3940400009,0.0006116447546682709
2023,JP3599000001,2.2116147681737448e-05
2023,BMG668971101,0.0008228373091445606
2023,JP3906000009,0.001353415273161689
2023,JP3436120004,0.0010011917044401698
2023,AU000000ALL7,0.0027656882461751984
2023,JP3358800005,0.0006987884976391281
2023,HK0823032773,0.002949803077966401
2023,JP3289800009,0.0
2023,HK0003000038,0.0034887695124314823
2023,JP3322930003,0.0008852874303298048
2023,JP3180400008,0.0009638146358490102
2023,JP3551520004,0.001479034135871657
2023,JP3634600005,0.0033614587428142397
2023,AU000000AMP6,0.0005246752165075762
2023,JP3143600009,0.008592553846365765
2023,JP3765400001,0.00041025662652011314
2023,AU000000ERA9,0.00013654219672236097
2023,HK0010000088,0.0004555245728448868
2023,HK0011000095,0.005026282861451235
2023,JP3209000003,0.0003332508164387746
2023,JP3201200007,0.004133328728323597
2023,HK0004000045,0.0013362844502678676
2023,JP3667600005,0.0005408721658013693
2023,JP3196000008,0.00062730062218088
2023,AU000000SGP0,0.0011265564566276293
2023,JP3792600003,0.0005029009607278159
2023,JP3493800001,0.0013609667775512744
2023,AU000000WBC1,0.009799162511701685
2023,JP3613000003,0.0008285443589229446
2023,SG1S04926220,0.007495771096208375
2023,JP3156400008,0.00019065993302848938
2023,JP3404600003,0.0037303903351414373
2023,JP3663900003,0.0010025894281904962
2023,HK0242001243,0.0001619243810945295
2023,JP3126340003,0.0004825483283650366
2023,JP3688370000,0.0008913926212427087
2023,AU000000CGF5,0.0006331868318795049
2023,JP3802400006,0.0059425044847868265
2023,JP3481800005,0.008778733138484547
2023,SG1F60858221,0.0017096848639723736
2023,JP3890350006,0.010206242519284302
2023,JP3420600003,0.0021595779402459217
2023,JP3902400005,0.003947624595094431
2023,BMG677491539,0.002005910897064964
2023,SG1S76928401,0.00015454670682891187
2023,NZCENE0001S6,0.0006294693899991553
2023,AU000000IAG3,0.001380420401688563
2023,JP3190000004,0.0009426658460735704
2023,JP3678000005,0.0002055554313541999
2023,JP3854600008,0.007641202342385023
2023,HK2388011192,0.005958288103315453
2023,JP3283650004,0.001085277631234752
2023,JP3726200003,0.0004252123349651295
2023,KYG5427W1309,6.518988778724667e-05
2023,JP3172100004,0.0002076635363488993
2023,HK0144000764,0.0013268397423710603
2023,JP3116000005,0.003025248080045018
2023,JP3263000006,0.0004273179387812917
2023,JP3040890000,0.00036171984884374295
2023,IE00BKVD2N49,0.0025563356057603493
2023,JP3613400005,0.0004377656076328927
2023,JP3551500006,0.007372052365187964
2023,JP3894900004,0.0008022007283058616
2023,JP3358200008,0.0006154855530187123
2023,JP3796150005,0.0005436786279251993
2023,JP3951600000,0.004081820240258102
2023,JP3726800000,0.00701563282165682
2023,HK0291001490,0.004126963572522033
2023,JP3756100008,0.0026670037768583192
2023,JP3122400009,0.0025782978796302478
2023,JP3258000003,0.002288436318390647
2023,JP3223800008,0.0011196495319750152
2023,BMG2624N1535,0.0008718293489881983
2023,JP3625000009,0.0
2023,AU000000APA1,0.001531552977919188
2023,AU000000QBE9,0.0023188951553265815
2023,AU000000ELD6,0.000304789302076002
2023,JP3992400006,0.0002892294721157413
2023,JP3388200002,0.002988772399663072
2023,JP3271400008,0.0005101691423376998
2023,AU000000SWM4,0.0001400418477315048
2023,JP3733400000,0.000332127254500351
2023,JP3933800009,0.003812512438480769
2023,JP3802300008,0.011029466581093552
2023,JP3505000004,0.0027603815259231532
2023,JP3885400006,0.0012070166142006142
2023,SG1R50925390,0.000620539569421561
2023,JP3903000002,0.00039542510502743914
2023,JP3973400009,0.000877585921835424
2023,JP3519400000,0.007125986639799312
2023,JP3635000007,0.002462515808080197
2023,AU000000ANZ3,0.00894435090678723
2023,AU000000ILU1,0.0006658232482114138
2023,AU000000TLS2,0.0057574779131787
2023,JP3280200001,0.0004174138729956374
2023,JP3762800005,0.0026016168554086282
2023,AU000000MGR9,0.0011561252540882982
2023,JP3676800000,0.0007204970013693311
2023,JP3902000003,0.00028564942617052873
2023,JP3118000003,0.0007191917308971975
2023,BMG2442N1048,0.0006360430915463862
2023,JP3888400003,0.00025731753155481467
2023,NZFBUE0001S0,0.0004490782764515181
2023,AU000000ANN9,0.00032620856014989595
2023,JP3173400007,0.002654661126555829
2023,AU000000CPU5,0.001645689630699192
2023,JP3499800005,0.0013208733090071551
2023,AU000000QAN2,0.0013662905286291058
2023,JP3300600008,0.00041703847887621413
2023,SG1T75931496,0.005462588274791124
2023,JP3721400004,0.00019109884525383769
2023,HK0083000502,0.001870610009201233
2023,JP3402600005,0.0019036169592145011
2023,JP3119600009,0.0027463006328256
2023,AU000000LLC3,0.0007330918393554885
2023,JP3835620000,0.0002823750463014793
2023,BMG8403G1033,0.00011856488537616562
2023,JP3526600006,0.0017358289502110158
2023,JP3900000005,0.002236128290624663
2023,JP3869010003,0.0012714860961706195
2023,JP3165600002,0.00020862624609465442
2023,BMG2178K1009,0.0023642939828490413
2023,JP3837800006,0.006593980418983745
2023,JP3684000007,0.0016756158066101585
2023,JP3347200002,0.0027989655841508575
2023,JP3811000003,0.0004832047256332812
2023,JP3137200006,0.001615140030849751
2023,AU000000SHL7,0.001940543799429291
2023,JP3774200004,0.0011403158386678663
2023,JP3407400005,0.0015921248890476572
2023,JP3735400008,0.01830794116684647
2023,JP3919800007,6.731394709485545e-05
2023,JP3449020001,0.0
2023,AU000000BEN6,0.0006657147572830182
2023,SG1N31909426,0.0003449592466973815
2023,HK0440001847,0.00028410165105664277
2023,BMG2108M2182,0.0001088444040749692
2023,AU000000TAH8,0.0002826152910261975
2023,JP3243600008,0.0005164118604718318
2023,SG1B51001017,0.0013789613864587543
2023,SG9999003735,7.581296006249742e-05
2023,AU000000CIM7,0.0008680045384193456
2023,AU000000GMG2,0.004659587246024587
2023,HK0200030994,0.00033446588718426306
2023,JP3890310000,0.002991512945013692
2023,SG1J26887955,0.0011517266118537385
2023,JP3111200006,0.0017086810217691072
2023,JP3419400001,0.0010338902397292223
2023,BMG4600H1198,0.0006102460436538641
2023,JP3588600001,0.0003825372817311262
2023,AU000000WES1,0.00676773830741528
2023,JP3573000001,0.0015966150440306173
2023,JP3194000000,0.00033080579513633794
2023,AU000000WOR2,0.0009972282956895386
2023,JP3566800003,0.004289129283778909
2023,HK0000608585,0.0013550450909830532
2023,JP3421100003,0.0001541863512771811
2023,JP3397200001,0.0032136810034513797
2023,JP3845400005,0.0
2023,JP3982100004,0.0007883762294591594
2023,AU000000CSL8,0.01754773387104519
2023,AU000000NAB4,0.011795037343339579
2023,JP3870400003,0.0005368245165851087
2023,JP3166000004,0.0006571580085294997
2023,JP3898400001,0.008447506956219042
2023,JP3358000002,0.0029887802275948283
2023,AU000000MAH3,0.00012942307808258384
2023,AU000000SIG5,5.41013941121937e-05
2023,JP3522200009,0.0
2023,JP3270000007,0.0009768861589650028
2023,SG1M31001969,0.006468060737804749
2023,JP3670800006,0.0011874938486518868
2023,AU000000ORG5,0.0013829317412361905
2023,AU000000BWP3,0.00017540373255688183
2023,JP3888300005,0.0007355543839293136
2023,AU000000TCL6,0.005179690329906767
2023,JP3868400007,0.0008081868125706354
2023,JP3027670003,0.0011504841556517651
2023,JP3768600003,0.0007102486575246981
2023,HK0270001396,0.0012537299861545145
2023,AU000000IFL2,0.0002764278439299474
2023,JP3246400000,0.0
2023,JP3672400003,0.002544694309445937
2023,JP3126400005,0.00040844391484293153
2023,JP3486800000,0.001300282322558261
2023,BMG5320C1082,0.001265294863658388
2023,JP3304200003,0.003925636626333896
2023,HK0836012952,7.922306492003029e-05
2023,JP3475350009,0.010324934284256088
2023,JP3582600007,0.00043299586962413175
2023,JP3535800001,0.0005110857781773675
2023,JP3560800009,0.0002541280993410728
2023,JP3718800000,0.00036583515018142693
2023,JP3165700000,0.0037816191660208914
2023,AU000000CWY3,0.0007526360565082018
2023,JP3409000001,0.0018910817291899191
2023,JP3405400007,0.00038639092545552446
2023,JP3783420007,0.0012988803516134151
2023,HK0066009694,0.005574426182639507
2023,JP3814000000,0.0047589071824372196
2023,JP3633400001,0.04015927992326453
2023,AU0000033359,0.00031298803528034244
2023,JP3400900001,0.0
2023,JP3027680002,0.0008933036986413729
2023,JP3203500008,0.00014671959514418845
2023,JP3229400001,0.0005934764249043847
2023,JP3398000004,0.0005251076986922011
2023,JP3780100008,0.0005056594458752554
2023,AU0000088338,0.0008189037958661205
2023,JP3734800000,0.005551214634702089
2023,AU000000CBA7,0.022096888309455113
2023,JP3600200004,0.0003830149676843987
2023,KYG210961051,0.0033475886738076454
2023,JP3502200003,0.0013523665401388256
2023,JP3549600009,0.00023322609135271506
2023,HK0000055878,0.0008352634370676007
2023,JP3435000009,0.019100613526548026
2023,AU000000GPT8,0.0010671097513758224
2023,JP3459600007,0.00031376614243941437
2023,JP3134800006,0.0009117757159544053
2023,MU0117U00026,0.0
2023,HK0101000591,0.0015719880288578485
2023,SG1R89002252,0.0009910616299984214
2023,JP3351500008,0.0007506086798554003
2023,JP3619800000,0.0
2023,JP3862400003,0.0013879989410382168
2023,JP3496400007,0.012270505743994383
2023,JP3456000003,0.000381785845063879
2023,JP3955000009,0.0008488449093263846
2023,JP3305990008,0.0009276770921394445
2023,SG1V61937297,0.0021357226827678714
2023,JP3158800007,0.0
2023,AU000000SUN6,0.0019303806250695707
2023,HK0006000050,0.002011512650748279
2023,JP3910660004,0.007299919835249846
2023,JP3899600005,0.002727420834410643
2023,BMG524401079,0.0008450455068147796
2023,AU000000DOW2,0.00035167147788661625
2023,HK0014000126,0.0005999533562872036
2023,JP3274400005,0.0001485202988613838
2023,JP3305530002,0.0004814693981575775
2023,AU000000SEK6,0.000965633794357785
2023,NZAIRE0001S2,0.00019981367204287455
2023,JP3205800000,0.0031976886086883664
2023,JP3819400007,0.0003926621154965458
2023,AU000000BHP4,0.029666306807818867
2023,AU000000MTS0,0.0004388904577901896
2023,JP3385980002,0.0009744332036205743
2023,JP3494600004,0.0006835030317305987
2023,JP3827200001,0.00019166890663286615
2023,BMG8063F1068,0.000633901294969293
2023,AU000000WOW2,0.005233589103616516
2023,NZSKCE0001S2,0.00034302435795259973
2023,JP3788600009,0.008610675215325148
2023,JP3305800009,0.0
2023,AU000000RHC8,0.00198551092783614
2023,JP3931600005,0.0020726394280777337
2023,AU000000SBM8,0.00011477061647556004
2023,JP3967200001,0.0013484793990573539
2023,SG1L01001701,0.011666204720424084
2023,JP3197600004,0.0019325969925487823
2023,JP3389900006,0.000175727516337047
2023,JP3276400003,0.0005984306496031553
2023,JP3778630008,0.0025563627445553926
2023,AU000000GWA4,0.00015282884567626446
2023,JP3657400002,0.0008178862363227407
2023,JP3293200006,0.0004720739550431231
2023,SG1S83002349,0.0007291412176597539
2023,JP3634200004,0.0003847077881769628
2023,JP3684400009,0.00013771200786111843
2023,JP3336000009,0.00040369188260524987
2023,HK0002007356,0.001779132782650312
2023,JP3579800008,0.00042823838768132866
2023,JP3359600008,0.0008964339880405541
2023,JP3896800004,0.0005268160690056542
2023,US89677Q1076,0.003932037597659751
2023,JP3902900004,0.0157934940699427
2023,JP3122800000,0.0005315312246943447
2023,JP3574200006,0.0013515352248716392
2023,JP3789000001,0.0005024849209903569
2023,JP3841800000,0.00013354199600051507
2023,AU000000SXL4,0.0
2023,JP3415400005,0.0005076863652523581
2023,JP3893600001,0.007912752988427828
2023,JP3381000003,0.003043665389639181
2023,AU000000DXS1,0.001152779893398678
2023,JP3977400005,0.0007929005702697461
2023,JP3249600002,0.003096561279536383
2023,JP3108600002,0.0006309655144081496
2023,SG2B80958517,0.0002512477057681665
2023,HK0165000859,0.0003839517734768853
2023,JP3546800008,0.003624225976986025
2023,JP3148800000,0.0009604045007018692
2023,JP3743000006,0.0004962193152415651
2023,JP3771800004,0.0014204546076862121
2023,JP3162600005,0.0058818775815855
2023,JP3210200006,0.0011056996250201781
2023,JP3228600007,0.001078315244613602
2023,HK0016000132,0.006937889515462138
2023,SG9999000020,0.0018546656512599988
2023,AU000000MQG1,0.008843584696307139
2023,JP3732200005,0.00044757305854939465
2023,JP3493400000,0.000375448028807151
2023,HK0363006039,0.00026500442063033726
2023,JP3300200007,0.0010524804893942065
2023,JP3935600001,0.0005641225521195649
2023,KYG217651051,0.004067687029468919
2023,JP3940000007,0.001230620506791901
2023,JP3452000007,0.0007437839319607827
2023,JP3769000005,0.00044106380035182084
2023,JP3197800000,0.0020352396304362842
2023,KYG0535Q1331,0.0006213009040182322
2023,JP3942800008,0.0014309186060267546
2023,JP3551200003,0.0
2023,HK0008011667,0.0007651696168745589
2023,JP3982800009,0.0015129294647544243
2023,JP3351600006,0.003414942449749145
2023,JP3850200001,0.0
2023,JP3866800000,0.0039212920961044185
2023,JP3292200007,0.00041456820784721506
2023,HK0000745908,0.0007478874716493421
2023,JP3571400005,0.009804294417486207
2023,JP3386030005,0.0007590048770628311
2023,JP3362700001,0.0016461127041389216
2023,JP3429800000,0.0016251363649641844
2023,AU000000JBH7,0.0005189398137181122
2023,AU000000BLD2,0.0003836699417902526
2023,JP3294460005,0.002485157410749394
2023,JP3268950007,0.0006580395005550175
2023,AU000000COH5,0.00169514885706949
2023,JP3371200001,0.010159997422300723
2023,JP3711600001,0.0013083262999059803
2023,JP3544000007,0.0002133933393262558
2023,JP3658850007,0.0003776216413466146
2023,JP3939000000,0.00054559725634872
2023,HK0000139300,9.988510731572207e-05
2023,JP3548610009,0.0002922403290768675
2023,JP3870000001,0.00022684056289554996
2023,JP3436100006,0.014258517093588923
2023,JP3277800003,0.0006972587208472141
2023,HK2380027329,0.00037375390795981177
2023,JP3414750004,0.001087339141254209
2023,SGXE34184239,0.0005999239891835805
2023,HK0688002218,0.004930513865646047
2023,AU0000224040,0.008021278061417574
2023,HK0019000162,0.0013343590961471604
2023,JP3463000004,0.00841584738978528
2023,JP3695200000,0.0008089421705870758
2023,AU000000BOQ8,0.0005787652999435709
2023,JP3404200002,0.0002885978508580907
2023,AU000000CQR9,0.00036666249540661815
2023,JP3595200001,0.0004430371797983567
2023,JP3877600001,0.003600030062441562
2023,JP3352400000,0.00036008896718882084
2023,JP3635400009,0.000503507066909085
2023,JP3742600004,0.00037897220907253445
2023,JP3605400005,0.0
2023,JP3260800002,0.0009443477237218177
2023,JP3766550002,0.0007577070825493438
2023,JP3539220008,0.0015768756088629515
2023,AU000000IGO4,0.0013044311737325013
2023,JP3528600004,2.2638800994953652e-05
2023,JP3753000003,0.002244874966285351
2023,AU000000BSL0,0.0009894749246469855
2023,JP3350800003,0.0
2023,HK0000049939,0.0036840549308504557
2023,JP3375800004,0.0007105300287365191
2023,HK0012000102,0.0030125973780819244
2023,JP3421800008,0.0021619797051364116
2023,JP3942600002,0.0011651114197424618
2023,KYG2108Y1052,0.0057014828297835265
2023,JP3266400005,0.002947265751528402
2023,JP3820000002,0.0009426532830971072
2023,NZAIAE0002S6,0.0014218244099864078
2023,JP3240400006,0.0017761202173711681
2023,JP3407200009,0.0001520958338717693
2023,JP3256000005,0.0019361257341472518
2023,JP3799000009,0.0009568176228824968
2023,JP3164630000,0.0009872152110585932
2023,BMG684371393,0.0003282202840994598
2023,JP3675600005,0.0013646797757596134
2024,JP3351100007,0.0018502669342541742
2024,JP3326410002,0.0005058908230262004
2024,JP3626800001,0.0006667500127482365
2024,JP3425000001,9.6259246036785e-05
2024,JP3200450009,0.003786941360024543
2024,JP3174410005,0.00017105279805139286
2024,HK0023000190,0.0004904108443995498
2024,JP3598600009,0.0010813187819546407
2024,HK0308001558,0.00025776025087004837
2024,JP3818000006,0.004954234604446256
2024,JP3893200000,0.0036950127679020927
2024,AU000000PPT9,0.0002874728812955122
2024,JP3621000003,0.0011789752008878787
2024,JP3597800006,0.0007638558539915904
2024,BMG507361001,0.0017642752515343624
2024,JP3914400001,0.006814097611208474
2024,JP3826800009,8.374096027495636e-05
2024,AU000000ORI1,0.0007325580359930474
2024,KYG9431R1039,0.0013032452850206735
2024,SG1U68934629,0.0015857326256848874
2024,JP3511800009,0.0011349337598610895
2024,JP3385820000,0.00025630341392944003
2024,JP3756600007,0.01191056787644831
2024,JP3585800000,0.0015509325566755454
2024,JP3188220002,0.0034745441985010042
2024,SG1M51904654,0.0017290686699202515
2024,JP3419050004,0.0006356285769672251
2024,JP3039710003,0.0006906181114204233
2024,JP3783600004,0.0036060578438547007
2024,AU000000FLT9,0.0006149570986998886
2024,AU000000BPT9,0.0003675037239548288
2024,AU000000ASX7,0.0014380913390329806
2024,JP3112000009,0.0013186971636953953
2024,JP3491000000,0.0003305758059939516
2024,NZTELE0001S4,0.0010266854666538343
2024,JP3219000001,0.000578239703696655
2024,JP3131430005,0.00046155615779148085
2024,JP3401400001,0.0002811360142730646
2024,JP3830800003,0.005146630475004554
2024,JP3720800006,0.00026655934383315843
2024,JP3485800001,0.00029739139098425093
2024,AU000000IRE2,0.0001133819667718621
2024,JP3102000001,0.0017143289123597004
2024,JP3787000003,0.0009301411452656296
2024,SGXE21576413,0.0015855514159818518
2024,JP3224200000,0.0006924167111507546
2024,JP3538800008,0.0032483851537872654
2024,JP3629000005,0.0016616825333380365
2024,JP3638600001,0.0004293688447267961
2024,SG1T58930911,9.1161009905718e-05
2024,JP3269600007,0.0005980145328568907
2024,JP3352000008,0.00030910393979122615
2024,JP3160400002,0.0022014371097753387
2024,JP3944130008,0.0007581927980184972
2024,JP3834800009,4.090552667112699e-05
2024,AU000000STO6,0.0027287280499899177
2024,JP3733000008,0.0030394517763109143
2024,SG1M77906915,0.0015498266156358308
2024,SG0531000230,0.0005125256371686015
2024,HK0388045442,0.0061974121856322555
2024,JP3942400007,0.00325900745296053
2024,JP3814800003,0.002367453615610122
2024,AU000000MND5,0.00017908430270961552
2024,JP3143000002,0.00027328671767479115
2024,AU000000ABC7,0.00022842374815693103
2024,HK0293001514,0.0007483349065573031
2024,JP3495000006,0.00016076777640865292
2024,JP3198900007,0.010870010482818972
2024,JP3164800009,0.00037034754188083755
2024,JP3762600009,0.0027607516909522673
2024,JP3711200000,0.000530643732220213
2024,JP3320800000,0.0005516573825278194
2024,JP3659000008,0.0018623669487411788
2024,JP3738600000,0.0009859661482285278
2024,BMG988031446,0.00030568837201075665
2024,JP3830000000,0.0008240630256070125
2024,JP3242800005,0.006033414015971896
2024,JP3443600006,0.0012405138670200666
2024,JP3131400008,0.0003647343913646717
2024,JP3357200009,0.001366824044287803
2024,JP3411000007,0.0002836976488432245
2024,JP3665200006,0.0006757089437799204
2024,KYG525621408,0.00032028364646254163
2024,AU000000SGM7,0.00038556425137923706
2024,JP3596200000,0.0007137779885383435
2024,JP3368000000,0.00037014728166623513
2024,HK0392044647,0.000833524566044545
2024,JP3215800008,0.0002879804214904411
2024,JP3940400009,0.0007651847521666411
2024,JP3599000001,5.899684408939495e-12
2024,BMG668971101,0.0007115889215706903
2024,JP3906000009,0.0015483500636607687
2024,JP3436120004,0.001136264566907284
2024,AU000000ALL7,0.0029796729926676643
2024,JP3358800005,0.0007366926833303912
2024,HK0823032773,0.0020871860635024776
2024,JP3289800009,0.0006904451495781174
2024,HK0003000038,0.002445889183897118
2024,JP3322930003,0.0008557312032412205
2024,JP3180400008,0.0014280709590498313
2024,JP3551520004,0.0012250267725970336
2024,JP3634600005,0.004630466336772561
2024,AU000000AMP6,0.0002845276951947278
2024,JP3143600009,0.011768404777868738
2024,JP3765400001,0.0003861597764308597
2024,AU000000ERA9,0.00017860171673030655
2024,HK0010000088,0.0002646883922150446
2024,HK0011000095,0.003080822291963511
2024,JP3209000003,0.0002274065345432073
2024,JP3201200007,0.0029586016480555345
2024,HK0004000045,0.0014966363672195844
2024,JP3667600005,0.00043708419620285243
2024,JP3196000008,0.0007361732281422951
2024,AU000000SGP0,0.0010977230609435246
2024,JP3792600003,0.00030213367908451735
2024,JP3493800001,0.0014995129588786648
2024,AU000000WBC1,0.008768454185049011
2024,JP3613000003,0.0010518544190682901
2024,SG1S04926220,0.007115926522985771
2024,JP3156400008,0.00012763543238800614
2024,JP3404600003,0.004476737838557812
2024,JP3663900003,0.0011001667752677192
2024,HK0242001243,1.5553578397257866e-05
2024,JP3126340003,0.0005675583325789772
2024,JP3688370000,0.0008857004122268819
2024,AU000000CGF5,0.0005577631670249474
2024,JP3802400006,0.0042767221576557385
2024,JP3481800005,0.00762758461790196
2024,SG1F60858221,0.0016561957769753697
2024,JP3890350006,0.011273584912795747
2024,JP3420600003,0.0023127753780415265
2024,JP3902400005,0.004915373023893102
2024,BMG677491539,0.0016228249508890974
2024,SG1S76928401,0.00016580023008950587
2024,NZCENE0001S6,0.0006104091700898846
2024,AU000000IAG3,0.0015748103455449011
2024,JP3190000004,0.0011732816709746573
2024,JP3678000005,0.000191519194718649
2024,JP3854600008,0.009744177116797443
2024,HK2388011192,0.004035544331130243
2024,JP3283650004,0.0006354639120381692
2024,JP3726200003,0.0004413381573027049
2024,KYG5427W1309,0.0
2024,JP3172100004,0.00022035493491172835
2024,HK0144000764,0.0012150832761554952
2024,JP3116000005,0.003218886423489269
2024,JP3263000006,0.0007033653518075881
2024,JP3040890000,0.00021163851118690926
2024,IE00BKVD2N49,0.003012958727925808
2024,JP3613400005,0.0003912138024791275
2024,JP3551500006,0.008179084557353987
2024,JP3894900004,0.0008982953375382868
2024,JP3358200008,0.0006786554848660441
2024,JP3796150005,0.0006757070919923928
2024,JP3951600000,0.00368787203330316
2024,JP3726800000,0.008634426825798595
2024,HK0291001490,0.0019153018848660824
2024,JP3756100008,0.0025091732531984674
2024,JP3122400009,0.0051932840776718866
2024,JP3258000003,0.0019483961444405034
2024,JP3223800008,0.0019153415143927516
2024,BMG2624N1535,0.0005034750800304602
2024,JP3625000009,0.0
2024,AU000000APA1,0.0011688469845919423
2024,AU000000QBE9,0.002516232271098023
2024,AU000000ELD6,0.00030147211365133954
2024,JP3992400006,0.0002518143635223527
2024,JP3388200002,0.0033274547693922813
2024,JP3271400008,0.000617041086374098
2024,AU000000SWM4,7.921467299990004e-05
2024,JP3733400000,0.00039438304452549554
2024,JP3933800009,0.003915505261997104
2024,JP3802300008,0.013355086404520105
2024,JP3505000004,0.003245321982427331
2024,JP3885400006,0.0007888961915819475
2024,SG1R50925390,0.0011247294348709566
2024,JP3903000002,0.0004678795956689256
2024,JP3973400009,0.0008683796080339083
2024,JP3519400000,0.009325742200429718
2024,JP3635000007,0.003656483988096699
2024,AU000000ANZ3,0.008534011880344852
2024,AU000000ILU1,0.0004034983633667051
2024,AU000000TLS2,0.00506947530153389
2024,JP3280200001,0.0003148374064162405
2024,JP3762800005,0.0028526568256011507
2024,AU000000MGR9,0.0009231186490758318
2024,JP3676800000,0.0007704299514224132
2024,JP3902000003,0.0003439977417550898
2024,JP3118000003,0.0008767875941067172
2024,BMG2442N1048,0.0006046184086463725
2024,JP3888400003,0.00030751885208494845
2024,NZFBUE0001S0,0.0002980285378433734
2024,AU000000ANN9,0.00020684740454649206
2024,JP3173400007,0.002430711935184587
2024,AU000000CPU5,0.0015501363338962526
2024,JP3499800005,0.0017143681627049567
2024,AU000000QAN2,0.0009354970596479757
2024,JP3300600008,0.00026607802839148745
2024,SG1T75931496,0.0049709740716314095
2024,JP3721400004,0.00013836851611916305
2024,HK0083000502,0.0014633985082969634
2024,JP3402600005,0.0012182109104337008
2024,JP3119600009,0.003335844781924234
2024,AU000000LLC3,0.0005319715504638403
2024,BMG8403G1033,0.0
2024,JP3526600006,0.002004164123759589
2024,JP3900000005,0.0036085502298664755
2024,JP3869010003,0.0013418630569186816
2024,JP3165600002,0.0001871094109263215
2024,BMG2178K1009,0.0023953038127183506
2024,JP3837800006,0.007126631103145738
2024,JP3684000007,0.002037088028321158
2024,JP3347200002,0.002625931644733731
2024,JP3811000003,0.0005025236412926084
2024,JP3137200006,0.0017018477620254515
2024,AU000000SHL7,0.0017266158135680375
2024,JP3774200004,0.0011577856347428689
2024,JP3407400005,0.0017302135158268868
2024,JP3735400008,0.018529138700293414
2024,JP3919800007,0.00016509817836922705
2024,JP3449020001,0.0
2024,AU000000BEN6,0.0005758300782389889
2024,SG1N31909426,0.0003146536244380057
2024,HK0440001847,0.00027664713287690233
2024,BMG2108M2182,8.068159964879977e-05
2024,AU000000TAH8,0.000190660579042424
2024,JP3243600008,0.0005863733361609728
2024,SG1B51001017,0.0011888428612573758
2024,SG9999003735,0.0001031799315031399
2024,AU000000CIM7,0.0007667104682132096
2024,AU000000GMG2,0.0054702172973305745
2024,HK0200030994,0.00016111462194847063
2024,JP3890310000,0.0036592199390029557
2024,SG1J26887955,0.0011420215989783825
2024,JP3111200006,0.0016215265818351552
2024,JP3419400001,0.0009501905023106755
2024,BMG4600H1198,0.0003085188887148405
2024,JP3891600003,6.941655510197127e-05
2024,JP3588600001,0.0007446184789064765
2024,AU000000WES1,0.007025461465260026
2024,JP3573000001,0.001675481692222171
2024,JP3194000000,0.00032223991354477345
2024,AU000000WOR2,0.0008310974450363129
2024,JP3566800003,0.004298604209871795
2024,HK0000608585,0.000548130727076211
2024,JP3421100003,0.00022569233051674233
2024,JP3397200001,0.0038295351534727287
2024,JP3845400005,0.0
2024,AU000000CSL8,0.015274929565698746
2024,AU000000NAB4,0.010535232612906604
2024,JP3870400003,0.0005130238287516298
2024,JP3166000004,0.0009134138278366628
2024,JP3898400001,0.011761340408309088
2024,JP3358000002,0.0022831159887765047
2024,AU000000MAH3,0.00014538617466357669
2024,AU000000SIG5,0.00013809180902762215
2024,JP3522200009,0.0
2024,JP3270000007,0.0008062589194342075
2024,SG1M31001969,0.005888852923336958
2024,JP3670800006,0.0010213969389155438
2024,AU000000ORG5,0.0013754631098848987
2024,AU000000BWP3,0.0001376734357135028
2024,JP3888300005,0.0009564057847838388
2024,AU000000TCL6,0.004369597836960389
2024,JP3868400007,0.0011667249292820077
2024,JP3027670003,0.0010070688114160657
2024,JP3768600003,0.0006783396751979531
2024,HK0270001396,0.000514678097702636
2024,AU000000IFL2,9.378720528685552e-05
2024,JP3246400000,0.0
2024,JP3672400003,0.002527684630558147
2024,JP3126400005,0.00025536856605012513
2024,JP3486800000,0.0014430890603018029
2024,BMG5320C1082,0.0013619554091987723
2024,JP3304200003,0.0044148573359269975
2024,HK0836012952,0.0
2024,JP3475350009,0.009618805154595872
2024,JP3582600007,0.0004992447511831003
2024,JP3535800001,0.0004659172475846886
2024,JP3560800009,0.0001668119385649255
2024,JP3718800000,0.0004498285572602178
2024,JP3165700000,0.0033436712397126654
2024,AU000000CWY3,0.0006626119052840204
2024,JP3409000001,0.002393389014251096
2024,JP3405400007,0.0004318880260274678
2024,JP3783420007,0.0015339076822972508
2024,HK0066009694,0.0032897520481493954
2024,JP3814000000,0.004559217269906117
2024,JP3633400001,0.0524479379069746
2024,AU0000033359,0.0002228322611766873
2024,JP3400900001,0.0
2024,JP3027680002,0.0007605256628658535
2024,JP3203500008,0.00020222028142150087
2024,JP3229400001,0.0006312297572781148
2024,JP3398000004,0.0005015145666219596
2024,JP3780100008,0.00036826089701815943
2024,AU0000088338,0.0008244897156516762
2024,JP3734800000,0.0035124184570690872
2024,AU000000CBA7,0.02036702600516495
2024,JP3600200004,0.00041373418127465134
2024,KYG210961051,0.0014385057830580148
2024,JP3502200003,0.0017882456728279057
2024,JP3549600009,0.0001255716550837676
2024,HK0000055878,0.0005607422862451122
2024,JP3435000009,0.019993638768615235
2024,AU000000GPT8,0.0009284009345953356
2024,JP3459600007,0.0002484279040612217
2024,JP3134800006,0.0005731437713123456
2024,MU0117U00026,0.0
2024,HK0101000591,0.0008986346174887337
2024,SG1R89002252,0.0007022646902896593
2024,JP3351500008,0.0008435791486299283
2024,JP3619800000,0.0
2024,JP3862400003,0.0012832837333012644
2024,JP3496400007,0.012462340198354656
2024,JP3456000003,0.0004243084672599945
2024,JP3336600006,0.000554696734876089
2024,JP3955000009,0.0009348157523577257
2024,JP3305990008,0.0009954418306570968
2024,SG1V61937297,0.0022960693676488827
2024,JP3158800007,0.0
2024,AU000000SUN6,0.0019965236540739222
2024,HK0006000050,0.0019831188177357505
2024,JP3910660004,0.00846244607582222
2024,JP3899600005,0.0028398062447346877
2024,BMG524401079,0.000566340499301613
2024,AU000000DOW2,0.0003859723109551345
2024,HK0014000126,0.000331665548658743
2024,JP3274400005,0.00014535043106867604
2024,JP3305530002,0.0004524959992629317
2024,AU000000SEK6,0.0008009698119873697
2024,NZAIRE0001S2,0.0
2024,JP3205800000,0.003083649479730006
2024,JP3819400007,0.0004961051520481802
2024,AU000000BHP4,0.025469608972006324
2024,AU000000MTS0,0.0003143130567499106
2024,JP3494600004,0.0017434319191074246
2024,JP3827200001,0.00020222568272196967
2024,BMG8063F1068,0.00041860900008946106
2024,AU000000WOW2,0.004742931889225905
2024,NZSKCE0001S2,0.0002600930690287882
2024,JP3788600009,0.012127143457471793
2024,JP3305800009,3.709196197916536e-05
2024,AU000000RHC8,0.0014324533989338239
2024,JP3931600005,0.001202063635569904
2024,AU000000SBM8,3.9020808768265096e-05
2024,JP3967200001,0.0014368712390868032
2024,SG1L01001701,0.01007372413534086
2024,JP3197600004,0.0014254847109062604
2024,JP3389900006,1.3028758977581455e-07
2024,JP3276400003,0.0006652553107652837
2024,JP3778630008,0.002369549972507121
2024,AU000000GWA4,0.00010661530636191896
2024,JP3657400002,0.0007704686274438443
2024,JP3293200006,0.0005404633447767381
2024,SG1S83002349,0.0006201201678405081
2024,JP3634200004,0.00041070194323783845
2024,JP3684400009,0.0002592892953257332
2024,JP3336000009,0.0004577910083782718
2024,HK0002007356,0.0020061828640660006
2024,JP3579800008,0.000428965919886426
2024,JP3359600008,0.0006564426007631615
2024,JP3896800004,0.0005711143230946888
2024,US89677Q1076,0.0037765016845674056
2024,JP3902900004,0.01868949818771249
2024,JP3122800000,0.0005893976591635884
2024,JP3574200006,0.0012101397309767544
2024,JP3789000001,0.00043091614691012083
2024,JP3841800000,0.00026034500095231905
2024,AU000000SXL4,0.0
2024,JP3415400005,0.000603205633974481
2024,JP3893600001,0.009668580266354051
2024,JP3381000003,0.003310331993409826
2024,AU000000DXS1,0.0009230712914300626
2024,JP3977400005,0.0006177082179911564
2024,JP3249600002,0.0032629042578058657
2024,JP3108600002,0.0005723391727784199
2024,SG2B80958517,0.00032090573816696073
2024,HK0165000859,0.00029126516413274393
2024,JP3546800008,0.003985042796381601
2024,JP3148800000,0.001133443455442916
2024,JP3743000006,0.0005612125495597428
2024,JP3771800004,0.000962314096274628
2024,JP3162600005,0.006020640406015188
2024,JP3210200006,0.0015833496368459843
2024,JP3228600007,0.001953145145346141
2024,HK0016000132,0.004406100938457821
2024,SG9999000020,0.0016860064216455387
2024,AU000000MQG1,0.007789650446432713
2024,JP3732200005,0.0006713180509612866
2024,JP3493400000,0.00038541025145435943
2024,HK0363006039,0.00026141303604155776
2024,JP3300200007,0.0013551491207195586
2024,JP3935600001,0.0009554679517498638
2024,KYG217651051,0.003090985500406853
2024,JP3940000007,0.0011214102864718681
2024,JP3452000007,0.0005380975489752897
2024,JP3769000005,0.0005389000883825432
2024,JP3197800000,0.0014797292808443189
2024,KYG0535Q1331,0.0007546759838363441
2024,JP3942800008,0.0015690360973404254
2024,JP3152740001,0.0006471587112241052
2024,JP3551200003,0.0
2024,HK0008011667,0.0007124238313698338
2024,JP3982800009,0.0012564885271225507
2024,JP3351600006,0.0018041268888548412
2024,JP3850200001,0.0
2024,JP3866800000,0.0037488840907546196
2024,JP3292200007,0.0004894705917536771
2024,HK0000745908,0.0004025936781615179
2024,JP3571400005,0.014460364270332524
2024,JP3386030005,0.0011484118095307395
2024,JP3362700001,0.0021530374594219814
2024,JP3429800000,0.0015182626080774955
2024,AU000000JBH7,0.0005296472872837725
2024,JP3294460005,0.0027068764313790835
2024,JP3268950007,0.0006576686927114308
2024,AU000000COH5,0.0020867012017664324
2024,JP3371200001,0.012986042009865147
2024,JP3711600001,0.001974681000542014
2024,JP3544000007,0.00015441432424341108
2024,JP3658850007,0.0004193687427039411
2024,JP3939000000,0.00042215554626763953
2024,HK0000139300,9.509324972748968e-05
2024,JP3548610009,0.00019265480701501216
2024,JP3870000001,0.00025219182714683613
2024,JP3436100006,0.010315117835817686
2024,JP3277800003,0.0005104111440950004
2024,HK2380027329,2.0343740022419457e-05
2024,JP3414750004,0.0009558243172897151
2024,SGXE34184239,0.000788273081215117
2024,HK0688002218,0.002757838709042941
2024,AU0000224040,0.00646781330982308
2024,HK0019000162,0.0011648167637127397
2024,JP3463000004,0.007378166630597689
2024,JP3695200000,0.0007235464063799766
2024,AU000000BOQ8,0.0004348017211724649
2024,JP3404200002,0.0003834238177112427
2024,AU000000CQR9,0.00032817961571957597
2024,JP3595200001,0.00036365583014949374
2024,JP3877600001,0.004533179730856594
2024,JP3352400000,0.00037921997662949665
2024,JP3635400009,0.0005494684755562081
2024,JP3742600004,0.00038863614452110877
2024,JP3605400005,0.0
2024,JP3260800002,0.0008144387613151146
2024,JP3766550002,0.000538528988032954
2024,JP3539220008,0.0013666159366912966
2024,AU000000IGO4,0.000538429227099028
2024,JP3528600004,0.0
2024,JP3753000003,0.0028956636697668172
2024,AU000000BSL0,0.0010215780705604062
2024,JP3350800003,0.0
2024,HK0000049939,0.0034266192357582073
2024,JP3375800004,0.0007870228920661757
2024,HK0012000102,0.0020735097421862077
2024,JP3421800008,0.0025769286750486364
2024,JP3942600002,0.0006134926184503058
2024,KYG2108Y1052,0.00354079463260564
2024,JP3266400005,0.002844678514734631
2024,JP3820000002,0.0012139284340137023
2024,NZAIAE0002S6,0.0012649365358549719
2024,JP3240400006,0.001986599024073147
2024,JP3407200009,0.00013906580290093133
2024,JP3256000005,0.001240602773847266
2024,JP3799000009,0.0008079832179948504
2024,JP3164630000,0.00076465602501593
2024,BMG684371393,0.00016180777405781137
2024,JP3675600005,0.001544100791927157
