,Annualized Return,Annualized Volatility,Sharpe Ratio,Min Monthly Return,Max Monthly Return,Cumulative Return
Minimum Variance,0.07647769141157412,0.11933664219899366,0.6408567394082338,-0.1260560062858658,0.09843647086974501,1.2248071364989692
Value Weighted,0.07592064351458028,0.1291407141705315,0.5878908445118739,-0.1075897946467893,0.13068115566367405,1.1795849585808083
