Year,ISIN,Weight
2014,JP3197800000,0.0
2014,JP3778630008,0.0
2014,JP3854600008,0.0
2014,JP3260800002,0.0402802743669728
2014,JP3463000004,0.0
2014,JP3595200001,0.0
2014,JP3638600001,0.0
2014,JP3866800000,0.0
2014,NZAIAE0002S6,0.0
2014,AU000000BSL0,0.0
2014,JP3582600007,0.0
2014,JP3888300005,0.0
2014,JP3792600003,0.0
2014,AU000000WES1,0.0
2014,JP3888400003,0.0
2014,NZTELE0001S4,0.0
2014,JP3368000000,0.0
2014,BMG2442N1048,0.0
2014,AU000000SUN6,0.0
2014,JP3634600005,0.0
2014,AU000000TCL6,0.0
2014,JP3209000003,0.0
2014,JP3350800003,0.03494297867420252
2014,JP3229400001,0.0
2014,JP3621000003,0.0
2014,JP3539220008,0.004401778204720081
2014,JP3116000005,0.0
2014,JP3522200009,0.0035021823391538595
2014,JP3362700001,0.0
2014,JP3293200006,0.0
2014,HK0293001514,0.0
2014,AU000000IGO4,0.0
2014,AU000000ASX7,0.0
2014,AU000000APA1,0.0
2014,JP3300600008,0.0
2014,JP3481800005,0.0
2014,AU0000088338,0.0
2014,JP3375800004,0.0
2014,JP3910660004,0.0
2014,HK0019000162,0.03313066465940683
2014,JP3385980002,0.0
2014,JP3951600000,0.0
2014,JP3134800006,0.0
2014,AU000000MAH3,0.0
2014,AU000000SGM7,0.0
2014,AU000000AMP6,0.0
2014,JP3551200003,0.0
2014,JP3665200006,0.0
2014,AU000000ORG5,0.017319473421479797
2014,JP3787000003,0.0
2014,AU000000WBC1,0.0
2014,JP3819400007,0.0
2014,JP3289800009,0.0
2014,JP3684000007,0.0
2014,AU000000ERA9,0.0
2014,JP3224200000,0.0
2014,JP3388200002,0.0
2014,JP3111200006,0.0
2014,JP3827200001,0.0
2014,JP3266400005,0.0
2014,JP3205800000,0.0
2014,JP3573000001,0.011397860339981535
2014,JP3294460005,0.0
2014,JP3027680002,0.0
2014,JP3256000005,0.0
2014,AU0000038911,0.0
2014,JP3626800001,0.0
2014,AU000000SGP0,0.0
2014,JP3769000005,0.0
2014,JP3566800003,0.0
2014,AU000000ORI1,0.0
2014,JP3868400007,0.0
2014,JP3228600007,0.0
2014,JP3877600001,0.0
2014,SG9999000020,0.0
2014,SG1R50925390,0.0
2014,JP3870000001,0.0
2014,JP3743000006,0.0
2014,SG1U68934629,0.0
2014,JP3528600004,0.0
2014,JP3200450009,0.0
2014,JP3902400005,0.0
2014,JP3902900004,0.0
2014,JP3544000007,0.0
2014,JP3148800000,0.0
2014,JP3456000003,0.0
2014,JP3982800009,0.0
2014,JP3491000000,0.0
2014,JP3955000009,0.0
2014,JP3814800003,0.0010053615346823565
2014,JP3304200003,0.0
2014,AU000000BLD2,0.0
2014,JP3711600001,0.0
2014,JP3890310000,0.0
2014,AU000000CSL8,0.0
2014,AU000000GWA4,0.0
2014,AU000000LLC3,0.0
2014,AU000000MQG1,0.0
2014,AU000000QAN2,0.0
2014,JP3613400005,0.0
2014,JP3629000005,0.0
2014,JP3786200000,0.0
2014,JP3351600006,0.0
2014,JP3551520004,0.0
2014,AU000000IVC8,0.0
2014,JP3845400005,0.0
2014,JP3678000005,0.0
2014,JP3635400009,0.0
2014,NZCENE0001S6,0.0
2014,JP3493400000,0.0
2014,JP3371200001,0.023103636235394874
2014,JP3890350006,0.0
2014,JP3174410005,0.0
2014,JP3190000004,0.0
2014,JP3126400005,0.0
2014,AU000000SIG5,0.015890456257233256
2014,JP3634200004,0.0
2014,HK0003000038,0.0
2014,BMG684371393,0.0
2014,JP3734800000,0.020140375348290742
2014,JP3686800008,0.0
2014,JP3270000007,0.0
2014,JP3870400003,0.0
2014,JP3720800006,0.0
2014,JP3977400005,0.0671577400872345
2014,IE00BKVD2N49,0.0
2014,AU000000ANZ3,0.0
2014,JP3258000003,0.0
2014,AU000000NCM7,0.0
2014,AU000000BEN6,0.0
2014,BMG677491539,0.002703897317913737
2014,JP3619800000,0.0
2014,JP3502200003,0.0
2014,JP3385820000,0.0
2014,JP3596200000,0.0
2014,JP3667600005,0.0
2014,JP3452000007,0.0
2014,JP3166000004,0.0
2014,JP3571400005,0.0
2014,JP3519400000,0.0
2014,HK0200030994,0.0
2014,JP3435000009,0.0
2014,AU000000DXS1,0.0
2014,SGXE21576413,0.0
2014,AU000000MTS0,0.0
2014,JP3982100004,0.11897266271577041
2014,JP3762600009,0.0
2014,SG1F60858221,0.0
2014,SG1V61937297,0.0
2014,BMG8063F1068,0.005213826757082053
2014,JP3407400005,0.0
2014,JP3164800009,0.020239033490359715
2014,JP3119600009,0.020847909355130215
2014,JP3818000006,0.0
2014,AU000000QBE9,0.0
2014,AU000000OZL8,0.0
2014,JP3788600009,0.0
2014,NZFBUE0001S0,0.0
2014,JP3814000000,0.0
2014,JP3201200007,0.0
2014,JP3358800005,0.0
2014,AU000000CIM7,0.0
2014,AU000000WOW2,0.0
2014,JP3783600004,0.0
2014,AU000000WOR2,0.0
2014,JP3429800000,0.02955213302113016
2014,AU000000SHL7,0.0
2014,JP3657400002,0.0
2014,JP3496400007,0.0
2014,JP3210200006,0.0
2014,JP3475350009,0.0
2014,JP3551500006,0.0
2014,AU000000COH5,0.00204997341726498
2014,JP3850200001,0.002657044221299079
2014,AU000000MND5,0.0
2014,JP3605400005,0.0
2014,JP3893600001,0.0
2014,HK0010000088,0.0
2014,AU000000DOW2,0.0
2014,JP3940000007,0.0
2014,JP3942800008,0.0
2014,JP3401400001,0.0
2014,JP3726800000,0.0
2014,AU000000PPT9,0.0
2014,JP3414750004,0.07119711826280722
2014,AU000000IAG3,0.0
2014,AU000000NAB4,0.0
2014,JP3672400003,0.0
2014,JP3194000000,0.0
2014,JP3118000003,0.0
2014,JP3535800001,0.0
2014,JP3830800003,0.0
2014,JP3493800001,0.0
2014,AU000000TLS2,0.010776882640701065
2014,JP3320800000,0.0
2014,AU000000CSR5,0.0
2014,JP3112000009,0.0
2014,JP3891600003,0.0
2014,SG1J26887955,0.016766420048207817
2014,JP3592200004,0.0
2014,JP3688370000,0.0
2014,JP3811000003,0.0
2014,JP3420600003,0.0
2014,JP3753000003,0.0
2014,JP3359600008,0.0
2014,JP3419400001,0.0
2014,AU000000CQR9,0.0
2014,JP3215800008,0.0
2014,SGXE34184239,0.0
2014,AU000000CWY3,0.0
2014,AU000000GPT8,0.0
2014,JP3526600006,0.020196827553800454
2014,SG1R89002252,0.0
2014,JP3495000006,0.0
2014,JP3242800005,0.0
2014,JP3402600005,0.0
2014,BMG524401079,0.0
2014,JP3830000000,0.0
2014,AU000000TAH8,0.0
2014,JP3269600007,0.0
2014,JP3246400000,0.0
2014,AU000000BWP3,0.0
2014,JP3158800007,0.0
2014,JP3820000002,0.0
2014,HK0002007356,0.1268601984415221
2014,JP3165600002,0.0
2014,JP3122400009,0.0
2014,JP3903000002,0.0
2014,JP3973400009,0.0
2014,JP3900000005,0.0
2014,JP3659000008,0.0
2014,AU0000224040,0.0
2014,JP3180400008,0.0
2014,AU000000STO6,0.0
2014,JP3898400001,0.0
2014,JP3223800008,0.0
2014,JP3197600004,0.0
2014,JP3449020001,0.0
2014,JP3357200009,0.01870085356927933
2014,AU000000SBM8,0.0012696549562041044
2014,JP3421100003,0.0
2014,JP3505000004,0.0
2014,JP3914400001,0.0
2014,JP3405400007,0.0
2014,AU000000BHP4,0.0
2014,HK0388045442,0.0
2014,JP3443600006,0.0
2014,AU000000CBA7,0.0
2014,JP3733000008,0.0
2014,AU000000MGR9,0.0
2014,JP3165700000,0.0
2014,HK0006000050,0.24417676997350687
2014,HK0011000095,0.00045415464715248353
2014,JP3633400001,0.0
2014,HK0823032773,0.0
2014,JP3942400007,0.0
2014,HK0066009694,0.0
2014,JP3738600000,0.015091858142115186
2015,JP3197800000,0.0
2015,JP3778630008,0.0
2015,JP3854600008,0.0
2015,JP3260800002,0.07980480317298477
2015,JP3463000004,0.0
2015,JP3595200001,0.0
2015,JP3638600001,0.0
2015,JP3866800000,0.0
2015,NZAIAE0002S6,0.007377039584277913
2015,AU000000BSL0,0.0
2015,JP3582600007,0.0
2015,JP3888300005,0.0
2015,JP3792600003,0.0
2015,AU000000WES1,0.0
2015,JP3888400003,0.0
2015,NZTELE0001S4,0.0
2015,JP3368000000,0.0
2015,BMG2442N1048,0.0
2015,AU000000SUN6,0.0
2015,JP3634600005,0.0
2015,AU000000TCL6,0.0
2015,JP3209000003,0.0
2015,JP3350800003,0.01448525358192411
2015,JP3229400001,0.0
2015,JP3621000003,0.0
2015,JP3539220008,0.0
2015,JP3116000005,0.0
2015,JP3522200009,0.00019517165065433513
2015,JP3362700001,0.0
2015,JP3293200006,0.0
2015,HK0293001514,0.0
2015,AU000000IGO4,0.0
2015,AU000000ASX7,0.0
2015,AU000000APA1,0.0
2015,JP3300600008,0.0
2015,JP3481800005,0.0
2015,AU0000088338,0.0
2015,JP3375800004,0.0
2015,JP3910660004,0.0
2015,HK0019000162,0.021035744614343915
2015,JP3385980002,0.0
2015,JP3951600000,0.0
2015,JP3134800006,0.0
2015,AU000000MAH3,0.0
2015,AU000000SGM7,0.0
2015,AU000000AMP6,0.0
2015,JP3551200003,0.0
2015,JP3665200006,0.0
2015,AU000000ORG5,0.0
2015,JP3787000003,0.0
2015,AU000000WBC1,0.0
2015,JP3289800009,0.0
2015,JP3684000007,0.0
2015,AU000000ERA9,0.0
2015,JP3224200000,0.0
2015,JP3388200002,0.0
2015,JP3111200006,0.0
2015,JP3827200001,0.0
2015,JP3266400005,0.0
2015,JP3205800000,0.0
2015,JP3573000001,0.0020765307373966572
2015,JP3294460005,0.0
2015,JP3027680002,0.0
2015,JP3397200001,0.0
2015,JP3256000005,0.0
2015,AU0000038911,0.0
2015,JP3626800001,0.0
2015,HK0004000045,0.0
2015,AU000000BPT9,0.0
2015,AU000000SGP0,0.0
2015,JP3769000005,0.0
2015,JP3566800003,0.0
2015,AU000000ORI1,0.0
2015,JP3868400007,0.0
2015,BMG668971101,0.0
2015,JP3228600007,0.0
2015,JP3877600001,0.0
2015,SG9999000020,0.0
2015,SG1R50925390,0.0
2015,JP3870000001,0.0
2015,JP3743000006,0.0
2015,SG1U68934629,0.0
2015,JP3528600004,0.0
2015,JP3200450009,0.0
2015,JP3902400005,0.0
2015,JP3902900004,0.0
2015,JP3544000007,0.0
2015,JP3148800000,0.0
2015,JP3456000003,0.0
2015,JP3982800009,0.0
2015,JP3491000000,0.0
2015,JP3955000009,0.0
2015,JP3814800003,0.0319575519545381
2015,JP3304200003,0.0
2015,AU000000BLD2,0.0
2015,JP3762800005,0.0
2015,JP3711600001,0.0
2015,JP3890310000,0.0
2015,AU000000CSL8,0.0
2015,AU000000GWA4,0.0
2015,JP3894900004,0.0
2015,AU000000LLC3,0.0
2015,AU000000MQG1,0.0
2015,AU000000QAN2,0.0
2015,JP3613400005,0.0
2015,JP3629000005,0.0
2015,JP3786200000,0.0
2015,JP3351600006,0.0
2015,JP3551520004,0.0
2015,AU000000IVC8,0.0
2015,JP3845400005,0.0
2015,JP3678000005,0.0
2015,JP3635400009,0.0
2015,NZCENE0001S6,0.0
2015,JP3493400000,0.0
2015,JP3371200001,0.048567787026713785
2015,JP3890350006,0.0
2015,JP3174410005,0.0
2015,JP3190000004,0.0
2015,JP3126400005,0.0
2015,AU000000SIG5,0.0042513865584806465
2015,JP3634200004,0.0
2015,HK0003000038,0.005110037777092964
2015,BMG684371393,0.0
2015,JP3734800000,0.03296940529482736
2015,JP3686800008,0.0
2015,JP3270000007,0.0
2015,JP3870400003,0.0
2015,JP3720800006,0.0
2015,JP3977400005,0.03152378747316997
2015,IE00BKVD2N49,0.0
2015,AU000000ANZ3,0.0
2015,JP3546800008,0.0
2015,JP3258000003,0.0
2015,AU000000NCM7,0.0
2015,AU000000BEN6,0.0
2015,BMG677491539,0.0
2015,JP3619800000,0.0
2015,JP3502200003,0.0
2015,JP3385820000,0.0
2015,JP3596200000,0.004275600551234052
2015,JP3667600005,0.0
2015,JP3452000007,0.0
2015,JP3166000004,0.0
2015,JP3571400005,0.0
2015,JP3519400000,0.0
2015,HK0200030994,0.0
2015,JP3435000009,0.0
2015,AU000000DXS1,0.0
2015,SGXE21576413,0.0
2015,AU000000MTS0,0.0
2015,JP3982100004,0.14369907549873712
2015,JP3762600009,0.0
2015,SG1F60858221,0.0
2015,SG1V61937297,0.0
2015,BMG8063F1068,0.0097397717719235
2015,JP3407400005,0.0
2015,JP3164800009,0.014184751832270427
2015,JP3119600009,0.029765352633195137
2015,JP3818000006,0.0
2015,AU000000QBE9,0.0
2015,AU000000OZL8,0.0
2015,JP3788600009,0.0
2015,NZFBUE0001S0,0.0
2015,JP3814000000,0.0
2015,JP3201200007,0.0
2015,JP3358800005,0.0
2015,AU000000CIM7,0.0
2015,AU000000WOW2,0.0
2015,JP3783600004,0.0
2015,AU000000WOR2,0.0
2015,JP3429800000,0.05695216572660543
2015,AU000000SHL7,0.0
2015,JP3657400002,0.0
2015,JP3496400007,0.0
2015,JP3210200006,0.0
2015,JP3475350009,0.0
2015,JP3551500006,0.0
2015,AU000000COH5,0.0
2015,JP3419050004,0.0
2015,JP3850200001,0.0
2015,AU000000MND5,0.0
2015,JP3605400005,0.0
2015,JP3893600001,0.0
2015,HK0010000088,0.0
2015,AU000000DOW2,0.0
2015,JP3940000007,0.0
2015,JP3942800008,0.0
2015,JP3401400001,0.0
2015,JP3726800000,0.0
2015,AU000000PPT9,0.0
2015,JP3414750004,0.048629527690665
2015,AU000000IAG3,0.0
2015,AU000000NAB4,0.0
2015,JP3672400003,0.0
2015,JP3194000000,0.0
2015,JP3118000003,0.0
2015,JP3535800001,0.0
2015,JP3830800003,0.0
2015,JP3493800001,0.0
2015,AU000000TLS2,0.0
2015,JP3320800000,0.0
2015,AU000000CSR5,0.0
2015,JP3112000009,0.0
2015,JP3891600003,0.0
2015,SG1J26887955,0.004190755614221257
2015,JP3592200004,0.0
2015,JP3688370000,0.0
2015,JP3811000003,0.0
2015,JP3420600003,0.0
2015,JP3753000003,0.0
2015,JP3359600008,0.0
2015,JP3419400001,0.0
2015,AU000000CQR9,0.0
2015,JP3215800008,0.0
2015,HK0016000132,0.0
2015,SGXE34184239,0.0
2015,AU000000CWY3,0.0
2015,AU000000GPT8,0.0
2015,JP3526600006,0.023515668414545964
2015,SG1R89002252,0.0
2015,JP3495000006,0.0
2015,JP3242800005,0.0
2015,JP3402600005,0.0
2015,BMG524401079,0.0
2015,JP3830000000,0.0
2015,AU000000TAH8,0.0
2015,JP3269600007,0.0
2015,JP3246400000,0.0
2015,AU000000BWP3,0.0
2015,JP3158800007,0.0
2015,JP3820000002,0.0
2015,HK0002007356,0.1934497456877425
2015,JP3165600002,0.0
2015,JP3122400009,0.0
2015,JP3903000002,0.0
2015,JP3973400009,0.0
2015,JP3900000005,0.0
2015,JP3659000008,0.0
2015,AU0000224040,0.0
2015,JP3180400008,0.0
2015,AU000000STO6,0.0
2015,JP3898400001,0.0
2015,JP3223800008,0.0
2015,JP3197600004,0.0
2015,JP3449020001,0.0
2015,JP3357200009,0.037655688718850513
2015,HK0242001243,0.0
2015,AU000000SBM8,0.00950952782496091
2015,JP3421100003,0.0
2015,JP3505000004,0.0
2015,JP3914400001,0.0
2015,JP3405400007,0.0
2015,AU000000BHP4,0.0
2015,HK0388045442,0.0
2015,JP3443600006,0.0
2015,AU000000CBA7,0.0
2015,JP3733000008,0.0
2015,AU000000MGR9,0.0
2015,JP3165700000,0.0
2015,HK0006000050,0.13384864069275346
2015,HK0011000095,0.0
2015,JP3633400001,0.0
2015,HK0823032773,0.0
2015,JP3942400007,0.0
2015,HK0066009694,0.010806964198854631
2015,JP3738600000,0.00042226371703567495
2016,JP3197800000,0.0
2016,JP3778630008,0.0
2016,JP3854600008,0.0
2016,AU000000CGF5,0.0
2016,JP3260800002,0.07175034434050859
2016,JP3463000004,0.0
2016,JP3595200001,0.0
2016,JP3638600001,0.0
2016,JP3866800000,0.0
2016,NZAIAE0002S6,0.0
2016,SG1T75931496,0.0
2016,AU000000BSL0,0.0
2016,JP3582600007,0.0
2016,JP3888300005,0.0
2016,JP3792600003,0.0
2016,AU000000WES1,0.0
2016,JP3888400003,0.0
2016,NZTELE0001S4,0.0
2016,JP3368000000,0.0
2016,BMG2442N1048,0.0
2016,AU000000SUN6,0.0
2016,JP3634600005,0.0
2016,AU000000TCL6,0.0
2016,JP3209000003,0.0
2016,JP3350800003,0.0025607673313186954
2016,JP3229400001,0.0
2016,JP3621000003,0.00844794071622572
2016,JP3539220008,0.0
2016,JP3116000005,0.0
2016,JP3522200009,0.0075978638359079425
2016,JP3362700001,0.0
2016,JP3293200006,0.0
2016,HK0293001514,0.0
2016,AU000000IGO4,0.0
2016,AU000000ASX7,0.0
2016,AU000000APA1,0.0
2016,JP3300600008,0.0
2016,JP3481800005,0.0
2016,AU0000088338,0.0
2016,JP3375800004,0.0
2016,JP3910660004,0.0
2016,HK0019000162,0.0
2016,JP3585800000,0.0
2016,JP3385980002,0.0
2016,JP3951600000,0.0
2016,JP3134800006,0.0
2016,AU000000MAH3,0.0
2016,AU000000SGM7,0.0
2016,AU000000AMP6,0.0
2016,JP3551200003,0.0
2016,JP3665200006,0.0
2016,AU000000ORG5,0.0
2016,JP3787000003,0.0
2016,AU000000WBC1,0.0
2016,JP3289800009,0.0
2016,JP3684000007,0.0
2016,AU000000ERA9,0.0
2016,JP3224200000,0.0
2016,JP3388200002,0.0
2016,JP3111200006,0.013378538685414504
2016,JP3827200001,0.0
2016,JP3266400005,0.0
2016,JP3160400002,0.0
2016,JP3205800000,0.0
2016,JP3573000001,0.033269238212817895
2016,JP3294460005,0.0
2016,JP3027680002,0.0
2016,JP3397200001,0.0
2016,JP3256000005,0.0
2016,AU0000038911,0.0
2016,JP3626800001,0.0
2016,HK0004000045,0.0
2016,AU000000BPT9,0.0
2016,AU000000SGP0,0.0
2016,JP3769000005,0.0
2016,JP3566800003,0.0
2016,AU000000ORI1,0.0
2016,JP3868400007,0.0
2016,BMG668971101,0.0
2016,JP3228600007,0.0
2016,JP3877600001,0.0
2016,SG9999000020,0.0
2016,SG1R50925390,0.0
2016,JP3870000001,0.0
2016,JP3743000006,0.0
2016,SG1U68934629,0.0
2016,JP3528600004,0.0
2016,JP3200450009,0.0
2016,JP3902400005,0.0
2016,JP3902900004,0.008245070405360726
2016,JP3544000007,0.0
2016,JP3148800000,0.0
2016,JP3456000003,0.0
2016,JP3982800009,0.0
2016,JP3491000000,0.0
2016,JP3955000009,0.0
2016,JP3814800003,0.040648015541293055
2016,JP3304200003,0.0
2016,AU000000BLD2,0.0
2016,JP3762800005,0.0
2016,JP3711600001,0.0
2016,JP3890310000,0.0
2016,AU000000CSL8,0.0
2016,AU000000GWA4,0.0
2016,JP3894900004,0.0
2016,AU000000LLC3,0.0
2016,AU000000MQG1,0.0
2016,HK0000608585,0.0
2016,AU000000QAN2,0.0
2016,JP3613400005,0.0
2016,JP3629000005,0.0
2016,JP3786200000,0.0
2016,JP3351600006,0.0
2016,JP3551520004,0.0
2016,AU000000IVC8,0.0
2016,JP3243600008,0.005604670026868331
2016,JP3845400005,0.0
2016,JP3678000005,0.0
2016,JP3635400009,0.0
2016,NZCENE0001S6,0.0
2016,JP3493400000,0.0
2016,JP3156400008,0.005254840434514128
2016,JP3371200001,0.049686191186487635
2016,JP3890350006,0.0
2016,JP3174410005,0.0
2016,JP3190000004,0.0
2016,JP3126400005,0.0
2016,AU000000SIG5,0.006746162534197025
2016,JP3634200004,0.0
2016,HK0003000038,0.0
2016,BMG684371393,0.0
2016,JP3734800000,0.034193604881260414
2016,JP3686800008,0.0
2016,JP3270000007,0.0
2016,JP3870400003,0.0
2016,JP3720800006,0.0
2016,JP3977400005,0.048775973257645204
2016,IE00BKVD2N49,0.0
2016,AU000000ANZ3,0.0
2016,JP3546800008,0.0
2016,JP3258000003,0.0
2016,AU000000NCM7,0.0
2016,AU000000BEN6,0.0
2016,BMG677491539,0.0
2016,JP3619800000,0.0
2016,JP3502200003,0.0
2016,JP3385820000,0.0
2016,JP3596200000,0.011079549035719675
2016,JP3667600005,0.0
2016,JP3452000007,0.0
2016,JP3166000004,0.0
2016,JP3571400005,0.0
2016,JP3519400000,0.0
2016,HK0200030994,0.0
2016,JP3435000009,0.0
2016,AU000000DXS1,0.0
2016,SGXE21576413,0.0
2016,AU000000MTS0,0.0
2016,JP3982100004,0.14640197688928233
2016,JP3762600009,0.0
2016,SG1F60858221,0.0
2016,SG1V61937297,0.0
2016,BMG8063F1068,0.011993254538610021
2016,JP3407400005,0.0
2016,JP3164800009,7.793241919635058e-05
2016,JP3119600009,0.013686987190355352
2016,NZAIRE0001S2,0.0
2016,JP3818000006,0.0
2016,AU000000QBE9,0.0
2016,AU000000OZL8,0.0
2016,JP3788600009,0.0
2016,NZFBUE0001S0,0.0
2016,JP3814000000,0.0
2016,JP3201200007,0.0
2016,JP3358800005,0.01838910067270867
2016,AU000000CIM7,0.0
2016,AU000000WOW2,0.0
2016,JP3783600004,0.0
2016,AU000000WOR2,0.0
2016,JP3429800000,0.032018362493880285
2016,AU000000SHL7,0.0
2016,JP3657400002,0.0
2016,JP3496400007,0.0
2016,JP3967200001,0.0
2016,JP3210200006,0.0
2016,JP3475350009,0.0
2016,JP3551500006,0.0
2016,AU000000COH5,0.0
2016,JP3419050004,0.0
2016,JP3850200001,0.0
2016,AU000000MND5,0.0
2016,JP3605400005,0.0
2016,JP3893600001,0.0
2016,HK2388011192,0.0
2016,HK0010000088,0.0
2016,AU000000DOW2,0.0
2016,BMG988031446,0.025156606452256054
2016,JP3940000007,0.0
2016,JP3942800008,0.0
2016,JP3401400001,0.0
2016,JP3726800000,0.0
2016,AU000000PPT9,0.0
2016,JP3414750004,0.04509747001586442
2016,AU000000IAG3,0.0
2016,AU000000NAB4,0.0
2016,JP3672400003,0.0
2016,JP3194000000,0.0
2016,JP3118000003,0.0
2016,JP3535800001,0.0
2016,JP3830800003,0.0
2016,JP3493800001,0.0
2016,AU000000TLS2,0.0
2016,JP3320800000,0.0
2016,AU000000CSR5,0.0
2016,JP3112000009,0.0
2016,JP3347200002,0.0
2016,JP3891600003,0.0
2016,SG1J26887955,0.0008914696466564314
2016,JP3358200008,0.0
2016,JP3592200004,0.0
2016,JP3688370000,0.0
2016,JP3811000003,0.0
2016,JP3420600003,0.0
2016,JP3753000003,0.0
2016,JP3359600008,0.0
2016,JP3419400001,0.0
2016,AU000000CQR9,0.0
2016,JP3215800008,0.0
2016,HK0016000132,0.0
2016,SGXE34184239,0.0
2016,AU000000CWY3,0.0
2016,AU000000GPT8,0.0
2016,JP3526600006,0.0
2016,JP3486800000,0.0
2016,SG1R89002252,0.0
2016,JP3495000006,0.0
2016,JP3242800005,0.0
2016,JP3402600005,0.0
2016,BMG524401079,0.0
2016,JP3830000000,0.0
2016,AU000000TAH8,0.0
2016,JP3269600007,0.0
2016,JP3246400000,0.0
2016,AU000000BWP3,0.0
2016,JP3158800007,0.0
2016,JP3837800006,0.0
2016,JP3820000002,0.0
2016,HK0002007356,0.230933651580799
2016,JP3165600002,0.0
2016,JP3122400009,0.0
2016,JP3903000002,0.0
2016,JP3973400009,0.0
2016,JP3538800008,0.0
2016,JP3900000005,0.0
2016,JP3659000008,0.0
2016,AU0000224040,0.0
2016,JP3180400008,0.0
2016,AU000000STO6,0.0
2016,JP3898400001,0.0
2016,JP3223800008,0.0
2016,JP3197600004,0.0
2016,JP3449020001,0.0
2016,JP3357200009,0.023971371386020245
2016,HK0242001243,0.0
2016,NZSKCE0001S2,0.0
2016,AU000000SBM8,0.007780094760948029
2016,JP3421100003,0.0
2016,JP3505000004,0.0
2016,JP3914400001,0.0
2016,JP3405400007,0.0
2016,AU000000BHP4,0.0
2016,HK0388045442,0.0
2016,JP3443600006,0.0
2016,JP3549600009,0.0
2016,JP3027670003,0.0
2016,JP3663900003,0.0
2016,AU000000CBA7,0.0
2016,JP3733000008,0.0
2016,AU000000MGR9,0.0
2016,HK0012000102,0.0
2016,JP3165700000,0.0
2016,HK0006000050,0.06920882272763425
2016,HK0011000095,0.0
2016,JP3633400001,0.0
2016,HK0823032773,0.01680782994194873
2016,JP3942400007,0.0
2016,HK0066009694,0.0005612268900330274
2016,JP3738600000,0.00978507196826732
2017,JP3197800000,0.0
2017,JP3778630008,0.0
2017,JP3854600008,0.0
2017,AU000000CGF5,0.0
2017,JP3260800002,0.03636133374357511
2017,JP3463000004,0.0
2017,JP3595200001,0.0
2017,JP3638600001,0.0
2017,JP3866800000,0.0
2017,NZAIAE0002S6,0.0
2017,SG1T75931496,0.0
2017,AU000000BSL0,0.0
2017,JP3582600007,0.0
2017,JP3888300005,0.0
2017,JP3792600003,0.0
2017,AU000000WES1,0.0
2017,JP3888400003,0.0
2017,KYG2108Y1052,0.0032037888831876744
2017,NZTELE0001S4,0.0
2017,JP3368000000,0.0
2017,BMG2442N1048,0.0
2017,AU000000SUN6,0.0
2017,JP3634600005,0.0
2017,AU000000TCL6,0.0
2017,JP3209000003,0.0
2017,JP3350800003,0.0
2017,JP3229400001,0.0
2017,JP3621000003,0.0018648135349571028
2017,JP3802300008,0.016129029894616724
2017,JP3539220008,0.0
2017,JP3116000005,0.0
2017,JP3381000003,0.0
2017,JP3522200009,0.0
2017,JP3362700001,0.0
2017,JP3765400001,0.0
2017,JP3293200006,0.0
2017,HK0293001514,0.0
2017,AU000000IGO4,0.0
2017,AU000000ASX7,0.0
2017,AU000000APA1,0.0
2017,JP3300600008,0.0
2017,JP3481800005,0.0
2017,AU0000088338,0.0
2017,JP3375800004,0.0
2017,JP3910660004,0.0
2017,HK0019000162,0.0
2017,JP3585800000,0.0
2017,JP3385980002,0.0
2017,JP3951600000,0.0
2017,JP3134800006,0.0
2017,AU000000MAH3,0.0
2017,AU000000SGM7,0.0
2017,AU000000AMP6,0.0
2017,JP3551200003,0.0
2017,JP3665200006,0.0
2017,AU000000ORG5,0.0
2017,JP3787000003,0.0
2017,AU000000WBC1,0.0
2017,JP3942600002,0.0
2017,JP3819400007,0.012149486556395321
2017,JP3289800009,0.0
2017,JP3684000007,0.0
2017,AU000000ERA9,0.0
2017,JP3224200000,0.0
2017,JP3388200002,0.0
2017,JP3111200006,0.0
2017,JP3827200001,0.0
2017,JP3266400005,0.0
2017,JP3160400002,0.0
2017,JP3205800000,0.0
2017,JP3573000001,0.025563411384180057
2017,JP3294460005,0.0
2017,JP3027680002,0.016783099030086335
2017,HK0023000190,0.0
2017,JP3397200001,0.0
2017,JP3256000005,0.0
2017,AU0000038911,0.00035200695248279677
2017,JP3626800001,0.00795344635993619
2017,HK0004000045,0.0
2017,JP3040890000,0.0
2017,AU000000BPT9,0.0
2017,HK0165000859,0.01914327669108202
2017,AU000000SGP0,0.0
2017,JP3769000005,0.0
2017,JP3566800003,0.0
2017,AU000000ORI1,0.0
2017,JP3868400007,0.0
2017,KYG217651051,0.0
2017,BMG668971101,0.0
2017,JP3228600007,0.0
2017,JP3877600001,0.0
2017,SG9999000020,0.0
2017,SG1R50925390,0.0
2017,JP3870000001,0.0
2017,JP3743000006,0.0
2017,SG1U68934629,0.0
2017,JP3528600004,0.0
2017,JP3200450009,0.0
2017,JP3902400005,0.0
2017,JP3902900004,0.0
2017,JP3544000007,0.0
2017,JP3148800000,0.0
2017,JP3456000003,0.0
2017,JP3982800009,0.0
2017,JP3491000000,0.0
2017,JP3955000009,0.0
2017,JP3814800003,0.011949169788832212
2017,JP3304200003,0.0
2017,AU000000BLD2,0.0
2017,JP3762800005,0.0
2017,JP3711600001,0.0
2017,JP3386030005,0.0
2017,JP3890310000,0.0
2017,AU000000CSL8,0.0
2017,AU000000GWA4,0.0
2017,JP3894900004,0.0
2017,AU000000LLC3,0.0
2017,AU000000MQG1,0.0
2017,HK0000608585,0.0
2017,AU000000QAN2,0.0
2017,JP3613400005,0.0
2017,JP3629000005,0.0
2017,JP3786200000,0.0
2017,JP3351600006,0.0
2017,JP3551520004,0.0
2017,AU000000IVC8,0.0
2017,JP3243600008,0.011760925487918098
2017,JP3845400005,0.0
2017,JP3678000005,0.0
2017,JP3635400009,0.0
2017,NZCENE0001S6,0.0
2017,JP3493400000,0.0
2017,JP3156400008,0.0
2017,JP3371200001,0.009389712412077755
2017,JP3890350006,0.0
2017,JP3174410005,0.0
2017,JP3190000004,0.0
2017,JP3126400005,0.0
2017,AU000000SIG5,0.0
2017,JP3634200004,0.0
2017,HK0003000038,0.0
2017,BMG684371393,0.0
2017,JP3734800000,0.0
2017,JP3686800008,0.0
2017,JP3270000007,0.0
2017,JP3870400003,0.0
2017,JP3720800006,0.0
2017,JP3977400005,0.01088708905735022
2017,IE00BKVD2N49,0.0
2017,AU000000ANZ3,0.0
2017,JP3546800008,0.0
2017,JP3258000003,0.0
2017,AU000000NCM7,0.0
2017,AU000000BEN6,0.0
2017,BMG677491539,0.0
2017,JP3619800000,0.0
2017,JP3502200003,0.0
2017,JP3385820000,0.0
2017,JP3596200000,0.0
2017,JP3735400008,0.12116578036677682
2017,AU000000RHC8,0.0
2017,JP3667600005,0.0
2017,JP3452000007,0.0
2017,JP3835620000,0.018904405594297714
2017,HK0291001490,0.0
2017,JP3166000004,0.0
2017,JP3571400005,0.0
2017,JP3519400000,0.0
2017,HK0200030994,0.0
2017,JP3435000009,0.0
2017,AU000000DXS1,0.0
2017,SGXE21576413,0.0
2017,AU000000MTS0,0.0
2017,JP3982100004,0.0828125345274011
2017,JP3762600009,0.0
2017,SG1F60858221,0.0
2017,SG1V61937297,0.0
2017,BMG8063F1068,0.0
2017,KYG0535Q1331,0.0
2017,JP3407400005,0.0
2017,JP3164800009,0.0
2017,JP3352400000,0.008785275665020305
2017,JP3119600009,0.011413935051758058
2017,NZAIRE0001S2,0.0
2017,JP3818000006,0.0
2017,AU000000QBE9,0.0
2017,AU000000OZL8,0.0
2017,JP3788600009,0.0
2017,NZFBUE0001S0,0.0
2017,JP3814000000,0.0
2017,JP3201200007,0.0
2017,JP3358800005,0.0
2017,AU000000CIM7,0.0
2017,AU000000WOW2,0.0
2017,JP3783600004,0.0
2017,AU000000WOR2,0.0
2017,JP3429800000,0.03872525299212007
2017,AU000000SHL7,0.0
2017,JP3657400002,0.0009986696130392218
2017,JP3496400007,0.0
2017,JP3967200001,0.0
2017,JP3210200006,0.0
2017,JP3475350009,0.0
2017,JP3551500006,0.0
2017,AU000000COH5,0.0
2017,JP3419050004,0.0
2017,JP3850200001,0.0
2017,AU000000MND5,0.0
2017,JP3605400005,0.0
2017,JP3893600001,0.0
2017,HK2388011192,0.0
2017,HK0010000088,0.0
2017,AU000000DOW2,0.0
2017,BMG988031446,0.006857007286699232
2017,JP3940000007,0.0
2017,JP3942800008,0.0
2017,JP3401400001,0.0
2017,JP3726800000,0.0
2017,AU000000PPT9,0.0
2017,JP3414750004,0.027412074273627546
2017,AU000000IAG3,0.0
2017,AU000000NAB4,0.0
2017,JP3672400003,0.0
2017,JP3194000000,0.0
2017,JP3118000003,0.0
2017,JP3535800001,0.0
2017,JP3830800003,0.0
2017,JP3493800001,0.0
2017,AU000000TLS2,0.0
2017,JP3320800000,0.0
2017,AU000000CSR5,0.0
2017,JP3112000009,0.0
2017,JP3347200002,0.0
2017,JP3891600003,0.0
2017,SG1J26887955,0.00023015855628351665
2017,JP3358200008,0.0
2017,JP3143600009,0.0
2017,JP3592200004,0.0
2017,JP3688370000,0.0
2017,HK0000745908,0.0
2017,JP3811000003,0.0
2017,JP3420600003,0.0
2017,JP3753000003,0.0
2017,JP3359600008,0.016802185016673406
2017,JP3419400001,0.0
2017,AU000000CQR9,0.0
2017,JP3215800008,0.0
2017,HK0016000132,0.0
2017,SGXE34184239,0.0
2017,AU000000CWY3,0.0
2017,AU000000GPT8,0.0
2017,JP3526600006,0.0
2017,JP3486800000,0.0
2017,SG1R89002252,0.0
2017,JP3495000006,0.0
2017,JP3242800005,0.0
2017,JP3402600005,0.0
2017,BMG524401079,0.0
2017,JP3830000000,0.0
2017,AU000000TAH8,0.0
2017,JP3269600007,0.0
2017,JP3246400000,0.0
2017,HK0688002218,0.0
2017,AU000000BWP3,0.0
2017,HK0083000502,0.0
2017,JP3158800007,0.0
2017,JP3837800006,0.0
2017,JP3820000002,0.0
2017,JP3742600004,0.0
2017,HK0002007356,0.2541515394411669
2017,JP3165600002,0.0
2017,JP3122400009,0.0
2017,JP3903000002,0.0
2017,JP3973400009,0.0
2017,JP3538800008,0.0
2017,JP3900000005,0.0
2017,JP3659000008,0.0
2017,JP3560800009,0.0
2017,AU0000224040,0.0
2017,JP3180400008,0.011139765544246397
2017,AU000000STO6,0.0
2017,JP3898400001,0.0
2017,JP3223800008,0.0
2017,JP3670800006,0.0
2017,JP3197600004,0.0
2017,JP3449020001,0.0
2017,JP3711200000,0.08721968265485583
2017,JP3357200009,0.0272802420916631
2017,HK0242001243,0.0
2017,NZSKCE0001S2,0.0
2017,AU000000SBM8,0.0009538482151390461
2017,JP3421100003,0.0
2017,JP3505000004,0.0
2017,JP3914400001,0.0
2017,JP3405400007,0.0
2017,AU000000BHP4,0.0
2017,HK0388045442,0.0
2017,JP3443600006,0.0
2017,JP3549600009,0.0
2017,JP3322930003,0.012191940350267732
2017,JP3027670003,0.0
2017,JP3663900003,0.0
2017,AU000000CBA7,0.0
2017,JP3733000008,0.0
2017,AU000000MGR9,0.0
2017,HK0012000102,0.0
2017,JP3165700000,0.0
2017,HK0006000050,0.054929770688158894
2017,HK0011000095,0.0
2017,JP3633400001,0.0
2017,HK0823032773,0.0
2017,JP3942400007,0.0
2017,HK0066009694,0.0
2017,JP3738600000,0.034535342294127386
2018,JP3197800000,0.0
2018,JP3778630008,0.0
2018,JP3854600008,0.0
2018,AU000000CGF5,0.0
2018,JP3260800002,0.04782078252470284
2018,JP3463000004,0.0
2018,JP3595200001,0.0
2018,JP3638600001,0.0
2018,JP3866800000,0.0
2018,NZAIAE0002S6,0.0
2018,SG1T75931496,0.0
2018,AU000000BSL0,0.0
2018,JP3582600007,0.0
2018,JP3888300005,0.0
2018,JP3792600003,0.0
2018,AU000000WES1,0.0
2018,JP3888400003,0.0
2018,AU000000ILU1,0.0
2018,KYG2108Y1052,0.004024567631861586
2018,NZTELE0001S4,0.0
2018,JP3368000000,0.0
2018,BMG2442N1048,0.0
2018,AU000000SUN6,0.0
2018,JP3634600005,0.0
2018,AU000000TCL6,0.0
2018,JP3209000003,0.0
2018,JP3350800003,0.0
2018,JP3229400001,0.0
2018,JP3621000003,0.00460617166085801
2018,JP3802300008,0.0061064236274179316
2018,JP3539220008,0.0
2018,JP3116000005,0.0
2018,JP3381000003,0.0
2018,JP3522200009,0.0
2018,JP3362700001,0.0
2018,JP3765400001,0.0
2018,JP3421800008,0.0
2018,JP3293200006,0.0
2018,HK0008011667,0.0
2018,HK0293001514,0.0
2018,AU000000IGO4,0.0
2018,AU000000ASX7,0.0
2018,AU000000APA1,0.0
2018,JP3300600008,0.0
2018,JP3481800005,0.0
2018,AU0000088338,0.0
2018,JP3375800004,0.0
2018,JP3910660004,0.0
2018,HK0019000162,0.0
2018,SG1N31909426,0.0
2018,JP3585800000,0.0
2018,JP3385980002,0.0
2018,JP3951600000,0.0
2018,JP3134800006,0.0
2018,AU000000MAH3,0.0
2018,AU000000SGM7,0.0
2018,AU000000AMP6,0.0
2018,JP3551200003,0.0
2018,JP3665200006,0.0
2018,AU000000ORG5,0.0
2018,JP3787000003,0.0
2018,AU000000WBC1,0.0
2018,JP3942600002,0.0
2018,SG1T58930911,0.0
2018,JP3819400007,0.010693962107555506
2018,JP3289800009,0.0
2018,JP3799000009,0.0
2018,JP3684000007,0.0
2018,AU000000ERA9,0.0
2018,JP3224200000,0.0
2018,JP3249600002,0.0
2018,JP3388200002,0.0
2018,JP3111200006,0.0045531248689700855
2018,JP3827200001,0.0
2018,JP3266400005,0.0
2018,JP3160400002,0.0
2018,HK0000055878,0.013066744170101926
2018,JP3205800000,0.0
2018,JP3573000001,0.05233887920494612
2018,JP3294460005,0.0
2018,JP3027680002,0.016658955160819344
2018,HK0023000190,0.0
2018,JP3397200001,0.0
2018,JP3256000005,0.0
2018,AU0000038911,0.0
2018,JP3626800001,0.016644727032330702
2018,HK0004000045,0.0
2018,JP3040890000,0.0
2018,AU000000BPT9,0.0
2018,HK0165000859,0.0012292937652484237
2018,AU000000SGP0,0.0
2018,JP3769000005,0.0
2018,JP3566800003,0.0
2018,AU000000ORI1,0.0
2018,BMG4600H1198,0.0
2018,JP3868400007,0.0
2018,KYG217651051,0.0
2018,BMG668971101,0.0
2018,JP3228600007,0.0
2018,JP3877600001,0.0
2018,SG9999000020,0.0
2018,SG1R50925390,0.0
2018,JP3870000001,0.0
2018,JP3743000006,0.0
2018,SG1U68934629,0.0
2018,JP3528600004,0.0
2018,JP3200450009,0.0
2018,HK0308001558,0.0
2018,JP3902400005,0.0
2018,JP3902900004,0.007660461281252306
2018,JP3544000007,0.0
2018,JP3148800000,0.0
2018,JP3456000003,0.0
2018,JP3982800009,0.0
2018,JP3491000000,0.0
2018,JP3955000009,0.0
2018,JP3814800003,0.04949568732035695
2018,JP3304200003,0.0
2018,AU000000BLD2,0.0
2018,JP3762800005,0.0
2018,JP3711600001,0.0
2018,JP3386030005,0.0
2018,JP3890310000,0.0
2018,AU000000CSL8,0.0
2018,AU000000GWA4,0.0
2018,JP3894900004,0.0
2018,AU000000LLC3,0.0
2018,AU000000MQG1,0.0
2018,HK0000608585,0.0
2018,AU000000QAN2,0.0
2018,JP3613400005,0.0
2018,JP3629000005,0.0
2018,JP3786200000,0.006139864510095679
2018,JP3351600006,0.0
2018,JP3551520004,0.0
2018,AU000000IVC8,0.0
2018,JP3243600008,0.019166021103006848
2018,BMG2108M2182,0.0
2018,JP3845400005,0.0
2018,JP3678000005,0.0
2018,JP3635400009,0.0
2018,NZCENE0001S6,0.0
2018,JP3493400000,0.0
2018,JP3336000009,0.0
2018,JP3156400008,0.0
2018,JP3371200001,0.0
2018,JP3890350006,0.0
2018,JP3174410005,0.0
2018,JP3190000004,0.0
2018,JP3126400005,0.0
2018,AU000000SIG5,0.0
2018,JP3634200004,0.0
2018,HK0003000038,0.0
2018,BMG684371393,0.0
2018,JP3734800000,0.004900703029845646
2018,JP3686800008,0.0
2018,JP3270000007,0.0
2018,JP3870400003,0.0
2018,JP3720800006,0.0
2018,JP3977400005,0.0
2018,JP3933800009,0.0
2018,IE00BKVD2N49,0.0
2018,AU000000ANZ3,0.0
2018,JP3546800008,0.0
2018,JP3258000003,0.0
2018,AU000000NCM7,0.0
2018,AU000000BEN6,0.0
2018,BMG677491539,0.0
2018,JP3619800000,0.0
2018,JP3502200003,0.0
2018,JP3385820000,0.0
2018,JP3596200000,0.00020662466462001604
2018,JP3735400008,0.06041614148820884
2018,HK0363006039,0.0
2018,AU000000RHC8,0.0
2018,JP3667600005,0.0
2018,JP3452000007,0.0
2018,JP3835620000,0.0
2018,HK0291001490,0.0
2018,JP3166000004,0.0
2018,JP3571400005,0.0
2018,JP3519400000,0.0
2018,HK0200030994,0.0
2018,JP3435000009,0.0
2018,AU000000DXS1,0.0
2018,SGXE21576413,0.0
2018,AU000000MTS0,0.0
2018,JP3982100004,0.10065300215033215
2018,JP3762600009,0.0
2018,SG1F60858221,0.0
2018,SG1V61937297,0.0
2018,BMG8063F1068,0.0
2018,KYG0535Q1331,0.0
2018,JP3407400005,0.0
2018,JP3404600003,0.0
2018,JP3164800009,0.0
2018,JP3352400000,0.004196358636848957
2018,JP3119600009,0.0026084363594932347
2018,JP3721400004,0.0
2018,NZAIRE0001S2,0.0
2018,JP3818000006,0.0
2018,AU000000QBE9,0.0
2018,AU000000OZL8,0.0
2018,JP3635000007,0.0
2018,JP3788600009,0.0
2018,NZFBUE0001S0,0.0
2018,JP3814000000,0.0
2018,JP3201200007,0.0
2018,SG1P66918738,0.0
2018,JP3358800005,0.0
2018,AU000000CIM7,0.0
2018,AU000000WOW2,0.0
2018,JP3783600004,0.0
2018,AU000000WOR2,0.0
2018,JP3429800000,0.01626211214882848
2018,AU000000SHL7,0.0
2018,JP3657400002,0.0
2018,JP3496400007,0.0
2018,JP3967200001,0.0
2018,JP3210200006,0.0
2018,JP3475350009,0.0
2018,JP3551500006,0.0
2018,AU000000COH5,0.0
2018,JP3419050004,0.0
2018,JP3850200001,0.0
2018,JP3400900001,0.018396832607612334
2018,AU000000MND5,0.0
2018,JP3605400005,0.0
2018,JP3893600001,0.0
2018,HK2388011192,0.0
2018,HK0010000088,0.0
2018,AU000000DOW2,0.0
2018,BMG988031446,0.027864955109388866
2018,JP3940000007,0.0
2018,HK0144000764,0.0
2018,JP3198900007,0.033899244225591665
2018,JP3942800008,0.0
2018,JP3401400001,0.0
2018,JP3726800000,0.0
2018,AU000000PPT9,0.0
2018,JP3414750004,0.032720158978335495
2018,AU000000IAG3,0.0
2018,AU000000NAB4,0.0
2018,JP3672400003,0.0
2018,JP3194000000,0.0
2018,JP3118000003,0.0
2018,JP3535800001,0.0
2018,JP3830800003,0.0
2018,JP3493800001,0.0
2018,AU000000TLS2,0.0
2018,JP3320800000,0.0
2018,AU000000CSR5,0.0
2018,JP3112000009,0.0
2018,JP3347200002,0.0
2018,JP3891600003,0.0
2018,SG1J26887955,0.0
2018,JP3358200008,0.0
2018,JP3143600009,0.0
2018,JP3592200004,0.0
2018,JP3688370000,0.0
2018,HK0000745908,0.0
2018,JP3811000003,0.0
2018,JP3420600003,0.0
2018,JP3753000003,0.0
2018,JP3359600008,0.01626515573616689
2018,JP3419400001,0.0
2018,AU000000CQR9,0.0
2018,JP3215800008,0.0
2018,HK0016000132,0.0
2018,SGXE34184239,0.0
2018,AU000000CWY3,0.0
2018,AU000000GPT8,0.0
2018,JP3526600006,0.0
2018,JP3486800000,0.0
2018,JP3131430005,0.0
2018,SG1R89002252,0.0
2018,JP3495000006,0.0
2018,JP3242800005,0.0
2018,JP3402600005,0.0
2018,BMG524401079,0.0
2018,JP3830000000,0.0
2018,AU000000TAH8,0.0
2018,JP3269600007,0.0
2018,JP3246400000,0.0
2018,HK0688002218,0.0
2018,AU000000BWP3,0.0
2018,HK0083000502,0.0
2018,JP3158800007,0.0
2018,JP3837800006,0.0
2018,JP3820000002,0.0
2018,JP3742600004,0.0
2018,HK0002007356,0.25782762514757734
2018,JP3165600002,0.0
2018,JP3122400009,0.0
2018,JP3903000002,0.0
2018,JP3973400009,0.0
2018,JP3538800008,0.0
2018,JP3900000005,0.0
2018,JP3659000008,0.0
2018,JP3560800009,0.0
2018,JP3274400005,0.0
2018,AU0000224040,0.0
2018,JP3180400008,0.0
2018,AU000000STO6,0.0
2018,JP3898400001,0.0
2018,JP3223800008,0.0
2018,JP3670800006,0.0
2018,JP3197600004,0.0
2018,JP3449020001,0.0
2018,JP3711200000,0.10396199731587831
2018,JP3357200009,0.010830784661248352
2018,HK0242001243,0.0
2018,NZSKCE0001S2,0.0
2018,BMG2178K1009,0.021953329478090543
2018,AU000000SBM8,0.0046590931103798455
2018,JP3675600005,0.0
2018,JP3421100003,0.0
2018,JP3505000004,0.0
2018,JP3914400001,0.0
2018,JP3405400007,0.0
2018,JP3695200000,0.0
2018,AU000000BHP4,0.0
2018,HK0388045442,0.0
2018,JP3443600006,0.0
2018,JP3549600009,0.0
2018,JP3322930003,0.0
2018,JP3027670003,0.0
2018,JP3663900003,0.0
2018,AU000000CBA7,0.0
2018,JP3733000008,0.0
2018,AU000000MGR9,0.0
2018,HK0012000102,0.0
2018,JP3165700000,0.0
2018,JP3126340003,0.0
2018,HK0006000050,0.0
2018,HK0011000095,0.0
2018,JP3633400001,0.0
2018,HK0823032773,0.0
2018,JP3942400007,0.0
2018,HK0066009694,0.0
2018,JP3738600000,0.022171779182028773
2019,JP3197800000,0.0
2019,JP3778630008,0.0
2019,JP3854600008,0.0
2019,AU000000CGF5,0.0
2019,JP3260800002,0.009195778862475247
2019,JP3463000004,0.0
2019,JP3595200001,0.0
2019,JP3638600001,0.0
2019,JP3866800000,0.0
2019,NZAIAE0002S6,0.0
2019,SG1T75931496,0.0
2019,AU000000BSL0,0.0
2019,JP3582600007,0.0
2019,JP3888300005,0.0
2019,JP3792600003,0.0
2019,AU000000WES1,0.0
2019,JP3888400003,0.0
2019,AU000000ILU1,0.0
2019,KYG2108Y1052,0.0
2019,NZTELE0001S4,0.0
2019,JP3368000000,0.0
2019,BMG2442N1048,0.0
2019,AU000000SUN6,0.0
2019,JP3634600005,0.0
2019,AU000000TCL6,0.0
2019,JP3209000003,0.0
2019,JP3350800003,0.0
2019,JP3229400001,0.0
2019,JP3621000003,0.0
2019,JP3802300008,0.009831081649209476
2019,JP3539220008,0.002567960684331364
2019,JP3766550002,0.0
2019,JP3116000005,0.0
2019,JP3381000003,0.0
2019,JP3485800001,0.0
2019,JP3522200009,0.0
2019,JP3362700001,0.0
2019,JP3765400001,0.0
2019,JP3421800008,0.0
2019,SG1L01001701,0.0
2019,JP3293200006,0.007696188190844636
2019,HK0008011667,0.0
2019,HK0293001514,0.0
2019,AU000000IGO4,0.0
2019,AU000000ASX7,0.0
2019,AU000000APA1,0.0
2019,JP3300600008,0.0
2019,JP3481800005,0.0
2019,AU0000088338,0.0
2019,JP3375800004,0.0
2019,JP3910660004,0.0
2019,HK0019000162,0.0
2019,SG1N31909426,0.0
2019,JP3585800000,0.0
2019,JP3385980002,0.0
2019,JP3951600000,0.0
2019,JP3134800006,0.0
2019,AU000000MAH3,0.0
2019,AU000000SGM7,0.0
2019,AU000000AMP6,0.0
2019,JP3551200003,0.0
2019,JP3665200006,0.0
2019,AU000000ORG5,0.0
2019,JP3787000003,0.0
2019,AU000000WBC1,0.0
2019,JP3942600002,0.0
2019,SG1T58930911,0.0
2019,JP3819400007,0.0
2019,JP3289800009,0.0
2019,JP3799000009,0.0
2019,JP3684000007,0.0
2019,JP3326410002,0.023045419038307067
2019,AU000000ERA9,0.0
2019,JP3224200000,0.0
2019,JP3249600002,0.0
2019,JP3388200002,0.0
2019,JP3111200006,0.0
2019,JP3827200001,0.0
2019,JP3266400005,0.0
2019,JP3160400002,0.0
2019,HK0000055878,0.0
2019,SG1S83002349,0.0
2019,AU000000ABC7,0.0
2019,JP3205800000,0.0
2019,JP3573000001,0.027835878939544683
2019,JP3294460005,0.0
2019,JP3027680002,0.0
2019,HK0023000190,0.0
2019,JP3397200001,0.0
2019,JP3256000005,0.0
2019,AU0000038911,0.0
2019,JP3626800001,0.0
2019,HK0004000045,0.0
2019,JP3040890000,0.0
2019,AU000000BPT9,0.0
2019,HK0165000859,0.0
2019,AU000000SGP0,0.0
2019,JP3769000005,0.0
2019,JP3566800003,0.0
2019,AU000000ORI1,0.0
2019,BMG4600H1198,0.0
2019,JP3868400007,0.0
2019,KYG217651051,0.0
2019,BMG668971101,0.0
2019,JP3228600007,0.020826486677169468
2019,JP3877600001,0.0
2019,SG9999000020,0.0
2019,SG1R50925390,0.0
2019,JP3870000001,0.0
2019,JP3743000006,0.0
2019,SG1U68934629,0.0
2019,JP3528600004,0.0
2019,JP3200450009,0.0
2019,HK0308001558,0.0
2019,JP3902400005,0.0
2019,JP3902900004,0.028211238657821987
2019,JP3544000007,0.0
2019,JP3351100007,0.0
2019,JP3148800000,0.0
2019,JP3456000003,0.0
2019,JP3982800009,0.0
2019,JP3491000000,0.0
2019,JP3955000009,0.0
2019,JP3814800003,0.032275378946857974
2019,JP3304200003,0.0
2019,AU000000BLD2,0.0
2019,JP3762800005,0.0
2019,JP3711600001,0.0
2019,JP3386030005,0.0
2019,JP3890310000,0.0
2019,AU000000CSL8,0.0
2019,AU000000GWA4,0.0
2019,JP3894900004,0.0
2019,AU000000LLC3,0.0
2019,AU000000MQG1,0.0
2019,HK0000608585,0.0
2019,AU000000QAN2,0.0
2019,JP3613400005,0.0
2019,JP3629000005,0.0
2019,JP3786200000,0.04165271026997813
2019,JP3351600006,0.0
2019,JP3551520004,0.0
2019,AU000000IVC8,0.0
2019,JP3243600008,0.0
2019,BMG2108M2182,0.00523862084991393
2019,JP3845400005,0.0
2019,JP3678000005,0.0
2019,KYG5427W1309,0.0
2019,JP3635400009,0.0
2019,NZCENE0001S6,0.0
2019,JP3493400000,0.0
2019,JP3336000009,0.0
2019,JP3156400008,0.0
2019,JP3371200001,0.0
2019,JP3890350006,0.0
2019,JP3174410005,0.0
2019,JP3190000004,0.0
2019,HK0000139300,0.0
2019,JP3126400005,0.0
2019,JP3173400007,0.0
2019,AU000000SIG5,0.0
2019,JP3634200004,0.0
2019,HK0003000038,0.0
2019,BMG684371393,0.0
2019,JP3600200004,0.003810481100879651
2019,JP3734800000,0.0
2019,JP3686800008,0.0
2019,JP3270000007,0.0
2019,JP3283650004,0.0
2019,JP3436100006,0.0
2019,JP3870400003,0.0
2019,JP3720800006,0.0
2019,MU0117U00026,0.037155067853258346
2019,JP3977400005,0.0
2019,AU000000ELD6,0.0
2019,JP3933800009,0.0
2019,JP3676800000,0.0
2019,IE00BKVD2N49,0.0
2019,AU000000ANZ3,0.0
2019,JP3546800008,0.0
2019,JP3258000003,0.0
2019,AU000000NCM7,0.0
2019,AU000000BEN6,0.0
2019,BMG677491539,0.0
2019,JP3619800000,0.0
2019,JP3502200003,0.0
2019,JP3385820000,0.0
2019,JP3596200000,0.0
2019,JP3735400008,0.0
2019,HK0363006039,0.0
2019,AU000000RHC8,0.0
2019,JP3667600005,0.0
2019,JP3389900006,0.0
2019,JP3452000007,0.0
2019,JP3835620000,0.0
2019,HK0291001490,0.0
2019,JP3166000004,0.0
2019,JP3571400005,0.0
2019,JP3519400000,0.0
2019,HK0200030994,0.0
2019,JP3435000009,0.0
2019,AU000000DXS1,0.0
2019,SGXE21576413,0.0
2019,AU000000MTS0,0.0
2019,JP3982100004,0.13228285737332388
2019,JP3762600009,0.0
2019,SG1F60858221,0.0
2019,SG1V61937297,0.0
2019,BMG8063F1068,0.0
2019,KYG0535Q1331,0.0
2019,JP3407400005,0.0
2019,JP3404600003,0.0
2019,JP3164800009,0.0
2019,JP3352400000,0.0
2019,JP3119600009,0.0
2019,JP3721400004,0.0
2019,NZAIRE0001S2,0.0
2019,JP3818000006,0.0
2019,AU000000QBE9,0.0
2019,AU000000OZL8,0.0
2019,JP3635000007,0.0
2019,JP3788600009,0.0
2019,NZFBUE0001S0,0.0
2019,JP3814000000,0.0
2019,JP3201200007,0.0
2019,SG1P66918738,0.0
2019,JP3358800005,0.0
2019,AU000000CIM7,0.0
2019,AU000000WOW2,0.0
2019,JP3783600004,0.0
2019,AU000000WOR2,0.0
2019,JP3429800000,0.002068702499412732
2019,AU000000SHL7,0.0
2019,JP3657400002,0.030756206583969548
2019,JP3496400007,0.0
2019,JP3967200001,0.0
2019,JP3210200006,0.0
2019,JP3475350009,0.0
2019,JP3551500006,0.0
2019,AU000000COH5,0.0
2019,JP3419050004,0.0
2019,JP3850200001,0.0
2019,JP3400900001,0.04675172084983141
2019,AU000000MND5,0.0
2019,JP3605400005,0.0
2019,JP3893600001,0.0
2019,HK2388011192,0.0
2019,HK0010000088,0.0
2019,AU000000DOW2,0.0
2019,BMG988031446,0.03817580282403053
2019,JP3404200002,0.0
2019,JP3940000007,0.0
2019,HK0144000764,0.0
2019,JP3198900007,0.01281925178350231
2019,JP3935600001,0.0
2019,JP3942800008,0.0
2019,JP3401400001,0.0
2019,JP3726800000,0.0
2019,AU000000PPT9,0.0
2019,JP3414750004,0.022306064989774173
2019,AU000000IAG3,0.0
2019,AU000000NAB4,0.0
2019,JP3672400003,0.0
2019,JP3194000000,0.0
2019,JP3118000003,0.0
2019,JP3535800001,0.0
2019,JP3830800003,0.0
2019,JP3493800001,0.0
2019,AU000000TLS2,0.0
2019,JP3320800000,0.0
2019,AU000000CSR5,0.0
2019,JP3112000009,0.0
2019,JP3347200002,0.0
2019,JP3891600003,0.0
2019,SG1J26887955,0.0
2019,JP3358200008,0.0
2019,JP3143600009,0.0
2019,JP3592200004,0.0
2019,JP3688370000,0.0
2019,HK0000745908,0.0
2019,JP3811000003,0.0
2019,JP3420600003,0.0
2019,JP3753000003,0.0
2019,JP3359600008,0.009853713290793164
2019,JP3268950007,0.0
2019,JP3419400001,0.0
2019,AU000000CQR9,0.0
2019,JP3215800008,0.0
2019,HK0016000132,0.0
2019,SGXE34184239,0.0
2019,AU000000CWY3,0.0
2019,AU000000GPT8,0.0
2019,JP3526600006,0.0
2019,JP3486800000,0.0
2019,JP3131430005,0.0
2019,HK0014000126,0.0
2019,SG1R89002252,0.0
2019,HK0000049939,0.0
2019,JP3495000006,0.0
2019,JP3242800005,0.0
2019,JP3402600005,0.0
2019,BMG524401079,0.0
2019,JP3830000000,0.0
2019,AU000000TAH8,0.0
2019,JP3269600007,0.0
2019,JP3246400000,0.0
2019,HK0688002218,0.0
2019,AU000000BWP3,0.0
2019,HK0083000502,0.0
2019,JP3158800007,0.0
2019,JP3837800006,0.0
2019,JP3820000002,0.0
2019,JP3742600004,0.0
2019,HK0002007356,0.37743430314544896
2019,JP3165600002,0.0
2019,JP3122400009,0.0
2019,JP3903000002,0.0
2019,JP3973400009,0.0
2019,JP3538800008,0.0
2019,JP3900000005,0.0
2019,JP3659000008,0.0
2019,JP3560800009,0.0
2019,JP3274400005,0.0
2019,JP3899600005,0.0
2019,AU0000224040,0.0
2019,JP3180400008,0.0
2019,AU000000STO6,0.0
2019,JP3898400001,0.0
2019,JP3223800008,0.0
2019,JP3670800006,0.0
2019,JP3197600004,0.0
2019,JP3449020001,0.0
2019,JP3711200000,0.061202696009959645
2019,JP3357200009,0.0
2019,HK0242001243,0.0
2019,NZSKCE0001S2,0.0
2019,BMG2178K1009,0.0
2019,AU000000SBM8,0.005577830352832398
2019,JP3675600005,0.0
2019,JP3421100003,0.0
2019,JP3505000004,0.0
2019,JP3914400001,0.0
2019,JP3405400007,0.0
2019,JP3695200000,0.0
2019,AU000000BHP4,0.0
2019,HK0388045442,0.0
2019,JP3443600006,0.0
2019,JP3549600009,0.0
2019,JP3322930003,0.005617765085327651
2019,JP3027670003,0.0
2019,JP3663900003,0.0
2019,AU000000CBA7,0.0
2019,JP3733000008,0.0
2019,AU000000MGR9,0.0
2019,HK0012000102,0.0
2019,JP3165700000,0.0
2019,JP3126340003,0.0
2019,JP3409000001,0.0
2019,HK0006000050,0.0
2019,HK0011000095,0.0
2019,JP3633400001,0.0
2019,HK0823032773,0.0058107934912017
2019,JP3942400007,0.0
2019,HK0066009694,0.0
2019,JP3738600000,0.0
2020,JP3197800000,0.0
2020,JP3778630008,0.005216368816469978
2020,JP3854600008,0.0
2020,AU000000CGF5,0.0
2020,JP3260800002,0.037702094284153415
2020,JP3774200004,0.0
2020,JP3463000004,0.0
2020,JP3595200001,0.0
2020,JP3939000000,0.0
2020,SG1M51904654,0.0
2020,AU000000FLT9,0.0
2020,JP3638600001,0.0
2020,JP3866800000,0.0
2020,NZAIAE0002S6,0.0
2020,SG1T75931496,0.0
2020,AU000000BSL0,0.0
2020,JP3582600007,0.0
2020,JP3574200006,0.0
2020,JP3888300005,0.0
2020,JP3792600003,0.0
2020,AU000000WES1,0.0
2020,JP3499800005,0.0
2020,JP3888400003,0.0
2020,AU000000ILU1,0.0
2020,KYG2108Y1052,0.0
2020,NZTELE0001S4,0.0
2020,JP3368000000,0.0
2020,BMG2442N1048,0.0
2020,AU000000SUN6,0.0
2020,JP3634600005,0.0
2020,AU000000TCL6,0.0
2020,JP3209000003,0.0
2020,JP3350800003,0.0
2020,JP3229400001,0.0
2020,JP3621000003,0.0
2020,JP3802300008,0.0
2020,JP3539220008,0.0
2020,JP3766550002,0.0
2020,JP3116000005,0.0
2020,JP3381000003,0.0
2020,JP3485800001,0.0
2020,JP3522200009,0.0
2020,JP3362700001,0.0
2020,JP3765400001,0.0
2020,JP3421800008,0.0
2020,SG1L01001701,0.0
2020,JP3862400003,0.0
2020,JP3293200006,0.008650094384017603
2020,HK0008011667,0.0
2020,HK0293001514,0.0
2020,AU000000IGO4,0.0
2020,AU000000ASX7,0.0
2020,AU000000APA1,0.0
2020,JP3893200000,0.0
2020,JP3300600008,0.0
2020,JP3481800005,0.0
2020,AU0000088338,0.0
2020,JP3375800004,0.0
2020,JP3910660004,0.0
2020,HK0019000162,0.0
2020,SG1N31909426,0.0
2020,JP3585800000,0.0
2020,JP3385980002,0.0
2020,JP3951600000,0.0
2020,JP3134800006,0.0
2020,AU000000MAH3,0.0
2020,AU000000SGM7,0.0
2020,AU000000AMP6,0.0
2020,JP3551200003,0.0
2020,JP3665200006,0.0
2020,AU000000ORG5,0.0
2020,JP3787000003,0.0
2020,AU000000WBC1,0.0
2020,JP3942600002,0.0
2020,SG1T58930911,0.0
2020,SG9999003735,0.0
2020,JP3819400007,0.0
2020,JP3289800009,0.0
2020,JP3799000009,0.0
2020,JP3684000007,0.0
2020,JP3326410002,0.032527188092515834
2020,AU000000ERA9,0.0
2020,JP3224200000,0.0
2020,JP3249600002,0.0
2020,JP3388200002,0.0
2020,JP3111200006,0.0
2020,JP3827200001,0.0
2020,JP3266400005,0.0
2020,JP3160400002,0.0
2020,HK0000055878,0.0
2020,SG1S83002349,0.0
2020,AU000000ABC7,0.0
2020,JP3205800000,0.0
2020,JP3573000001,0.008267167783088586
2020,JP3294460005,0.0
2020,JP3027680002,0.0
2020,HK0023000190,0.0
2020,JP3397200001,0.0
2020,JP3256000005,0.0
2020,JP3511800009,0.0
2020,AU0000038911,0.0
2020,JP3172100004,0.0
2020,JP3626800001,0.0
2020,HK0004000045,0.0
2020,JP3040890000,0.0
2020,AU000000BPT9,0.0
2020,HK0165000859,0.0
2020,AU000000SGP0,0.0
2020,JP3769000005,0.0
2020,JP3566800003,0.0
2020,AU000000ORI1,0.0
2020,BMG4600H1198,0.0
2020,JP3868400007,0.0
2020,KYG217651051,0.0
2020,BMG668971101,0.0
2020,JP3228600007,0.054769067244558906
2020,JP3877600001,0.0
2020,SG9999000020,0.0
2020,SG1R50925390,0.0
2020,JP3870000001,0.0
2020,JP3743000006,0.0
2020,SG1U68934629,0.0
2020,JP3528600004,0.0
2020,JP3200450009,0.0
2020,HK0308001558,0.0
2020,JP3902400005,0.0
2020,JP3902900004,0.0
2020,JP3544000007,0.0
2020,JP3351100007,0.0
2020,JP3148800000,0.0
2020,JP3456000003,0.0
2020,JP3982800009,0.0
2020,JP3491000000,0.0
2020,JP3955000009,0.0
2020,HK0392044647,0.0
2020,JP3814800003,0.02994055154285368
2020,BMG8403G1033,0.0
2020,AU000000ALL7,0.0
2020,JP3304200003,0.0
2020,AU000000BLD2,0.0
2020,JP3762800005,0.0
2020,JP3711600001,0.008172750909792553
2020,JP3386030005,0.0
2020,JP3890310000,0.0
2020,AU000000CSL8,0.0
2020,AU000000GWA4,0.0
2020,JP3894900004,0.0
2020,AU000000LLC3,0.0
2020,AU000000MQG1,0.0
2020,HK0000608585,0.0
2020,AU000000QAN2,0.0
2020,JP3613400005,0.0
2020,JP3629000005,0.0
2020,JP3786200000,0.0
2020,JP3351600006,0.0
2020,JP3551520004,0.0
2020,AU000000IVC8,0.0
2020,JP3243600008,0.0
2020,BMG2108M2182,0.0
2020,JP3845400005,0.0
2020,JP3678000005,0.0
2020,KYG5427W1309,0.0
2020,JP3635400009,0.0
2020,NZCENE0001S6,0.0
2020,JP3493400000,0.0
2020,JP3336000009,0.0
2020,JP3156400008,0.0
2020,JP3371200001,0.0
2020,JP3733400000,0.0
2020,JP3890350006,0.0
2020,JP3174410005,0.0
2020,SG2B80958517,0.0
2020,JP3190000004,0.0
2020,HK0000139300,0.0
2020,JP3126400005,0.0
2020,JP3173400007,0.0
2020,AU000000SIG5,0.013118916530540684
2020,JP3634200004,0.0
2020,HK0003000038,0.0
2020,BMG684371393,0.0
2020,JP3600200004,0.0
2020,JP3276400003,0.0
2020,JP3734800000,0.0
2020,KYG525621408,0.0
2020,JP3686800008,0.0
2020,JP3270000007,0.0
2020,JP3826800009,0.0
2020,JP3143000002,0.021023312131870288
2020,JP3283650004,0.0
2020,JP3436100006,0.0
2020,JP3870400003,0.0
2020,JP3720800006,0.0
2020,MU0117U00026,0.06570277225339154
2020,JP3977400005,0.0
2020,AU000000ELD6,0.0
2020,JP3933800009,0.0
2020,JP3676800000,0.0
2020,IE00BKVD2N49,0.0
2020,AU000000ANZ3,0.0
2020,JP3546800008,0.0
2020,JP3258000003,0.0
2020,AU000000NCM7,0.0
2020,AU000000BEN6,0.0
2020,BMG677491539,0.0
2020,JP3619800000,0.0
2020,JP3502200003,0.0
2020,JP3385820000,0.0
2020,JP3596200000,0.0
2020,JP3735400008,0.023464615913138046
2020,HK0363006039,0.0
2020,AU000000RHC8,0.0
2020,JP3667600005,0.0
2020,JP3137200006,0.0
2020,JP3389900006,0.0
2020,JP3452000007,0.0
2020,JP3102000001,0.0
2020,JP3835620000,0.0
2020,HK0291001490,0.0
2020,JP3166000004,0.0
2020,JP3571400005,0.0
2020,JP3519400000,0.0
2020,HK0200030994,0.0
2020,JP3435000009,0.0
2020,AU000000DXS1,0.0
2020,SGXE21576413,0.0
2020,AU000000MTS0,0.0
2020,JP3982100004,0.07507650139188611
2020,JP3762600009,0.0
2020,SG1F60858221,0.0
2020,SG1V61937297,0.0
2020,BMG8063F1068,0.0
2020,KYG0535Q1331,0.0
2020,JP3407400005,0.0
2020,JP3404600003,0.0
2020,JP3164800009,0.0
2020,JP3352400000,0.0
2020,JP3119600009,0.01739053507849566
2020,JP3721400004,0.0
2020,NZAIRE0001S2,0.0
2020,JP3818000006,0.0
2020,AU000000QBE9,0.0
2020,AU000000OZL8,0.0
2020,JP3635000007,0.0
2020,JP3788600009,0.0
2020,NZFBUE0001S0,0.0
2020,JP3579800008,0.0
2020,JP3814000000,0.0
2020,JP3201200007,0.0
2020,SG1P66918738,0.0
2020,JP3358800005,0.0
2020,AU000000CIM7,0.0
2020,AU000000WOW2,0.0
2020,JP3783600004,0.0
2020,AU000000WOR2,0.0
2020,JP3429800000,0.0
2020,JP3625000009,0.0
2020,JP3415400005,0.0
2020,AU000000SHL7,0.0
2020,JP3657400002,0.0
2020,JP3496400007,0.0
2020,JP3967200001,0.0
2020,JP3210200006,0.0
2020,JP3756100008,0.05405955805033311
2020,JP3475350009,0.0
2020,JP3551500006,0.0
2020,AU000000COH5,0.0
2020,JP3419050004,0.0
2020,JP3850200001,0.0
2020,JP3400900001,0.0
2020,AU000000MND5,0.0
2020,JP3605400005,0.0
2020,JP3893600001,0.0
2020,HK2388011192,0.0
2020,HK0010000088,0.0
2020,AU000000DOW2,0.0
2020,BMG988031446,0.03987094495794208
2020,JP3718800000,0.0
2020,JP3404200002,0.0
2020,JP3940000007,0.0
2020,HK0144000764,0.0
2020,JP3198900007,0.0026005755335118284
2020,AU000000IRE2,0.0
2020,JP3935600001,0.0
2020,JP3942800008,0.0
2020,JP3401400001,0.0
2020,JP3726800000,0.0
2020,JP3305990008,0.1275031544694939
2020,AU000000PPT9,0.0
2020,JP3414750004,0.0
2020,AU000000IAG3,0.0
2020,AU000000NAB4,0.0
2020,JP3672400003,0.0
2020,JP3194000000,0.0
2020,JP3118000003,0.0
2020,JP3535800001,0.0
2020,JP3830800003,0.0
2020,US89677Q1076,0.0
2020,JP3493800001,0.0
2020,AU000000TLS2,0.0
2020,JP3320800000,0.0
2020,AU000000CSR5,0.0
2020,JP3112000009,0.0
2020,JP3756600007,0.0
2020,JP3347200002,0.0
2020,JP3891600003,0.0
2020,SG1J26887955,0.0
2020,JP3358200008,0.0
2020,KYG210961051,0.014582007565166
2020,JP3143600009,0.0
2020,JP3613000003,0.01623789260957965
2020,JP3592200004,0.0011964864984106206
2020,JP3688370000,0.0
2020,HK0000745908,0.0
2020,JP3811000003,0.0
2020,JP3420600003,0.0
2020,JP3753000003,0.0
2020,JP3359600008,0.0
2020,JP3268950007,0.0
2020,JP3419400001,0.0
2020,AU000000CQR9,0.0
2020,JP3215800008,0.0
2020,HK0016000132,0.0
2020,SGXE34184239,0.0
2020,JP3598600009,0.0
2020,AU000000CWY3,0.0
2020,AU000000GPT8,0.0
2020,JP3526600006,0.0
2020,JP3486800000,0.0
2020,JP3131430005,0.0
2020,HK0014000126,0.0
2020,SG1R89002252,0.0
2020,HK0000049939,0.0
2020,JP3495000006,0.005744798823046859
2020,JP3242800005,0.0
2020,JP3402600005,0.0
2020,BMG524401079,0.0
2020,JP3830000000,0.0
2020,AU000000TAH8,0.0
2020,JP3269600007,0.0
2020,JP3246400000,0.0
2020,HK0688002218,0.0
2020,AU000000BWP3,0.0
2020,HK0083000502,0.0
2020,JP3158800007,0.0
2020,JP3837800006,0.0
2020,JP3820000002,0.0
2020,JP3742600004,0.0
2020,HK0002007356,0.33718264513574303
2020,JP3165600002,0.0
2020,JP3122400009,0.0
2020,JP3903000002,0.0
2020,JP3973400009,0.0
2020,JP3538800008,0.0
2020,JP3796150005,0.0
2020,JP3900000005,0.0
2020,JP3659000008,0.0
2020,JP3560800009,0.0
2020,JP3274400005,0.0
2020,JP3899600005,0.0
2020,AU0000224040,0.0
2020,JP3180400008,0.0
2020,AU000000STO6,0.0
2020,JP3898400001,0.0
2020,JP3223800008,0.0
2020,JP3670800006,0.0
2020,JP3197600004,0.0
2020,JP3449020001,0.0
2020,JP3711200000,0.0
2020,JP3357200009,0.0
2020,JP3358000002,0.0
2020,HK0242001243,0.0
2020,NZSKCE0001S2,0.0
2020,BMG2178K1009,0.0
2020,AU000000SBM8,0.0
2020,JP3675600005,0.0
2020,JP3421100003,0.0
2020,JP3505000004,0.0
2020,JP3914400001,0.0
2020,JP3405400007,0.0
2020,JP3695200000,0.0
2020,AU000000BHP4,0.0
2020,HK0388045442,0.0
2020,JP3443600006,0.0
2020,JP3549600009,0.0
2020,JP3322930003,0.0
2020,JP3027670003,0.0
2020,JP3494600004,0.0
2020,JP3663900003,0.0
2020,AU000000CBA7,0.0
2020,JP3733000008,0.0
2020,AU000000MGR9,0.0
2020,HK0012000102,0.0
2020,JP3165700000,0.0
2020,JP3126340003,0.0
2020,JP3409000001,0.0
2020,SG1B51001017,0.0
2020,HK0006000050,0.0
2020,HK0011000095,0.0
2020,JP3633400001,0.0
2020,HK0823032773,0.0
2020,JP3942400007,0.0
2020,HK0066009694,0.0
2020,JP3738600000,0.0
2021,JP3197800000,0.0
2021,JP3778630008,0.0
2021,JP3854600008,0.0
2021,AU000000CGF5,0.0
2021,JP3260800002,0.0
2021,JP3774200004,0.0
2021,JP3463000004,0.0
2021,JP3595200001,0.0
2021,JP3939000000,0.0
2021,SG1M51904654,0.0
2021,AU000000CPU5,0.0
2021,AU000000FLT9,0.0
2021,JP3638600001,0.0
2021,HK2380027329,0.0
2021,JP3771800004,0.0
2021,JP3866800000,0.0
2021,NZAIAE0002S6,0.0
2021,SG1T75931496,0.0
2021,JP3203500008,0.0
2021,AU000000BSL0,0.0
2021,JP3582600007,0.0
2021,JP3574200006,0.0
2021,JP3280200001,0.0
2021,JP3888300005,0.0
2021,JP3792600003,0.0
2021,AU000000WES1,0.0
2021,JP3499800005,0.0
2021,JP3888400003,0.0
2021,AU000000ILU1,0.0
2021,KYG2108Y1052,0.0
2021,NZTELE0001S4,0.0
2021,JP3368000000,0.0
2021,BMG2442N1048,0.0
2021,AU000000SUN6,0.0
2021,JP3634600005,0.0
2021,AU000000TCL6,0.0
2021,JP3209000003,0.0
2021,JP3350800003,0.0
2021,JP3229400001,0.0
2021,JP3621000003,0.0
2021,JP3802300008,0.0
2021,JP3539220008,0.0
2021,JP3766550002,0.0
2021,JP3116000005,0.0
2021,JP3381000003,0.0
2021,JP3485800001,0.0
2021,JP3522200009,0.019479812959889327
2021,JP3362700001,0.0
2021,JP3765400001,0.0
2021,JP3277800003,0.0
2021,JP3421800008,0.0
2021,SG1L01001701,0.0
2021,JP3862400003,0.0
2021,JP3407200009,0.0
2021,JP3293200006,0.0
2021,HK0008011667,0.0
2021,HK0293001514,0.0
2021,AU000000IGO4,0.0
2021,AU000000ASX7,0.0
2021,AU000000APA1,0.0
2021,JP3893200000,0.0
2021,JP3300600008,0.0
2021,JP3481800005,0.0
2021,AU0000088338,0.0
2021,JP3375800004,0.0
2021,JP3910660004,0.0
2021,HK0019000162,0.0
2021,SG1N31909426,0.0
2021,JP3585800000,0.0
2021,JP3385980002,0.0
2021,JP3951600000,0.0
2021,JP3122800000,0.0
2021,JP3134800006,0.0
2021,AU000000MAH3,0.0
2021,AU000000SGM7,0.0
2021,AU000000AMP6,0.0
2021,JP3551200003,0.0
2021,JP3665200006,0.0
2021,AU000000ORG5,0.0
2021,JP3787000003,0.0
2021,AU000000WBC1,0.0
2021,JP3942600002,0.0
2021,SG1T58930911,0.0
2021,SG9999003735,0.0
2021,JP3289800009,0.0
2021,JP3799000009,0.0
2021,JP3684000007,0.0
2021,JP3326410002,0.09259270457003294
2021,AU000000ERA9,0.0
2021,BMG5320C1082,0.0
2021,KYG548561284,0.0
2021,JP3224200000,0.0
2021,JP3249600002,0.0
2021,JP3388200002,0.0
2021,JP3111200006,0.0
2021,JP3827200001,0.0
2021,JP3266400005,0.0
2021,JP3160400002,0.0
2021,HK0000055878,0.0
2021,SG1S83002349,0.0
2021,AU000000ABC7,0.0
2021,JP3205800000,0.0
2021,JP3573000001,0.0643582641443431
2021,JP3294460005,0.0
2021,JP3027680002,0.0
2021,HK0023000190,0.0
2021,JP3397200001,0.0
2021,JP3256000005,0.0
2021,JP3511800009,0.0
2021,JP3172100004,0.0
2021,JP3626800001,0.0
2021,HK0004000045,0.0
2021,JP3040890000,0.0
2021,JP3885400006,0.0
2021,AU000000BPT9,0.0
2021,HK0165000859,0.026655737066416448
2021,AU000000SGP0,0.0
2021,JP3566800003,0.0
2021,JP3588600001,0.0
2021,AU000000ORI1,0.0
2021,BMG4600H1198,0.0
2021,KYG217651051,0.0
2021,BMG668971101,0.0
2021,JP3228600007,0.0
2021,JP3877600001,0.0
2021,SG9999000020,0.0
2021,SG1R50925390,0.0
2021,JP3870000001,0.0
2021,JP3743000006,0.0
2021,SG1U68934629,0.0
2021,JP3528600004,0.0
2021,JP3200450009,0.0
2021,HK0308001558,0.0
2021,JP3902400005,0.0
2021,JP3902900004,0.04938325323682371
2021,JP3544000007,0.0
2021,JP3351100007,0.0
2021,JP3148800000,0.0
2021,JP3456000003,0.0
2021,JP3982800009,0.0
2021,JP3491000000,0.0
2021,JP3955000009,0.0
2021,HK0392044647,0.0
2021,JP3814800003,0.02140453442826183
2021,BMG8403G1033,0.0
2021,AU000000ALL7,0.0
2021,JP3304200003,0.0
2021,AU000000BLD2,0.0
2021,JP3762800005,0.0
2021,JP3711600001,0.00455298803773989
2021,JP3386030005,0.0
2021,JP3890310000,0.0
2021,AU000000CSL8,0.0
2021,AU000000GWA4,0.0
2021,JP3164630000,0.0
2021,JP3894900004,0.0
2021,AU000000LLC3,0.0
2021,AU000000MQG1,0.0
2021,HK0000608585,0.0
2021,AU000000QAN2,0.0
2021,JP3613400005,0.0
2021,JP3629000005,0.0
2021,JP3906000009,0.0
2021,JP3786200000,0.011326921646435282
2021,JP3188220002,0.0
2021,JP3351600006,0.0
2021,JP3551520004,0.0
2021,JP3425000001,0.0
2021,AU000000IVC8,0.0
2021,JP3243600008,0.013279113694775111
2021,BMG2108M2182,0.0
2021,JP3845400005,0.0
2021,JP3678000005,0.0
2021,KYG5427W1309,0.0
2021,JP3635400009,0.0
2021,NZCENE0001S6,0.0
2021,JP3493400000,0.0
2021,JP3336000009,0.0
2021,AU000000JBH7,0.0
2021,JP3156400008,0.0
2021,JP3371200001,0.0
2021,JP3733400000,0.0
2021,JP3890350006,0.0
2021,JP3174410005,0.0
2021,SG2B80958517,0.0
2021,JP3190000004,0.0
2021,HK0000139300,0.0
2021,JP3126400005,0.0
2021,JP3173400007,0.0
2021,AU000000SIG5,0.0
2021,JP3634200004,0.0
2021,HK0003000038,0.0
2021,BMG684371393,0.0
2021,JP3600200004,0.0
2021,JP3276400003,0.0
2021,JP3734800000,0.0
2021,KYG525621408,0.0
2021,JP3686800008,0.0
2021,JP3270000007,0.0
2021,JP3826800009,0.0
2021,JP3143000002,0.0
2021,JP3283650004,0.0
2021,JP3436100006,0.0
2021,JP3870400003,0.0
2021,JP3720800006,0.0
2021,MU0117U00026,0.06539746472580943
2021,JP3977400005,0.0
2021,AU000000ELD6,0.0
2021,JP3933800009,0.0
2021,JP3676800000,0.0
2021,IE00BKVD2N49,0.0
2021,AU000000ANZ3,0.0
2021,JP3546800008,0.0
2021,JP3258000003,0.0
2021,AU000000NCM7,0.0
2021,AU000000BEN6,0.0
2021,BMG677491539,0.0
2021,JP3619800000,0.0
2021,JP3502200003,0.0
2021,JP3385820000,0.0
2021,JP3596200000,0.0
2021,JP3735400008,0.0
2021,AU000000ANN9,0.0
2021,HK0363006039,0.0
2021,AU000000RHC8,0.0
2021,JP3667600005,0.0
2021,JP3137200006,0.0
2021,JP3389900006,0.0
2021,JP3452000007,0.0
2021,JP3102000001,0.0
2021,JP3835620000,0.005913572932773144
2021,HK0291001490,0.0
2021,JP3166000004,0.0
2021,JP3548610009,0.0
2021,JP3571400005,0.0
2021,JP3519400000,0.0
2021,HK0200030994,0.0
2021,JP3435000009,0.0
2021,AU000000DXS1,0.0
2021,SGXE21576413,0.0
2021,AU000000MTS0,0.0047536251965622995
2021,JP3982100004,0.1067268917880689
2021,JP3762600009,0.0
2021,SG1F60858221,0.0
2021,SG1V61937297,0.0
2021,BMG8063F1068,0.0
2021,JP3992400006,0.0
2021,KYG0535Q1331,0.0
2021,JP3407400005,0.0
2021,JP3404600003,0.0
2021,JP3164800009,0.0
2021,JP3352400000,0.0
2021,JP3119600009,0.07118949250095376
2021,JP3721400004,0.0
2021,NZAIRE0001S2,0.0
2021,JP3818000006,0.0
2021,AU000000QBE9,0.0
2021,JP3108600002,0.0
2021,AU000000OZL8,0.0
2021,AU000000BOQ8,0.0
2021,JP3635000007,0.0
2021,JP3788600009,0.0
2021,NZFBUE0001S0,0.0
2021,JP3579800008,0.0
2021,JP3814000000,0.025508652431112274
2021,JP3201200007,0.0
2021,SG1P66918738,0.0
2021,JP3358800005,0.0
2021,AU000000CIM7,0.0
2021,AU000000WOW2,0.0
2021,JP3783600004,0.0
2021,AU000000WOR2,0.0
2021,JP3429800000,0.0
2021,JP3625000009,0.0
2021,JP3415400005,0.0
2021,AU000000SHL7,0.0
2021,JP3657400002,0.0
2021,JP3496400007,0.0
2021,JP3967200001,0.0
2021,JP3210200006,0.0
2021,JP3756100008,0.0
2021,JP3475350009,0.0
2021,JP3551500006,0.0
2021,AU000000COH5,0.0
2021,JP3419050004,0.0
2021,JP3850200001,0.0
2021,JP3400900001,0.003088220033406533
2021,AU000000MND5,0.0
2021,JP3605400005,0.0
2021,JP3893600001,0.0
2021,HK2388011192,0.0
2021,HK0010000088,0.0
2021,AU000000DOW2,0.0
2021,BMG988031446,0.0
2021,JP3896800004,0.0
2021,JP3718800000,0.0
2021,JP3404200002,0.0
2021,JP3940000007,0.0
2021,HK0144000764,0.0
2021,JP3198900007,0.0
2021,AU000000IRE2,0.0
2021,JP3935600001,0.0
2021,JP3942800008,0.0
2021,JP3401400001,0.0
2021,JP3162600005,0.0
2021,JP3726800000,0.0
2021,JP3305990008,0.0
2021,AU000000PPT9,0.0
2021,JP3414750004,0.00417149192753018
2021,AU000000IAG3,0.0
2021,AU000000NAB4,0.0
2021,JP3672400003,0.0
2021,JP3194000000,0.0
2021,JP3118000003,0.0
2021,JP3292200007,0.0
2021,JP3535800001,0.0
2021,JP3830800003,0.0
2021,JP3039710003,0.0
2021,US89677Q1076,0.0
2021,JP3493800001,0.0
2021,AU000000TLS2,0.0
2021,JP3320800000,0.0
2021,AU000000CSR5,0.0
2021,JP3112000009,0.0
2021,JP3756600007,0.0
2021,JP3347200002,0.0
2021,SG1J26887955,0.0
2021,JP3358200008,0.0
2021,KYG210961051,0.008855738085402381
2021,JP3143600009,0.0
2021,JP3613000003,0.12534680228010386
2021,JP3592200004,0.0
2021,JP3688370000,0.0
2021,HK0000745908,0.00693864047287249
2021,JP3811000003,0.0
2021,JP3420600003,0.0
2021,JP3753000003,0.0
2021,JP3359600008,0.014631792470888801
2021,JP3268950007,0.0
2021,JP3419400001,0.0
2021,AU000000CQR9,0.0
2021,JP3215800008,0.0
2021,HK0016000132,0.0
2021,SGXE34184239,0.0
2021,JP3598600009,0.0
2021,AU000000CWY3,0.0
2021,AU000000GPT8,0.0
2021,JP3526600006,0.0
2021,JP3486800000,0.0
2021,JP3131430005,0.0
2021,HK0014000126,0.0
2021,SG1R89002252,0.0
2021,JP3351500008,0.0
2021,HK0000049939,0.0
2021,JP3495000006,0.0
2021,JP3242800005,0.0
2021,JP3402600005,0.0
2021,BMG524401079,0.0
2021,JP3830000000,0.0
2021,AU000000TAH8,0.0
2021,JP3269600007,0.0
2021,JP3246400000,0.0
2021,HK0688002218,0.0
2021,AU000000BWP3,0.0
2021,HK0083000502,0.0
2021,JP3158800007,0.0
2021,JP3837800006,0.0
2021,JP3820000002,0.0
2021,JP3742600004,0.0
2021,HK0002007356,0.2529137177789592
2021,JP3165600002,0.0
2021,JP3122400009,0.0
2021,JP3903000002,0.0
2021,JP3973400009,0.0
2021,JP3538800008,0.0
2021,JP3796150005,0.0
2021,JP3900000005,0.0
2021,JP3659000008,0.0
2021,JP3560800009,0.00153056759083911
2021,JP3274400005,0.0
2021,JP3899600005,0.0
2021,AU0000224040,0.0
2021,JP3180400008,0.0
2021,AU000000STO6,0.0
2021,JP3898400001,0.0
2021,JP3223800008,0.0
2021,JP3670800006,0.0
2021,JP3197600004,0.0
2021,JP3449020001,0.0
2021,JP3711200000,0.0
2021,JP3357200009,0.0
2021,JP3358000002,0.0
2021,HK0242001243,0.0
2021,NZSKCE0001S2,0.0
2021,BMG2178K1009,0.0
2021,AU000000SBM8,0.0
2021,JP3675600005,0.0
2021,JP3421100003,0.0
2021,JP3505000004,0.0
2021,JP3914400001,0.0
2021,JP3405400007,0.0
2021,JP3695200000,0.0
2021,AU000000BHP4,0.0
2021,HK0388045442,0.0
2021,JP3443600006,0.0
2021,JP3549600009,0.0
2021,JP3322930003,0.0
2021,HK0270001396,0.0
2021,JP3027670003,0.0
2021,JP3494600004,0.0
2021,JP3663900003,0.0
2021,AU000000CBA7,0.0
2021,JP3733000008,0.0
2021,AU000000MGR9,0.0
2021,JP3459600007,0.0
2021,HK0012000102,0.0
2021,JP3165700000,0.0
2021,JP3126340003,0.0
2021,JP3409000001,0.0
2021,SG1B51001017,0.0
2021,HK0006000050,0.0
2021,HK0011000095,0.0
2021,JP3633400001,0.0
2021,HK0823032773,0.0
2021,JP3942400007,0.0
2021,HK0066009694,0.0
2021,JP3738600000,0.0
2022,JP3197800000,0.0
2022,JP3778630008,0.0
2022,JP3854600008,0.0
2022,AU000000CGF5,0.0
2022,HK0440001847,0.0
2022,JP3260800002,0.0
2022,JP3774200004,0.0
2022,AU000000IFL2,0.0
2022,JP3902000003,0.0
2022,JP3463000004,0.0
2022,JP3595200001,0.0
2022,JP3939000000,0.0
2022,JP3300200007,0.0
2022,SG1M51904654,0.0
2022,AU000000CPU5,0.0
2022,AU000000FLT9,0.0
2022,JP3638600001,0.0
2022,HK2380027329,0.0
2022,JP3771800004,0.0
2022,JP3866800000,0.0
2022,NZAIAE0002S6,0.0
2022,JP3219000001,0.0
2022,SG1T75931496,0.0
2022,JP3203500008,0.0
2022,AU000000BSL0,0.0
2022,JP3582600007,0.0
2022,JP3574200006,0.0
2022,JP3280200001,0.0
2022,JP3888300005,0.0
2022,JP3792600003,0.0
2022,AU000000WES1,0.0
2022,JP3499800005,0.0
2022,JP3888400003,0.0
2022,AU000000ILU1,0.0
2022,KYG2108Y1052,0.0
2022,NZTELE0001S4,0.0
2022,JP3919800007,0.0
2022,JP3368000000,0.0
2022,BMG2442N1048,0.0
2022,AU000000SUN6,0.0
2022,JP3634600005,0.0
2022,AU000000TCL6,0.0
2022,JP3209000003,0.0
2022,JP3350800003,0.0
2022,SG1S04926220,0.0
2022,JP3229400001,0.0
2022,JP3621000003,0.0
2022,JP3802300008,0.014810204866231665
2022,JP3539220008,0.0
2022,JP3766550002,0.0
2022,JP3116000005,0.0
2022,JP3381000003,0.0
2022,JP3485800001,0.0
2022,JP3522200009,0.011959461084847802
2022,JP3362700001,0.0
2022,JP3765400001,0.0
2022,JP3277800003,0.0
2022,JP3421800008,0.0
2022,SG1L01001701,0.0
2022,JP3862400003,0.0
2022,JP3407200009,0.0
2022,JP3293200006,0.0
2022,HK0008011667,0.0
2022,HK0293001514,0.0
2022,AU000000IGO4,0.0
2022,AU000000ASX7,0.0
2022,AU000000APA1,0.0
2022,JP3893200000,0.0
2022,JP3300600008,0.0
2022,JP3481800005,0.0
2022,AU0000088338,0.0
2022,JP3375800004,0.0
2022,JP3910660004,0.0
2022,HK0019000162,0.0
2022,SG1N31909426,0.0
2022,JP3131400008,0.0
2022,JP3585800000,0.0
2022,JP3385980002,0.0
2022,JP3951600000,0.0
2022,JP3122800000,0.0
2022,JP3134800006,0.0
2022,AU000000MAH3,0.0
2022,AU000000SGM7,0.0
2022,JP3940400009,0.0
2022,AU000000AMP6,0.0
2022,JP3551200003,0.0
2022,JP3196000008,0.0
2022,JP3665200006,0.004673412754262059
2022,AU000000ORG5,0.0
2022,JP3787000003,0.0
2022,AU000000WBC1,0.0
2022,JP3942600002,0.0
2022,SG1T58930911,0.0
2022,SG9999003735,0.0
2022,JP3289800009,0.0
2022,JP3799000009,0.0
2022,JP3684000007,0.0
2022,JP3326410002,0.09082772787165373
2022,AU000000ERA9,0.0
2022,BMG5320C1082,0.0
2022,KYG548561284,0.008778762789741655
2022,JP3224200000,0.0
2022,JP3249600002,0.0
2022,JP3388200002,0.000302736732999269
2022,JP3111200006,0.0
2022,AU0000033359,0.0
2022,JP3780100008,0.0
2022,JP3827200001,0.0
2022,JP3266400005,0.0
2022,JP3160400002,0.0
2022,HK0000055878,0.0
2022,SG1S83002349,0.0
2022,AU000000ABC7,0.0
2022,BMG2624N1535,0.008844238121523063
2022,JP3205800000,0.0
2022,JP3573000001,0.058994718975661595
2022,JP3294460005,0.0
2022,JP3027680002,0.0
2022,HK0023000190,0.0
2022,JP3397200001,0.0
2022,JP3256000005,0.0
2022,JP3511800009,0.0
2022,JP3172100004,0.0
2022,JP3626800001,0.0
2022,HK0004000045,0.0
2022,JP3040890000,0.0
2022,JP3885400006,0.0
2022,AU000000BPT9,0.0
2022,HK0165000859,0.01370791772969584
2022,AU000000SGP0,0.0
2022,JP3769000005,0.0
2022,JP3566800003,0.0
2022,JP3588600001,0.0
2022,AU000000ORI1,0.0
2022,BMG4600H1198,0.0
2022,JP3868400007,0.014542967533906302
2022,KYG217651051,0.0
2022,BMG668971101,0.0
2022,JP3228600007,0.0008400891905104877
2022,JP3877600001,0.0
2022,SG9999000020,0.0
2022,AU000000GMG2,0.0
2022,SG1R50925390,0.0
2022,JP3870000001,0.0
2022,JP3743000006,0.0
2022,SG1U68934629,0.0
2022,JP3528600004,0.0
2022,JP3200450009,0.0
2022,HK0308001558,0.0
2022,JP3902400005,0.0
2022,JP3902900004,0.02378486448520731
2022,JP3544000007,0.0
2022,JP3351100007,0.0
2022,JP3148800000,0.0
2022,JP3456000003,0.0
2022,JP3982800009,0.0
2022,JP3491000000,0.0
2022,JP3955000009,0.0
2022,HK0392044647,0.0
2022,JP3814800003,0.02430493350103527
2022,BMG8403G1033,0.0
2022,AU000000ALL7,0.0
2022,JP3304200003,0.0
2022,AU000000BLD2,0.0
2022,JP3762800005,0.0
2022,AU000000SXL4,0.0
2022,JP3711600001,0.0
2022,JP3386030005,0.0
2022,JP3890310000,0.0
2022,AU000000SEK6,0.0
2022,AU000000CSL8,0.0
2022,AU000000GWA4,0.0
2022,JP3164630000,0.0
2022,JP3894900004,0.0
2022,AU000000LLC3,0.0
2022,AU000000MQG1,0.0
2022,HK0000608585,0.0
2022,AU000000QAN2,0.0
2022,JP3613400005,0.0
2022,JP3629000005,0.0
2022,JP3906000009,0.0
2022,JP3786200000,0.023022844747204244
2022,JP3188220002,0.0
2022,JP3351600006,0.0
2022,JP3551520004,0.0
2022,JP3425000001,0.0
2022,AU000000IVC8,0.0
2022,JP3243600008,0.022508915136551285
2022,BMG2108M2182,0.0
2022,JP3845400005,0.0
2022,JP3678000005,0.0
2022,KYG5427W1309,0.0
2022,JP3635400009,0.0
2022,NZCENE0001S6,0.0
2022,JP3493400000,0.0
2022,JP3336000009,0.0
2022,AU000000JBH7,0.0
2022,JP3156400008,0.0
2022,JP3371200001,0.0
2022,JP3733400000,0.0
2022,JP3890350006,0.0
2022,JP3174410005,0.0
2022,SG2B80958517,0.0
2022,JP3190000004,0.0
2022,HK0000139300,0.0
2022,JP3126400005,0.0
2022,JP3173400007,0.0
2022,AU000000SIG5,0.0
2022,JP3634200004,0.0
2022,HK0003000038,0.0
2022,BMG684371393,0.0
2022,JP3600200004,0.0
2022,JP3276400003,0.0
2022,JP3734800000,0.0
2022,KYG525621408,0.0
2022,JP3270000007,0.0
2022,JP3826800009,0.0
2022,JP3143000002,0.0
2022,JP3283650004,0.0
2022,JP3436100006,0.0
2022,JP3870400003,0.0
2022,JP3720800006,0.0
2022,MU0117U00026,0.06017429029663827
2022,JP3977400005,0.0
2022,AU000000ELD6,0.0
2022,JP3933800009,0.0
2022,JP3676800000,0.0
2022,IE00BKVD2N49,0.0
2022,AU000000ANZ3,0.0
2022,JP3546800008,0.0
2022,JP3258000003,0.0
2022,AU000000NCM7,0.0
2022,AU000000BEN6,0.0
2022,BMG677491539,0.0
2022,BMG507361001,0.01562658696757614
2022,JP3619800000,0.0
2022,JP3502200003,0.0
2022,JP3385820000,0.0
2022,JP3596200000,0.0
2022,JP3263000006,0.0
2022,JP3735400008,0.0
2022,JP3305530002,0.0
2022,AU000000ANN9,0.0
2022,HK0363006039,0.0
2022,JP3944130008,0.0
2022,AU000000RHC8,0.0
2022,JP3667600005,0.0
2022,JP3137200006,0.0
2022,JP3389900006,0.0
2022,JP3452000007,0.0
2022,JP3102000001,0.0
2022,JP3835620000,0.01408731800650834
2022,HK0291001490,0.0
2022,JP3802400006,0.0
2022,JP3166000004,0.0
2022,JP3548610009,0.0
2022,JP3571400005,0.0
2022,JP3240400006,0.0
2022,JP3519400000,0.0
2022,HK0200030994,0.0
2022,JP3435000009,0.0
2022,AU000000DXS1,0.0
2022,SGXE21576413,0.0
2022,AU000000MTS0,0.0011338340641039277
2022,JP3982100004,0.09415245113882338
2022,JP3762600009,0.0
2022,SG1F60858221,0.0
2022,SG1V61937297,0.0
2022,BMG8063F1068,0.0
2022,JP3992400006,0.0
2022,KYG0535Q1331,0.0
2022,JP3407400005,0.0
2022,JP3404600003,0.0
2022,JP3164800009,0.0
2022,JP3352400000,0.0
2022,JP3119600009,0.05680409621394108
2022,JP3721400004,0.0
2022,NZAIRE0001S2,0.0
2022,JP3818000006,0.0
2022,AU000000QBE9,0.0
2022,JP3108600002,0.0
2022,AU000000OZL8,0.0
2022,AU000000BOQ8,0.0
2022,JP3635000007,0.0
2022,JP3788600009,0.0
2022,NZFBUE0001S0,0.0
2022,JP3579800008,0.0
2022,JP3814000000,0.040230888786804885
2022,JP3201200007,0.01341308690694944
2022,SG1P66918738,0.0
2022,JP3358800005,0.0
2022,AU000000CIM7,0.0
2022,AU000000WOW2,0.0
2022,JP3783600004,0.0
2022,AU000000WOR2,0.0
2022,JP3429800000,0.0
2022,JP3625000009,0.0
2022,JP3415400005,0.0
2022,AU000000SHL7,0.0
2022,JP3657400002,0.0
2022,JP3496400007,0.0
2022,JP3967200001,0.0
2022,JP3210200006,0.0
2022,JP3756100008,0.0
2022,JP3475350009,0.0
2022,JP3551500006,0.0
2022,AU000000COH5,0.0
2022,JP3419050004,0.0
2022,SG1M77906915,0.0
2022,JP3850200001,0.0
2022,JP3400900001,0.001151780838244315
2022,AU000000MND5,0.0
2022,JP3605400005,0.0
2022,JP3893600001,0.0
2022,HK2388011192,0.0
2022,HK0010000088,0.0
2022,AU000000DOW2,0.0
2022,BMG988031446,0.0
2022,JP3896800004,0.0
2022,JP3718800000,0.0
2022,JP3404200002,0.0
2022,JP3940000007,0.0
2022,HK0144000764,0.0
2022,JP3198900007,0.0
2022,AU000000IRE2,0.0
2022,JP3935600001,0.0
2022,JP3942800008,0.0
2022,JP3401400001,0.0
2022,JP3162600005,0.0
2022,JP3726800000,0.0
2022,JP3305990008,0.0
2022,AU000000PPT9,0.0
2022,JP3414750004,0.0
2022,AU000000IAG3,0.0
2022,AU000000NAB4,0.0
2022,JP3672400003,0.0
2022,JP3194000000,0.0
2022,JP3118000003,0.0
2022,JP3398000004,0.0
2022,JP3292200007,0.0
2022,JP3535800001,0.0
2022,HK0101000591,0.0
2022,JP3830800003,0.0
2022,JP3039710003,0.0
2022,US89677Q1076,0.0
2022,JP3493800001,0.0
2022,AU000000TLS2,0.0
2022,JP3320800000,0.0
2022,AU000000CSR5,0.0
2022,JP3112000009,0.0
2022,JP3756600007,0.0
2022,JP3347200002,0.0
2022,SG1J26887955,0.0
2022,HK0836012952,0.0
2022,JP3358200008,0.0
2022,KYG210961051,0.0
2022,JP3791200003,0.0
2022,JP3143600009,0.0
2022,JP3613000003,0.1153277289748258
2022,JP3411000007,0.0
2022,JP3592200004,0.0
2022,JP3688370000,0.0
2022,HK0000745908,0.006184021020856413
2022,JP3811000003,0.0
2022,JP3420600003,0.0
2022,JP3753000003,0.0
2022,JP3359600008,0.003817446499164829
2022,JP3268950007,0.0
2022,JP3419400001,0.0
2022,AU000000CQR9,0.0
2022,JP3215800008,0.0
2022,HK0016000132,0.0
2022,SGXE34184239,0.0
2022,JP3598600009,0.0
2022,AU000000CWY3,0.0
2022,AU000000GPT8,0.0
2022,JP3526600006,0.0
2022,JP3486800000,0.0
2022,JP3131430005,0.0
2022,HK0014000126,0.0
2022,SG1R89002252,0.0
2022,JP3351500008,0.0
2022,HK0000049939,0.0
2022,JP3495000006,0.0
2022,JP3242800005,0.0
2022,JP3402600005,0.0
2022,BMG524401079,0.0
2022,JP3830000000,0.0
2022,AU000000TAH8,0.0
2022,JP3269600007,0.0
2022,JP3246400000,0.0
2022,HK0688002218,0.0
2022,AU000000BWP3,0.0
2022,HK0083000502,0.0
2022,JP3158800007,0.0
2022,JP3837800006,0.0
2022,JP3820000002,0.0
2022,JP3742600004,0.0
2022,HK0002007356,0.2468832491990273
2022,JP3165600002,0.0
2022,JP3122400009,0.0
2022,JP3903000002,0.0
2022,JP3973400009,0.0
2022,JP3538800008,0.0
2022,JP3796150005,0.0
2022,JP3900000005,0.0
2022,JP3659000008,0.0
2022,JP3560800009,0.0
2022,JP3274400005,0.0025653646904085356
2022,JP3899600005,0.0
2022,AU0000224040,0.0
2022,JP3180400008,0.0
2022,AU000000STO6,0.0
2022,JP3898400001,0.0
2022,JP3223800008,0.0
2022,JP3670800006,0.0
2022,JP3197600004,0.0
2022,JP3449020001,0.0
2022,JP3711200000,0.0
2022,JP3357200009,0.0
2022,JP3358000002,0.0
2022,HK0242001243,0.0
2022,NZSKCE0001S2,0.0
2022,BMG2178K1009,0.0
2022,AU000000SBM8,0.0
2022,JP3675600005,0.0
2022,JP3421100003,0.004848936485791834
2022,JP3505000004,0.0
2022,JP3914400001,0.0
2022,JP3405400007,0.0
2022,JP3695200000,0.0
2022,JP3271400008,0.0
2022,AU000000BHP4,0.0
2022,HK0388045442,0.0
2022,JP3443600006,0.0
2022,JP3549600009,0.0
2022,JP3322930003,0.0
2022,HK0270001396,0.0016951243893039937
2022,JP3027670003,0.0
2022,JP3494600004,0.0
2022,JP3663900003,0.0
2022,AU000000CBA7,0.0
2022,JP3733000008,0.0
2022,AU000000MGR9,0.0
2022,JP3459600007,0.0
2022,HK0012000102,0.0
2022,JP3165700000,0.0
2022,JP3126340003,0.0
2022,JP3409000001,0.0
2022,SG1B51001017,0.0
2022,HK0006000050,0.0
2022,HK0011000095,0.0
2022,JP3633400001,0.0
2022,HK0823032773,0.0
2022,JP3942400007,0.0
2022,HK0066009694,0.0
2022,JP3738600000,0.0
2023,JP3197800000,0.0
2023,JP3778630008,0.0
2023,JP3854600008,0.0
2023,AU000000CGF5,0.0
2023,HK0440001847,0.0
2023,JP3260800002,0.015940031832891156
2023,JP3774200004,0.0
2023,AU000000IFL2,0.0
2023,JP3902000003,0.0
2023,JP3463000004,0.0
2023,JP3595200001,0.0
2023,JP3939000000,0.0
2023,JP3300200007,0.0
2023,SG1M51904654,0.0
2023,AU000000CPU5,0.0
2023,AU000000FLT9,0.0
2023,JP3638600001,0.0
2023,HK2380027329,0.0
2023,JP3771800004,0.0
2023,JP3866800000,0.0
2023,NZAIAE0002S6,0.0
2023,JP3219000001,0.0
2023,SG1T75931496,0.0
2023,JP3203500008,0.0
2023,AU000000BSL0,0.0
2023,JP3582600007,0.0
2023,JP3574200006,0.0
2023,JP3280200001,0.0
2023,JP3888300005,0.0
2023,JP3792600003,0.0
2023,AU000000WES1,0.0
2023,JP3499800005,0.0
2023,JP3888400003,0.0
2023,AU000000ILU1,0.0
2023,KYG2108Y1052,0.0
2023,NZTELE0001S4,0.0
2023,JP3919800007,0.0
2023,JP3368000000,0.0
2023,BMG2442N1048,0.0
2023,AU000000SUN6,0.0
2023,JP3634600005,0.0
2023,JP3732200005,0.0
2023,AU000000TCL6,0.0
2023,JP3869010003,0.0
2023,JP3209000003,0.0
2023,JP3350800003,0.0
2023,SG1S04926220,0.0
2023,JP3229400001,0.0
2023,JP3621000003,0.0
2023,JP3802300008,0.005036090467539744
2023,JP3539220008,0.0
2023,JP3658850007,0.0
2023,JP3766550002,0.0
2023,JP3116000005,0.0
2023,JP3381000003,0.0
2023,JP3485800001,0.0
2023,JP3522200009,0.0
2023,JP3362700001,0.0
2023,JP3765400001,0.0
2023,JP3277800003,0.0
2023,JP3421800008,0.0
2023,SG1L01001701,0.0
2023,JP3862400003,0.0
2023,JP3407200009,0.0
2023,JP3293200006,0.0
2023,HK0008011667,0.0004588439542991082
2023,HK0293001514,0.0
2023,AU000000IGO4,0.0
2023,AU000000ASX7,0.0
2023,AU000000APA1,0.0
2023,JP3893200000,0.0
2023,JP3300600008,0.0
2023,JP3481800005,0.0
2023,AU0000088338,0.0
2023,JP3375800004,0.0
2023,JP3910660004,0.0
2023,JP3768600003,0.05652749815445969
2023,HK0019000162,0.0
2023,SG1N31909426,0.0
2023,JP3131400008,0.0
2023,JP3585800000,0.0
2023,JP3385980002,0.0
2023,JP3951600000,0.0
2023,JP3122800000,0.0
2023,JP3134800006,0.0
2023,AU000000MAH3,0.0
2023,AU000000SGM7,0.0
2023,JP3940400009,0.0
2023,AU000000AMP6,0.0
2023,JP3551200003,0.0
2023,JP3196000008,0.0
2023,JP3665200006,0.0
2023,AU000000ORG5,0.0
2023,JP3787000003,0.0
2023,AU000000WBC1,0.0
2023,JP3942600002,0.0
2023,SG1T58930911,0.0
2023,SG9999003735,0.0
2023,JP3289800009,0.0
2023,JP3799000009,0.0
2023,JP3684000007,0.0
2023,JP3326410002,0.0777296534184857
2023,AU000000ERA9,0.0
2023,BMG5320C1082,0.0
2023,JP3224200000,0.0
2023,JP3249600002,0.0
2023,JP3388200002,0.0
2023,JP3111200006,0.0
2023,AU0000033359,0.0
2023,JP3783420007,0.0
2023,JP3780100008,0.0
2023,JP3789000001,0.027624132850703982
2023,JP3827200001,0.0
2023,JP3266400005,0.0
2023,JP3160400002,0.0
2023,HK0000055878,0.0
2023,SG1S83002349,0.0
2023,AU000000ABC7,0.0
2023,SG1M31001969,0.0
2023,BMG2624N1535,0.0
2023,JP3205800000,0.0
2023,JP3573000001,0.13821455933807547
2023,JP3294460005,0.0
2023,JP3027680002,0.0
2023,HK0023000190,0.0
2023,JP3397200001,0.0
2023,JP3256000005,0.0
2023,JP3511800009,0.0
2023,JP3172100004,0.0
2023,JP3626800001,0.0
2023,HK0004000045,0.0
2023,JP3040890000,0.0
2023,JP3885400006,0.0
2023,AU000000BPT9,0.0
2023,HK0165000859,0.0019241738581329386
2023,AU000000SGP0,0.0
2023,JP3769000005,0.0
2023,JP3566800003,0.0
2023,JP3588600001,0.0
2023,AU000000ORI1,0.0
2023,BMG4600H1198,0.0
2023,JP3868400007,0.012313449147012804
2023,KYG217651051,0.0
2023,BMG668971101,0.0
2023,JP3228600007,0.0
2023,JP3877600001,0.0
2023,SG9999000020,0.0
2023,AU000000GMG2,0.0
2023,SG1R50925390,0.0
2023,JP3870000001,0.0
2023,JP3743000006,0.0
2023,SG1U68934629,0.0
2023,JP3528600004,0.0
2023,JP3200450009,0.0
2023,HK0308001558,0.002585370209558113
2023,JP3902400005,0.0
2023,JP3902900004,0.0
2023,JP3544000007,0.0
2023,JP3351100007,0.0
2023,JP3148800000,0.0
2023,JP3456000003,0.0
2023,JP3982800009,0.0
2023,JP3491000000,0.0
2023,JP3955000009,0.0
2023,HK0392044647,0.0
2023,JP3814800003,0.01828787272953434
2023,BMG8403G1033,0.0
2023,AU000000ALL7,0.0
2023,JP3304200003,0.0
2023,AU000000BLD2,0.0
2023,JP3762800005,0.0
2023,AU000000SXL4,0.0
2023,JP3711600001,0.0
2023,JP3386030005,0.0
2023,JP3890310000,0.0
2023,AU000000SEK6,0.0
2023,AU000000CSL8,0.0
2023,AU000000GWA4,0.0
2023,JP3164630000,0.0
2023,JP3894900004,0.0
2023,AU000000LLC3,0.0
2023,AU000000MQG1,0.0
2023,HK0000608585,0.0
2023,AU000000QAN2,0.0
2023,JP3613400005,0.029714684533179797
2023,JP3629000005,0.0
2023,JP3906000009,0.0
2023,JP3188220002,0.0
2023,JP3351600006,0.0
2023,JP3551520004,0.0
2023,JP3425000001,0.0
2023,AU000000IVC8,0.0
2023,JP3243600008,0.0
2023,BMG2108M2182,0.0
2023,JP3845400005,0.0
2023,JP3678000005,0.0
2023,KYG5427W1309,0.0
2023,JP3635400009,0.0
2023,NZCENE0001S6,0.0
2023,JP3493400000,0.0
2023,JP3336000009,0.0
2023,AU000000JBH7,0.0
2023,JP3156400008,0.0
2023,JP3371200001,0.0
2023,JP3733400000,0.0
2023,JP3890350006,0.0
2023,JP3174410005,0.0
2023,SG2B80958517,0.0
2023,JP3190000004,0.0
2023,HK0000139300,0.0
2023,JP3126400005,0.0
2023,JP3173400007,0.0
2023,AU000000SIG5,0.0
2023,JP3634200004,0.0
2023,HK0003000038,0.0
2023,BMG684371393,0.0
2023,JP3600200004,0.0
2023,JP3276400003,0.0
2023,JP3734800000,0.0
2023,KYG525621408,0.0
2023,JP3270000007,0.0
2023,JP3826800009,0.0
2023,JP3143000002,0.0
2023,JP3283650004,0.0
2023,JP3436100006,0.0
2023,JP3870400003,0.0
2023,JP3720800006,0.0
2023,MU0117U00026,0.05673549310261944
2023,JP3977400005,0.0
2023,AU000000ELD6,0.016916796433852094
2023,JP3933800009,0.0
2023,JP3676800000,0.0
2023,IE00BKVD2N49,0.0
2023,AU000000ANZ3,0.0
2023,JP3546800008,0.0
2023,JP3258000003,0.0
2023,AU000000NCM7,0.0
2023,JP3841800000,0.0
2023,AU000000BEN6,0.0
2023,BMG677491539,0.0
2023,BMG507361001,0.0
2023,JP3619800000,0.0
2023,JP3502200003,0.0
2023,JP3385820000,0.0
2023,JP3596200000,0.0
2023,JP3263000006,0.0
2023,JP3735400008,0.05272275178341006
2023,JP3305530002,0.0
2023,AU000000ANN9,0.0
2023,HK0363006039,0.0
2023,JP3944130008,0.0
2023,AU000000RHC8,0.0
2023,JP3667600005,0.0
2023,JP3137200006,0.0
2023,JP3389900006,0.0
2023,JP3452000007,0.0
2023,JP3102000001,0.0
2023,JP3835620000,0.01893272168217256
2023,HK0291001490,0.0
2023,JP3802400006,0.0
2023,JP3166000004,0.0
2023,JP3548610009,0.0
2023,JP3571400005,0.0
2023,JP3240400006,0.0
2023,JP3519400000,0.0
2023,HK0200030994,0.0
2023,JP3435000009,0.0
2023,AU000000DXS1,0.0
2023,SGXE21576413,0.0
2023,AU000000MTS0,0.0
2023,JP3982100004,0.014023386317320051
2023,JP3762600009,0.0
2023,SG1F60858221,0.0
2023,SG1V61937297,0.0
2023,BMG8063F1068,0.0
2023,JP3992400006,0.0
2023,KYG0535Q1331,0.0
2023,JP3407400005,0.0
2023,JP3404600003,0.0
2023,JP3164800009,0.0
2023,JP3352400000,0.0
2023,JP3119600009,0.06653167569485034
2023,JP3721400004,0.0
2023,NZAIRE0001S2,0.0
2023,JP3818000006,0.0
2023,AU000000QBE9,0.0
2023,JP3108600002,0.0
2023,AU000000OZL8,0.0
2023,AU000000BOQ8,0.0
2023,JP3635000007,0.0
2023,JP3788600009,0.0
2023,NZFBUE0001S0,0.0
2023,JP3579800008,0.0
2023,JP3814000000,0.01616069861886825
2023,JP3352000008,0.011684939464623786
2023,JP3201200007,0.0
2023,JP3358800005,0.0
2023,AU000000CIM7,0.0
2023,AU000000WOW2,0.0
2023,JP3783600004,0.0
2023,AU000000WOR2,0.0
2023,JP3429800000,0.0
2023,JP3625000009,0.0
2023,JP3415400005,0.0
2023,JP3143900003,0.16474221816956125
2023,AU000000SHL7,0.0
2023,JP3657400002,0.0
2023,JP3496400007,0.0
2023,JP3967200001,0.0
2023,JP3210200006,0.0
2023,JP3756100008,0.0
2023,JP3475350009,0.0
2023,JP3551500006,0.0
2023,AU000000COH5,0.0
2023,JP3419050004,0.0028497262372154056
2023,SG1M77906915,0.0
2023,JP3850200001,0.0
2023,JP3400900001,0.0
2023,AU000000MND5,0.0
2023,JP3605400005,0.0
2023,JP3893600001,0.0
2023,HK2388011192,0.0
2023,HK0010000088,0.0
2023,AU000000DOW2,0.0
2023,BMG988031446,0.0
2023,JP3599000001,0.0
2023,JP3896800004,0.0
2023,JP3718800000,0.0
2023,JP3404200002,0.0
2023,JP3940000007,0.0
2023,HK0144000764,0.0
2023,JP3198900007,0.0
2023,AU000000IRE2,0.0
2023,JP3935600001,0.006294097797749839
2023,JP3942800008,0.0
2023,JP3401400001,0.0
2023,JP3162600005,0.0
2023,JP3726800000,0.0
2023,JP3305990008,0.0
2023,AU000000PPT9,0.0
2023,JP3414750004,0.0
2023,AU000000IAG3,0.0
2023,AU000000NAB4,0.0
2023,JP3305800009,0.0
2023,JP3672400003,0.0
2023,JP3194000000,0.0
2023,JP3118000003,0.0
2023,JP3398000004,0.0
2023,JP3292200007,0.0
2023,JP3535800001,0.0
2023,HK0101000591,0.0
2023,JP3830800003,0.0
2023,JP3039710003,0.0
2023,US89677Q1076,0.0
2023,JP3493800001,0.0
2023,AU000000TLS2,0.0
2023,JP3320800000,0.0
2023,AU000000CSR5,0.0
2023,JP3112000009,0.0
2023,JP3756600007,0.0
2023,JP3347200002,0.0
2023,SG1J26887955,0.0
2023,HK0836012952,0.0
2023,JP3358200008,0.0
2023,KYG210961051,0.0
2023,JP3791200003,0.0
2023,JP3143600009,0.0
2023,JP3613000003,0.0010614522965130637
2023,JP3411000007,0.0
2023,JP3592200004,0.0
2023,SG0531000230,0.0
2023,JP3688370000,0.0
2023,JP3684400009,0.0
2023,HK0000745908,0.0
2023,JP3811000003,0.0
2023,JP3420600003,0.0
2023,JP3753000003,0.0
2023,JP3359600008,0.0
2023,JP3268950007,0.0
2023,JP3419400001,0.0
2023,AU000000CQR9,0.0
2023,JP3215800008,0.0
2023,HK0016000132,0.0
2023,SGXE34184239,0.0
2023,JP3598600009,0.0
2023,AU000000CWY3,0.0
2023,AU000000GPT8,0.0
2023,JP3526600006,0.0
2023,JP3486800000,0.0
2023,JP3131430005,0.0
2023,HK0014000126,0.0
2023,KYG9431R1039,0.0
2023,SG1R89002252,0.0
2023,JP3351500008,0.0
2023,HK0000049939,0.0
2023,JP3495000006,0.0
2023,AU000000SWM4,0.0
2023,JP3242800005,0.0
2023,JP3402600005,0.0
2023,BMG524401079,0.0
2023,JP3830000000,0.0
2023,AU000000TAH8,0.0
2023,JP3269600007,0.0
2023,JP3246400000,0.0
2023,HK0688002218,0.0
2023,AU000000BWP3,0.0
2023,HK0083000502,0.0
2023,JP3158800007,0.0
2023,JP3837800006,0.0
2023,JP3820000002,0.0
2023,JP3742600004,0.0
2023,HK0002007356,0.1455665485723174
2023,JP3726200003,0.0
2023,JP3165600002,0.0
2023,JP3122400009,0.0
2023,JP3903000002,0.0
2023,JP3973400009,0.0
2023,JP3538800008,0.0
2023,JP3796150005,0.0
2023,JP3900000005,0.0
2023,JP3659000008,0.0
2023,JP3560800009,0.0
2023,JP3274400005,0.0
2023,JP3899600005,0.0
2023,AU0000224040,0.0
2023,JP3180400008,0.0
2023,AU000000STO6,0.0
2023,JP3898400001,0.0
2023,JP3223800008,0.0
2023,JP3670800006,0.0
2023,JP3197600004,0.0
2023,JP3449020001,0.0
2023,JP3711200000,0.0
2023,JP3357200009,0.0
2023,JP3358000002,0.0
2023,HK0242001243,0.0
2023,NZSKCE0001S2,0.0
2023,BMG2178K1009,0.0
2023,AU000000SBM8,0.0
2023,JP3675600005,0.0
2023,JP3421100003,0.0
2023,JP3505000004,0.0
2023,JP3834800009,0.0
2023,JP3914400001,0.0
2023,JP3405400007,0.0
2023,JP3695200000,0.0
2023,JP3271400008,0.0
2023,AU000000BHP4,0.0
2023,HK0388045442,0.0
2023,JP3443600006,0.0
2023,JP3549600009,0.0
2023,JP3322930003,0.0
2023,HK0270001396,0.0
2023,JP3027670003,0.0
2023,JP3494600004,0.0
2023,JP3663900003,0.0
2023,AU000000CBA7,0.0
2023,JP3733000008,0.0
2023,AU000000MGR9,0.0
2023,JP3459600007,0.0
2023,HK0012000102,0.0
2023,JP3165700000,0.0
2023,JP3126340003,0.0
2023,JP3409000001,0.0
2023,SG1B51001017,0.0
2023,HK0006000050,0.0
2023,HK0011000095,0.03942113333505358
2023,JP3633400001,0.0
2023,HK0823032773,0.0
2023,JP3942400007,0.0
2023,HK0066009694,0.0
2023,JP3738600000,0.0
2024,JP3197800000,0.0
2024,JP3778630008,0.03236264892560091
2024,JP3854600008,0.0
2024,AU000000CGF5,0.0
2024,HK0440001847,0.0
2024,JP3260800002,0.0
2024,JP3774200004,0.0
2024,AU000000IFL2,0.0
2024,JP3902000003,0.0
2024,JP3463000004,0.0
2024,JP3595200001,0.0
2024,JP3939000000,0.0
2024,JP3300200007,0.0
2024,SG1M51904654,0.0
2024,SG1S76928401,0.0
2024,AU000000CPU5,0.0
2024,AU000000FLT9,0.0
2024,JP3638600001,0.0
2024,HK2380027329,0.0
2024,JP3771800004,0.0
2024,JP3866800000,0.0
2024,NZAIAE0002S6,0.0
2024,JP3219000001,0.0
2024,SG1T75931496,0.0
2024,JP3203500008,0.0
2024,AU000000BSL0,0.0
2024,JP3582600007,0.0
2024,JP3574200006,0.0
2024,JP3280200001,0.0
2024,JP3888300005,0.0
2024,JP3792600003,0.0
2024,AU000000WES1,0.0
2024,JP3499800005,0.0
2024,JP3888400003,0.0
2024,AU000000ILU1,0.0
2024,KYG2108Y1052,0.0
2024,NZTELE0001S4,0.0
2024,JP3919800007,0.0
2024,JP3368000000,0.0
2024,BMG2442N1048,0.0
2024,AU000000SUN6,0.0
2024,JP3634600005,0.0
2024,JP3732200005,0.0
2024,AU000000TCL6,0.0
2024,JP3869010003,0.0
2024,JP3209000003,0.0
2024,JP3350800003,0.0
2024,SG1S04926220,0.0
2024,JP3229400001,0.0
2024,JP3621000003,0.0
2024,JP3802300008,0.0
2024,JP3539220008,0.0
2024,JP3658850007,0.0
2024,JP3766550002,0.0
2024,JP3116000005,0.0
2024,JP3381000003,0.0
2024,JP3485800001,0.0
2024,JP3522200009,0.0
2024,JP3362700001,0.0
2024,JP3765400001,0.0
2024,JP3277800003,0.0
2024,JP3421800008,0.0
2024,SG1L01001701,0.0
2024,JP3862400003,0.0
2024,JP3407200009,0.0
2024,JP3293200006,0.0
2024,HK0008011667,0.02962136445212673
2024,HK0293001514,0.0
2024,AU000000IGO4,0.0
2024,AU000000ASX7,0.0
2024,AU000000APA1,0.0
2024,JP3893200000,0.0
2024,JP3300600008,0.0
2024,JP3481800005,0.0
2024,AU0000088338,0.0
2024,JP3375800004,0.0
2024,JP3910660004,0.0
2024,JP3768600003,0.0020035802183729144
2024,HK0019000162,0.0
2024,SG1N31909426,0.0
2024,JP3131400008,0.0
2024,JP3585800000,0.0
2024,JP3385980002,0.0
2024,JP3951600000,0.0
2024,JP3122800000,0.0
2024,JP3134800006,0.0
2024,AU000000MAH3,0.0
2024,AU000000SGM7,0.0
2024,JP3940400009,0.0
2024,AU000000AMP6,0.0
2024,JP3551200003,0.0
2024,JP3196000008,0.0
2024,JP3665200006,0.0
2024,AU000000ORG5,0.0
2024,JP3787000003,0.0
2024,AU000000WBC1,0.0
2024,JP3942600002,0.0
2024,SG1T58930911,0.0
2024,SG9999003735,0.0
2024,JP3819400007,0.1644884118969424
2024,JP3289800009,0.0
2024,JP3799000009,0.0
2024,JP3684000007,0.0
2024,JP3326410002,0.000872419632026514
2024,AU000000ERA9,0.0
2024,BMG5320C1082,0.0
2024,JP3224200000,0.0
2024,JP3249600002,0.0
2024,JP3388200002,0.0
2024,JP3111200006,0.0
2024,AU0000033359,0.0
2024,JP3783420007,0.0
2024,JP3780100008,0.0
2024,JP3789000001,0.02845443682794441
2024,JP3827200001,0.0
2024,JP3266400005,0.0
2024,JP3160400002,0.010731830694241013
2024,HK0000055878,0.0
2024,SG1S83002349,0.0
2024,AU000000ABC7,0.0
2024,SG1M31001969,0.0
2024,BMG2624N1535,0.0
2024,JP3205800000,0.0
2024,JP3573000001,0.11056741456201682
2024,JP3294460005,0.0
2024,JP3027680002,0.07934403387322765
2024,HK0023000190,0.0
2024,JP3397200001,0.0
2024,JP3256000005,0.0
2024,JP3511800009,0.0
2024,JP3172100004,0.0
2024,JP3626800001,0.0
2024,HK0004000045,0.0
2024,JP3040890000,0.01735395394396262
2024,JP3597800006,0.0
2024,JP3436120004,0.0
2024,JP3885400006,0.0
2024,AU000000BPT9,0.0
2024,HK0165000859,0.0
2024,AU000000SGP0,0.0
2024,JP3769000005,0.0
2024,JP3566800003,0.0
2024,JP3588600001,0.0
2024,AU000000ORI1,0.0
2024,BMG4600H1198,0.0
2024,JP3868400007,0.008099311345800728
2024,KYG217651051,0.0
2024,BMG668971101,0.0
2024,JP3228600007,0.0
2024,JP3877600001,0.0
2024,SG9999000020,0.0
2024,AU000000GMG2,0.0
2024,SG1R50925390,0.0
2024,JP3870000001,0.0
2024,JP3743000006,0.0
2024,SG1U68934629,0.0
2024,JP3528600004,0.0
2024,JP3200450009,0.0
2024,HK0308001558,0.0
2024,JP3902400005,0.0
2024,JP3902900004,0.0
2024,JP3544000007,0.0
2024,JP3351100007,0.0
2024,JP3148800000,0.0
2024,JP3456000003,0.0
2024,JP3982800009,0.0
2024,JP3491000000,0.0
2024,JP3955000009,0.0
2024,HK0392044647,0.0
2024,JP3814800003,0.011888938403221597
2024,BMG8403G1033,0.0
2024,AU000000ALL7,0.0
2024,JP3304200003,0.0
2024,AU000000BLD2,0.0
2024,JP3762800005,0.0
2024,AU000000SXL4,0.0
2024,JP3711600001,0.0
2024,JP3386030005,0.0
2024,JP3890310000,0.0
2024,AU000000SEK6,0.0
2024,AU000000CSL8,0.0
2024,AU000000GWA4,0.0
2024,JP3164630000,0.0
2024,JP3894900004,0.0
2024,AU000000LLC3,0.0
2024,AU000000MQG1,0.0
2024,HK0000608585,0.0
2024,AU000000QAN2,0.0
2024,JP3613400005,0.01591627636739392
2024,JP3629000005,0.0
2024,JP3906000009,0.0
2024,JP3188220002,0.0
2024,JP3351600006,0.0
2024,JP3551520004,0.0
2024,JP3425000001,0.0
2024,JP3243600008,0.0
2024,BMG2108M2182,0.0
2024,JP3845400005,0.0
2024,JP3678000005,0.0
2024,KYG5427W1309,0.0
2024,JP3635400009,0.0
2024,NZCENE0001S6,0.0
2024,JP3493400000,0.0
2024,JP3336000009,0.0
2024,AU000000JBH7,0.0
2024,JP3156400008,0.0
2024,JP3371200001,0.0
2024,JP3733400000,0.0
2024,JP3890350006,0.0
2024,JP3174410005,0.0
2024,SG2B80958517,0.0
2024,JP3190000004,0.0
2024,HK0000139300,0.0
2024,JP3126400005,0.0
2024,JP3173400007,0.0
2024,AU000000SIG5,0.0
2024,JP3634200004,0.0
2024,HK0003000038,0.0
2024,BMG684371393,0.0
2024,JP3600200004,0.0
2024,JP3276400003,0.0
2024,JP3734800000,0.0
2024,KYG525621408,0.0
2024,JP3270000007,0.0
2024,JP3826800009,0.0
2024,JP3143000002,0.0
2024,JP3283650004,0.0
2024,JP3436100006,0.0
2024,JP3870400003,0.0
2024,JP3720800006,0.0
2024,MU0117U00026,0.062214736618629085
2024,JP3977400005,0.0
2024,AU000000ELD6,0.0021541616573981445
2024,JP3933800009,0.0
2024,JP3676800000,0.005699457839756037
2024,IE00BKVD2N49,0.0
2024,AU000000ANZ3,0.0
2024,JP3546800008,0.0
2024,JP3258000003,0.0
2024,JP3841800000,0.0
2024,AU000000BEN6,0.0
2024,BMG677491539,0.0
2024,BMG507361001,0.0
2024,JP3619800000,0.0
2024,JP3502200003,0.0
2024,JP3385820000,0.0
2024,JP3596200000,0.0
2024,JP3263000006,0.0
2024,JP3735400008,0.00891786610279802
2024,JP3305530002,0.0
2024,AU000000ANN9,0.0
2024,HK0363006039,0.0
2024,JP3944130008,0.0
2024,AU000000RHC8,0.0
2024,JP3667600005,0.0
2024,JP3137200006,0.0
2024,JP3389900006,0.0
2024,JP3931600005,0.0
2024,JP3452000007,0.0
2024,JP3102000001,0.0
2024,JP3835620000,0.0
2024,HK0291001490,0.0
2024,JP3802400006,0.0
2024,JP3166000004,0.0
2024,JP3548610009,0.0
2024,JP3571400005,0.0
2024,JP3240400006,0.0
2024,JP3519400000,0.0
2024,HK0200030994,0.0
2024,JP3435000009,0.0
2024,AU000000DXS1,0.0
2024,SGXE21576413,0.0
2024,AU000000MTS0,0.0
2024,JP3982100004,0.0
2024,JP3762600009,0.0
2024,SG1F60858221,0.0
2024,SG1V61937297,0.0
2024,BMG8063F1068,0.0
2024,JP3992400006,0.0
2024,KYG0535Q1331,0.0
2024,JP3407400005,0.0
2024,JP3404600003,0.0
2024,JP3164800009,0.0
2024,JP3352400000,0.0
2024,JP3119600009,0.04824638202432174
2024,JP3721400004,0.0
2024,NZAIRE0001S2,0.0
2024,JP3818000006,0.0
2024,AU000000QBE9,0.0
2024,JP3108600002,0.0
2024,AU000000BOQ8,0.0
2024,JP3635000007,0.0
2024,JP3788600009,0.0
2024,NZFBUE0001S0,0.0
2024,JP3579800008,0.0
2024,JP3814000000,0.008739483962468809
2024,JP3352000008,0.07608445008612269
2024,JP3201200007,0.002258776309584168
2024,JP3358800005,0.0
2024,AU000000CIM7,0.0010164790710928638
2024,AU000000WOW2,0.0
2024,JP3783600004,0.0
2024,AU000000WOR2,0.0
2024,JP3429800000,0.0
2024,JP3625000009,0.0
2024,JP3415400005,0.0
2024,AU000000SHL7,0.0
2024,JP3657400002,0.0
2024,JP3496400007,0.0008088882255512337
2024,JP3967200001,0.0
2024,JP3210200006,0.0
2024,JP3756100008,0.0
2024,JP3475350009,0.0
2024,JP3551500006,0.0
2024,AU000000COH5,0.0
2024,JP3419050004,0.0
2024,SG1M77906915,0.0
2024,JP3850200001,0.0
2024,JP3400900001,0.0
2024,AU000000MND5,0.0
2024,JP3605400005,0.0
2024,JP3893600001,0.0
2024,HK2388011192,0.0
2024,HK0010000088,0.0
2024,AU000000DOW2,0.0
2024,BMG988031446,0.0
2024,JP3599000001,0.0
2024,JP3896800004,0.0
2024,JP3718800000,0.0
2024,JP3404200002,0.0
2024,JP3940000007,0.0
2024,HK0144000764,0.0
2024,JP3198900007,0.0
2024,AU000000IRE2,0.0
2024,JP3935600001,0.0
2024,JP3942800008,0.0
2024,JP3401400001,0.0
2024,JP3162600005,0.0
2024,JP3726800000,0.0
2024,JP3305990008,0.0
2024,AU000000PPT9,0.0
2024,JP3414750004,0.0
2024,AU000000IAG3,0.0
2024,AU000000NAB4,0.0
2024,JP3305800009,0.0
2024,JP3672400003,0.0
2024,JP3194000000,0.0
2024,JP3118000003,0.0
2024,JP3398000004,0.0
2024,JP3292200007,0.0
2024,JP3535800001,0.0
2024,HK0101000591,0.0
2024,JP3830800003,0.0
2024,JP3039710003,0.0
2024,US89677Q1076,0.0
2024,JP3493800001,0.0
2024,AU000000TLS2,0.0
2024,JP3320800000,0.0
2024,AU000000CSR5,0.0
2024,JP3112000009,0.0
2024,JP3756600007,0.0
2024,JP3347200002,0.0
2024,SG1J26887955,0.0
2024,HK0836012952,0.0
2024,JP3358200008,0.0
2024,KYG210961051,0.0
2024,JP3143600009,0.0
2024,JP3613000003,0.09171276979985621
2024,JP3411000007,0.0
2024,SG0531000230,0.0
2024,JP3688370000,0.0
2024,JP3684400009,0.0
2024,HK0000745908,0.0
2024,JP3811000003,0.0
2024,JP3420600003,0.0
2024,JP3753000003,0.0
2024,JP3359600008,0.0
2024,JP3268950007,0.0
2024,JP3419400001,0.0
2024,AU000000CQR9,0.0
2024,JP3215800008,0.0
2024,HK0016000132,0.0
2024,SGXE34184239,0.0
2024,JP3598600009,0.0
2024,AU000000CWY3,0.0
2024,AU000000GPT8,0.0
2024,JP3526600006,0.0
2024,JP3486800000,0.0
2024,JP3131430005,0.0
2024,HK0014000126,0.0
2024,KYG9431R1039,0.0
2024,SG1R89002252,0.0
2024,JP3351500008,0.0
2024,HK0000049939,0.0
2024,JP3495000006,0.0
2024,AU000000SWM4,0.0
2024,JP3242800005,0.0
2024,JP3402600005,0.0
2024,BMG524401079,0.0
2024,JP3830000000,0.0
2024,AU000000TAH8,0.0
2024,JP3269600007,0.0
2024,JP3246400000,0.0
2024,HK0688002218,0.0
2024,AU000000BWP3,0.0
2024,HK0083000502,0.0
2024,JP3158800007,0.0
2024,JP3837800006,0.0
2024,JP3820000002,0.0
2024,JP3742600004,0.0
2024,HK0002007356,0.09475518167625166
2024,JP3726200003,0.0
2024,JP3165600002,0.0
2024,JP3122400009,0.0
2024,JP3903000002,0.0
2024,JP3973400009,0.0
2024,JP3538800008,0.0
2024,JP3796150005,0.0
2024,JP3900000005,0.0
2024,JP3659000008,0.0
2024,JP3560800009,0.0
2024,JP3274400005,0.025745912691811517
2024,JP3899600005,0.0
2024,AU0000224040,0.0
2024,JP3180400008,0.014528312394098566
2024,AU000000STO6,0.0
2024,JP3898400001,0.0
2024,JP3223800008,0.0
2024,JP3670800006,0.0
2024,JP3197600004,0.0
2024,JP3449020001,0.0
2024,JP3711200000,0.0
2024,JP3357200009,0.0
2024,JP3358000002,0.0
2024,HK0242001243,0.0
2024,NZSKCE0001S2,0.0
2024,BMG2178K1009,0.0
2024,AU000000SBM8,0.0
2024,JP3675600005,0.0
2024,JP3421100003,0.0
2024,JP3505000004,0.0
2024,JP3834800009,0.0
2024,JP3914400001,0.0
2024,JP3405400007,0.0
2024,JP3695200000,0.0
2024,JP3271400008,0.0
2024,AU000000BHP4,0.0
2024,HK0388045442,0.0
2024,JP3443600006,0.0
2024,JP3549600009,0.0
2024,JP3322930003,0.0
2024,HK0270001396,0.0
2024,JP3027670003,0.0
2024,JP3494600004,0.0
2024,JP3663900003,0.0
2024,AU000000CBA7,0.0
2024,JP3733000008,0.0
2024,AU000000MGR9,0.0
2024,JP3459600007,0.0
2024,HK0012000102,0.0
2024,JP3165700000,0.0
2024,JP3126340003,0.0
2024,JP3409000001,0.0
2024,SG1B51001017,0.0
2024,HK0006000050,0.0
2024,HK0011000095,0.04541252039738096
2024,JP3633400001,0.0
2024,HK0823032773,0.0
2024,JP3942400007,0.0
2024,HK0066009694,0.0
2024,JP3738600000,0.0
2025,JP3197800000,0.0
2025,JP3778630008,0.04610191423300751
2025,JP3854600008,0.0
2025,AU000000CGF5,0.0
2025,HK0440001847,0.0
2025,JP3260800002,0.0
2025,JP3774200004,0.0
2025,AU000000IFL2,0.0
2025,JP3902000003,0.0
2025,JP3463000004,0.0
2025,JP3595200001,0.0
2025,JP3939000000,0.0
2025,JP3300200007,0.0
2025,SG1M51904654,0.0
2025,SG1S76928401,0.0
2025,AU000000CPU5,0.0
2025,AU000000FLT9,0.0
2025,JP3638600001,0.0
2025,HK2380027329,0.0
2025,JP3771800004,0.0
2025,JP3866800000,0.0
2025,NZAIAE0002S6,0.0
2025,JP3219000001,0.0
2025,SG1T75931496,0.0
2025,JP3203500008,0.0
2025,AU000000BSL0,0.0
2025,JP3582600007,0.0
2025,JP3574200006,0.0
2025,JP3280200001,0.0
2025,JP3888300005,0.0
2025,JP3792600003,0.0
2025,AU000000WES1,0.0
2025,JP3499800005,0.0
2025,JP3888400003,0.0
2025,AU000000ILU1,0.0
2025,KYG2108Y1052,0.0
2025,NZTELE0001S4,0.0
2025,JP3919800007,0.0
2025,JP3368000000,0.0
2025,BMG2442N1048,0.0
2025,AU000000SUN6,0.0
2025,JP3634600005,0.0
2025,JP3732200005,0.0
2025,AU000000TCL6,0.0
2025,JP3869010003,0.0
2025,JP3209000003,0.0
2025,JP3350800003,0.0
2025,SG1S04926220,0.0
2025,JP3229400001,0.0
2025,JP3621000003,0.0
2025,JP3802300008,0.0
2025,JP3539220008,0.0
2025,JP3658850007,0.0
2025,JP3766550002,0.0
2025,JP3116000005,0.0
2025,JP3381000003,0.0
2025,JP3485800001,0.0
2025,JP3522200009,0.0
2025,JP3362700001,0.0
2025,JP3765400001,0.0
2025,JP3277800003,0.0
2025,JP3421800008,0.0
2025,SG1L01001701,0.0
2025,JP3862400003,0.0
2025,JP3407200009,0.0
2025,JP3293200006,0.0
2025,HK0008011667,0.04385263053372148
2025,HK0293001514,0.0
2025,AU000000IGO4,0.0
2025,AU000000ASX7,0.0
2025,AU000000APA1,0.0
2025,JP3893200000,0.0
2025,JP3300600008,0.0
2025,JP3481800005,0.0
2025,AU0000088338,0.0
2025,JP3375800004,0.0
2025,JP3910660004,0.0
2025,JP3768600003,0.0
2025,HK0019000162,0.0
2025,SG1N31909426,0.0
2025,JP3131400008,0.0
2025,JP3585800000,0.0
2025,JP3951600000,0.0
2025,JP3122800000,0.0
2025,JP3134800006,0.0
2025,AU000000MAH3,0.0
2025,AU000000SGM7,0.0
2025,JP3940400009,0.0
2025,AU000000AMP6,0.0
2025,JP3551200003,0.0
2025,JP3196000008,0.0
2025,JP3665200006,0.0
2025,AU000000ORG5,0.0
2025,JP3787000003,0.0
2025,AU000000WBC1,0.0
2025,JP3942600002,0.0
2025,SG1T58930911,0.0
2025,SG9999003735,0.0
2025,JP3819400007,0.14348581527144302
2025,JP3289800009,0.0
2025,JP3799000009,0.0
2025,JP3684000007,0.0
2025,JP3326410002,0.0
2025,AU000000ERA9,0.0
2025,BMG5320C1082,0.0
2025,JP3224200000,0.0
2025,JP3249600002,0.0
2025,JP3388200002,0.0
2025,JP3111200006,0.0
2025,AU0000033359,0.0
2025,JP3783420007,0.0
2025,JP3780100008,0.0
2025,JP3789000001,0.03346771920465079
2025,JP3827200001,0.0
2025,JP3266400005,0.0
2025,JP3160400002,0.02319441988311086
2025,HK0000055878,0.0
2025,SG1S83002349,0.0
2025,AU000000ABC7,0.0
2025,SG1M31001969,0.0
2025,BMG2624N1535,0.0
2025,JP3205800000,0.0
2025,JP3573000001,0.10700215061398971
2025,JP3294460005,0.0
2025,JP3027680002,0.05868688241900739
2025,HK0023000190,0.0
2025,JP3397200001,0.0
2025,JP3256000005,0.0
2025,JP3511800009,0.0
2025,JP3172100004,0.0
2025,JP3626800001,0.0
2025,HK0004000045,0.0
2025,JP3040890000,0.0
2025,JP3597800006,0.0
2025,JP3436120004,0.0
2025,JP3885400006,0.0
2025,AU000000BPT9,0.0
2025,HK0165000859,0.0
2025,AU000000SGP0,0.0
2025,JP3769000005,0.0
2025,JP3566800003,0.0
2025,JP3588600001,0.0
2025,AU000000ORI1,0.0
2025,BMG4600H1198,0.0
2025,JP3868400007,0.0
2025,KYG217651051,0.0
2025,BMG668971101,0.0
2025,JP3228600007,0.0
2025,JP3877600001,0.0
2025,SG9999000020,0.0
2025,AU000000GMG2,0.0
2025,SG1R50925390,0.0
2025,JP3870000001,0.0
2025,JP3743000006,0.0
2025,SG1U68934629,0.0
2025,JP3528600004,0.0
2025,JP3200450009,0.0
2025,HK0308001558,0.0
2025,JP3902400005,0.0
2025,JP3902900004,0.0
2025,JP3544000007,0.0
2025,JP3351100007,0.0
2025,JP3148800000,0.0
2025,JP3456000003,0.0
2025,JP3982800009,0.0
2025,JP3491000000,0.0
2025,JP3955000009,0.0
2025,HK0392044647,0.0
2025,JP3814800003,0.028586159591270224
2025,BMG8403G1033,0.0
2025,AU000000ALL7,0.0
2025,JP3304200003,0.0
2025,JP3762800005,0.0
2025,AU000000SXL4,0.0
2025,JP3711600001,0.0
2025,JP3386030005,0.0
2025,JP3890310000,0.0
2025,AU000000SEK6,0.0
2025,AU000000CSL8,0.0
2025,AU000000GWA4,0.0
2025,JP3164630000,0.0
2025,JP3894900004,0.0
2025,AU000000LLC3,0.0
2025,AU000000MQG1,0.0
2025,HK0000608585,0.0
2025,AU000000QAN2,0.0
2025,JP3613400005,0.016082622895330384
2025,JP3629000005,0.0
2025,JP3906000009,0.0
2025,JP3188220002,0.0
2025,JP3351600006,0.0
2025,JP3551520004,0.0
2025,JP3425000001,0.0
2025,JP3243600008,0.0
2025,BMG2108M2182,0.0
2025,JP3845400005,0.0
2025,JP3678000005,0.0
2025,KYG5427W1309,0.0
2025,JP3635400009,0.0
2025,NZCENE0001S6,0.0
2025,JP3493400000,0.0
2025,JP3336000009,0.0
2025,AU000000JBH7,0.0
2025,JP3156400008,0.0
2025,JP3371200001,0.0
2025,JP3733400000,0.0
2025,JP3890350006,0.0
2025,JP3174410005,0.0
2025,SG2B80958517,0.0
2025,JP3190000004,0.0
2025,JP3336600006,0.0
2025,HK0000139300,0.0
2025,JP3126400005,0.0
2025,JP3173400007,0.0
2025,AU000000SIG5,0.0
2025,JP3634200004,0.0
2025,HK0003000038,0.0
2025,BMG684371393,0.0
2025,JP3600200004,0.0
2025,JP3276400003,0.0
2025,JP3734800000,0.0
2025,KYG525621408,0.0
2025,JP3270000007,0.0
2025,JP3826800009,0.0
2025,JP3143000002,0.003984632393723797
2025,JP3283650004,0.0
2025,JP3436100006,0.0
2025,JP3870400003,0.0
2025,JP3720800006,0.0
2025,MU0117U00026,0.06968212740626004
2025,JP3977400005,0.0
2025,AU000000ELD6,0.001693136202277584
2025,JP3933800009,0.0
2025,JP3676800000,0.006998586533473208
2025,IE00BKVD2N49,0.0
2025,AU000000ANZ3,0.0
2025,JP3546800008,0.0
2025,JP3258000003,0.0
2025,JP3841800000,0.0
2025,AU000000BEN6,0.0
2025,BMG677491539,0.0
2025,BMG507361001,0.0
2025,JP3619800000,0.0
2025,JP3502200003,0.0
2025,JP3385820000,0.0
2025,JP3596200000,0.0
2025,JP3263000006,0.0
2025,JP3735400008,0.017837942658000244
2025,JP3305530002,0.0
2025,AU000000ANN9,0.0
2025,HK0363006039,0.0
2025,JP3944130008,0.0
2025,AU000000RHC8,0.0
2025,JP3667600005,0.0
2025,JP3137200006,0.0
2025,JP3389900006,0.0
2025,JP3931600005,0.0
2025,JP3452000007,0.0
2025,JP3102000001,0.0
2025,HK0291001490,0.0
2025,JP3802400006,0.0
2025,JP3166000004,0.0
2025,JP3548610009,0.0
2025,JP3571400005,0.0
2025,JP3240400006,0.0
2025,JP3519400000,0.0
2025,HK0200030994,0.0
2025,JP3435000009,0.0
2025,AU000000DXS1,0.0
2025,SGXE21576413,0.0
2025,AU000000MTS0,0.0
2025,JP3762600009,0.0
2025,SG1F60858221,0.0
2025,SG1V61937297,0.0
2025,BMG8063F1068,0.0
2025,JP3992400006,0.0
2025,KYG0535Q1331,0.0
2025,JP3407400005,0.0
2025,JP3404600003,0.0
2025,JP3164800009,0.0
2025,JP3352400000,0.0
2025,JP3119600009,0.027737128800860076
2025,JP3721400004,0.0
2025,NZAIRE0001S2,0.0
2025,JP3818000006,0.0
2025,AU000000QBE9,0.0
2025,JP3108600002,0.0
2025,AU000000BOQ8,0.0
2025,JP3635000007,0.0
2025,JP3788600009,0.0
2025,NZFBUE0001S0,0.0
2025,JP3579800008,0.0
2025,JP3814000000,0.017577083910867253
2025,JP3352000008,0.06462452809497223
2025,JP3201200007,0.0010813240768359307
2025,JP3358800005,0.0
2025,AU000000CIM7,0.0
2025,AU000000WOW2,0.0
2025,JP3783600004,0.0
2025,AU000000WOR2,0.0
2025,JP3429800000,0.0
2025,JP3625000009,0.0
2025,JP3415400005,0.0
2025,AU000000SHL7,0.0
2025,JP3657400002,0.0
2025,JP3496400007,0.0
2025,JP3967200001,0.0
2025,JP3210200006,0.0
2025,JP3756100008,0.0
2025,JP3475350009,0.0
2025,JP3551500006,0.0
2025,AU000000COH5,0.0
2025,JP3419050004,0.0
2025,SG1M77906915,0.0
2025,JP3850200001,0.0
2025,JP3400900001,0.0
2025,AU000000MND5,0.0
2025,JP3605400005,0.0
2025,JP3893600001,0.0
2025,HK2388011192,0.0
2025,HK0010000088,0.0
2025,AU000000DOW2,0.0
2025,BMG988031446,0.0
2025,JP3599000001,0.0
2025,JP3896800004,0.0
2025,JP3718800000,0.0
2025,JP3404200002,0.0
2025,JP3940000007,0.0
2025,HK0144000764,0.0
2025,JP3198900007,0.0
2025,AU000000IRE2,0.0
2025,JP3935600001,0.0
2025,JP3942800008,0.0
2025,JP3401400001,0.0
2025,JP3162600005,0.0
2025,JP3726800000,0.0
2025,JP3305990008,0.0
2025,AU000000PPT9,0.0
2025,JP3414750004,0.0
2025,AU000000IAG3,0.0
2025,AU000000NAB4,0.0
2025,JP3305800009,0.0
2025,JP3672400003,0.0
2025,JP3194000000,0.0
2025,JP3118000003,0.0
2025,JP3398000004,0.0
2025,JP3292200007,0.0
2025,JP3535800001,0.0
2025,HK0101000591,0.0
2025,JP3830800003,0.0
2025,JP3039710003,0.0
2025,US89677Q1076,0.0
2025,JP3493800001,0.0
2025,AU000000TLS2,0.0
2025,JP3320800000,0.0
2025,JP3112000009,0.0
2025,JP3756600007,0.0
2025,JP3347200002,0.0
2025,JP3891600003,0.0
2025,SG1J26887955,0.0
2025,HK0836012952,0.0
2025,JP3358200008,0.0
2025,KYG210961051,0.0
2025,JP3143600009,0.0
2025,JP3613000003,0.03770685014847058
2025,JP3411000007,0.0
2025,SG0531000230,0.0
2025,JP3688370000,0.0
2025,JP3684400009,0.0
2025,HK0000745908,0.0
2025,JP3811000003,0.0
2025,JP3420600003,0.0
2025,JP3152740001,0.0
2025,JP3753000003,0.0
2025,JP3359600008,0.0
2025,JP3268950007,0.0
2025,JP3419400001,0.0
2025,AU000000CQR9,0.0
2025,JP3215800008,0.0
2025,HK0016000132,0.0
2025,SGXE34184239,0.0
2025,JP3598600009,0.0
2025,AU000000CWY3,0.0
2025,AU000000GPT8,0.0
2025,JP3526600006,0.0
2025,JP3486800000,0.0
2025,JP3131430005,0.0
2025,HK0014000126,0.0
2025,KYG9431R1039,0.0
2025,SG1R89002252,0.0
2025,JP3351500008,0.0
2025,HK0000049939,0.0
2025,JP3495000006,0.0
2025,AU000000SWM4,0.0
2025,JP3242800005,0.0
2025,JP3402600005,0.0
2025,BMG524401079,0.0
2025,JP3830000000,0.0
2025,AU000000TAH8,0.0
2025,JP3269600007,0.0
2025,JP3246400000,0.0
2025,HK0688002218,0.0
2025,AU000000BWP3,0.0
2025,HK0083000502,0.0
2025,JP3158800007,0.0
2025,JP3837800006,0.0
2025,JP3820000002,0.0
2025,JP3742600004,0.0
2025,HK0002007356,0.08241527453545984
2025,JP3726200003,0.0
2025,JP3165600002,0.0
2025,JP3122400009,0.0
2025,JP3903000002,0.0
2025,JP3973400009,0.0
2025,JP3538800008,0.0
2025,JP3796150005,0.0
2025,JP3900000005,0.0
2025,JP3659000008,0.0
2025,JP3560800009,0.0
2025,JP3274400005,0.03244955996423643
2025,JP3899600005,0.0
2025,AU0000224040,0.0
2025,JP3180400008,0.030204112972041758
2025,AU000000STO6,0.0
2025,JP3898400001,0.0
2025,JP3223800008,0.0
2025,JP3670800006,0.0
2025,JP3197600004,0.0
2025,JP3449020001,0.0
2025,JP3711200000,0.0
2025,JP3357200009,0.0
2025,JP3358000002,0.0
2025,HK0242001243,0.0
2025,NZSKCE0001S2,0.0
2025,BMG2178K1009,0.0
2025,AU000000SBM8,0.0
2025,JP3675600005,0.011909026319389228
2025,JP3421100003,0.0
2025,JP3505000004,0.0
2025,JP3834800009,0.0
2025,JP3914400001,0.0
2025,JP3405400007,0.0
2025,JP3695200000,0.0
2025,JP3271400008,0.0
2025,AU000000BHP4,0.0
2025,HK0388045442,0.0
2025,JP3443600006,0.0
2025,JP3549600009,0.0
2025,JP3322930003,0.0
2025,HK0270001396,0.022699525928799407
2025,JP3027670003,0.010711595643631049
2025,JP3494600004,0.0
2025,JP3663900003,0.0
2025,AU000000CBA7,0.0
2025,JP3733000008,0.0
2025,AU000000MGR9,0.0
2025,JP3459600007,0.0
2025,HK0012000102,0.0
2025,JP3165700000,0.0
2025,JP3126340003,0.0
2025,JP3409000001,0.0
2025,SG1B51001017,0.0
2025,HK0006000050,0.0
2025,HK0011000095,0.06022724976517002
2025,JP3633400001,0.0
2025,HK0823032773,0.0
2025,JP3942400007,0.0
2025,HK0066009694,0.0
2025,JP3738600000,0.0
